ISO-10303-21;
HEADER;
FILE_DESCRIPTION(('FreeCAD Model'),'2;1');
FILE_NAME('Open CASCADE Shape Model','2025-08-13T19:34:10',('Author'),(
    ''),'Open CASCADE STEP processor 7.7','FreeCAD','Unknown');
FILE_SCHEMA(('AUTOMOTIVE_DESIGN { 1 0 10303 214 1 1 1 1 }'));
ENDSEC;
DATA;
#1 = APPLICATION_PROTOCOL_DEFINITION('international standard',
  'automotive_design',2000,#2);
#2 = APPLICATION_CONTEXT(
  'core data for automotive mechanical design processes');
#3 = SHAPE_DEFINITION_REPRESENTATION(#4,#10);
#4 = PRODUCT_DEFINITION_SHAPE('','',#5);
#5 = PRODUCT_DEFINITION('design','',#6,#9);
#6 = PRODUCT_DEFINITION_FORMATION('','',#7);
#7 = PRODUCT('Cut','Cut','',(#8));
#8 = PRODUCT_CONTEXT('',#2,'mechanical');
#9 = PRODUCT_DEFINITION_CONTEXT('part definition',#2,'design');
#10 = ADVANCED_BREP_SHAPE_REPRESENTATION('',(#11,#15),#6099);
#11 = AXIS2_PLACEMENT_3D('',#12,#13,#14);
#12 = CARTESIAN_POINT('',(0.,0.,0.));
#13 = DIRECTION('',(0.,0.,1.));
#14 = DIRECTION('',(1.,0.,-0.));
#15 = MANIFOLD_SOLID_BREP('',#16);
#16 = CLOSED_SHELL('',(#17,#59,#384,#402,#412,#443,#499,#523,#547,#594,
    #618,#642,#689,#713,#737,#775,#792,#824,#842,#874,#892,#924,#942,
    #974,#992,#1024,#1042,#1074,#1092,#1124,#1142,#1174,#1192,#1224,
    #1242,#1274,#1292,#1321,#1333,#1345,#2467,#2479,#2491,#2501,#2511,
    #2521,#2531,#2541,#2551,#2561,#2571,#2581,#2591,#2601,#2633,#2651,
    #2682,#2706,#2730,#2754,#2778,#2795,#2826,#2850,#2874,#2898,#2922,
    #2939,#2970,#2994,#3018,#3042,#3066,#3083,#3114,#3138,#3162,#3186,
    #3210,#3227,#3258,#3282,#3306,#3330,#3354,#3371,#3402,#3426,#3450,
    #3474,#3498,#3515,#3546,#3570,#3594,#3618,#3642,#3659,#3691,#3709,
    #3740,#3764,#3788,#3812,#3836,#3853,#3884,#3908,#3932,#3956,#3980,
    #3997,#4028,#4052,#4076,#4100,#4124,#4141,#4172,#4196,#4220,#4244,
    #4268,#4285,#4316,#4340,#4364,#4388,#4412,#4429,#4460,#4484,#4508,
    #4532,#4556,#4573,#4604,#4628,#4652,#4676,#4700,#4717,#4749,#4767,
    #4798,#4822,#4846,#4870,#4894,#4911,#4942,#4966,#4990,#5014,#5038,
    #5055,#5086,#5110,#5134,#5158,#5182,#5199,#5230,#5254,#5278,#5302,
    #5326,#5343,#5374,#5398,#5422,#5446,#5470,#5487,#5518,#5542,#5566,
    #5590,#5614,#5631,#5662,#5686,#5710,#5734,#5758,#5775,#5785,#5799,
    #5813,#5827,#5841,#5855,#5869,#5883,#5893,#5907,#5921,#5935,#5949,
    #5963,#5977,#5991,#6001,#6015,#6029,#6043,#6057,#6071,#6085));
#17 = ADVANCED_FACE('',(#18),#54,.T.);
#18 = FACE_BOUND('',#19,.T.);
#19 = EDGE_LOOP('',(#20,#31,#39,#48));
#20 = ORIENTED_EDGE('',*,*,#21,.T.);
#21 = EDGE_CURVE('',#22,#24,#26,.T.);
#22 = VERTEX_POINT('',#23);
#23 = CARTESIAN_POINT('',(-6.35,-6.199999999978,-5.305));
#24 = VERTEX_POINT('',#25);
#25 = CARTESIAN_POINT('',(-6.35,-6.199999999978,-4.855));
#26 = CIRCLE('',#27,0.225);
#27 = AXIS2_PLACEMENT_3D('',#28,#29,#30);
#28 = CARTESIAN_POINT('',(-6.35,-6.199999999978,-5.08));
#29 = DIRECTION('',(0.,-1.,0.));
#30 = DIRECTION('',(0.,0.,1.));
#31 = ORIENTED_EDGE('',*,*,#32,.T.);
#32 = EDGE_CURVE('',#24,#33,#35,.T.);
#33 = VERTEX_POINT('',#34);
#34 = CARTESIAN_POINT('',(-6.35,-13.3,-4.855));
#35 = LINE('',#36,#37);
#36 = CARTESIAN_POINT('',(-6.35,5.E+05,-4.855));
#37 = VECTOR('',#38,1.);
#38 = DIRECTION('',(0.,-1.,0.));
#39 = ORIENTED_EDGE('',*,*,#40,.F.);
#40 = EDGE_CURVE('',#41,#33,#43,.T.);
#41 = VERTEX_POINT('',#42);
#42 = CARTESIAN_POINT('',(-6.35,-13.3,-5.305));
#43 = CIRCLE('',#44,0.225);
#44 = AXIS2_PLACEMENT_3D('',#45,#46,#47);
#45 = CARTESIAN_POINT('',(-6.35,-13.3,-5.08));
#46 = DIRECTION('',(0.,-1.,0.));
#47 = DIRECTION('',(0.,0.,-1.));
#48 = ORIENTED_EDGE('',*,*,#49,.F.);
#49 = EDGE_CURVE('',#22,#41,#50,.T.);
#50 = LINE('',#51,#52);
#51 = CARTESIAN_POINT('',(-6.35,5.E+05,-5.305));
#52 = VECTOR('',#53,1.);
#53 = DIRECTION('',(0.,-1.,0.));
#54 = CYLINDRICAL_SURFACE('',#55,0.225);
#55 = AXIS2_PLACEMENT_3D('',#56,#57,#58);
#56 = CARTESIAN_POINT('',(-6.35,5.E+05,-5.08));
#57 = DIRECTION('',(0.,-1.,0.));
#58 = DIRECTION('',(0.,0.,-1.));
#59 = ADVANCED_FACE('',(#60,#158,#168,#188,#208,#228,#248,#268,#288,#308
    ,#328,#348,#368),#379,.F.);
#60 = FACE_BOUND('',#61,.F.);
#61 = EDGE_LOOP('',(#62,#72,#80,#88,#96,#104,#112,#120,#128,#136,#144,
    #152));
#62 = ORIENTED_EDGE('',*,*,#63,.F.);
#63 = EDGE_CURVE('',#64,#66,#68,.T.);
#64 = VERTEX_POINT('',#65);
#65 = CARTESIAN_POINT('',(-11.25,-6.2,-4.890786437627));
#66 = VERTEX_POINT('',#67);
#67 = CARTESIAN_POINT('',(-9.033692341845,-6.2,-4.890786437627));
#68 = LINE('',#69,#70);
#69 = CARTESIAN_POINT('',(-45.57587398741,-6.2,-4.890786437627));
#70 = VECTOR('',#71,1.);
#71 = DIRECTION('',(1.,0.,-1.239088197126E-16));
#72 = ORIENTED_EDGE('',*,*,#73,.F.);
#73 = EDGE_CURVE('',#74,#64,#76,.T.);
#74 = VERTEX_POINT('',#75);
#75 = CARTESIAN_POINT('',(-11.25,-6.2,4.890786437627));
#76 = LINE('',#77,#78);
#77 = CARTESIAN_POINT('',(-11.25,-6.2,-7.));
#78 = VECTOR('',#79,1.);
#79 = DIRECTION('',(-1.239088197126E-16,0.,-1.));
#80 = ORIENTED_EDGE('',*,*,#81,.T.);
#81 = EDGE_CURVE('',#74,#82,#84,.T.);
#82 = VERTEX_POINT('',#83);
#83 = CARTESIAN_POINT('',(-9.033692341845,-6.2,4.890786437627));
#84 = LINE('',#85,#86);
#85 = CARTESIAN_POINT('',(-45.57587398741,-6.2,4.890786437627));
#86 = VECTOR('',#87,1.);
#87 = DIRECTION('',(1.,0.,-1.239088197126E-16));
#88 = ORIENTED_EDGE('',*,*,#89,.T.);
#89 = EDGE_CURVE('',#82,#90,#92,.T.);
#90 = VERTEX_POINT('',#91);
#91 = CARTESIAN_POINT('',(-9.033692341845,-6.2,7.));
#92 = LINE('',#93,#94);
#93 = CARTESIAN_POINT('',(-9.033692341845,-6.2,-43.44462398741));
#94 = VECTOR('',#95,1.);
#95 = DIRECTION('',(0.,0.,1.));
#96 = ORIENTED_EDGE('',*,*,#97,.F.);
#97 = EDGE_CURVE('',#98,#90,#100,.T.);
#98 = VERTEX_POINT('',#99);
#99 = CARTESIAN_POINT('',(9.033692341845,-6.2,7.));
#100 = LINE('',#101,#102);
#101 = CARTESIAN_POINT('',(-11.25,-6.2,7.));
#102 = VECTOR('',#103,1.);
#103 = DIRECTION('',(-1.,0.,0.));
#104 = ORIENTED_EDGE('',*,*,#105,.F.);
#105 = EDGE_CURVE('',#106,#98,#108,.T.);
#106 = VERTEX_POINT('',#107);
#107 = CARTESIAN_POINT('',(9.033692341845,-6.2,4.890786437627));
#108 = LINE('',#109,#110);
#109 = CARTESIAN_POINT('',(9.033692341845,-6.2,-43.44462398741));
#110 = VECTOR('',#111,1.);
#111 = DIRECTION('',(0.,0.,1.));
#112 = ORIENTED_EDGE('',*,*,#113,.T.);
#113 = EDGE_CURVE('',#106,#114,#116,.T.);
#114 = VERTEX_POINT('',#115);
#115 = CARTESIAN_POINT('',(11.25,-6.2,4.890786437627));
#116 = LINE('',#117,#118);
#117 = CARTESIAN_POINT('',(-45.57587398741,-6.2,4.890786437627));
#118 = VECTOR('',#119,1.);
#119 = DIRECTION('',(1.,0.,-1.239088197126E-16));
#120 = ORIENTED_EDGE('',*,*,#121,.T.);
#121 = EDGE_CURVE('',#114,#122,#124,.T.);
#122 = VERTEX_POINT('',#123);
#123 = CARTESIAN_POINT('',(11.25,-6.2,-4.890786437627));
#124 = LINE('',#125,#126);
#125 = CARTESIAN_POINT('',(11.25,-6.2,-7.));
#126 = VECTOR('',#127,1.);
#127 = DIRECTION('',(-1.239088197126E-16,0.,-1.));
#128 = ORIENTED_EDGE('',*,*,#129,.F.);
#129 = EDGE_CURVE('',#130,#122,#132,.T.);
#130 = VERTEX_POINT('',#131);
#131 = CARTESIAN_POINT('',(9.033692341845,-6.2,-4.890786437627));
#132 = LINE('',#133,#134);
#133 = CARTESIAN_POINT('',(-45.57587398741,-6.2,-4.890786437627));
#134 = VECTOR('',#135,1.);
#135 = DIRECTION('',(1.,0.,-1.239088197126E-16));
#136 = ORIENTED_EDGE('',*,*,#137,.F.);
#137 = EDGE_CURVE('',#138,#130,#140,.T.);
#138 = VERTEX_POINT('',#139);
#139 = CARTESIAN_POINT('',(9.033692341845,-6.2,-7.));
#140 = LINE('',#141,#142);
#141 = CARTESIAN_POINT('',(9.033692341845,-6.2,-43.44462398741));
#142 = VECTOR('',#143,1.);
#143 = DIRECTION('',(0.,0.,1.));
#144 = ORIENTED_EDGE('',*,*,#145,.T.);
#145 = EDGE_CURVE('',#138,#146,#148,.T.);
#146 = VERTEX_POINT('',#147);
#147 = CARTESIAN_POINT('',(-9.033692341845,-6.2,-7.));
#148 = LINE('',#149,#150);
#149 = CARTESIAN_POINT('',(-11.25,-6.2,-7.));
#150 = VECTOR('',#151,1.);
#151 = DIRECTION('',(-1.,0.,0.));
#152 = ORIENTED_EDGE('',*,*,#153,.T.);
#153 = EDGE_CURVE('',#146,#66,#154,.T.);
#154 = LINE('',#155,#156);
#155 = CARTESIAN_POINT('',(-9.033692341845,-6.2,-43.44462398741));
#156 = VECTOR('',#157,1.);
#157 = DIRECTION('',(0.,0.,1.));
#158 = FACE_BOUND('',#159,.F.);
#159 = EDGE_LOOP('',(#160,#161));
#160 = ORIENTED_EDGE('',*,*,#21,.T.);
#161 = ORIENTED_EDGE('',*,*,#162,.T.);
#162 = EDGE_CURVE('',#24,#22,#163,.T.);
#163 = CIRCLE('',#164,0.225);
#164 = AXIS2_PLACEMENT_3D('',#165,#166,#167);
#165 = CARTESIAN_POINT('',(-6.35,-6.199999999978,-5.08));
#166 = DIRECTION('',(0.,-1.,0.));
#167 = DIRECTION('',(0.,0.,1.));
#168 = FACE_BOUND('',#169,.F.);
#169 = EDGE_LOOP('',(#170,#181));
#170 = ORIENTED_EDGE('',*,*,#171,.T.);
#171 = EDGE_CURVE('',#172,#174,#176,.T.);
#172 = VERTEX_POINT('',#173);
#173 = CARTESIAN_POINT('',(-3.81,-6.199999999978,-5.305));
#174 = VERTEX_POINT('',#175);
#175 = CARTESIAN_POINT('',(-3.81,-6.199999999978,-4.855));
#176 = CIRCLE('',#177,0.225);
#177 = AXIS2_PLACEMENT_3D('',#178,#179,#180);
#178 = CARTESIAN_POINT('',(-3.81,-6.199999999978,-5.08));
#179 = DIRECTION('',(0.,-1.,0.));
#180 = DIRECTION('',(0.,0.,1.));
#181 = ORIENTED_EDGE('',*,*,#182,.T.);
#182 = EDGE_CURVE('',#174,#172,#183,.T.);
#183 = CIRCLE('',#184,0.225);
#184 = AXIS2_PLACEMENT_3D('',#185,#186,#187);
#185 = CARTESIAN_POINT('',(-3.81,-6.199999999978,-5.08));
#186 = DIRECTION('',(0.,-1.,0.));
#187 = DIRECTION('',(0.,0.,1.));
#188 = FACE_BOUND('',#189,.F.);
#189 = EDGE_LOOP('',(#190,#201));
#190 = ORIENTED_EDGE('',*,*,#191,.T.);
#191 = EDGE_CURVE('',#192,#194,#196,.T.);
#192 = VERTEX_POINT('',#193);
#193 = CARTESIAN_POINT('',(-1.27,-6.199999999978,-5.305));
#194 = VERTEX_POINT('',#195);
#195 = CARTESIAN_POINT('',(-1.27,-6.199999999978,-4.855));
#196 = CIRCLE('',#197,0.225);
#197 = AXIS2_PLACEMENT_3D('',#198,#199,#200);
#198 = CARTESIAN_POINT('',(-1.27,-6.199999999978,-5.08));
#199 = DIRECTION('',(0.,-1.,0.));
#200 = DIRECTION('',(0.,0.,1.));
#201 = ORIENTED_EDGE('',*,*,#202,.T.);
#202 = EDGE_CURVE('',#194,#192,#203,.T.);
#203 = CIRCLE('',#204,0.225);
#204 = AXIS2_PLACEMENT_3D('',#205,#206,#207);
#205 = CARTESIAN_POINT('',(-1.27,-6.199999999978,-5.08));
#206 = DIRECTION('',(0.,-1.,0.));
#207 = DIRECTION('',(0.,0.,1.));
#208 = FACE_BOUND('',#209,.F.);
#209 = EDGE_LOOP('',(#210,#221));
#210 = ORIENTED_EDGE('',*,*,#211,.T.);
#211 = EDGE_CURVE('',#212,#214,#216,.T.);
#212 = VERTEX_POINT('',#213);
#213 = CARTESIAN_POINT('',(-6.35,-6.199999999978,4.855));
#214 = VERTEX_POINT('',#215);
#215 = CARTESIAN_POINT('',(-6.35,-6.199999999978,5.305));
#216 = CIRCLE('',#217,0.225);
#217 = AXIS2_PLACEMENT_3D('',#218,#219,#220);
#218 = CARTESIAN_POINT('',(-6.35,-6.199999999978,5.08));
#219 = DIRECTION('',(0.,-1.,0.));
#220 = DIRECTION('',(0.,0.,1.));
#221 = ORIENTED_EDGE('',*,*,#222,.T.);
#222 = EDGE_CURVE('',#214,#212,#223,.T.);
#223 = CIRCLE('',#224,0.225);
#224 = AXIS2_PLACEMENT_3D('',#225,#226,#227);
#225 = CARTESIAN_POINT('',(-6.35,-6.199999999978,5.08));
#226 = DIRECTION('',(0.,-1.,0.));
#227 = DIRECTION('',(0.,0.,1.));
#228 = FACE_BOUND('',#229,.F.);
#229 = EDGE_LOOP('',(#230,#241));
#230 = ORIENTED_EDGE('',*,*,#231,.T.);
#231 = EDGE_CURVE('',#232,#234,#236,.T.);
#232 = VERTEX_POINT('',#233);
#233 = CARTESIAN_POINT('',(-3.81,-6.199999999978,4.855));
#234 = VERTEX_POINT('',#235);
#235 = CARTESIAN_POINT('',(-3.81,-6.199999999978,5.305));
#236 = CIRCLE('',#237,0.225);
#237 = AXIS2_PLACEMENT_3D('',#238,#239,#240);
#238 = CARTESIAN_POINT('',(-3.81,-6.199999999978,5.08));
#239 = DIRECTION('',(0.,-1.,0.));
#240 = DIRECTION('',(0.,0.,1.));
#241 = ORIENTED_EDGE('',*,*,#242,.T.);
#242 = EDGE_CURVE('',#234,#232,#243,.T.);
#243 = CIRCLE('',#244,0.225);
#244 = AXIS2_PLACEMENT_3D('',#245,#246,#247);
#245 = CARTESIAN_POINT('',(-3.81,-6.199999999978,5.08));
#246 = DIRECTION('',(0.,-1.,0.));
#247 = DIRECTION('',(0.,0.,1.));
#248 = FACE_BOUND('',#249,.F.);
#249 = EDGE_LOOP('',(#250,#261));
#250 = ORIENTED_EDGE('',*,*,#251,.T.);
#251 = EDGE_CURVE('',#252,#254,#256,.T.);
#252 = VERTEX_POINT('',#253);
#253 = CARTESIAN_POINT('',(-1.27,-6.199999999978,4.855));
#254 = VERTEX_POINT('',#255);
#255 = CARTESIAN_POINT('',(-1.27,-6.199999999978,5.305));
#256 = CIRCLE('',#257,0.225);
#257 = AXIS2_PLACEMENT_3D('',#258,#259,#260);
#258 = CARTESIAN_POINT('',(-1.27,-6.199999999978,5.08));
#259 = DIRECTION('',(0.,-1.,0.));
#260 = DIRECTION('',(0.,0.,1.));
#261 = ORIENTED_EDGE('',*,*,#262,.T.);
#262 = EDGE_CURVE('',#254,#252,#263,.T.);
#263 = CIRCLE('',#264,0.225);
#264 = AXIS2_PLACEMENT_3D('',#265,#266,#267);
#265 = CARTESIAN_POINT('',(-1.27,-6.199999999978,5.08));
#266 = DIRECTION('',(0.,-1.,0.));
#267 = DIRECTION('',(0.,0.,1.));
#268 = FACE_BOUND('',#269,.F.);
#269 = EDGE_LOOP('',(#270,#281));
#270 = ORIENTED_EDGE('',*,*,#271,.T.);
#271 = EDGE_CURVE('',#272,#274,#276,.T.);
#272 = VERTEX_POINT('',#273);
#273 = CARTESIAN_POINT('',(1.27,-6.199999999978,-5.305));
#274 = VERTEX_POINT('',#275);
#275 = CARTESIAN_POINT('',(1.27,-6.199999999978,-4.855));
#276 = CIRCLE('',#277,0.225);
#277 = AXIS2_PLACEMENT_3D('',#278,#279,#280);
#278 = CARTESIAN_POINT('',(1.27,-6.199999999978,-5.08));
#279 = DIRECTION('',(0.,-1.,0.));
#280 = DIRECTION('',(0.,0.,1.));
#281 = ORIENTED_EDGE('',*,*,#282,.T.);
#282 = EDGE_CURVE('',#274,#272,#283,.T.);
#283 = CIRCLE('',#284,0.225);
#284 = AXIS2_PLACEMENT_3D('',#285,#286,#287);
#285 = CARTESIAN_POINT('',(1.27,-6.199999999978,-5.08));
#286 = DIRECTION('',(0.,-1.,0.));
#287 = DIRECTION('',(0.,0.,1.));
#288 = FACE_BOUND('',#289,.F.);
#289 = EDGE_LOOP('',(#290,#301));
#290 = ORIENTED_EDGE('',*,*,#291,.T.);
#291 = EDGE_CURVE('',#292,#294,#296,.T.);
#292 = VERTEX_POINT('',#293);
#293 = CARTESIAN_POINT('',(3.81,-6.199999999978,-5.305));
#294 = VERTEX_POINT('',#295);
#295 = CARTESIAN_POINT('',(3.81,-6.199999999978,-4.855));
#296 = CIRCLE('',#297,0.225);
#297 = AXIS2_PLACEMENT_3D('',#298,#299,#300);
#298 = CARTESIAN_POINT('',(3.81,-6.199999999978,-5.08));
#299 = DIRECTION('',(0.,-1.,0.));
#300 = DIRECTION('',(0.,0.,1.));
#301 = ORIENTED_EDGE('',*,*,#302,.T.);
#302 = EDGE_CURVE('',#294,#292,#303,.T.);
#303 = CIRCLE('',#304,0.225);
#304 = AXIS2_PLACEMENT_3D('',#305,#306,#307);
#305 = CARTESIAN_POINT('',(3.81,-6.199999999978,-5.08));
#306 = DIRECTION('',(0.,-1.,0.));
#307 = DIRECTION('',(0.,0.,1.));
#308 = FACE_BOUND('',#309,.F.);
#309 = EDGE_LOOP('',(#310,#321));
#310 = ORIENTED_EDGE('',*,*,#311,.T.);
#311 = EDGE_CURVE('',#312,#314,#316,.T.);
#312 = VERTEX_POINT('',#313);
#313 = CARTESIAN_POINT('',(6.35,-6.199999999978,-5.305));
#314 = VERTEX_POINT('',#315);
#315 = CARTESIAN_POINT('',(6.35,-6.199999999978,-4.855));
#316 = CIRCLE('',#317,0.225);
#317 = AXIS2_PLACEMENT_3D('',#318,#319,#320);
#318 = CARTESIAN_POINT('',(6.35,-6.199999999978,-5.08));
#319 = DIRECTION('',(0.,-1.,0.));
#320 = DIRECTION('',(0.,0.,1.));
#321 = ORIENTED_EDGE('',*,*,#322,.T.);
#322 = EDGE_CURVE('',#314,#312,#323,.T.);
#323 = CIRCLE('',#324,0.225);
#324 = AXIS2_PLACEMENT_3D('',#325,#326,#327);
#325 = CARTESIAN_POINT('',(6.35,-6.199999999978,-5.08));
#326 = DIRECTION('',(0.,-1.,0.));
#327 = DIRECTION('',(0.,0.,1.));
#328 = FACE_BOUND('',#329,.F.);
#329 = EDGE_LOOP('',(#330,#341));
#330 = ORIENTED_EDGE('',*,*,#331,.T.);
#331 = EDGE_CURVE('',#332,#334,#336,.T.);
#332 = VERTEX_POINT('',#333);
#333 = CARTESIAN_POINT('',(1.27,-6.199999999978,4.855));
#334 = VERTEX_POINT('',#335);
#335 = CARTESIAN_POINT('',(1.27,-6.199999999978,5.305));
#336 = CIRCLE('',#337,0.225);
#337 = AXIS2_PLACEMENT_3D('',#338,#339,#340);
#338 = CARTESIAN_POINT('',(1.27,-6.199999999978,5.08));
#339 = DIRECTION('',(0.,-1.,0.));
#340 = DIRECTION('',(0.,0.,1.));
#341 = ORIENTED_EDGE('',*,*,#342,.T.);
#342 = EDGE_CURVE('',#334,#332,#343,.T.);
#343 = CIRCLE('',#344,0.225);
#344 = AXIS2_PLACEMENT_3D('',#345,#346,#347);
#345 = CARTESIAN_POINT('',(1.27,-6.199999999978,5.08));
#346 = DIRECTION('',(0.,-1.,0.));
#347 = DIRECTION('',(0.,0.,1.));
#348 = FACE_BOUND('',#349,.F.);
#349 = EDGE_LOOP('',(#350,#361));
#350 = ORIENTED_EDGE('',*,*,#351,.T.);
#351 = EDGE_CURVE('',#352,#354,#356,.T.);
#352 = VERTEX_POINT('',#353);
#353 = CARTESIAN_POINT('',(3.81,-6.199999999978,4.855));
#354 = VERTEX_POINT('',#355);
#355 = CARTESIAN_POINT('',(3.81,-6.199999999978,5.305));
#356 = CIRCLE('',#357,0.225);
#357 = AXIS2_PLACEMENT_3D('',#358,#359,#360);
#358 = CARTESIAN_POINT('',(3.81,-6.199999999978,5.08));
#359 = DIRECTION('',(0.,-1.,0.));
#360 = DIRECTION('',(0.,0.,1.));
#361 = ORIENTED_EDGE('',*,*,#362,.T.);
#362 = EDGE_CURVE('',#354,#352,#363,.T.);
#363 = CIRCLE('',#364,0.225);
#364 = AXIS2_PLACEMENT_3D('',#365,#366,#367);
#365 = CARTESIAN_POINT('',(3.81,-6.199999999978,5.08));
#366 = DIRECTION('',(0.,-1.,0.));
#367 = DIRECTION('',(0.,0.,1.));
#368 = FACE_BOUND('',#369,.F.);
#369 = EDGE_LOOP('',(#370));
#370 = ORIENTED_EDGE('',*,*,#371,.T.);
#371 = EDGE_CURVE('',#372,#372,#374,.T.);
#372 = VERTEX_POINT('',#373);
#373 = CARTESIAN_POINT('',(7.2,-6.2,5.3));
#374 = CIRCLE('',#375,1.);
#375 = AXIS2_PLACEMENT_3D('',#376,#377,#378);
#376 = CARTESIAN_POINT('',(6.2,-6.2,5.3));
#377 = DIRECTION('',(0.,-1.,2.22044604925E-16));
#378 = DIRECTION('',(1.,0.,0.));
#379 = PLANE('',#380);
#380 = AXIS2_PLACEMENT_3D('',#381,#382,#383);
#381 = CARTESIAN_POINT('',(-45.57587398741,-6.2,-4.890786437627));
#382 = DIRECTION('',(0.,1.,0.));
#383 = DIRECTION('',(0.,0.,1.));
#384 = ADVANCED_FACE('',(#385),#397,.T.);
#385 = FACE_BOUND('',#386,.T.);
#386 = EDGE_LOOP('',(#387,#388,#389,#390));
#387 = ORIENTED_EDGE('',*,*,#32,.F.);
#388 = ORIENTED_EDGE('',*,*,#162,.T.);
#389 = ORIENTED_EDGE('',*,*,#49,.T.);
#390 = ORIENTED_EDGE('',*,*,#391,.F.);
#391 = EDGE_CURVE('',#33,#41,#392,.T.);
#392 = CIRCLE('',#393,0.225);
#393 = AXIS2_PLACEMENT_3D('',#394,#395,#396);
#394 = CARTESIAN_POINT('',(-6.35,-13.3,-5.08));
#395 = DIRECTION('',(0.,-1.,0.));
#396 = DIRECTION('',(0.,0.,-1.));
#397 = CYLINDRICAL_SURFACE('',#398,0.225);
#398 = AXIS2_PLACEMENT_3D('',#399,#400,#401);
#399 = CARTESIAN_POINT('',(-6.35,5.E+05,-5.08));
#400 = DIRECTION('',(0.,-1.,0.));
#401 = DIRECTION('',(0.,0.,-1.));
#402 = ADVANCED_FACE('',(#403),#407,.T.);
#403 = FACE_BOUND('',#404,.T.);
#404 = EDGE_LOOP('',(#405,#406));
#405 = ORIENTED_EDGE('',*,*,#40,.T.);
#406 = ORIENTED_EDGE('',*,*,#391,.T.);
#407 = PLANE('',#408);
#408 = AXIS2_PLACEMENT_3D('',#409,#410,#411);
#409 = CARTESIAN_POINT('',(-6.35,-13.3,-5.08));
#410 = DIRECTION('',(0.,-1.,0.));
#411 = DIRECTION('',(0.,0.,-1.));
#412 = ADVANCED_FACE('',(#413),#438,.F.);
#413 = FACE_BOUND('',#414,.T.);
#414 = EDGE_LOOP('',(#415,#425,#431,#432));
#415 = ORIENTED_EDGE('',*,*,#416,.F.);
#416 = EDGE_CURVE('',#417,#419,#421,.T.);
#417 = VERTEX_POINT('',#418);
#418 = CARTESIAN_POINT('',(-9.5,-7.2,-5.305));
#419 = VERTEX_POINT('',#420);
#420 = CARTESIAN_POINT('',(-11.25,-7.2,-5.305));
#421 = LINE('',#422,#423);
#422 = CARTESIAN_POINT('',(-11.25,-7.2,-5.305));
#423 = VECTOR('',#424,1.);
#424 = DIRECTION('',(-1.,0.,1.239088197126E-16));
#425 = ORIENTED_EDGE('',*,*,#426,.T.);
#426 = EDGE_CURVE('',#417,#66,#427,.T.);
#427 = LINE('',#428,#429);
#428 = CARTESIAN_POINT('',(-15.14748128288,-19.31106269458,
    -10.32156642284));
#429 = VECTOR('',#430,1.);
#430 = DIRECTION('',(0.395657105474,0.848489400838,0.351455817357));
#431 = ORIENTED_EDGE('',*,*,#63,.F.);
#432 = ORIENTED_EDGE('',*,*,#433,.T.);
#433 = EDGE_CURVE('',#64,#419,#434,.T.);
#434 = LINE('',#435,#436);
#435 = CARTESIAN_POINT('',(-11.25,-7.799272997056,-5.553227002944));
#436 = VECTOR('',#437,1.);
#437 = DIRECTION('',(-4.741785242794E-17,-0.923879532511,-0.382683432365
    ));
#438 = PLANE('',#439);
#439 = AXIS2_PLACEMENT_3D('',#440,#441,#442);
#440 = CARTESIAN_POINT('',(-45.57587398741,-7.2,-5.305));
#441 = DIRECTION('',(-1.144768224301E-16,0.382683432365,-0.923879532511)
  );
#442 = DIRECTION('',(0.,0.923879532511,0.382683432365));
#443 = ADVANCED_FACE('',(#444),#494,.T.);
#444 = FACE_BOUND('',#445,.T.);
#445 = EDGE_LOOP('',(#446,#447,#448,#456,#464,#472,#480,#488));
#446 = ORIENTED_EDGE('',*,*,#433,.F.);
#447 = ORIENTED_EDGE('',*,*,#73,.F.);
#448 = ORIENTED_EDGE('',*,*,#449,.F.);
#449 = EDGE_CURVE('',#450,#74,#452,.T.);
#450 = VERTEX_POINT('',#451);
#451 = CARTESIAN_POINT('',(-11.25,-7.2,5.305));
#452 = LINE('',#453,#454);
#453 = CARTESIAN_POINT('',(-11.25,-2.84952552875,3.50297447125));
#454 = VECTOR('',#455,1.);
#455 = DIRECTION('',(-4.741785242794E-17,0.923879532511,-0.382683432365)
  );
#456 = ORIENTED_EDGE('',*,*,#457,.T.);
#457 = EDGE_CURVE('',#450,#458,#460,.T.);
#458 = VERTEX_POINT('',#459);
#459 = CARTESIAN_POINT('',(-11.25,-7.2,7.));
#460 = LINE('',#461,#462);
#461 = CARTESIAN_POINT('',(-11.25,-7.2,-7.));
#462 = VECTOR('',#463,1.);
#463 = DIRECTION('',(1.239088197126E-16,0.,1.));
#464 = ORIENTED_EDGE('',*,*,#465,.T.);
#465 = EDGE_CURVE('',#458,#466,#468,.T.);
#466 = VERTEX_POINT('',#467);
#467 = CARTESIAN_POINT('',(-11.25,0.,7.));
#468 = LINE('',#469,#470);
#469 = CARTESIAN_POINT('',(-11.25,-7.2,7.));
#470 = VECTOR('',#471,1.);
#471 = DIRECTION('',(0.,1.,0.));
#472 = ORIENTED_EDGE('',*,*,#473,.F.);
#473 = EDGE_CURVE('',#474,#466,#476,.T.);
#474 = VERTEX_POINT('',#475);
#475 = CARTESIAN_POINT('',(-11.25,0.,-7.));
#476 = LINE('',#477,#478);
#477 = CARTESIAN_POINT('',(-11.25,0.,-7.));
#478 = VECTOR('',#479,1.);
#479 = DIRECTION('',(1.239088197126E-16,0.,1.));
#480 = ORIENTED_EDGE('',*,*,#481,.F.);
#481 = EDGE_CURVE('',#482,#474,#484,.T.);
#482 = VERTEX_POINT('',#483);
#483 = CARTESIAN_POINT('',(-11.25,-7.2,-7.));
#484 = LINE('',#485,#486);
#485 = CARTESIAN_POINT('',(-11.25,-7.2,-7.));
#486 = VECTOR('',#487,1.);
#487 = DIRECTION('',(0.,1.,0.));
#488 = ORIENTED_EDGE('',*,*,#489,.T.);
#489 = EDGE_CURVE('',#482,#419,#490,.T.);
#490 = LINE('',#491,#492);
#491 = CARTESIAN_POINT('',(-11.25,-7.2,-7.));
#492 = VECTOR('',#493,1.);
#493 = DIRECTION('',(1.239088197126E-16,0.,1.));
#494 = PLANE('',#495);
#495 = AXIS2_PLACEMENT_3D('',#496,#497,#498);
#496 = CARTESIAN_POINT('',(-11.25,-7.2,-7.));
#497 = DIRECTION('',(-1.,0.,1.239088197126E-16));
#498 = DIRECTION('',(1.239088197126E-16,0.,1.));
#499 = ADVANCED_FACE('',(#500),#518,.F.);
#500 = FACE_BOUND('',#501,.T.);
#501 = EDGE_LOOP('',(#502,#510,#511,#512));
#502 = ORIENTED_EDGE('',*,*,#503,.F.);
#503 = EDGE_CURVE('',#146,#504,#506,.T.);
#504 = VERTEX_POINT('',#505);
#505 = CARTESIAN_POINT('',(-9.5,-7.2,-7.));
#506 = LINE('',#507,#508);
#507 = CARTESIAN_POINT('',(-9.812560841524,-7.870288887729,-7.));
#508 = VECTOR('',#509,1.);
#509 = DIRECTION('',(-0.422618261741,-0.906307787037,0.));
#510 = ORIENTED_EDGE('',*,*,#153,.T.);
#511 = ORIENTED_EDGE('',*,*,#426,.F.);
#512 = ORIENTED_EDGE('',*,*,#513,.F.);
#513 = EDGE_CURVE('',#504,#417,#514,.T.);
#514 = LINE('',#515,#516);
#515 = CARTESIAN_POINT('',(-9.5,-7.2,-43.44462398741));
#516 = VECTOR('',#517,1.);
#517 = DIRECTION('',(0.,0.,1.));
#518 = PLANE('',#519);
#519 = AXIS2_PLACEMENT_3D('',#520,#521,#522);
#520 = CARTESIAN_POINT('',(-9.033692341845,-6.2,-43.44462398741));
#521 = DIRECTION('',(-0.906307787037,0.422618261741,0.));
#522 = DIRECTION('',(-0.422618261741,-0.906307787037,0.));
#523 = ADVANCED_FACE('',(#524),#542,.F.);
#524 = FACE_BOUND('',#525,.T.);
#525 = EDGE_LOOP('',(#526,#527,#535,#541));
#526 = ORIENTED_EDGE('',*,*,#81,.T.);
#527 = ORIENTED_EDGE('',*,*,#528,.T.);
#528 = EDGE_CURVE('',#82,#529,#531,.T.);
#529 = VERTEX_POINT('',#530);
#530 = CARTESIAN_POINT('',(-9.5,-7.2,5.305));
#531 = LINE('',#532,#533);
#532 = CARTESIAN_POINT('',(-14.75417154495,-18.46760723969,
    9.972195734175));
#533 = VECTOR('',#534,1.);
#534 = DIRECTION('',(-0.395657105474,-0.848489400838,0.351455817357));
#535 = ORIENTED_EDGE('',*,*,#536,.F.);
#536 = EDGE_CURVE('',#450,#529,#537,.T.);
#537 = LINE('',#538,#539);
#538 = CARTESIAN_POINT('',(-11.25,-7.2,5.305));
#539 = VECTOR('',#540,1.);
#540 = DIRECTION('',(1.,0.,-1.239088197126E-16));
#541 = ORIENTED_EDGE('',*,*,#449,.T.);
#542 = PLANE('',#543);
#543 = AXIS2_PLACEMENT_3D('',#544,#545,#546);
#544 = CARTESIAN_POINT('',(-45.57587398741,-6.2,4.890786437627));
#545 = DIRECTION('',(1.144768224301E-16,0.382683432365,0.923879532511));
#546 = DIRECTION('',(0.,-0.923879532511,0.382683432365));
#547 = ADVANCED_FACE('',(#548),#589,.F.);
#548 = FACE_BOUND('',#549,.T.);
#549 = EDGE_LOOP('',(#550,#560,#566,#567,#568,#574,#575,#583));
#550 = ORIENTED_EDGE('',*,*,#551,.F.);
#551 = EDGE_CURVE('',#552,#554,#556,.T.);
#552 = VERTEX_POINT('',#553);
#553 = CARTESIAN_POINT('',(9.5,-7.2,-7.));
#554 = VERTEX_POINT('',#555);
#555 = CARTESIAN_POINT('',(11.25,-7.2,-7.));
#556 = LINE('',#557,#558);
#557 = CARTESIAN_POINT('',(-11.25,-7.2,-7.));
#558 = VECTOR('',#559,1.);
#559 = DIRECTION('',(1.,0.,0.));
#560 = ORIENTED_EDGE('',*,*,#561,.T.);
#561 = EDGE_CURVE('',#552,#138,#562,.T.);
#562 = LINE('',#563,#564);
#563 = CARTESIAN_POINT('',(5.793921450498,0.747711097359,-7.));
#564 = VECTOR('',#565,1.);
#565 = DIRECTION('',(-0.422618261741,0.906307787037,0.));
#566 = ORIENTED_EDGE('',*,*,#145,.T.);
#567 = ORIENTED_EDGE('',*,*,#503,.T.);
#568 = ORIENTED_EDGE('',*,*,#569,.F.);
#569 = EDGE_CURVE('',#482,#504,#570,.T.);
#570 = LINE('',#571,#572);
#571 = CARTESIAN_POINT('',(-11.25,-7.2,-7.));
#572 = VECTOR('',#573,1.);
#573 = DIRECTION('',(1.,0.,0.));
#574 = ORIENTED_EDGE('',*,*,#481,.T.);
#575 = ORIENTED_EDGE('',*,*,#576,.T.);
#576 = EDGE_CURVE('',#474,#577,#579,.T.);
#577 = VERTEX_POINT('',#578);
#578 = CARTESIAN_POINT('',(11.25,0.,-7.));
#579 = LINE('',#580,#581);
#580 = CARTESIAN_POINT('',(-11.25,0.,-7.));
#581 = VECTOR('',#582,1.);
#582 = DIRECTION('',(1.,0.,0.));
#583 = ORIENTED_EDGE('',*,*,#584,.F.);
#584 = EDGE_CURVE('',#554,#577,#585,.T.);
#585 = LINE('',#586,#587);
#586 = CARTESIAN_POINT('',(11.25,-7.2,-7.));
#587 = VECTOR('',#588,1.);
#588 = DIRECTION('',(0.,1.,0.));
#589 = PLANE('',#590);
#590 = AXIS2_PLACEMENT_3D('',#591,#592,#593);
#591 = CARTESIAN_POINT('',(-11.25,-7.2,-7.));
#592 = DIRECTION('',(0.,0.,1.));
#593 = DIRECTION('',(1.,0.,0.));
#594 = ADVANCED_FACE('',(#595),#613,.F.);
#595 = FACE_BOUND('',#596,.T.);
#596 = EDGE_LOOP('',(#597,#598,#606,#612));
#597 = ORIENTED_EDGE('',*,*,#89,.T.);
#598 = ORIENTED_EDGE('',*,*,#599,.T.);
#599 = EDGE_CURVE('',#90,#600,#602,.T.);
#600 = VERTEX_POINT('',#601);
#601 = CARTESIAN_POINT('',(-9.5,-7.2,7.));
#602 = LINE('',#603,#604);
#603 = CARTESIAN_POINT('',(-9.812560841524,-7.870288887729,7.));
#604 = VECTOR('',#605,1.);
#605 = DIRECTION('',(-0.422618261741,-0.906307787037,0.));
#606 = ORIENTED_EDGE('',*,*,#607,.F.);
#607 = EDGE_CURVE('',#529,#600,#608,.T.);
#608 = LINE('',#609,#610);
#609 = CARTESIAN_POINT('',(-9.5,-7.2,-43.44462398741));
#610 = VECTOR('',#611,1.);
#611 = DIRECTION('',(0.,0.,1.));
#612 = ORIENTED_EDGE('',*,*,#528,.F.);
#613 = PLANE('',#614);
#614 = AXIS2_PLACEMENT_3D('',#615,#616,#617);
#615 = CARTESIAN_POINT('',(-9.033692341845,-6.2,-43.44462398741));
#616 = DIRECTION('',(-0.906307787037,0.422618261741,0.));
#617 = DIRECTION('',(-0.422618261741,-0.906307787037,0.));
#618 = ADVANCED_FACE('',(#619),#637,.F.);
#619 = FACE_BOUND('',#620,.T.);
#620 = EDGE_LOOP('',(#621,#622,#630,#636));
#621 = ORIENTED_EDGE('',*,*,#561,.F.);
#622 = ORIENTED_EDGE('',*,*,#623,.T.);
#623 = EDGE_CURVE('',#552,#624,#626,.T.);
#624 = VERTEX_POINT('',#625);
#625 = CARTESIAN_POINT('',(9.5,-7.2,-5.305));
#626 = LINE('',#627,#628);
#627 = CARTESIAN_POINT('',(9.5,-7.2,-43.44462398741));
#628 = VECTOR('',#629,1.);
#629 = DIRECTION('',(0.,0.,1.));
#630 = ORIENTED_EDGE('',*,*,#631,.F.);
#631 = EDGE_CURVE('',#130,#624,#632,.T.);
#632 = LINE('',#633,#634);
#633 = CARTESIAN_POINT('',(0.878172359991,11.28956904144,2.353630259398)
  );
#634 = VECTOR('',#635,1.);
#635 = DIRECTION('',(0.395657105474,-0.848489400838,-0.351455817357));
#636 = ORIENTED_EDGE('',*,*,#137,.F.);
#637 = PLANE('',#638);
#638 = AXIS2_PLACEMENT_3D('',#639,#640,#641);
#639 = CARTESIAN_POINT('',(9.5,-7.2,-43.44462398741));
#640 = DIRECTION('',(0.906307787037,0.422618261741,0.));
#641 = DIRECTION('',(-0.422618261741,0.906307787037,0.));
#642 = ADVANCED_FACE('',(#643),#684,.T.);
#643 = FACE_BOUND('',#644,.T.);
#644 = EDGE_LOOP('',(#645,#653,#661,#669,#675,#676,#682,#683));
#645 = ORIENTED_EDGE('',*,*,#646,.F.);
#646 = EDGE_CURVE('',#647,#98,#649,.T.);
#647 = VERTEX_POINT('',#648);
#648 = CARTESIAN_POINT('',(9.5,-7.2,7.));
#649 = LINE('',#650,#651);
#650 = CARTESIAN_POINT('',(5.793921450498,0.747711097359,7.));
#651 = VECTOR('',#652,1.);
#652 = DIRECTION('',(-0.422618261741,0.906307787037,0.));
#653 = ORIENTED_EDGE('',*,*,#654,.T.);
#654 = EDGE_CURVE('',#647,#655,#657,.T.);
#655 = VERTEX_POINT('',#656);
#656 = CARTESIAN_POINT('',(11.25,-7.2,7.));
#657 = LINE('',#658,#659);
#658 = CARTESIAN_POINT('',(-11.25,-7.2,7.));
#659 = VECTOR('',#660,1.);
#660 = DIRECTION('',(1.,0.,0.));
#661 = ORIENTED_EDGE('',*,*,#662,.T.);
#662 = EDGE_CURVE('',#655,#663,#665,.T.);
#663 = VERTEX_POINT('',#664);
#664 = CARTESIAN_POINT('',(11.25,0.,7.));
#665 = LINE('',#666,#667);
#666 = CARTESIAN_POINT('',(11.25,-7.2,7.));
#667 = VECTOR('',#668,1.);
#668 = DIRECTION('',(0.,1.,0.));
#669 = ORIENTED_EDGE('',*,*,#670,.F.);
#670 = EDGE_CURVE('',#466,#663,#671,.T.);
#671 = LINE('',#672,#673);
#672 = CARTESIAN_POINT('',(-11.25,0.,7.));
#673 = VECTOR('',#674,1.);
#674 = DIRECTION('',(1.,0.,0.));
#675 = ORIENTED_EDGE('',*,*,#465,.F.);
#676 = ORIENTED_EDGE('',*,*,#677,.T.);
#677 = EDGE_CURVE('',#458,#600,#678,.T.);
#678 = LINE('',#679,#680);
#679 = CARTESIAN_POINT('',(-11.25,-7.2,7.));
#680 = VECTOR('',#681,1.);
#681 = DIRECTION('',(1.,0.,0.));
#682 = ORIENTED_EDGE('',*,*,#599,.F.);
#683 = ORIENTED_EDGE('',*,*,#97,.F.);
#684 = PLANE('',#685);
#685 = AXIS2_PLACEMENT_3D('',#686,#687,#688);
#686 = CARTESIAN_POINT('',(-11.25,-7.2,7.));
#687 = DIRECTION('',(0.,0.,1.));
#688 = DIRECTION('',(1.,0.,0.));
#689 = ADVANCED_FACE('',(#690),#708,.F.);
#690 = FACE_BOUND('',#691,.T.);
#691 = EDGE_LOOP('',(#692,#693,#694,#702));
#692 = ORIENTED_EDGE('',*,*,#129,.F.);
#693 = ORIENTED_EDGE('',*,*,#631,.T.);
#694 = ORIENTED_EDGE('',*,*,#695,.F.);
#695 = EDGE_CURVE('',#696,#624,#698,.T.);
#696 = VERTEX_POINT('',#697);
#697 = CARTESIAN_POINT('',(11.25,-7.2,-5.305));
#698 = LINE('',#699,#700);
#699 = CARTESIAN_POINT('',(-11.25,-7.2,-5.305));
#700 = VECTOR('',#701,1.);
#701 = DIRECTION('',(-1.,0.,1.239088197126E-16));
#702 = ORIENTED_EDGE('',*,*,#703,.F.);
#703 = EDGE_CURVE('',#122,#696,#704,.T.);
#704 = LINE('',#705,#706);
#705 = CARTESIAN_POINT('',(11.25,-7.799272997056,-5.553227002944));
#706 = VECTOR('',#707,1.);
#707 = DIRECTION('',(-4.741785242794E-17,-0.923879532511,-0.382683432365
    ));
#708 = PLANE('',#709);
#709 = AXIS2_PLACEMENT_3D('',#710,#711,#712);
#710 = CARTESIAN_POINT('',(-45.57587398741,-7.2,-5.305));
#711 = DIRECTION('',(-1.144768224301E-16,0.382683432365,-0.923879532511)
  );
#712 = DIRECTION('',(0.,0.923879532511,0.382683432365));
#713 = ADVANCED_FACE('',(#714),#732,.F.);
#714 = FACE_BOUND('',#715,.T.);
#715 = EDGE_LOOP('',(#716,#724,#725,#726));
#716 = ORIENTED_EDGE('',*,*,#717,.T.);
#717 = EDGE_CURVE('',#718,#647,#720,.T.);
#718 = VERTEX_POINT('',#719);
#719 = CARTESIAN_POINT('',(9.5,-7.2,5.305));
#720 = LINE('',#721,#722);
#721 = CARTESIAN_POINT('',(9.5,-7.2,-43.44462398741));
#722 = VECTOR('',#723,1.);
#723 = DIRECTION('',(0.,0.,1.));
#724 = ORIENTED_EDGE('',*,*,#646,.T.);
#725 = ORIENTED_EDGE('',*,*,#105,.F.);
#726 = ORIENTED_EDGE('',*,*,#727,.F.);
#727 = EDGE_CURVE('',#718,#106,#728,.T.);
#728 = LINE('',#729,#730);
#729 = CARTESIAN_POINT('',(0.484862622064,12.133024496328,-2.70300094807
    ));
#730 = VECTOR('',#731,1.);
#731 = DIRECTION('',(-0.395657105474,0.848489400838,-0.351455817357));
#732 = PLANE('',#733);
#733 = AXIS2_PLACEMENT_3D('',#734,#735,#736);
#734 = CARTESIAN_POINT('',(9.5,-7.2,-43.44462398741));
#735 = DIRECTION('',(0.906307787037,0.422618261741,0.));
#736 = DIRECTION('',(-0.422618261741,0.906307787037,0.));
#737 = ADVANCED_FACE('',(#738),#770,.F.);
#738 = FACE_BOUND('',#739,.T.);
#739 = EDGE_LOOP('',(#740,#741,#742,#748,#749,#755,#756,#764));
#740 = ORIENTED_EDGE('',*,*,#121,.T.);
#741 = ORIENTED_EDGE('',*,*,#703,.T.);
#742 = ORIENTED_EDGE('',*,*,#743,.F.);
#743 = EDGE_CURVE('',#554,#696,#744,.T.);
#744 = LINE('',#745,#746);
#745 = CARTESIAN_POINT('',(11.25,-7.2,-7.));
#746 = VECTOR('',#747,1.);
#747 = DIRECTION('',(1.239088197126E-16,0.,1.));
#748 = ORIENTED_EDGE('',*,*,#584,.T.);
#749 = ORIENTED_EDGE('',*,*,#750,.T.);
#750 = EDGE_CURVE('',#577,#663,#751,.T.);
#751 = LINE('',#752,#753);
#752 = CARTESIAN_POINT('',(11.25,0.,-7.));
#753 = VECTOR('',#754,1.);
#754 = DIRECTION('',(1.239088197126E-16,0.,1.));
#755 = ORIENTED_EDGE('',*,*,#662,.F.);
#756 = ORIENTED_EDGE('',*,*,#757,.F.);
#757 = EDGE_CURVE('',#758,#655,#760,.T.);
#758 = VERTEX_POINT('',#759);
#759 = CARTESIAN_POINT('',(11.25,-7.2,5.305));
#760 = LINE('',#761,#762);
#761 = CARTESIAN_POINT('',(11.25,-7.2,-7.));
#762 = VECTOR('',#763,1.);
#763 = DIRECTION('',(1.239088197126E-16,0.,1.));
#764 = ORIENTED_EDGE('',*,*,#765,.T.);
#765 = EDGE_CURVE('',#758,#114,#766,.T.);
#766 = LINE('',#767,#768);
#767 = CARTESIAN_POINT('',(11.25,-2.84952552875,3.50297447125));
#768 = VECTOR('',#769,1.);
#769 = DIRECTION('',(-4.741785242794E-17,0.923879532511,-0.382683432365)
  );
#770 = PLANE('',#771);
#771 = AXIS2_PLACEMENT_3D('',#772,#773,#774);
#772 = CARTESIAN_POINT('',(11.25,-7.2,-7.));
#773 = DIRECTION('',(-1.,0.,1.239088197126E-16));
#774 = DIRECTION('',(1.239088197126E-16,0.,1.));
#775 = ADVANCED_FACE('',(#776),#787,.F.);
#776 = FACE_BOUND('',#777,.T.);
#777 = EDGE_LOOP('',(#778,#784,#785,#786));
#778 = ORIENTED_EDGE('',*,*,#779,.F.);
#779 = EDGE_CURVE('',#718,#758,#780,.T.);
#780 = LINE('',#781,#782);
#781 = CARTESIAN_POINT('',(-11.25,-7.2,5.305));
#782 = VECTOR('',#783,1.);
#783 = DIRECTION('',(1.,0.,-1.239088197126E-16));
#784 = ORIENTED_EDGE('',*,*,#727,.T.);
#785 = ORIENTED_EDGE('',*,*,#113,.T.);
#786 = ORIENTED_EDGE('',*,*,#765,.F.);
#787 = PLANE('',#788);
#788 = AXIS2_PLACEMENT_3D('',#789,#790,#791);
#789 = CARTESIAN_POINT('',(-45.57587398741,-6.2,4.890786437627));
#790 = DIRECTION('',(1.144768224301E-16,0.382683432365,0.923879532511));
#791 = DIRECTION('',(0.,-0.923879532511,0.382683432365));
#792 = ADVANCED_FACE('',(#793),#819,.T.);
#793 = FACE_BOUND('',#794,.T.);
#794 = EDGE_LOOP('',(#795,#796,#804,#813));
#795 = ORIENTED_EDGE('',*,*,#171,.T.);
#796 = ORIENTED_EDGE('',*,*,#797,.T.);
#797 = EDGE_CURVE('',#174,#798,#800,.T.);
#798 = VERTEX_POINT('',#799);
#799 = CARTESIAN_POINT('',(-3.81,-13.3,-4.855));
#800 = LINE('',#801,#802);
#801 = CARTESIAN_POINT('',(-3.81,5.E+05,-4.855));
#802 = VECTOR('',#803,1.);
#803 = DIRECTION('',(0.,-1.,0.));
#804 = ORIENTED_EDGE('',*,*,#805,.F.);
#805 = EDGE_CURVE('',#806,#798,#808,.T.);
#806 = VERTEX_POINT('',#807);
#807 = CARTESIAN_POINT('',(-3.81,-13.3,-5.305));
#808 = CIRCLE('',#809,0.225);
#809 = AXIS2_PLACEMENT_3D('',#810,#811,#812);
#810 = CARTESIAN_POINT('',(-3.81,-13.3,-5.08));
#811 = DIRECTION('',(0.,-1.,0.));
#812 = DIRECTION('',(0.,0.,-1.));
#813 = ORIENTED_EDGE('',*,*,#814,.F.);
#814 = EDGE_CURVE('',#172,#806,#815,.T.);
#815 = LINE('',#816,#817);
#816 = CARTESIAN_POINT('',(-3.81,5.E+05,-5.305));
#817 = VECTOR('',#818,1.);
#818 = DIRECTION('',(0.,-1.,0.));
#819 = CYLINDRICAL_SURFACE('',#820,0.225);
#820 = AXIS2_PLACEMENT_3D('',#821,#822,#823);
#821 = CARTESIAN_POINT('',(-3.81,5.E+05,-5.08));
#822 = DIRECTION('',(0.,-1.,0.));
#823 = DIRECTION('',(0.,0.,-1.));
#824 = ADVANCED_FACE('',(#825),#837,.T.);
#825 = FACE_BOUND('',#826,.T.);
#826 = EDGE_LOOP('',(#827,#828,#829,#830));
#827 = ORIENTED_EDGE('',*,*,#797,.F.);
#828 = ORIENTED_EDGE('',*,*,#182,.T.);
#829 = ORIENTED_EDGE('',*,*,#814,.T.);
#830 = ORIENTED_EDGE('',*,*,#831,.F.);
#831 = EDGE_CURVE('',#798,#806,#832,.T.);
#832 = CIRCLE('',#833,0.225);
#833 = AXIS2_PLACEMENT_3D('',#834,#835,#836);
#834 = CARTESIAN_POINT('',(-3.81,-13.3,-5.08));
#835 = DIRECTION('',(0.,-1.,0.));
#836 = DIRECTION('',(0.,0.,-1.));
#837 = CYLINDRICAL_SURFACE('',#838,0.225);
#838 = AXIS2_PLACEMENT_3D('',#839,#840,#841);
#839 = CARTESIAN_POINT('',(-3.81,5.E+05,-5.08));
#840 = DIRECTION('',(0.,-1.,0.));
#841 = DIRECTION('',(0.,0.,-1.));
#842 = ADVANCED_FACE('',(#843),#869,.T.);
#843 = FACE_BOUND('',#844,.T.);
#844 = EDGE_LOOP('',(#845,#846,#854,#863));
#845 = ORIENTED_EDGE('',*,*,#191,.T.);
#846 = ORIENTED_EDGE('',*,*,#847,.T.);
#847 = EDGE_CURVE('',#194,#848,#850,.T.);
#848 = VERTEX_POINT('',#849);
#849 = CARTESIAN_POINT('',(-1.27,-13.3,-4.855));
#850 = LINE('',#851,#852);
#851 = CARTESIAN_POINT('',(-1.27,5.E+05,-4.855));
#852 = VECTOR('',#853,1.);
#853 = DIRECTION('',(0.,-1.,0.));
#854 = ORIENTED_EDGE('',*,*,#855,.F.);
#855 = EDGE_CURVE('',#856,#848,#858,.T.);
#856 = VERTEX_POINT('',#857);
#857 = CARTESIAN_POINT('',(-1.27,-13.3,-5.305));
#858 = CIRCLE('',#859,0.225);
#859 = AXIS2_PLACEMENT_3D('',#860,#861,#862);
#860 = CARTESIAN_POINT('',(-1.27,-13.3,-5.08));
#861 = DIRECTION('',(0.,-1.,0.));
#862 = DIRECTION('',(0.,0.,-1.));
#863 = ORIENTED_EDGE('',*,*,#864,.F.);
#864 = EDGE_CURVE('',#192,#856,#865,.T.);
#865 = LINE('',#866,#867);
#866 = CARTESIAN_POINT('',(-1.27,5.E+05,-5.305));
#867 = VECTOR('',#868,1.);
#868 = DIRECTION('',(0.,-1.,0.));
#869 = CYLINDRICAL_SURFACE('',#870,0.225);
#870 = AXIS2_PLACEMENT_3D('',#871,#872,#873);
#871 = CARTESIAN_POINT('',(-1.27,5.E+05,-5.08));
#872 = DIRECTION('',(0.,-1.,0.));
#873 = DIRECTION('',(0.,0.,-1.));
#874 = ADVANCED_FACE('',(#875),#887,.T.);
#875 = FACE_BOUND('',#876,.T.);
#876 = EDGE_LOOP('',(#877,#878,#879,#880));
#877 = ORIENTED_EDGE('',*,*,#847,.F.);
#878 = ORIENTED_EDGE('',*,*,#202,.T.);
#879 = ORIENTED_EDGE('',*,*,#864,.T.);
#880 = ORIENTED_EDGE('',*,*,#881,.F.);
#881 = EDGE_CURVE('',#848,#856,#882,.T.);
#882 = CIRCLE('',#883,0.225);
#883 = AXIS2_PLACEMENT_3D('',#884,#885,#886);
#884 = CARTESIAN_POINT('',(-1.27,-13.3,-5.08));
#885 = DIRECTION('',(0.,-1.,0.));
#886 = DIRECTION('',(0.,0.,-1.));
#887 = CYLINDRICAL_SURFACE('',#888,0.225);
#888 = AXIS2_PLACEMENT_3D('',#889,#890,#891);
#889 = CARTESIAN_POINT('',(-1.27,5.E+05,-5.08));
#890 = DIRECTION('',(0.,-1.,0.));
#891 = DIRECTION('',(0.,0.,-1.));
#892 = ADVANCED_FACE('',(#893),#919,.T.);
#893 = FACE_BOUND('',#894,.T.);
#894 = EDGE_LOOP('',(#895,#896,#904,#913));
#895 = ORIENTED_EDGE('',*,*,#211,.T.);
#896 = ORIENTED_EDGE('',*,*,#897,.T.);
#897 = EDGE_CURVE('',#214,#898,#900,.T.);
#898 = VERTEX_POINT('',#899);
#899 = CARTESIAN_POINT('',(-6.35,-13.3,5.305));
#900 = LINE('',#901,#902);
#901 = CARTESIAN_POINT('',(-6.35,5.E+05,5.305));
#902 = VECTOR('',#903,1.);
#903 = DIRECTION('',(0.,-1.,0.));
#904 = ORIENTED_EDGE('',*,*,#905,.F.);
#905 = EDGE_CURVE('',#906,#898,#908,.T.);
#906 = VERTEX_POINT('',#907);
#907 = CARTESIAN_POINT('',(-6.35,-13.3,4.855));
#908 = CIRCLE('',#909,0.225);
#909 = AXIS2_PLACEMENT_3D('',#910,#911,#912);
#910 = CARTESIAN_POINT('',(-6.35,-13.3,5.08));
#911 = DIRECTION('',(0.,-1.,0.));
#912 = DIRECTION('',(0.,0.,-1.));
#913 = ORIENTED_EDGE('',*,*,#914,.F.);
#914 = EDGE_CURVE('',#212,#906,#915,.T.);
#915 = LINE('',#916,#917);
#916 = CARTESIAN_POINT('',(-6.35,5.E+05,4.855));
#917 = VECTOR('',#918,1.);
#918 = DIRECTION('',(0.,-1.,0.));
#919 = CYLINDRICAL_SURFACE('',#920,0.225);
#920 = AXIS2_PLACEMENT_3D('',#921,#922,#923);
#921 = CARTESIAN_POINT('',(-6.35,5.E+05,5.08));
#922 = DIRECTION('',(0.,-1.,0.));
#923 = DIRECTION('',(0.,0.,-1.));
#924 = ADVANCED_FACE('',(#925),#937,.T.);
#925 = FACE_BOUND('',#926,.T.);
#926 = EDGE_LOOP('',(#927,#928,#929,#930));
#927 = ORIENTED_EDGE('',*,*,#897,.F.);
#928 = ORIENTED_EDGE('',*,*,#222,.T.);
#929 = ORIENTED_EDGE('',*,*,#914,.T.);
#930 = ORIENTED_EDGE('',*,*,#931,.F.);
#931 = EDGE_CURVE('',#898,#906,#932,.T.);
#932 = CIRCLE('',#933,0.225);
#933 = AXIS2_PLACEMENT_3D('',#934,#935,#936);
#934 = CARTESIAN_POINT('',(-6.35,-13.3,5.08));
#935 = DIRECTION('',(0.,-1.,0.));
#936 = DIRECTION('',(0.,0.,-1.));
#937 = CYLINDRICAL_SURFACE('',#938,0.225);
#938 = AXIS2_PLACEMENT_3D('',#939,#940,#941);
#939 = CARTESIAN_POINT('',(-6.35,5.E+05,5.08));
#940 = DIRECTION('',(0.,-1.,0.));
#941 = DIRECTION('',(0.,0.,-1.));
#942 = ADVANCED_FACE('',(#943),#969,.T.);
#943 = FACE_BOUND('',#944,.T.);
#944 = EDGE_LOOP('',(#945,#946,#954,#963));
#945 = ORIENTED_EDGE('',*,*,#231,.T.);
#946 = ORIENTED_EDGE('',*,*,#947,.T.);
#947 = EDGE_CURVE('',#234,#948,#950,.T.);
#948 = VERTEX_POINT('',#949);
#949 = CARTESIAN_POINT('',(-3.81,-13.3,5.305));
#950 = LINE('',#951,#952);
#951 = CARTESIAN_POINT('',(-3.81,5.E+05,5.305));
#952 = VECTOR('',#953,1.);
#953 = DIRECTION('',(0.,-1.,0.));
#954 = ORIENTED_EDGE('',*,*,#955,.F.);
#955 = EDGE_CURVE('',#956,#948,#958,.T.);
#956 = VERTEX_POINT('',#957);
#957 = CARTESIAN_POINT('',(-3.81,-13.3,4.855));
#958 = CIRCLE('',#959,0.225);
#959 = AXIS2_PLACEMENT_3D('',#960,#961,#962);
#960 = CARTESIAN_POINT('',(-3.81,-13.3,5.08));
#961 = DIRECTION('',(0.,-1.,0.));
#962 = DIRECTION('',(0.,0.,-1.));
#963 = ORIENTED_EDGE('',*,*,#964,.F.);
#964 = EDGE_CURVE('',#232,#956,#965,.T.);
#965 = LINE('',#966,#967);
#966 = CARTESIAN_POINT('',(-3.81,5.E+05,4.855));
#967 = VECTOR('',#968,1.);
#968 = DIRECTION('',(0.,-1.,0.));
#969 = CYLINDRICAL_SURFACE('',#970,0.225);
#970 = AXIS2_PLACEMENT_3D('',#971,#972,#973);
#971 = CARTESIAN_POINT('',(-3.81,5.E+05,5.08));
#972 = DIRECTION('',(0.,-1.,0.));
#973 = DIRECTION('',(0.,0.,-1.));
#974 = ADVANCED_FACE('',(#975),#987,.T.);
#975 = FACE_BOUND('',#976,.T.);
#976 = EDGE_LOOP('',(#977,#978,#979,#980));
#977 = ORIENTED_EDGE('',*,*,#947,.F.);
#978 = ORIENTED_EDGE('',*,*,#242,.T.);
#979 = ORIENTED_EDGE('',*,*,#964,.T.);
#980 = ORIENTED_EDGE('',*,*,#981,.F.);
#981 = EDGE_CURVE('',#948,#956,#982,.T.);
#982 = CIRCLE('',#983,0.225);
#983 = AXIS2_PLACEMENT_3D('',#984,#985,#986);
#984 = CARTESIAN_POINT('',(-3.81,-13.3,5.08));
#985 = DIRECTION('',(0.,-1.,0.));
#986 = DIRECTION('',(0.,0.,-1.));
#987 = CYLINDRICAL_SURFACE('',#988,0.225);
#988 = AXIS2_PLACEMENT_3D('',#989,#990,#991);
#989 = CARTESIAN_POINT('',(-3.81,5.E+05,5.08));
#990 = DIRECTION('',(0.,-1.,0.));
#991 = DIRECTION('',(0.,0.,-1.));
#992 = ADVANCED_FACE('',(#993),#1019,.T.);
#993 = FACE_BOUND('',#994,.T.);
#994 = EDGE_LOOP('',(#995,#996,#1004,#1013));
#995 = ORIENTED_EDGE('',*,*,#251,.T.);
#996 = ORIENTED_EDGE('',*,*,#997,.T.);
#997 = EDGE_CURVE('',#254,#998,#1000,.T.);
#998 = VERTEX_POINT('',#999);
#999 = CARTESIAN_POINT('',(-1.27,-13.3,5.305));
#1000 = LINE('',#1001,#1002);
#1001 = CARTESIAN_POINT('',(-1.27,5.E+05,5.305));
#1002 = VECTOR('',#1003,1.);
#1003 = DIRECTION('',(0.,-1.,0.));
#1004 = ORIENTED_EDGE('',*,*,#1005,.F.);
#1005 = EDGE_CURVE('',#1006,#998,#1008,.T.);
#1006 = VERTEX_POINT('',#1007);
#1007 = CARTESIAN_POINT('',(-1.27,-13.3,4.855));
#1008 = CIRCLE('',#1009,0.225);
#1009 = AXIS2_PLACEMENT_3D('',#1010,#1011,#1012);
#1010 = CARTESIAN_POINT('',(-1.27,-13.3,5.08));
#1011 = DIRECTION('',(0.,-1.,0.));
#1012 = DIRECTION('',(0.,0.,-1.));
#1013 = ORIENTED_EDGE('',*,*,#1014,.F.);
#1014 = EDGE_CURVE('',#252,#1006,#1015,.T.);
#1015 = LINE('',#1016,#1017);
#1016 = CARTESIAN_POINT('',(-1.27,5.E+05,4.855));
#1017 = VECTOR('',#1018,1.);
#1018 = DIRECTION('',(0.,-1.,0.));
#1019 = CYLINDRICAL_SURFACE('',#1020,0.225);
#1020 = AXIS2_PLACEMENT_3D('',#1021,#1022,#1023);
#1021 = CARTESIAN_POINT('',(-1.27,5.E+05,5.08));
#1022 = DIRECTION('',(0.,-1.,0.));
#1023 = DIRECTION('',(0.,0.,-1.));
#1024 = ADVANCED_FACE('',(#1025),#1037,.T.);
#1025 = FACE_BOUND('',#1026,.T.);
#1026 = EDGE_LOOP('',(#1027,#1028,#1029,#1030));
#1027 = ORIENTED_EDGE('',*,*,#997,.F.);
#1028 = ORIENTED_EDGE('',*,*,#262,.T.);
#1029 = ORIENTED_EDGE('',*,*,#1014,.T.);
#1030 = ORIENTED_EDGE('',*,*,#1031,.F.);
#1031 = EDGE_CURVE('',#998,#1006,#1032,.T.);
#1032 = CIRCLE('',#1033,0.225);
#1033 = AXIS2_PLACEMENT_3D('',#1034,#1035,#1036);
#1034 = CARTESIAN_POINT('',(-1.27,-13.3,5.08));
#1035 = DIRECTION('',(0.,-1.,0.));
#1036 = DIRECTION('',(0.,0.,-1.));
#1037 = CYLINDRICAL_SURFACE('',#1038,0.225);
#1038 = AXIS2_PLACEMENT_3D('',#1039,#1040,#1041);
#1039 = CARTESIAN_POINT('',(-1.27,5.E+05,5.08));
#1040 = DIRECTION('',(0.,-1.,0.));
#1041 = DIRECTION('',(0.,0.,-1.));
#1042 = ADVANCED_FACE('',(#1043),#1069,.T.);
#1043 = FACE_BOUND('',#1044,.T.);
#1044 = EDGE_LOOP('',(#1045,#1046,#1054,#1063));
#1045 = ORIENTED_EDGE('',*,*,#271,.T.);
#1046 = ORIENTED_EDGE('',*,*,#1047,.T.);
#1047 = EDGE_CURVE('',#274,#1048,#1050,.T.);
#1048 = VERTEX_POINT('',#1049);
#1049 = CARTESIAN_POINT('',(1.27,-13.3,-4.855));
#1050 = LINE('',#1051,#1052);
#1051 = CARTESIAN_POINT('',(1.27,5.E+05,-4.855));
#1052 = VECTOR('',#1053,1.);
#1053 = DIRECTION('',(0.,-1.,0.));
#1054 = ORIENTED_EDGE('',*,*,#1055,.F.);
#1055 = EDGE_CURVE('',#1056,#1048,#1058,.T.);
#1056 = VERTEX_POINT('',#1057);
#1057 = CARTESIAN_POINT('',(1.27,-13.3,-5.305));
#1058 = CIRCLE('',#1059,0.225);
#1059 = AXIS2_PLACEMENT_3D('',#1060,#1061,#1062);
#1060 = CARTESIAN_POINT('',(1.27,-13.3,-5.08));
#1061 = DIRECTION('',(0.,-1.,0.));
#1062 = DIRECTION('',(0.,0.,-1.));
#1063 = ORIENTED_EDGE('',*,*,#1064,.F.);
#1064 = EDGE_CURVE('',#272,#1056,#1065,.T.);
#1065 = LINE('',#1066,#1067);
#1066 = CARTESIAN_POINT('',(1.27,5.E+05,-5.305));
#1067 = VECTOR('',#1068,1.);
#1068 = DIRECTION('',(0.,-1.,0.));
#1069 = CYLINDRICAL_SURFACE('',#1070,0.225);
#1070 = AXIS2_PLACEMENT_3D('',#1071,#1072,#1073);
#1071 = CARTESIAN_POINT('',(1.27,5.E+05,-5.08));
#1072 = DIRECTION('',(0.,-1.,0.));
#1073 = DIRECTION('',(0.,0.,-1.));
#1074 = ADVANCED_FACE('',(#1075),#1087,.T.);
#1075 = FACE_BOUND('',#1076,.T.);
#1076 = EDGE_LOOP('',(#1077,#1078,#1079,#1080));
#1077 = ORIENTED_EDGE('',*,*,#1047,.F.);
#1078 = ORIENTED_EDGE('',*,*,#282,.T.);
#1079 = ORIENTED_EDGE('',*,*,#1064,.T.);
#1080 = ORIENTED_EDGE('',*,*,#1081,.F.);
#1081 = EDGE_CURVE('',#1048,#1056,#1082,.T.);
#1082 = CIRCLE('',#1083,0.225);
#1083 = AXIS2_PLACEMENT_3D('',#1084,#1085,#1086);
#1084 = CARTESIAN_POINT('',(1.27,-13.3,-5.08));
#1085 = DIRECTION('',(0.,-1.,0.));
#1086 = DIRECTION('',(0.,0.,-1.));
#1087 = CYLINDRICAL_SURFACE('',#1088,0.225);
#1088 = AXIS2_PLACEMENT_3D('',#1089,#1090,#1091);
#1089 = CARTESIAN_POINT('',(1.27,5.E+05,-5.08));
#1090 = DIRECTION('',(0.,-1.,0.));
#1091 = DIRECTION('',(0.,0.,-1.));
#1092 = ADVANCED_FACE('',(#1093),#1119,.T.);
#1093 = FACE_BOUND('',#1094,.T.);
#1094 = EDGE_LOOP('',(#1095,#1096,#1104,#1113));
#1095 = ORIENTED_EDGE('',*,*,#291,.T.);
#1096 = ORIENTED_EDGE('',*,*,#1097,.T.);
#1097 = EDGE_CURVE('',#294,#1098,#1100,.T.);
#1098 = VERTEX_POINT('',#1099);
#1099 = CARTESIAN_POINT('',(3.81,-13.3,-4.855));
#1100 = LINE('',#1101,#1102);
#1101 = CARTESIAN_POINT('',(3.81,5.E+05,-4.855));
#1102 = VECTOR('',#1103,1.);
#1103 = DIRECTION('',(0.,-1.,0.));
#1104 = ORIENTED_EDGE('',*,*,#1105,.F.);
#1105 = EDGE_CURVE('',#1106,#1098,#1108,.T.);
#1106 = VERTEX_POINT('',#1107);
#1107 = CARTESIAN_POINT('',(3.81,-13.3,-5.305));
#1108 = CIRCLE('',#1109,0.225);
#1109 = AXIS2_PLACEMENT_3D('',#1110,#1111,#1112);
#1110 = CARTESIAN_POINT('',(3.81,-13.3,-5.08));
#1111 = DIRECTION('',(0.,-1.,0.));
#1112 = DIRECTION('',(0.,0.,-1.));
#1113 = ORIENTED_EDGE('',*,*,#1114,.F.);
#1114 = EDGE_CURVE('',#292,#1106,#1115,.T.);
#1115 = LINE('',#1116,#1117);
#1116 = CARTESIAN_POINT('',(3.81,5.E+05,-5.305));
#1117 = VECTOR('',#1118,1.);
#1118 = DIRECTION('',(0.,-1.,0.));
#1119 = CYLINDRICAL_SURFACE('',#1120,0.225);
#1120 = AXIS2_PLACEMENT_3D('',#1121,#1122,#1123);
#1121 = CARTESIAN_POINT('',(3.81,5.E+05,-5.08));
#1122 = DIRECTION('',(0.,-1.,0.));
#1123 = DIRECTION('',(0.,0.,-1.));
#1124 = ADVANCED_FACE('',(#1125),#1137,.T.);
#1125 = FACE_BOUND('',#1126,.T.);
#1126 = EDGE_LOOP('',(#1127,#1128,#1129,#1130));
#1127 = ORIENTED_EDGE('',*,*,#1097,.F.);
#1128 = ORIENTED_EDGE('',*,*,#302,.T.);
#1129 = ORIENTED_EDGE('',*,*,#1114,.T.);
#1130 = ORIENTED_EDGE('',*,*,#1131,.F.);
#1131 = EDGE_CURVE('',#1098,#1106,#1132,.T.);
#1132 = CIRCLE('',#1133,0.225);
#1133 = AXIS2_PLACEMENT_3D('',#1134,#1135,#1136);
#1134 = CARTESIAN_POINT('',(3.81,-13.3,-5.08));
#1135 = DIRECTION('',(0.,-1.,0.));
#1136 = DIRECTION('',(0.,0.,-1.));
#1137 = CYLINDRICAL_SURFACE('',#1138,0.225);
#1138 = AXIS2_PLACEMENT_3D('',#1139,#1140,#1141);
#1139 = CARTESIAN_POINT('',(3.81,5.E+05,-5.08));
#1140 = DIRECTION('',(0.,-1.,0.));
#1141 = DIRECTION('',(0.,0.,-1.));
#1142 = ADVANCED_FACE('',(#1143),#1169,.T.);
#1143 = FACE_BOUND('',#1144,.T.);
#1144 = EDGE_LOOP('',(#1145,#1146,#1154,#1163));
#1145 = ORIENTED_EDGE('',*,*,#311,.T.);
#1146 = ORIENTED_EDGE('',*,*,#1147,.T.);
#1147 = EDGE_CURVE('',#314,#1148,#1150,.T.);
#1148 = VERTEX_POINT('',#1149);
#1149 = CARTESIAN_POINT('',(6.35,-13.3,-4.855));
#1150 = LINE('',#1151,#1152);
#1151 = CARTESIAN_POINT('',(6.35,5.E+05,-4.855));
#1152 = VECTOR('',#1153,1.);
#1153 = DIRECTION('',(0.,-1.,0.));
#1154 = ORIENTED_EDGE('',*,*,#1155,.F.);
#1155 = EDGE_CURVE('',#1156,#1148,#1158,.T.);
#1156 = VERTEX_POINT('',#1157);
#1157 = CARTESIAN_POINT('',(6.35,-13.3,-5.305));
#1158 = CIRCLE('',#1159,0.225);
#1159 = AXIS2_PLACEMENT_3D('',#1160,#1161,#1162);
#1160 = CARTESIAN_POINT('',(6.35,-13.3,-5.08));
#1161 = DIRECTION('',(0.,-1.,0.));
#1162 = DIRECTION('',(0.,0.,-1.));
#1163 = ORIENTED_EDGE('',*,*,#1164,.F.);
#1164 = EDGE_CURVE('',#312,#1156,#1165,.T.);
#1165 = LINE('',#1166,#1167);
#1166 = CARTESIAN_POINT('',(6.35,5.E+05,-5.305));
#1167 = VECTOR('',#1168,1.);
#1168 = DIRECTION('',(0.,-1.,0.));
#1169 = CYLINDRICAL_SURFACE('',#1170,0.225);
#1170 = AXIS2_PLACEMENT_3D('',#1171,#1172,#1173);
#1171 = CARTESIAN_POINT('',(6.35,5.E+05,-5.08));
#1172 = DIRECTION('',(0.,-1.,0.));
#1173 = DIRECTION('',(0.,0.,-1.));
#1174 = ADVANCED_FACE('',(#1175),#1187,.T.);
#1175 = FACE_BOUND('',#1176,.T.);
#1176 = EDGE_LOOP('',(#1177,#1178,#1179,#1180));
#1177 = ORIENTED_EDGE('',*,*,#1147,.F.);
#1178 = ORIENTED_EDGE('',*,*,#322,.T.);
#1179 = ORIENTED_EDGE('',*,*,#1164,.T.);
#1180 = ORIENTED_EDGE('',*,*,#1181,.F.);
#1181 = EDGE_CURVE('',#1148,#1156,#1182,.T.);
#1182 = CIRCLE('',#1183,0.225);
#1183 = AXIS2_PLACEMENT_3D('',#1184,#1185,#1186);
#1184 = CARTESIAN_POINT('',(6.35,-13.3,-5.08));
#1185 = DIRECTION('',(0.,-1.,0.));
#1186 = DIRECTION('',(0.,0.,-1.));
#1187 = CYLINDRICAL_SURFACE('',#1188,0.225);
#1188 = AXIS2_PLACEMENT_3D('',#1189,#1190,#1191);
#1189 = CARTESIAN_POINT('',(6.35,5.E+05,-5.08));
#1190 = DIRECTION('',(0.,-1.,0.));
#1191 = DIRECTION('',(0.,0.,-1.));
#1192 = ADVANCED_FACE('',(#1193),#1219,.T.);
#1193 = FACE_BOUND('',#1194,.T.);
#1194 = EDGE_LOOP('',(#1195,#1196,#1204,#1213));
#1195 = ORIENTED_EDGE('',*,*,#331,.T.);
#1196 = ORIENTED_EDGE('',*,*,#1197,.T.);
#1197 = EDGE_CURVE('',#334,#1198,#1200,.T.);
#1198 = VERTEX_POINT('',#1199);
#1199 = CARTESIAN_POINT('',(1.27,-13.3,5.305));
#1200 = LINE('',#1201,#1202);
#1201 = CARTESIAN_POINT('',(1.27,5.E+05,5.305));
#1202 = VECTOR('',#1203,1.);
#1203 = DIRECTION('',(0.,-1.,0.));
#1204 = ORIENTED_EDGE('',*,*,#1205,.F.);
#1205 = EDGE_CURVE('',#1206,#1198,#1208,.T.);
#1206 = VERTEX_POINT('',#1207);
#1207 = CARTESIAN_POINT('',(1.27,-13.3,4.855));
#1208 = CIRCLE('',#1209,0.225);
#1209 = AXIS2_PLACEMENT_3D('',#1210,#1211,#1212);
#1210 = CARTESIAN_POINT('',(1.27,-13.3,5.08));
#1211 = DIRECTION('',(0.,-1.,0.));
#1212 = DIRECTION('',(0.,0.,-1.));
#1213 = ORIENTED_EDGE('',*,*,#1214,.F.);
#1214 = EDGE_CURVE('',#332,#1206,#1215,.T.);
#1215 = LINE('',#1216,#1217);
#1216 = CARTESIAN_POINT('',(1.27,5.E+05,4.855));
#1217 = VECTOR('',#1218,1.);
#1218 = DIRECTION('',(0.,-1.,0.));
#1219 = CYLINDRICAL_SURFACE('',#1220,0.225);
#1220 = AXIS2_PLACEMENT_3D('',#1221,#1222,#1223);
#1221 = CARTESIAN_POINT('',(1.27,5.E+05,5.08));
#1222 = DIRECTION('',(0.,-1.,0.));
#1223 = DIRECTION('',(0.,0.,-1.));
#1224 = ADVANCED_FACE('',(#1225),#1237,.T.);
#1225 = FACE_BOUND('',#1226,.T.);
#1226 = EDGE_LOOP('',(#1227,#1228,#1229,#1230));
#1227 = ORIENTED_EDGE('',*,*,#1197,.F.);
#1228 = ORIENTED_EDGE('',*,*,#342,.T.);
#1229 = ORIENTED_EDGE('',*,*,#1214,.T.);
#1230 = ORIENTED_EDGE('',*,*,#1231,.F.);
#1231 = EDGE_CURVE('',#1198,#1206,#1232,.T.);
#1232 = CIRCLE('',#1233,0.225);
#1233 = AXIS2_PLACEMENT_3D('',#1234,#1235,#1236);
#1234 = CARTESIAN_POINT('',(1.27,-13.3,5.08));
#1235 = DIRECTION('',(0.,-1.,0.));
#1236 = DIRECTION('',(0.,0.,-1.));
#1237 = CYLINDRICAL_SURFACE('',#1238,0.225);
#1238 = AXIS2_PLACEMENT_3D('',#1239,#1240,#1241);
#1239 = CARTESIAN_POINT('',(1.27,5.E+05,5.08));
#1240 = DIRECTION('',(0.,-1.,0.));
#1241 = DIRECTION('',(0.,0.,-1.));
#1242 = ADVANCED_FACE('',(#1243),#1269,.T.);
#1243 = FACE_BOUND('',#1244,.T.);
#1244 = EDGE_LOOP('',(#1245,#1246,#1254,#1263));
#1245 = ORIENTED_EDGE('',*,*,#351,.T.);
#1246 = ORIENTED_EDGE('',*,*,#1247,.T.);
#1247 = EDGE_CURVE('',#354,#1248,#1250,.T.);
#1248 = VERTEX_POINT('',#1249);
#1249 = CARTESIAN_POINT('',(3.81,-13.3,5.305));
#1250 = LINE('',#1251,#1252);
#1251 = CARTESIAN_POINT('',(3.81,5.E+05,5.305));
#1252 = VECTOR('',#1253,1.);
#1253 = DIRECTION('',(0.,-1.,0.));
#1254 = ORIENTED_EDGE('',*,*,#1255,.F.);
#1255 = EDGE_CURVE('',#1256,#1248,#1258,.T.);
#1256 = VERTEX_POINT('',#1257);
#1257 = CARTESIAN_POINT('',(3.81,-13.3,4.855));
#1258 = CIRCLE('',#1259,0.225);
#1259 = AXIS2_PLACEMENT_3D('',#1260,#1261,#1262);
#1260 = CARTESIAN_POINT('',(3.81,-13.3,5.08));
#1261 = DIRECTION('',(0.,-1.,0.));
#1262 = DIRECTION('',(0.,0.,-1.));
#1263 = ORIENTED_EDGE('',*,*,#1264,.F.);
#1264 = EDGE_CURVE('',#352,#1256,#1265,.T.);
#1265 = LINE('',#1266,#1267);
#1266 = CARTESIAN_POINT('',(3.81,5.E+05,4.855));
#1267 = VECTOR('',#1268,1.);
#1268 = DIRECTION('',(0.,-1.,0.));
#1269 = CYLINDRICAL_SURFACE('',#1270,0.225);
#1270 = AXIS2_PLACEMENT_3D('',#1271,#1272,#1273);
#1271 = CARTESIAN_POINT('',(3.81,5.E+05,5.08));
#1272 = DIRECTION('',(0.,-1.,0.));
#1273 = DIRECTION('',(0.,0.,-1.));
#1274 = ADVANCED_FACE('',(#1275),#1287,.T.);
#1275 = FACE_BOUND('',#1276,.T.);
#1276 = EDGE_LOOP('',(#1277,#1278,#1279,#1280));
#1277 = ORIENTED_EDGE('',*,*,#1247,.F.);
#1278 = ORIENTED_EDGE('',*,*,#362,.T.);
#1279 = ORIENTED_EDGE('',*,*,#1264,.T.);
#1280 = ORIENTED_EDGE('',*,*,#1281,.F.);
#1281 = EDGE_CURVE('',#1248,#1256,#1282,.T.);
#1282 = CIRCLE('',#1283,0.225);
#1283 = AXIS2_PLACEMENT_3D('',#1284,#1285,#1286);
#1284 = CARTESIAN_POINT('',(3.81,-13.3,5.08));
#1285 = DIRECTION('',(0.,-1.,0.));
#1286 = DIRECTION('',(0.,0.,-1.));
#1287 = CYLINDRICAL_SURFACE('',#1288,0.225);
#1288 = AXIS2_PLACEMENT_3D('',#1289,#1290,#1291);
#1289 = CARTESIAN_POINT('',(3.81,5.E+05,5.08));
#1290 = DIRECTION('',(0.,-1.,0.));
#1291 = DIRECTION('',(0.,0.,-1.));
#1292 = ADVANCED_FACE('',(#1293,#1296),#1316,.F.);
#1293 = FACE_BOUND('',#1294,.F.);
#1294 = EDGE_LOOP('',(#1295));
#1295 = ORIENTED_EDGE('',*,*,#371,.F.);
#1296 = FACE_BOUND('',#1297,.F.);
#1297 = EDGE_LOOP('',(#1298,#1309));
#1298 = ORIENTED_EDGE('',*,*,#1299,.T.);
#1299 = EDGE_CURVE('',#1300,#1302,#1304,.T.);
#1300 = VERTEX_POINT('',#1301);
#1301 = CARTESIAN_POINT('',(6.35,-6.199999999978,4.855));
#1302 = VERTEX_POINT('',#1303);
#1303 = CARTESIAN_POINT('',(6.35,-6.199999999978,5.305));
#1304 = CIRCLE('',#1305,0.225);
#1305 = AXIS2_PLACEMENT_3D('',#1306,#1307,#1308);
#1306 = CARTESIAN_POINT('',(6.35,-6.199999999978,5.08));
#1307 = DIRECTION('',(0.,-1.,0.));
#1308 = DIRECTION('',(0.,0.,1.));
#1309 = ORIENTED_EDGE('',*,*,#1310,.T.);
#1310 = EDGE_CURVE('',#1302,#1300,#1311,.T.);
#1311 = CIRCLE('',#1312,0.225);
#1312 = AXIS2_PLACEMENT_3D('',#1313,#1314,#1315);
#1313 = CARTESIAN_POINT('',(6.35,-6.199999999978,5.08));
#1314 = DIRECTION('',(0.,-1.,0.));
#1315 = DIRECTION('',(0.,0.,1.));
#1316 = PLANE('',#1317);
#1317 = AXIS2_PLACEMENT_3D('',#1318,#1319,#1320);
#1318 = CARTESIAN_POINT('',(-45.57587398741,-6.2,-4.890786437627));
#1319 = DIRECTION('',(0.,1.,0.));
#1320 = DIRECTION('',(0.,0.,1.));
#1321 = ADVANCED_FACE('',(#1322),#1328,.F.);
#1322 = FACE_BOUND('',#1323,.T.);
#1323 = EDGE_LOOP('',(#1324,#1325,#1326,#1327));
#1324 = ORIENTED_EDGE('',*,*,#569,.T.);
#1325 = ORIENTED_EDGE('',*,*,#513,.T.);
#1326 = ORIENTED_EDGE('',*,*,#416,.T.);
#1327 = ORIENTED_EDGE('',*,*,#489,.F.);
#1328 = PLANE('',#1329);
#1329 = AXIS2_PLACEMENT_3D('',#1330,#1331,#1332);
#1330 = CARTESIAN_POINT('',(-11.25,-7.2,7.));
#1331 = DIRECTION('',(0.,1.,0.));
#1332 = DIRECTION('',(0.,0.,1.));
#1333 = ADVANCED_FACE('',(#1334),#1340,.F.);
#1334 = FACE_BOUND('',#1335,.T.);
#1335 = EDGE_LOOP('',(#1336,#1337,#1338,#1339));
#1336 = ORIENTED_EDGE('',*,*,#536,.T.);
#1337 = ORIENTED_EDGE('',*,*,#607,.T.);
#1338 = ORIENTED_EDGE('',*,*,#677,.F.);
#1339 = ORIENTED_EDGE('',*,*,#457,.F.);
#1340 = PLANE('',#1341);
#1341 = AXIS2_PLACEMENT_3D('',#1342,#1343,#1344);
#1342 = CARTESIAN_POINT('',(-11.25,-7.2,7.));
#1343 = DIRECTION('',(0.,1.,0.));
#1344 = DIRECTION('',(0.,0.,1.));
#1345 = ADVANCED_FACE('',(#1346,#1366,#1416,#1466,#1516,#1566,#1616,
    #1666,#1716,#1736,#1786,#1836,#1886,#1936,#1986,#2036,#2086,#2106,
    #2156,#2206,#2256,#2306,#2356,#2406,#2456),#2462,.T.);
#1346 = FACE_BOUND('',#1347,.T.);
#1347 = EDGE_LOOP('',(#1348,#1359));
#1348 = ORIENTED_EDGE('',*,*,#1349,.F.);
#1349 = EDGE_CURVE('',#1350,#1352,#1354,.T.);
#1350 = VERTEX_POINT('',#1351);
#1351 = CARTESIAN_POINT('',(-4.671085411059,0.,5.55));
#1352 = VERTEX_POINT('',#1353);
#1353 = CARTESIAN_POINT('',(-4.671085411059,0.,4.65));
#1354 = CIRCLE('',#1355,0.45);
#1355 = AXIS2_PLACEMENT_3D('',#1356,#1357,#1358);
#1356 = CARTESIAN_POINT('',(-4.671085411059,0.,5.1));
#1357 = DIRECTION('',(0.,1.,0.));
#1358 = DIRECTION('',(0.,0.,1.));
#1359 = ORIENTED_EDGE('',*,*,#1360,.F.);
#1360 = EDGE_CURVE('',#1352,#1350,#1361,.T.);
#1361 = CIRCLE('',#1362,0.45);
#1362 = AXIS2_PLACEMENT_3D('',#1363,#1364,#1365);
#1363 = CARTESIAN_POINT('',(-4.671085411059,0.,5.1));
#1364 = DIRECTION('',(0.,1.,0.));
#1365 = DIRECTION('',(0.,0.,1.));
#1366 = FACE_BOUND('',#1367,.T.);
#1367 = EDGE_LOOP('',(#1368,#1378,#1386,#1394,#1402,#1410));
#1368 = ORIENTED_EDGE('',*,*,#1369,.F.);
#1369 = EDGE_CURVE('',#1370,#1372,#1374,.T.);
#1370 = VERTEX_POINT('',#1371);
#1371 = CARTESIAN_POINT('',(-6.348429675787,0.,3.8));
#1372 = VERTEX_POINT('',#1373);
#1373 = CARTESIAN_POINT('',(-9.206087038697,0.,3.8));
#1374 = LINE('',#1375,#1376);
#1375 = CARTESIAN_POINT('',(-9.206087038697,0.,3.8));
#1376 = VECTOR('',#1377,1.);
#1377 = DIRECTION('',(-1.,-0.,-6.738187311489E-14));
#1378 = ORIENTED_EDGE('',*,*,#1379,.F.);
#1379 = EDGE_CURVE('',#1380,#1370,#1382,.T.);
#1380 = VERTEX_POINT('',#1381);
#1381 = CARTESIAN_POINT('',(-5.688562336914,0.,4.52011883649));
#1382 = LINE('',#1383,#1384);
#1383 = CARTESIAN_POINT('',(-6.348429675787,0.,3.8));
#1384 = VECTOR('',#1385,1.);
#1385 = DIRECTION('',(-0.675590207616,-0.,-0.73727733681));
#1386 = ORIENTED_EDGE('',*,*,#1387,.F.);
#1387 = EDGE_CURVE('',#1388,#1380,#1390,.T.);
#1388 = VERTEX_POINT('',#1389);
#1389 = CARTESIAN_POINT('',(-5.768443500425,0.,4.6));
#1390 = LINE('',#1391,#1392);
#1391 = CARTESIAN_POINT('',(-5.768443500425,0.,4.6));
#1392 = VECTOR('',#1393,1.);
#1393 = DIRECTION('',(0.707106781187,0.,-0.707106781187));
#1394 = ORIENTED_EDGE('',*,*,#1395,.F.);
#1395 = EDGE_CURVE('',#1396,#1388,#1398,.T.);
#1396 = VERTEX_POINT('',#1397);
#1397 = CARTESIAN_POINT('',(-9.918120469868,0.,4.6));
#1398 = LINE('',#1399,#1400);
#1399 = CARTESIAN_POINT('',(-9.918120469868,0.,4.6));
#1400 = VECTOR('',#1401,1.);
#1401 = DIRECTION('',(1.,0.,-2.090190982034E-16));
#1402 = ORIENTED_EDGE('',*,*,#1403,.F.);
#1403 = EDGE_CURVE('',#1404,#1396,#1406,.T.);
#1404 = VERTEX_POINT('',#1405);
#1405 = CARTESIAN_POINT('',(-9.99511215694,0.,4.523008312929));
#1406 = LINE('',#1407,#1408);
#1407 = CARTESIAN_POINT('',(-9.99511215694,0.,4.523008312929));
#1408 = VECTOR('',#1409,1.);
#1409 = DIRECTION('',(0.707106781187,0.,0.707106781187));
#1410 = ORIENTED_EDGE('',*,*,#1411,.F.);
#1411 = EDGE_CURVE('',#1372,#1404,#1412,.T.);
#1412 = LINE('',#1413,#1414);
#1413 = CARTESIAN_POINT('',(-9.206087038697,0.,3.8));
#1414 = VECTOR('',#1415,1.);
#1415 = DIRECTION('',(-0.73727733681,0.,0.675590207616));
#1416 = FACE_BOUND('',#1417,.T.);
#1417 = EDGE_LOOP('',(#1418,#1428,#1436,#1444,#1452,#1460));
#1418 = ORIENTED_EDGE('',*,*,#1419,.F.);
#1419 = EDGE_CURVE('',#1420,#1422,#1424,.T.);
#1420 = VERTEX_POINT('',#1421);
#1421 = CARTESIAN_POINT('',(-4.908714315953,0.,-4.538475101707));
#1422 = VERTEX_POINT('',#1423);
#1423 = CARTESIAN_POINT('',(-4.960339835418,0.,-4.6));
#1424 = LINE('',#1425,#1426);
#1425 = CARTESIAN_POINT('',(-4.960339835418,0.,-4.6));
#1426 = VECTOR('',#1427,1.);
#1427 = DIRECTION('',(-0.642787609687,-0.,-0.766044443119));
#1428 = ORIENTED_EDGE('',*,*,#1429,.F.);
#1429 = EDGE_CURVE('',#1430,#1420,#1432,.T.);
#1430 = VERTEX_POINT('',#1431);
#1431 = CARTESIAN_POINT('',(-5.70207215005,0.,-3.872768835725));
#1432 = LINE('',#1433,#1434);
#1433 = CARTESIAN_POINT('',(-4.908714315953,0.,-4.538475101707));
#1434 = VECTOR('',#1435,1.);
#1435 = DIRECTION('',(0.766044443119,0.,-0.642787609687));
#1436 = ORIENTED_EDGE('',*,*,#1437,.F.);
#1437 = EDGE_CURVE('',#1438,#1430,#1440,.T.);
#1438 = VERTEX_POINT('',#1439);
#1439 = CARTESIAN_POINT('',(-8.654576659147,0.,-3.872768835725));
#1440 = LINE('',#1441,#1442);
#1441 = CARTESIAN_POINT('',(-5.70207215005,0.,-3.872768835725));
#1442 = VECTOR('',#1443,1.);
#1443 = DIRECTION('',(1.,0.,6.756744964238E-15));
#1444 = ORIENTED_EDGE('',*,*,#1445,.F.);
#1445 = EDGE_CURVE('',#1446,#1438,#1448,.T.);
#1446 = VERTEX_POINT('',#1447);
#1447 = CARTESIAN_POINT('',(-9.213170541406,0.,-4.538475101707));
#1448 = LINE('',#1449,#1450);
#1449 = CARTESIAN_POINT('',(-9.213170541406,0.,-4.538475101707));
#1450 = VECTOR('',#1451,1.);
#1451 = DIRECTION('',(0.642787609687,0.,0.766044443119));
#1452 = ORIENTED_EDGE('',*,*,#1453,.F.);
#1453 = EDGE_CURVE('',#1454,#1446,#1456,.T.);
#1454 = VERTEX_POINT('',#1455);
#1455 = CARTESIAN_POINT('',(-9.139848022832,0.,-4.6));
#1456 = LINE('',#1457,#1458);
#1457 = CARTESIAN_POINT('',(-9.213170541406,0.,-4.538475101707));
#1458 = VECTOR('',#1459,1.);
#1459 = DIRECTION('',(-0.766044443119,0.,0.642787609687));
#1460 = ORIENTED_EDGE('',*,*,#1461,.F.);
#1461 = EDGE_CURVE('',#1422,#1454,#1462,.T.);
#1462 = LINE('',#1463,#1464);
#1463 = CARTESIAN_POINT('',(-4.960339835418,0.,-4.6));
#1464 = VECTOR('',#1465,1.);
#1465 = DIRECTION('',(-1.,0.,2.075272254761E-16));
#1466 = FACE_BOUND('',#1467,.T.);
#1467 = EDGE_LOOP('',(#1468,#1478,#1486,#1494,#1502,#1510));
#1468 = ORIENTED_EDGE('',*,*,#1469,.F.);
#1469 = EDGE_CURVE('',#1470,#1472,#1474,.T.);
#1470 = VERTEX_POINT('',#1471);
#1471 = CARTESIAN_POINT('',(-10.2363185214,0.,4.281801948466));
#1472 = VERTEX_POINT('',#1473);
#1473 = CARTESIAN_POINT('',(-10.17205726477,0.,4.346063205097));
#1474 = LINE('',#1475,#1476);
#1475 = CARTESIAN_POINT('',(-10.2363185214,0.,4.281801948466));
#1476 = VECTOR('',#1477,1.);
#1477 = DIRECTION('',(0.707106781187,0.,0.707106781187));
#1478 = ORIENTED_EDGE('',*,*,#1479,.F.);
#1479 = EDGE_CURVE('',#1480,#1470,#1482,.T.);
#1480 = VERTEX_POINT('',#1481);
#1481 = CARTESIAN_POINT('',(-9.912096100658,0.,0.575922721632));
#1482 = LINE('',#1483,#1484);
#1483 = CARTESIAN_POINT('',(-9.912096100658,0.,0.575922721632));
#1484 = VECTOR('',#1485,1.);
#1485 = DIRECTION('',(-8.715574274765E-02,0.,0.996194698092));
#1486 = ORIENTED_EDGE('',*,*,#1487,.F.);
#1487 = EDGE_CURVE('',#1488,#1480,#1490,.T.);
#1488 = VERTEX_POINT('',#1489);
#1489 = CARTESIAN_POINT('',(-9.478755924322,0.,0.212307139494));
#1490 = LINE('',#1491,#1492);
#1491 = CARTESIAN_POINT('',(-9.478755924322,0.,0.212307139494));
#1492 = VECTOR('',#1493,1.);
#1493 = DIRECTION('',(-0.766044443119,0.,0.642787609687));
#1494 = ORIENTED_EDGE('',*,*,#1495,.F.);
#1495 = EDGE_CURVE('',#1496,#1488,#1498,.T.);
#1496 = VERTEX_POINT('',#1497);
#1497 = CARTESIAN_POINT('',(-9.115140342185,0.,0.64564731583));
#1498 = LINE('',#1499,#1500);
#1499 = CARTESIAN_POINT('',(-9.478755924322,0.,0.212307139494));
#1500 = VECTOR('',#1501,1.);
#1501 = DIRECTION('',(-0.642787609687,-0.,-0.766044443119));
#1502 = ORIENTED_EDGE('',*,*,#1503,.F.);
#1503 = EDGE_CURVE('',#1504,#1496,#1506,.T.);
#1504 = VERTEX_POINT('',#1505);
#1505 = CARTESIAN_POINT('',(-9.374984590601,0.,3.615680665797));
#1506 = LINE('',#1507,#1508);
#1507 = CARTESIAN_POINT('',(-9.115140342185,0.,0.64564731583));
#1508 = VECTOR('',#1509,1.);
#1509 = DIRECTION('',(8.715574274765E-02,0.,-0.996194698092));
#1510 = ORIENTED_EDGE('',*,*,#1511,.F.);
#1511 = EDGE_CURVE('',#1472,#1504,#1512,.T.);
#1512 = LINE('',#1513,#1514);
#1513 = CARTESIAN_POINT('',(-9.374984590601,0.,3.615680665797));
#1514 = VECTOR('',#1515,1.);
#1515 = DIRECTION('',(0.73727733681,0.,-0.675590207616));
#1516 = FACE_BOUND('',#1517,.T.);
#1517 = EDGE_LOOP('',(#1518,#1528,#1536,#1544,#1552,#1560));
#1518 = ORIENTED_EDGE('',*,*,#1519,.F.);
#1519 = EDGE_CURVE('',#1520,#1522,#1524,.T.);
#1520 = VERTEX_POINT('',#1521);
#1521 = CARTESIAN_POINT('',(-5.402706152703,0.,-0.150832074007));
#1522 = VERTEX_POINT('',#1523);
#1523 = CARTESIAN_POINT('',(-5.000663433014,0.,-0.488185971816));
#1524 = LINE('',#1525,#1526);
#1525 = CARTESIAN_POINT('',(-5.402706152703,0.,-0.150832074007));
#1526 = VECTOR('',#1527,1.);
#1527 = DIRECTION('',(0.766044443119,0.,-0.642787609687));
#1528 = ORIENTED_EDGE('',*,*,#1529,.F.);
#1529 = EDGE_CURVE('',#1530,#1520,#1532,.T.);
#1530 = VERTEX_POINT('',#1531);
#1531 = CARTESIAN_POINT('',(-5.79258341917,0.,-0.615469706989));
#1532 = LINE('',#1533,#1534);
#1533 = CARTESIAN_POINT('',(-5.402706152703,0.,-0.150832074007));
#1534 = VECTOR('',#1535,1.);
#1535 = DIRECTION('',(0.642787609687,0.,0.766044443119));
#1536 = ORIENTED_EDGE('',*,*,#1537,.F.);
#1537 = EDGE_CURVE('',#1538,#1530,#1540,.T.);
#1538 = VERTEX_POINT('',#1539);
#1539 = CARTESIAN_POINT('',(-5.523013775871,0.,-3.696664829124));
#1540 = LINE('',#1541,#1542);
#1541 = CARTESIAN_POINT('',(-5.79258341917,0.,-0.615469706989));
#1542 = VECTOR('',#1543,1.);
#1543 = DIRECTION('',(-8.715574274765E-02,0.,0.996194698092));
#1544 = ORIENTED_EDGE('',*,*,#1545,.F.);
#1545 = EDGE_CURVE('',#1546,#1538,#1548,.T.);
#1546 = VERTEX_POINT('',#1547);
#1547 = CARTESIAN_POINT('',(-4.748017413531,0.,-4.346963990928));
#1548 = LINE('',#1549,#1550);
#1549 = CARTESIAN_POINT('',(-4.748017413531,0.,-4.346963990928));
#1550 = VECTOR('',#1551,1.);
#1551 = DIRECTION('',(-0.766044443119,0.,0.642787609687));
#1552 = ORIENTED_EDGE('',*,*,#1553,.F.);
#1553 = EDGE_CURVE('',#1554,#1546,#1556,.T.);
#1554 = VERTEX_POINT('',#1555);
#1555 = CARTESIAN_POINT('',(-4.671085411059,0.,-4.255280000596));
#1556 = LINE('',#1557,#1558);
#1557 = CARTESIAN_POINT('',(-4.748017413531,0.,-4.346963990928));
#1558 = VECTOR('',#1559,1.);
#1559 = DIRECTION('',(-0.642787609687,-0.,-0.766044443119));
#1560 = ORIENTED_EDGE('',*,*,#1561,.F.);
#1561 = EDGE_CURVE('',#1522,#1554,#1562,.T.);
#1562 = LINE('',#1563,#1564);
#1563 = CARTESIAN_POINT('',(-5.000663433014,0.,-0.488185971816));
#1564 = VECTOR('',#1565,1.);
#1565 = DIRECTION('',(8.715574274765E-02,0.,-0.996194698092));
#1566 = FACE_BOUND('',#1567,.T.);
#1567 = EDGE_LOOP('',(#1568,#1578,#1586,#1594,#1602,#1610));
#1568 = ORIENTED_EDGE('',*,*,#1569,.F.);
#1569 = EDGE_CURVE('',#1570,#1572,#1574,.T.);
#1570 = VERTEX_POINT('',#1571);
#1571 = CARTESIAN_POINT('',(-5.381436829297,0.,0.24872482716));
#1572 = VERTEX_POINT('',#1573);
#1573 = CARTESIAN_POINT('',(-5.906755158348,0.,0.689519243317));
#1574 = LINE('',#1575,#1576);
#1575 = CARTESIAN_POINT('',(-5.906755158348,0.,0.689519243317));
#1576 = VECTOR('',#1577,1.);
#1577 = DIRECTION('',(-0.766044443119,0.,0.642787609687));
#1578 = ORIENTED_EDGE('',*,*,#1579,.F.);
#1579 = EDGE_CURVE('',#1580,#1570,#1582,.T.);
#1580 = VERTEX_POINT('',#1581);
#1581 = CARTESIAN_POINT('',(-5.095000081179,0.,0.590086850781));
#1582 = LINE('',#1583,#1584);
#1583 = CARTESIAN_POINT('',(-5.381436829297,0.,0.24872482716));
#1584 = VECTOR('',#1585,1.);
#1585 = DIRECTION('',(-0.642787609687,-0.,-0.766044443119));
#1586 = ORIENTED_EDGE('',*,*,#1587,.F.);
#1587 = EDGE_CURVE('',#1588,#1580,#1590,.T.);
#1588 = VERTEX_POINT('',#1589);
#1589 = CARTESIAN_POINT('',(-5.414890109831,0.,4.246446609407));
#1590 = LINE('',#1591,#1592);
#1591 = CARTESIAN_POINT('',(-5.414890109831,0.,4.246446609407));
#1592 = VECTOR('',#1593,1.);
#1593 = DIRECTION('',(8.715574274765E-02,0.,-0.996194698092));
#1594 = ORIENTED_EDGE('',*,*,#1595,.F.);
#1595 = EDGE_CURVE('',#1596,#1588,#1598,.T.);
#1596 = VERTEX_POINT('',#1597);
#1597 = CARTESIAN_POINT('',(-5.511617229083,0.,4.343173728658));
#1598 = LINE('',#1599,#1600);
#1599 = CARTESIAN_POINT('',(-5.511617229083,0.,4.343173728658));
#1600 = VECTOR('',#1601,1.);
#1601 = DIRECTION('',(0.707106781187,0.,-0.707106781187));
#1602 = ORIENTED_EDGE('',*,*,#1603,.F.);
#1603 = EDGE_CURVE('',#1604,#1596,#1606,.T.);
#1604 = VERTEX_POINT('',#1605);
#1605 = CARTESIAN_POINT('',(-6.164110341584,0.,3.631102448096));
#1606 = LINE('',#1607,#1608);
#1607 = CARTESIAN_POINT('',(-6.164110341584,0.,3.631102448096));
#1608 = VECTOR('',#1609,1.);
#1609 = DIRECTION('',(0.675590207616,0.,0.73727733681));
#1610 = ORIENTED_EDGE('',*,*,#1611,.F.);
#1611 = EDGE_CURVE('',#1572,#1604,#1612,.T.);
#1612 = LINE('',#1613,#1614);
#1613 = CARTESIAN_POINT('',(-6.164110341584,0.,3.631102448096));
#1614 = VECTOR('',#1615,1.);
#1615 = DIRECTION('',(-8.715574274765E-02,0.,0.996194698092));
#1616 = FACE_BOUND('',#1617,.T.);
#1617 = EDGE_LOOP('',(#1618,#1628,#1636,#1644,#1652,#1660));
#1618 = ORIENTED_EDGE('',*,*,#1619,.F.);
#1619 = EDGE_CURVE('',#1620,#1622,#1624,.T.);
#1620 = VERTEX_POINT('',#1621);
#1621 = CARTESIAN_POINT('',(-9.454104557636,0.,-6.945927106677E-02));
#1622 = VERTEX_POINT('',#1623);
#1623 = CARTESIAN_POINT('',(-9.060181456431,0.,0.4));
#1624 = LINE('',#1625,#1626);
#1625 = CARTESIAN_POINT('',(-9.454104557636,0.,-6.945927106677E-02));
#1626 = VECTOR('',#1627,1.);
#1627 = DIRECTION('',(0.642787609687,0.,0.766044443119));
#1628 = ORIENTED_EDGE('',*,*,#1629,.F.);
#1629 = EDGE_CURVE('',#1630,#1620,#1632,.T.);
#1630 = VERTEX_POINT('',#1631);
#1631 = CARTESIAN_POINT('',(-9.060181456431,0.,-0.4));
#1632 = LINE('',#1633,#1634);
#1633 = CARTESIAN_POINT('',(-9.060181456431,0.,-0.4));
#1634 = VECTOR('',#1635,1.);
#1635 = DIRECTION('',(-0.766044443119,0.,0.642787609687));
#1636 = ORIENTED_EDGE('',*,*,#1637,.F.);
#1637 = EDGE_CURVE('',#1638,#1630,#1640,.T.);
#1638 = VERTEX_POINT('',#1639);
#1639 = CARTESIAN_POINT('',(-5.872864325372,0.,-0.4));
#1640 = LINE('',#1641,#1642);
#1641 = CARTESIAN_POINT('',(-9.060181456431,0.,-0.4));
#1642 = VECTOR('',#1643,1.);
#1643 = DIRECTION('',(-1.,-0.,-2.551210299849E-16));
#1644 = ORIENTED_EDGE('',*,*,#1645,.F.);
#1645 = EDGE_CURVE('',#1646,#1638,#1648,.T.);
#1646 = VERTEX_POINT('',#1647);
#1647 = CARTESIAN_POINT('',(-5.478941224167,0.,6.945927106677E-02));
#1648 = LINE('',#1649,#1650);
#1649 = CARTESIAN_POINT('',(-5.872864325372,0.,-0.4));
#1650 = VECTOR('',#1651,1.);
#1651 = DIRECTION('',(-0.642787609687,-0.,-0.766044443119));
#1652 = ORIENTED_EDGE('',*,*,#1653,.F.);
#1653 = EDGE_CURVE('',#1654,#1646,#1656,.T.);
#1654 = VERTEX_POINT('',#1655);
#1655 = CARTESIAN_POINT('',(-5.872864325372,0.,0.4));
#1656 = LINE('',#1657,#1658);
#1657 = CARTESIAN_POINT('',(-5.478941224167,0.,6.945927106677E-02));
#1658 = VECTOR('',#1659,1.);
#1659 = DIRECTION('',(0.766044443119,0.,-0.642787609687));
#1660 = ORIENTED_EDGE('',*,*,#1661,.F.);
#1661 = EDGE_CURVE('',#1622,#1654,#1662,.T.);
#1662 = LINE('',#1663,#1664);
#1663 = CARTESIAN_POINT('',(-9.060181456431,0.,0.4));
#1664 = VECTOR('',#1665,1.);
#1665 = DIRECTION('',(1.,0.,2.551210299849E-16));
#1666 = FACE_BOUND('',#1667,.T.);
#1667 = EDGE_LOOP('',(#1668,#1678,#1686,#1694,#1702,#1710));
#1668 = ORIENTED_EDGE('',*,*,#1669,.F.);
#1669 = EDGE_CURVE('',#1670,#1672,#1674,.T.);
#1670 = VERTEX_POINT('',#1671);
#1671 = CARTESIAN_POINT('',(-8.996113014613,0.,-0.714841263766));
#1672 = VERTEX_POINT('',#1673);
#1673 = CARTESIAN_POINT('',(-8.744483111555,0.,-3.590984216664));
#1674 = LINE('',#1675,#1676);
#1675 = CARTESIAN_POINT('',(-8.744483111555,0.,-3.590984216664));
#1676 = VECTOR('',#1677,1.);
#1677 = DIRECTION('',(8.715574274765E-02,0.,-0.996194698092));
#1678 = ORIENTED_EDGE('',*,*,#1679,.F.);
#1679 = EDGE_CURVE('',#1680,#1670,#1682,.T.);
#1680 = VERTEX_POINT('',#1681);
#1681 = CARTESIAN_POINT('',(-9.482853171971,0.,-0.306417777248));
#1682 = LINE('',#1683,#1684);
#1683 = CARTESIAN_POINT('',(-8.996113014613,0.,-0.714841263766));
#1684 = VECTOR('',#1685,1.);
#1685 = DIRECTION('',(0.766044443119,0.,-0.642787609687));
#1686 = ORIENTED_EDGE('',*,*,#1687,.F.);
#1687 = EDGE_CURVE('',#1688,#1680,#1690,.T.);
#1688 = VERTEX_POINT('',#1689);
#1689 = CARTESIAN_POINT('',(-9.801660849728,0.,-0.686357972562));
#1690 = LINE('',#1691,#1692);
#1691 = CARTESIAN_POINT('',(-9.482853171971,0.,-0.306417777248));
#1692 = VECTOR('',#1693,1.);
#1693 = DIRECTION('',(0.642787609687,0.,0.766044443119));
#1694 = ORIENTED_EDGE('',*,*,#1695,.F.);
#1695 = EDGE_CURVE('',#1696,#1688,#1698,.T.);
#1696 = VERTEX_POINT('',#1697);
#1697 = CARTESIAN_POINT('',(-9.484568022235,0.,-4.310745575641));
#1698 = LINE('',#1699,#1700);
#1699 = CARTESIAN_POINT('',(-9.484568022235,0.,-4.310745575641));
#1700 = VECTOR('',#1701,1.);
#1701 = DIRECTION('',(-8.715574274765E-02,0.,0.996194698092));
#1702 = ORIENTED_EDGE('',*,*,#1703,.F.);
#1703 = EDGE_CURVE('',#1704,#1696,#1706,.T.);
#1704 = VERTEX_POINT('',#1705);
#1705 = CARTESIAN_POINT('',(-9.404681652186,0.,-4.377778199286));
#1706 = LINE('',#1707,#1708);
#1707 = CARTESIAN_POINT('',(-9.484568022235,0.,-4.310745575641));
#1708 = VECTOR('',#1709,1.);
#1709 = DIRECTION('',(-0.766044443119,0.,0.642787609687));
#1710 = ORIENTED_EDGE('',*,*,#1711,.F.);
#1711 = EDGE_CURVE('',#1672,#1704,#1712,.T.);
#1712 = LINE('',#1713,#1714);
#1713 = CARTESIAN_POINT('',(-9.404681652186,0.,-4.377778199286));
#1714 = VECTOR('',#1715,1.);
#1715 = DIRECTION('',(-0.642787609687,-0.,-0.766044443119));
#1716 = FACE_BOUND('',#1717,.T.);
#1717 = EDGE_LOOP('',(#1718,#1729));
#1718 = ORIENTED_EDGE('',*,*,#1719,.F.);
#1719 = EDGE_CURVE('',#1720,#1722,#1724,.T.);
#1720 = VERTEX_POINT('',#1721);
#1721 = CARTESIAN_POINT('',(10.328914588941,0.,5.55));
#1722 = VERTEX_POINT('',#1723);
#1723 = CARTESIAN_POINT('',(10.328914588941,0.,4.65));
#1724 = CIRCLE('',#1725,0.45);
#1725 = AXIS2_PLACEMENT_3D('',#1726,#1727,#1728);
#1726 = CARTESIAN_POINT('',(10.328914588941,0.,5.1));
#1727 = DIRECTION('',(0.,1.,0.));
#1728 = DIRECTION('',(0.,0.,1.));
#1729 = ORIENTED_EDGE('',*,*,#1730,.F.);
#1730 = EDGE_CURVE('',#1722,#1720,#1731,.T.);
#1731 = CIRCLE('',#1732,0.45);
#1732 = AXIS2_PLACEMENT_3D('',#1733,#1734,#1735);
#1733 = CARTESIAN_POINT('',(10.328914588941,0.,5.1));
#1734 = DIRECTION('',(0.,1.,0.));
#1735 = DIRECTION('',(0.,0.,1.));
#1736 = FACE_BOUND('',#1737,.T.);
#1737 = EDGE_LOOP('',(#1738,#1748,#1756,#1764,#1772,#1780));
#1738 = ORIENTED_EDGE('',*,*,#1739,.F.);
#1739 = EDGE_CURVE('',#1740,#1742,#1744,.T.);
#1740 = VERTEX_POINT('',#1741);
#1741 = CARTESIAN_POINT('',(8.651570324213,0.,3.8));
#1742 = VERTEX_POINT('',#1743);
#1743 = CARTESIAN_POINT('',(5.793912961303,0.,3.8));
#1744 = LINE('',#1745,#1746);
#1745 = CARTESIAN_POINT('',(5.793912961303,0.,3.8));
#1746 = VECTOR('',#1747,1.);
#1747 = DIRECTION('',(-1.,-0.,-6.738187311489E-14));
#1748 = ORIENTED_EDGE('',*,*,#1749,.F.);
#1749 = EDGE_CURVE('',#1750,#1740,#1752,.T.);
#1750 = VERTEX_POINT('',#1751);
#1751 = CARTESIAN_POINT('',(9.311437663086,0.,4.52011883649));
#1752 = LINE('',#1753,#1754);
#1753 = CARTESIAN_POINT('',(8.651570324213,0.,3.8));
#1754 = VECTOR('',#1755,1.);
#1755 = DIRECTION('',(-0.675590207616,-0.,-0.73727733681));
#1756 = ORIENTED_EDGE('',*,*,#1757,.F.);
#1757 = EDGE_CURVE('',#1758,#1750,#1760,.T.);
#1758 = VERTEX_POINT('',#1759);
#1759 = CARTESIAN_POINT('',(9.231556499575,0.,4.6));
#1760 = LINE('',#1761,#1762);
#1761 = CARTESIAN_POINT('',(9.231556499575,0.,4.6));
#1762 = VECTOR('',#1763,1.);
#1763 = DIRECTION('',(0.707106781187,0.,-0.707106781187));
#1764 = ORIENTED_EDGE('',*,*,#1765,.F.);
#1765 = EDGE_CURVE('',#1766,#1758,#1768,.T.);
#1766 = VERTEX_POINT('',#1767);
#1767 = CARTESIAN_POINT('',(5.081879530132,0.,4.6));
#1768 = LINE('',#1769,#1770);
#1769 = CARTESIAN_POINT('',(5.081879530132,0.,4.6));
#1770 = VECTOR('',#1771,1.);
#1771 = DIRECTION('',(1.,0.,-2.090190982034E-16));
#1772 = ORIENTED_EDGE('',*,*,#1773,.F.);
#1773 = EDGE_CURVE('',#1774,#1766,#1776,.T.);
#1774 = VERTEX_POINT('',#1775);
#1775 = CARTESIAN_POINT('',(5.00488784306,0.,4.523008312929));
#1776 = LINE('',#1777,#1778);
#1777 = CARTESIAN_POINT('',(5.00488784306,0.,4.523008312929));
#1778 = VECTOR('',#1779,1.);
#1779 = DIRECTION('',(0.707106781187,0.,0.707106781187));
#1780 = ORIENTED_EDGE('',*,*,#1781,.F.);
#1781 = EDGE_CURVE('',#1742,#1774,#1782,.T.);
#1782 = LINE('',#1783,#1784);
#1783 = CARTESIAN_POINT('',(5.793912961303,0.,3.8));
#1784 = VECTOR('',#1785,1.);
#1785 = DIRECTION('',(-0.73727733681,0.,0.675590207616));
#1786 = FACE_BOUND('',#1787,.T.);
#1787 = EDGE_LOOP('',(#1788,#1798,#1806,#1814,#1822,#1830));
#1788 = ORIENTED_EDGE('',*,*,#1789,.F.);
#1789 = EDGE_CURVE('',#1790,#1792,#1794,.T.);
#1790 = VERTEX_POINT('',#1791);
#1791 = CARTESIAN_POINT('',(10.091285684047,0.,-4.538475101707));
#1792 = VERTEX_POINT('',#1793);
#1793 = CARTESIAN_POINT('',(10.039660164582,0.,-4.6));
#1794 = LINE('',#1795,#1796);
#1795 = CARTESIAN_POINT('',(10.039660164582,0.,-4.6));
#1796 = VECTOR('',#1797,1.);
#1797 = DIRECTION('',(-0.642787609687,-0.,-0.766044443119));
#1798 = ORIENTED_EDGE('',*,*,#1799,.F.);
#1799 = EDGE_CURVE('',#1800,#1790,#1802,.T.);
#1800 = VERTEX_POINT('',#1801);
#1801 = CARTESIAN_POINT('',(9.29792784995,0.,-3.872768835725));
#1802 = LINE('',#1803,#1804);
#1803 = CARTESIAN_POINT('',(10.091285684047,0.,-4.538475101707));
#1804 = VECTOR('',#1805,1.);
#1805 = DIRECTION('',(0.766044443119,0.,-0.642787609687));
#1806 = ORIENTED_EDGE('',*,*,#1807,.F.);
#1807 = EDGE_CURVE('',#1808,#1800,#1810,.T.);
#1808 = VERTEX_POINT('',#1809);
#1809 = CARTESIAN_POINT('',(6.345423340853,0.,-3.872768835725));
#1810 = LINE('',#1811,#1812);
#1811 = CARTESIAN_POINT('',(9.29792784995,0.,-3.872768835725));
#1812 = VECTOR('',#1813,1.);
#1813 = DIRECTION('',(1.,0.,6.756744964238E-15));
#1814 = ORIENTED_EDGE('',*,*,#1815,.F.);
#1815 = EDGE_CURVE('',#1816,#1808,#1818,.T.);
#1816 = VERTEX_POINT('',#1817);
#1817 = CARTESIAN_POINT('',(5.786829458594,0.,-4.538475101707));
#1818 = LINE('',#1819,#1820);
#1819 = CARTESIAN_POINT('',(5.786829458594,0.,-4.538475101707));
#1820 = VECTOR('',#1821,1.);
#1821 = DIRECTION('',(0.642787609687,0.,0.766044443119));
#1822 = ORIENTED_EDGE('',*,*,#1823,.F.);
#1823 = EDGE_CURVE('',#1824,#1816,#1826,.T.);
#1824 = VERTEX_POINT('',#1825);
#1825 = CARTESIAN_POINT('',(5.860151977168,0.,-4.6));
#1826 = LINE('',#1827,#1828);
#1827 = CARTESIAN_POINT('',(5.786829458594,0.,-4.538475101707));
#1828 = VECTOR('',#1829,1.);
#1829 = DIRECTION('',(-0.766044443119,0.,0.642787609687));
#1830 = ORIENTED_EDGE('',*,*,#1831,.F.);
#1831 = EDGE_CURVE('',#1792,#1824,#1832,.T.);
#1832 = LINE('',#1833,#1834);
#1833 = CARTESIAN_POINT('',(10.039660164582,0.,-4.6));
#1834 = VECTOR('',#1835,1.);
#1835 = DIRECTION('',(-1.,0.,2.075272254761E-16));
#1836 = FACE_BOUND('',#1837,.T.);
#1837 = EDGE_LOOP('',(#1838,#1848,#1856,#1864,#1872,#1880));
#1838 = ORIENTED_EDGE('',*,*,#1839,.F.);
#1839 = EDGE_CURVE('',#1840,#1842,#1844,.T.);
#1840 = VERTEX_POINT('',#1841);
#1841 = CARTESIAN_POINT('',(4.763681478598,0.,4.281801948466));
#1842 = VERTEX_POINT('',#1843);
#1843 = CARTESIAN_POINT('',(4.827942735229,0.,4.346063205097));
#1844 = LINE('',#1845,#1846);
#1845 = CARTESIAN_POINT('',(4.763681478598,0.,4.281801948466));
#1846 = VECTOR('',#1847,1.);
#1847 = DIRECTION('',(0.707106781187,0.,0.707106781187));
#1848 = ORIENTED_EDGE('',*,*,#1849,.F.);
#1849 = EDGE_CURVE('',#1850,#1840,#1852,.T.);
#1850 = VERTEX_POINT('',#1851);
#1851 = CARTESIAN_POINT('',(5.087903899342,0.,0.575922721632));
#1852 = LINE('',#1853,#1854);
#1853 = CARTESIAN_POINT('',(5.087903899342,0.,0.575922721632));
#1854 = VECTOR('',#1855,1.);
#1855 = DIRECTION('',(-8.715574274765E-02,0.,0.996194698092));
#1856 = ORIENTED_EDGE('',*,*,#1857,.F.);
#1857 = EDGE_CURVE('',#1858,#1850,#1860,.T.);
#1858 = VERTEX_POINT('',#1859);
#1859 = CARTESIAN_POINT('',(5.521244075678,0.,0.212307139494));
#1860 = LINE('',#1861,#1862);
#1861 = CARTESIAN_POINT('',(5.521244075678,0.,0.212307139494));
#1862 = VECTOR('',#1863,1.);
#1863 = DIRECTION('',(-0.766044443119,0.,0.642787609687));
#1864 = ORIENTED_EDGE('',*,*,#1865,.F.);
#1865 = EDGE_CURVE('',#1866,#1858,#1868,.T.);
#1866 = VERTEX_POINT('',#1867);
#1867 = CARTESIAN_POINT('',(5.884859657815,0.,0.64564731583));
#1868 = LINE('',#1869,#1870);
#1869 = CARTESIAN_POINT('',(5.521244075678,0.,0.212307139494));
#1870 = VECTOR('',#1871,1.);
#1871 = DIRECTION('',(-0.642787609687,-0.,-0.766044443119));
#1872 = ORIENTED_EDGE('',*,*,#1873,.F.);
#1873 = EDGE_CURVE('',#1874,#1866,#1876,.T.);
#1874 = VERTEX_POINT('',#1875);
#1875 = CARTESIAN_POINT('',(5.625015409399,0.,3.615680665797));
#1876 = LINE('',#1877,#1878);
#1877 = CARTESIAN_POINT('',(5.884859657815,0.,0.64564731583));
#1878 = VECTOR('',#1879,1.);
#1879 = DIRECTION('',(8.715574274765E-02,0.,-0.996194698092));
#1880 = ORIENTED_EDGE('',*,*,#1881,.F.);
#1881 = EDGE_CURVE('',#1842,#1874,#1882,.T.);
#1882 = LINE('',#1883,#1884);
#1883 = CARTESIAN_POINT('',(5.625015409399,0.,3.615680665797));
#1884 = VECTOR('',#1885,1.);
#1885 = DIRECTION('',(0.73727733681,0.,-0.675590207616));
#1886 = FACE_BOUND('',#1887,.T.);
#1887 = EDGE_LOOP('',(#1888,#1898,#1906,#1914,#1922,#1930));
#1888 = ORIENTED_EDGE('',*,*,#1889,.F.);
#1889 = EDGE_CURVE('',#1890,#1892,#1894,.T.);
#1890 = VERTEX_POINT('',#1891);
#1891 = CARTESIAN_POINT('',(9.597293847297,0.,-0.150832074007));
#1892 = VERTEX_POINT('',#1893);
#1893 = CARTESIAN_POINT('',(9.999336566986,0.,-0.488185971816));
#1894 = LINE('',#1895,#1896);
#1895 = CARTESIAN_POINT('',(9.597293847297,0.,-0.150832074007));
#1896 = VECTOR('',#1897,1.);
#1897 = DIRECTION('',(0.766044443119,0.,-0.642787609687));
#1898 = ORIENTED_EDGE('',*,*,#1899,.F.);
#1899 = EDGE_CURVE('',#1900,#1890,#1902,.T.);
#1900 = VERTEX_POINT('',#1901);
#1901 = CARTESIAN_POINT('',(9.20741658083,0.,-0.615469706989));
#1902 = LINE('',#1903,#1904);
#1903 = CARTESIAN_POINT('',(9.597293847297,0.,-0.150832074007));
#1904 = VECTOR('',#1905,1.);
#1905 = DIRECTION('',(0.642787609687,0.,0.766044443119));
#1906 = ORIENTED_EDGE('',*,*,#1907,.F.);
#1907 = EDGE_CURVE('',#1908,#1900,#1910,.T.);
#1908 = VERTEX_POINT('',#1909);
#1909 = CARTESIAN_POINT('',(9.476986224129,0.,-3.696664829124));
#1910 = LINE('',#1911,#1912);
#1911 = CARTESIAN_POINT('',(9.20741658083,0.,-0.615469706989));
#1912 = VECTOR('',#1913,1.);
#1913 = DIRECTION('',(-8.715574274765E-02,0.,0.996194698092));
#1914 = ORIENTED_EDGE('',*,*,#1915,.F.);
#1915 = EDGE_CURVE('',#1916,#1908,#1918,.T.);
#1916 = VERTEX_POINT('',#1917);
#1917 = CARTESIAN_POINT('',(10.251982586469,0.,-4.346963990928));
#1918 = LINE('',#1919,#1920);
#1919 = CARTESIAN_POINT('',(10.251982586469,0.,-4.346963990928));
#1920 = VECTOR('',#1921,1.);
#1921 = DIRECTION('',(-0.766044443119,0.,0.642787609687));
#1922 = ORIENTED_EDGE('',*,*,#1923,.F.);
#1923 = EDGE_CURVE('',#1924,#1916,#1926,.T.);
#1924 = VERTEX_POINT('',#1925);
#1925 = CARTESIAN_POINT('',(10.328914588941,0.,-4.255280000596));
#1926 = LINE('',#1927,#1928);
#1927 = CARTESIAN_POINT('',(10.251982586469,0.,-4.346963990928));
#1928 = VECTOR('',#1929,1.);
#1929 = DIRECTION('',(-0.642787609687,-0.,-0.766044443119));
#1930 = ORIENTED_EDGE('',*,*,#1931,.F.);
#1931 = EDGE_CURVE('',#1892,#1924,#1932,.T.);
#1932 = LINE('',#1933,#1934);
#1933 = CARTESIAN_POINT('',(9.999336566986,0.,-0.488185971816));
#1934 = VECTOR('',#1935,1.);
#1935 = DIRECTION('',(8.715574274765E-02,0.,-0.996194698092));
#1936 = FACE_BOUND('',#1937,.T.);
#1937 = EDGE_LOOP('',(#1938,#1948,#1956,#1964,#1972,#1980));
#1938 = ORIENTED_EDGE('',*,*,#1939,.F.);
#1939 = EDGE_CURVE('',#1940,#1942,#1944,.T.);
#1940 = VERTEX_POINT('',#1941);
#1941 = CARTESIAN_POINT('',(9.618563170703,0.,0.24872482716));
#1942 = VERTEX_POINT('',#1943);
#1943 = CARTESIAN_POINT('',(9.093244841652,0.,0.689519243317));
#1944 = LINE('',#1945,#1946);
#1945 = CARTESIAN_POINT('',(9.093244841652,0.,0.689519243317));
#1946 = VECTOR('',#1947,1.);
#1947 = DIRECTION('',(-0.766044443119,0.,0.642787609687));
#1948 = ORIENTED_EDGE('',*,*,#1949,.F.);
#1949 = EDGE_CURVE('',#1950,#1940,#1952,.T.);
#1950 = VERTEX_POINT('',#1951);
#1951 = CARTESIAN_POINT('',(9.904999918821,0.,0.590086850781));
#1952 = LINE('',#1953,#1954);
#1953 = CARTESIAN_POINT('',(9.618563170703,0.,0.24872482716));
#1954 = VECTOR('',#1955,1.);
#1955 = DIRECTION('',(-0.642787609687,-0.,-0.766044443119));
#1956 = ORIENTED_EDGE('',*,*,#1957,.F.);
#1957 = EDGE_CURVE('',#1958,#1950,#1960,.T.);
#1958 = VERTEX_POINT('',#1959);
#1959 = CARTESIAN_POINT('',(9.585109890169,0.,4.246446609407));
#1960 = LINE('',#1961,#1962);
#1961 = CARTESIAN_POINT('',(9.585109890169,0.,4.246446609407));
#1962 = VECTOR('',#1963,1.);
#1963 = DIRECTION('',(8.715574274765E-02,0.,-0.996194698092));
#1964 = ORIENTED_EDGE('',*,*,#1965,.F.);
#1965 = EDGE_CURVE('',#1966,#1958,#1968,.T.);
#1966 = VERTEX_POINT('',#1967);
#1967 = CARTESIAN_POINT('',(9.488382770917,0.,4.343173728658));
#1968 = LINE('',#1969,#1970);
#1969 = CARTESIAN_POINT('',(9.488382770917,0.,4.343173728658));
#1970 = VECTOR('',#1971,1.);
#1971 = DIRECTION('',(0.707106781187,0.,-0.707106781187));
#1972 = ORIENTED_EDGE('',*,*,#1973,.F.);
#1973 = EDGE_CURVE('',#1974,#1966,#1976,.T.);
#1974 = VERTEX_POINT('',#1975);
#1975 = CARTESIAN_POINT('',(8.835889658416,0.,3.631102448096));
#1976 = LINE('',#1977,#1978);
#1977 = CARTESIAN_POINT('',(8.835889658416,0.,3.631102448096));
#1978 = VECTOR('',#1979,1.);
#1979 = DIRECTION('',(0.675590207616,0.,0.73727733681));
#1980 = ORIENTED_EDGE('',*,*,#1981,.F.);
#1981 = EDGE_CURVE('',#1942,#1974,#1982,.T.);
#1982 = LINE('',#1983,#1984);
#1983 = CARTESIAN_POINT('',(8.835889658416,0.,3.631102448096));
#1984 = VECTOR('',#1985,1.);
#1985 = DIRECTION('',(-8.715574274765E-02,0.,0.996194698092));
#1986 = FACE_BOUND('',#1987,.T.);
#1987 = EDGE_LOOP('',(#1988,#1998,#2006,#2014,#2022,#2030));
#1988 = ORIENTED_EDGE('',*,*,#1989,.F.);
#1989 = EDGE_CURVE('',#1990,#1992,#1994,.T.);
#1990 = VERTEX_POINT('',#1991);
#1991 = CARTESIAN_POINT('',(5.545895442364,0.,-6.945927106677E-02));
#1992 = VERTEX_POINT('',#1993);
#1993 = CARTESIAN_POINT('',(5.939818543569,0.,0.4));
#1994 = LINE('',#1995,#1996);
#1995 = CARTESIAN_POINT('',(5.545895442364,0.,-6.945927106677E-02));
#1996 = VECTOR('',#1997,1.);
#1997 = DIRECTION('',(0.642787609687,0.,0.766044443119));
#1998 = ORIENTED_EDGE('',*,*,#1999,.F.);
#1999 = EDGE_CURVE('',#2000,#1990,#2002,.T.);
#2000 = VERTEX_POINT('',#2001);
#2001 = CARTESIAN_POINT('',(5.939818543569,0.,-0.4));
#2002 = LINE('',#2003,#2004);
#2003 = CARTESIAN_POINT('',(5.939818543569,0.,-0.4));
#2004 = VECTOR('',#2005,1.);
#2005 = DIRECTION('',(-0.766044443119,0.,0.642787609687));
#2006 = ORIENTED_EDGE('',*,*,#2007,.F.);
#2007 = EDGE_CURVE('',#2008,#2000,#2010,.T.);
#2008 = VERTEX_POINT('',#2009);
#2009 = CARTESIAN_POINT('',(9.127135674628,0.,-0.4));
#2010 = LINE('',#2011,#2012);
#2011 = CARTESIAN_POINT('',(5.939818543569,0.,-0.4));
#2012 = VECTOR('',#2013,1.);
#2013 = DIRECTION('',(-1.,-0.,-2.551210299849E-16));
#2014 = ORIENTED_EDGE('',*,*,#2015,.F.);
#2015 = EDGE_CURVE('',#2016,#2008,#2018,.T.);
#2016 = VERTEX_POINT('',#2017);
#2017 = CARTESIAN_POINT('',(9.521058775833,0.,6.945927106677E-02));
#2018 = LINE('',#2019,#2020);
#2019 = CARTESIAN_POINT('',(9.127135674628,0.,-0.4));
#2020 = VECTOR('',#2021,1.);
#2021 = DIRECTION('',(-0.642787609687,-0.,-0.766044443119));
#2022 = ORIENTED_EDGE('',*,*,#2023,.F.);
#2023 = EDGE_CURVE('',#2024,#2016,#2026,.T.);
#2024 = VERTEX_POINT('',#2025);
#2025 = CARTESIAN_POINT('',(9.127135674628,0.,0.4));
#2026 = LINE('',#2027,#2028);
#2027 = CARTESIAN_POINT('',(9.521058775833,0.,6.945927106677E-02));
#2028 = VECTOR('',#2029,1.);
#2029 = DIRECTION('',(0.766044443119,0.,-0.642787609687));
#2030 = ORIENTED_EDGE('',*,*,#2031,.F.);
#2031 = EDGE_CURVE('',#1992,#2024,#2032,.T.);
#2032 = LINE('',#2033,#2034);
#2033 = CARTESIAN_POINT('',(5.939818543569,0.,0.4));
#2034 = VECTOR('',#2035,1.);
#2035 = DIRECTION('',(1.,0.,2.551210299849E-16));
#2036 = FACE_BOUND('',#2037,.T.);
#2037 = EDGE_LOOP('',(#2038,#2048,#2056,#2064,#2072,#2080));
#2038 = ORIENTED_EDGE('',*,*,#2039,.F.);
#2039 = EDGE_CURVE('',#2040,#2042,#2044,.T.);
#2040 = VERTEX_POINT('',#2041);
#2041 = CARTESIAN_POINT('',(6.003886985387,0.,-0.714841263766));
#2042 = VERTEX_POINT('',#2043);
#2043 = CARTESIAN_POINT('',(6.255516888445,0.,-3.590984216664));
#2044 = LINE('',#2045,#2046);
#2045 = CARTESIAN_POINT('',(6.255516888445,0.,-3.590984216664));
#2046 = VECTOR('',#2047,1.);
#2047 = DIRECTION('',(8.715574274765E-02,0.,-0.996194698092));
#2048 = ORIENTED_EDGE('',*,*,#2049,.F.);
#2049 = EDGE_CURVE('',#2050,#2040,#2052,.T.);
#2050 = VERTEX_POINT('',#2051);
#2051 = CARTESIAN_POINT('',(5.517146828029,0.,-0.306417777248));
#2052 = LINE('',#2053,#2054);
#2053 = CARTESIAN_POINT('',(6.003886985387,0.,-0.714841263766));
#2054 = VECTOR('',#2055,1.);
#2055 = DIRECTION('',(0.766044443119,0.,-0.642787609687));
#2056 = ORIENTED_EDGE('',*,*,#2057,.F.);
#2057 = EDGE_CURVE('',#2058,#2050,#2060,.T.);
#2058 = VERTEX_POINT('',#2059);
#2059 = CARTESIAN_POINT('',(5.198339150272,0.,-0.686357972562));
#2060 = LINE('',#2061,#2062);
#2061 = CARTESIAN_POINT('',(5.517146828029,0.,-0.306417777248));
#2062 = VECTOR('',#2063,1.);
#2063 = DIRECTION('',(0.642787609687,0.,0.766044443119));
#2064 = ORIENTED_EDGE('',*,*,#2065,.F.);
#2065 = EDGE_CURVE('',#2066,#2058,#2068,.T.);
#2066 = VERTEX_POINT('',#2067);
#2067 = CARTESIAN_POINT('',(5.515431977765,0.,-4.310745575641));
#2068 = LINE('',#2069,#2070);
#2069 = CARTESIAN_POINT('',(5.515431977765,0.,-4.310745575641));
#2070 = VECTOR('',#2071,1.);
#2071 = DIRECTION('',(-8.715574274765E-02,0.,0.996194698092));
#2072 = ORIENTED_EDGE('',*,*,#2073,.F.);
#2073 = EDGE_CURVE('',#2074,#2066,#2076,.T.);
#2074 = VERTEX_POINT('',#2075);
#2075 = CARTESIAN_POINT('',(5.595318347814,0.,-4.377778199286));
#2076 = LINE('',#2077,#2078);
#2077 = CARTESIAN_POINT('',(5.515431977765,0.,-4.310745575641));
#2078 = VECTOR('',#2079,1.);
#2079 = DIRECTION('',(-0.766044443119,0.,0.642787609687));
#2080 = ORIENTED_EDGE('',*,*,#2081,.F.);
#2081 = EDGE_CURVE('',#2042,#2074,#2082,.T.);
#2082 = LINE('',#2083,#2084);
#2083 = CARTESIAN_POINT('',(5.595318347814,0.,-4.377778199286));
#2084 = VECTOR('',#2085,1.);
#2085 = DIRECTION('',(-0.642787609687,-0.,-0.766044443119));
#2086 = FACE_BOUND('',#2087,.T.);
#2087 = EDGE_LOOP('',(#2088,#2099));
#2088 = ORIENTED_EDGE('',*,*,#2089,.F.);
#2089 = EDGE_CURVE('',#2090,#2092,#2094,.T.);
#2090 = VERTEX_POINT('',#2091);
#2091 = CARTESIAN_POINT('',(2.828914588941,0.,5.55));
#2092 = VERTEX_POINT('',#2093);
#2093 = CARTESIAN_POINT('',(2.828914588941,0.,4.65));
#2094 = CIRCLE('',#2095,0.45);
#2095 = AXIS2_PLACEMENT_3D('',#2096,#2097,#2098);
#2096 = CARTESIAN_POINT('',(2.828914588941,0.,5.1));
#2097 = DIRECTION('',(0.,1.,0.));
#2098 = DIRECTION('',(0.,0.,1.));
#2099 = ORIENTED_EDGE('',*,*,#2100,.F.);
#2100 = EDGE_CURVE('',#2092,#2090,#2101,.T.);
#2101 = CIRCLE('',#2102,0.45);
#2102 = AXIS2_PLACEMENT_3D('',#2103,#2104,#2105);
#2103 = CARTESIAN_POINT('',(2.828914588941,0.,5.1));
#2104 = DIRECTION('',(0.,1.,0.));
#2105 = DIRECTION('',(0.,0.,1.));
#2106 = FACE_BOUND('',#2107,.T.);
#2107 = EDGE_LOOP('',(#2108,#2118,#2126,#2134,#2142,#2150));
#2108 = ORIENTED_EDGE('',*,*,#2109,.F.);
#2109 = EDGE_CURVE('',#2110,#2112,#2114,.T.);
#2110 = VERTEX_POINT('',#2111);
#2111 = CARTESIAN_POINT('',(1.151570324213,0.,3.8));
#2112 = VERTEX_POINT('',#2113);
#2113 = CARTESIAN_POINT('',(-1.706087038697,0.,3.8));
#2114 = LINE('',#2115,#2116);
#2115 = CARTESIAN_POINT('',(-1.706087038697,0.,3.8));
#2116 = VECTOR('',#2117,1.);
#2117 = DIRECTION('',(-1.,-0.,-6.738187311489E-14));
#2118 = ORIENTED_EDGE('',*,*,#2119,.F.);
#2119 = EDGE_CURVE('',#2120,#2110,#2122,.T.);
#2120 = VERTEX_POINT('',#2121);
#2121 = CARTESIAN_POINT('',(1.811437663086,0.,4.52011883649));
#2122 = LINE('',#2123,#2124);
#2123 = CARTESIAN_POINT('',(1.151570324213,0.,3.8));
#2124 = VECTOR('',#2125,1.);
#2125 = DIRECTION('',(-0.675590207616,-0.,-0.73727733681));
#2126 = ORIENTED_EDGE('',*,*,#2127,.F.);
#2127 = EDGE_CURVE('',#2128,#2120,#2130,.T.);
#2128 = VERTEX_POINT('',#2129);
#2129 = CARTESIAN_POINT('',(1.731556499575,0.,4.6));
#2130 = LINE('',#2131,#2132);
#2131 = CARTESIAN_POINT('',(1.731556499575,0.,4.6));
#2132 = VECTOR('',#2133,1.);
#2133 = DIRECTION('',(0.707106781187,0.,-0.707106781187));
#2134 = ORIENTED_EDGE('',*,*,#2135,.F.);
#2135 = EDGE_CURVE('',#2136,#2128,#2138,.T.);
#2136 = VERTEX_POINT('',#2137);
#2137 = CARTESIAN_POINT('',(-2.418120469868,0.,4.6));
#2138 = LINE('',#2139,#2140);
#2139 = CARTESIAN_POINT('',(-2.418120469868,0.,4.6));
#2140 = VECTOR('',#2141,1.);
#2141 = DIRECTION('',(1.,0.,-2.090190982034E-16));
#2142 = ORIENTED_EDGE('',*,*,#2143,.F.);
#2143 = EDGE_CURVE('',#2144,#2136,#2146,.T.);
#2144 = VERTEX_POINT('',#2145);
#2145 = CARTESIAN_POINT('',(-2.49511215694,0.,4.523008312929));
#2146 = LINE('',#2147,#2148);
#2147 = CARTESIAN_POINT('',(-2.49511215694,0.,4.523008312929));
#2148 = VECTOR('',#2149,1.);
#2149 = DIRECTION('',(0.707106781187,0.,0.707106781187));
#2150 = ORIENTED_EDGE('',*,*,#2151,.F.);
#2151 = EDGE_CURVE('',#2112,#2144,#2152,.T.);
#2152 = LINE('',#2153,#2154);
#2153 = CARTESIAN_POINT('',(-1.706087038697,0.,3.8));
#2154 = VECTOR('',#2155,1.);
#2155 = DIRECTION('',(-0.73727733681,0.,0.675590207616));
#2156 = FACE_BOUND('',#2157,.T.);
#2157 = EDGE_LOOP('',(#2158,#2168,#2176,#2184,#2192,#2200));
#2158 = ORIENTED_EDGE('',*,*,#2159,.F.);
#2159 = EDGE_CURVE('',#2160,#2162,#2164,.T.);
#2160 = VERTEX_POINT('',#2161);
#2161 = CARTESIAN_POINT('',(2.591285684047,0.,-4.538475101707));
#2162 = VERTEX_POINT('',#2163);
#2163 = CARTESIAN_POINT('',(2.539660164582,0.,-4.6));
#2164 = LINE('',#2165,#2166);
#2165 = CARTESIAN_POINT('',(2.539660164582,0.,-4.6));
#2166 = VECTOR('',#2167,1.);
#2167 = DIRECTION('',(-0.642787609687,-0.,-0.766044443119));
#2168 = ORIENTED_EDGE('',*,*,#2169,.F.);
#2169 = EDGE_CURVE('',#2170,#2160,#2172,.T.);
#2170 = VERTEX_POINT('',#2171);
#2171 = CARTESIAN_POINT('',(1.79792784995,0.,-3.872768835725));
#2172 = LINE('',#2173,#2174);
#2173 = CARTESIAN_POINT('',(2.591285684047,0.,-4.538475101707));
#2174 = VECTOR('',#2175,1.);
#2175 = DIRECTION('',(0.766044443119,0.,-0.642787609687));
#2176 = ORIENTED_EDGE('',*,*,#2177,.F.);
#2177 = EDGE_CURVE('',#2178,#2170,#2180,.T.);
#2178 = VERTEX_POINT('',#2179);
#2179 = CARTESIAN_POINT('',(-1.154576659147,0.,-3.872768835725));
#2180 = LINE('',#2181,#2182);
#2181 = CARTESIAN_POINT('',(1.79792784995,0.,-3.872768835725));
#2182 = VECTOR('',#2183,1.);
#2183 = DIRECTION('',(1.,0.,6.756744964238E-15));
#2184 = ORIENTED_EDGE('',*,*,#2185,.F.);
#2185 = EDGE_CURVE('',#2186,#2178,#2188,.T.);
#2186 = VERTEX_POINT('',#2187);
#2187 = CARTESIAN_POINT('',(-1.713170541406,0.,-4.538475101707));
#2188 = LINE('',#2189,#2190);
#2189 = CARTESIAN_POINT('',(-1.713170541406,0.,-4.538475101707));
#2190 = VECTOR('',#2191,1.);
#2191 = DIRECTION('',(0.642787609687,0.,0.766044443119));
#2192 = ORIENTED_EDGE('',*,*,#2193,.F.);
#2193 = EDGE_CURVE('',#2194,#2186,#2196,.T.);
#2194 = VERTEX_POINT('',#2195);
#2195 = CARTESIAN_POINT('',(-1.639848022832,0.,-4.6));
#2196 = LINE('',#2197,#2198);
#2197 = CARTESIAN_POINT('',(-1.713170541406,0.,-4.538475101707));
#2198 = VECTOR('',#2199,1.);
#2199 = DIRECTION('',(-0.766044443119,0.,0.642787609687));
#2200 = ORIENTED_EDGE('',*,*,#2201,.F.);
#2201 = EDGE_CURVE('',#2162,#2194,#2202,.T.);
#2202 = LINE('',#2203,#2204);
#2203 = CARTESIAN_POINT('',(2.539660164582,0.,-4.6));
#2204 = VECTOR('',#2205,1.);
#2205 = DIRECTION('',(-1.,0.,2.075272254761E-16));
#2206 = FACE_BOUND('',#2207,.T.);
#2207 = EDGE_LOOP('',(#2208,#2218,#2226,#2234,#2242,#2250));
#2208 = ORIENTED_EDGE('',*,*,#2209,.F.);
#2209 = EDGE_CURVE('',#2210,#2212,#2214,.T.);
#2210 = VERTEX_POINT('',#2211);
#2211 = CARTESIAN_POINT('',(-2.736318521402,0.,4.281801948466));
#2212 = VERTEX_POINT('',#2213);
#2213 = CARTESIAN_POINT('',(-2.672057264771,0.,4.346063205097));
#2214 = LINE('',#2215,#2216);
#2215 = CARTESIAN_POINT('',(-2.736318521402,0.,4.281801948466));
#2216 = VECTOR('',#2217,1.);
#2217 = DIRECTION('',(0.707106781187,0.,0.707106781187));
#2218 = ORIENTED_EDGE('',*,*,#2219,.F.);
#2219 = EDGE_CURVE('',#2220,#2210,#2222,.T.);
#2220 = VERTEX_POINT('',#2221);
#2221 = CARTESIAN_POINT('',(-2.412096100658,0.,0.575922721632));
#2222 = LINE('',#2223,#2224);
#2223 = CARTESIAN_POINT('',(-2.412096100658,0.,0.575922721632));
#2224 = VECTOR('',#2225,1.);
#2225 = DIRECTION('',(-8.715574274765E-02,0.,0.996194698092));
#2226 = ORIENTED_EDGE('',*,*,#2227,.F.);
#2227 = EDGE_CURVE('',#2228,#2220,#2230,.T.);
#2228 = VERTEX_POINT('',#2229);
#2229 = CARTESIAN_POINT('',(-1.978755924322,0.,0.212307139494));
#2230 = LINE('',#2231,#2232);
#2231 = CARTESIAN_POINT('',(-1.978755924322,0.,0.212307139494));
#2232 = VECTOR('',#2233,1.);
#2233 = DIRECTION('',(-0.766044443119,0.,0.642787609687));
#2234 = ORIENTED_EDGE('',*,*,#2235,.F.);
#2235 = EDGE_CURVE('',#2236,#2228,#2238,.T.);
#2236 = VERTEX_POINT('',#2237);
#2237 = CARTESIAN_POINT('',(-1.615140342185,0.,0.64564731583));
#2238 = LINE('',#2239,#2240);
#2239 = CARTESIAN_POINT('',(-1.978755924322,0.,0.212307139494));
#2240 = VECTOR('',#2241,1.);
#2241 = DIRECTION('',(-0.642787609687,-0.,-0.766044443119));
#2242 = ORIENTED_EDGE('',*,*,#2243,.F.);
#2243 = EDGE_CURVE('',#2244,#2236,#2246,.T.);
#2244 = VERTEX_POINT('',#2245);
#2245 = CARTESIAN_POINT('',(-1.874984590601,0.,3.615680665797));
#2246 = LINE('',#2247,#2248);
#2247 = CARTESIAN_POINT('',(-1.615140342185,0.,0.64564731583));
#2248 = VECTOR('',#2249,1.);
#2249 = DIRECTION('',(8.715574274765E-02,0.,-0.996194698092));
#2250 = ORIENTED_EDGE('',*,*,#2251,.F.);
#2251 = EDGE_CURVE('',#2212,#2244,#2252,.T.);
#2252 = LINE('',#2253,#2254);
#2253 = CARTESIAN_POINT('',(-1.874984590601,0.,3.615680665797));
#2254 = VECTOR('',#2255,1.);
#2255 = DIRECTION('',(0.73727733681,0.,-0.675590207616));
#2256 = FACE_BOUND('',#2257,.T.);
#2257 = EDGE_LOOP('',(#2258,#2268,#2276,#2284,#2292,#2300));
#2258 = ORIENTED_EDGE('',*,*,#2259,.F.);
#2259 = EDGE_CURVE('',#2260,#2262,#2264,.T.);
#2260 = VERTEX_POINT('',#2261);
#2261 = CARTESIAN_POINT('',(2.097293847297,0.,-0.150832074007));
#2262 = VERTEX_POINT('',#2263);
#2263 = CARTESIAN_POINT('',(2.499336566986,0.,-0.488185971816));
#2264 = LINE('',#2265,#2266);
#2265 = CARTESIAN_POINT('',(2.097293847297,0.,-0.150832074007));
#2266 = VECTOR('',#2267,1.);
#2267 = DIRECTION('',(0.766044443119,0.,-0.642787609687));
#2268 = ORIENTED_EDGE('',*,*,#2269,.F.);
#2269 = EDGE_CURVE('',#2270,#2260,#2272,.T.);
#2270 = VERTEX_POINT('',#2271);
#2271 = CARTESIAN_POINT('',(1.70741658083,0.,-0.615469706989));
#2272 = LINE('',#2273,#2274);
#2273 = CARTESIAN_POINT('',(2.097293847297,0.,-0.150832074007));
#2274 = VECTOR('',#2275,1.);
#2275 = DIRECTION('',(0.642787609687,0.,0.766044443119));
#2276 = ORIENTED_EDGE('',*,*,#2277,.F.);
#2277 = EDGE_CURVE('',#2278,#2270,#2280,.T.);
#2278 = VERTEX_POINT('',#2279);
#2279 = CARTESIAN_POINT('',(1.976986224129,0.,-3.696664829124));
#2280 = LINE('',#2281,#2282);
#2281 = CARTESIAN_POINT('',(1.70741658083,0.,-0.615469706989));
#2282 = VECTOR('',#2283,1.);
#2283 = DIRECTION('',(-8.715574274765E-02,0.,0.996194698092));
#2284 = ORIENTED_EDGE('',*,*,#2285,.F.);
#2285 = EDGE_CURVE('',#2286,#2278,#2288,.T.);
#2286 = VERTEX_POINT('',#2287);
#2287 = CARTESIAN_POINT('',(2.751982586469,0.,-4.346963990928));
#2288 = LINE('',#2289,#2290);
#2289 = CARTESIAN_POINT('',(2.751982586469,0.,-4.346963990928));
#2290 = VECTOR('',#2291,1.);
#2291 = DIRECTION('',(-0.766044443119,0.,0.642787609687));
#2292 = ORIENTED_EDGE('',*,*,#2293,.F.);
#2293 = EDGE_CURVE('',#2294,#2286,#2296,.T.);
#2294 = VERTEX_POINT('',#2295);
#2295 = CARTESIAN_POINT('',(2.828914588941,0.,-4.255280000596));
#2296 = LINE('',#2297,#2298);
#2297 = CARTESIAN_POINT('',(2.751982586469,0.,-4.346963990928));
#2298 = VECTOR('',#2299,1.);
#2299 = DIRECTION('',(-0.642787609687,-0.,-0.766044443119));
#2300 = ORIENTED_EDGE('',*,*,#2301,.F.);
#2301 = EDGE_CURVE('',#2262,#2294,#2302,.T.);
#2302 = LINE('',#2303,#2304);
#2303 = CARTESIAN_POINT('',(2.499336566986,0.,-0.488185971816));
#2304 = VECTOR('',#2305,1.);
#2305 = DIRECTION('',(8.715574274765E-02,0.,-0.996194698092));
#2306 = FACE_BOUND('',#2307,.T.);
#2307 = EDGE_LOOP('',(#2308,#2318,#2326,#2334,#2342,#2350));
#2308 = ORIENTED_EDGE('',*,*,#2309,.F.);
#2309 = EDGE_CURVE('',#2310,#2312,#2314,.T.);
#2310 = VERTEX_POINT('',#2311);
#2311 = CARTESIAN_POINT('',(2.118563170703,0.,0.24872482716));
#2312 = VERTEX_POINT('',#2313);
#2313 = CARTESIAN_POINT('',(1.593244841652,0.,0.689519243317));
#2314 = LINE('',#2315,#2316);
#2315 = CARTESIAN_POINT('',(1.593244841652,0.,0.689519243317));
#2316 = VECTOR('',#2317,1.);
#2317 = DIRECTION('',(-0.766044443119,0.,0.642787609687));
#2318 = ORIENTED_EDGE('',*,*,#2319,.F.);
#2319 = EDGE_CURVE('',#2320,#2310,#2322,.T.);
#2320 = VERTEX_POINT('',#2321);
#2321 = CARTESIAN_POINT('',(2.404999918821,0.,0.590086850781));
#2322 = LINE('',#2323,#2324);
#2323 = CARTESIAN_POINT('',(2.118563170703,0.,0.24872482716));
#2324 = VECTOR('',#2325,1.);
#2325 = DIRECTION('',(-0.642787609687,-0.,-0.766044443119));
#2326 = ORIENTED_EDGE('',*,*,#2327,.F.);
#2327 = EDGE_CURVE('',#2328,#2320,#2330,.T.);
#2328 = VERTEX_POINT('',#2329);
#2329 = CARTESIAN_POINT('',(2.085109890169,0.,4.246446609407));
#2330 = LINE('',#2331,#2332);
#2331 = CARTESIAN_POINT('',(2.085109890169,0.,4.246446609407));
#2332 = VECTOR('',#2333,1.);
#2333 = DIRECTION('',(8.715574274765E-02,0.,-0.996194698092));
#2334 = ORIENTED_EDGE('',*,*,#2335,.F.);
#2335 = EDGE_CURVE('',#2336,#2328,#2338,.T.);
#2336 = VERTEX_POINT('',#2337);
#2337 = CARTESIAN_POINT('',(1.988382770917,0.,4.343173728658));
#2338 = LINE('',#2339,#2340);
#2339 = CARTESIAN_POINT('',(1.988382770917,0.,4.343173728658));
#2340 = VECTOR('',#2341,1.);
#2341 = DIRECTION('',(0.707106781187,0.,-0.707106781187));
#2342 = ORIENTED_EDGE('',*,*,#2343,.F.);
#2343 = EDGE_CURVE('',#2344,#2336,#2346,.T.);
#2344 = VERTEX_POINT('',#2345);
#2345 = CARTESIAN_POINT('',(1.335889658416,0.,3.631102448096));
#2346 = LINE('',#2347,#2348);
#2347 = CARTESIAN_POINT('',(1.335889658416,0.,3.631102448096));
#2348 = VECTOR('',#2349,1.);
#2349 = DIRECTION('',(0.675590207616,0.,0.73727733681));
#2350 = ORIENTED_EDGE('',*,*,#2351,.F.);
#2351 = EDGE_CURVE('',#2312,#2344,#2352,.T.);
#2352 = LINE('',#2353,#2354);
#2353 = CARTESIAN_POINT('',(1.335889658416,0.,3.631102448096));
#2354 = VECTOR('',#2355,1.);
#2355 = DIRECTION('',(-8.715574274765E-02,0.,0.996194698092));
#2356 = FACE_BOUND('',#2357,.T.);
#2357 = EDGE_LOOP('',(#2358,#2368,#2376,#2384,#2392,#2400));
#2358 = ORIENTED_EDGE('',*,*,#2359,.F.);
#2359 = EDGE_CURVE('',#2360,#2362,#2364,.T.);
#2360 = VERTEX_POINT('',#2361);
#2361 = CARTESIAN_POINT('',(-1.954104557636,0.,-6.945927106677E-02));
#2362 = VERTEX_POINT('',#2363);
#2363 = CARTESIAN_POINT('',(-1.560181456431,0.,0.4));
#2364 = LINE('',#2365,#2366);
#2365 = CARTESIAN_POINT('',(-1.954104557636,0.,-6.945927106677E-02));
#2366 = VECTOR('',#2367,1.);
#2367 = DIRECTION('',(0.642787609687,0.,0.766044443119));
#2368 = ORIENTED_EDGE('',*,*,#2369,.F.);
#2369 = EDGE_CURVE('',#2370,#2360,#2372,.T.);
#2370 = VERTEX_POINT('',#2371);
#2371 = CARTESIAN_POINT('',(-1.560181456431,0.,-0.4));
#2372 = LINE('',#2373,#2374);
#2373 = CARTESIAN_POINT('',(-1.560181456431,0.,-0.4));
#2374 = VECTOR('',#2375,1.);
#2375 = DIRECTION('',(-0.766044443119,0.,0.642787609687));
#2376 = ORIENTED_EDGE('',*,*,#2377,.F.);
#2377 = EDGE_CURVE('',#2378,#2370,#2380,.T.);
#2378 = VERTEX_POINT('',#2379);
#2379 = CARTESIAN_POINT('',(1.627135674628,0.,-0.4));
#2380 = LINE('',#2381,#2382);
#2381 = CARTESIAN_POINT('',(-1.560181456431,0.,-0.4));
#2382 = VECTOR('',#2383,1.);
#2383 = DIRECTION('',(-1.,-0.,-2.551210299849E-16));
#2384 = ORIENTED_EDGE('',*,*,#2385,.F.);
#2385 = EDGE_CURVE('',#2386,#2378,#2388,.T.);
#2386 = VERTEX_POINT('',#2387);
#2387 = CARTESIAN_POINT('',(2.021058775833,0.,6.945927106677E-02));
#2388 = LINE('',#2389,#2390);
#2389 = CARTESIAN_POINT('',(1.627135674628,0.,-0.4));
#2390 = VECTOR('',#2391,1.);
#2391 = DIRECTION('',(-0.642787609687,-0.,-0.766044443119));
#2392 = ORIENTED_EDGE('',*,*,#2393,.F.);
#2393 = EDGE_CURVE('',#2394,#2386,#2396,.T.);
#2394 = VERTEX_POINT('',#2395);
#2395 = CARTESIAN_POINT('',(1.627135674628,0.,0.4));
#2396 = LINE('',#2397,#2398);
#2397 = CARTESIAN_POINT('',(2.021058775833,0.,6.945927106677E-02));
#2398 = VECTOR('',#2399,1.);
#2399 = DIRECTION('',(0.766044443119,0.,-0.642787609687));
#2400 = ORIENTED_EDGE('',*,*,#2401,.F.);
#2401 = EDGE_CURVE('',#2362,#2394,#2402,.T.);
#2402 = LINE('',#2403,#2404);
#2403 = CARTESIAN_POINT('',(-1.560181456431,0.,0.4));
#2404 = VECTOR('',#2405,1.);
#2405 = DIRECTION('',(1.,0.,2.551210299849E-16));
#2406 = FACE_BOUND('',#2407,.T.);
#2407 = EDGE_LOOP('',(#2408,#2418,#2426,#2434,#2442,#2450));
#2408 = ORIENTED_EDGE('',*,*,#2409,.F.);
#2409 = EDGE_CURVE('',#2410,#2412,#2414,.T.);
#2410 = VERTEX_POINT('',#2411);
#2411 = CARTESIAN_POINT('',(-1.496113014613,0.,-0.714841263766));
#2412 = VERTEX_POINT('',#2413);
#2413 = CARTESIAN_POINT('',(-1.244483111555,0.,-3.590984216664));
#2414 = LINE('',#2415,#2416);
#2415 = CARTESIAN_POINT('',(-1.244483111555,0.,-3.590984216664));
#2416 = VECTOR('',#2417,1.);
#2417 = DIRECTION('',(8.715574274765E-02,0.,-0.996194698092));
#2418 = ORIENTED_EDGE('',*,*,#2419,.F.);
#2419 = EDGE_CURVE('',#2420,#2410,#2422,.T.);
#2420 = VERTEX_POINT('',#2421);
#2421 = CARTESIAN_POINT('',(-1.982853171971,0.,-0.306417777248));
#2422 = LINE('',#2423,#2424);
#2423 = CARTESIAN_POINT('',(-1.496113014613,0.,-0.714841263766));
#2424 = VECTOR('',#2425,1.);
#2425 = DIRECTION('',(0.766044443119,0.,-0.642787609687));
#2426 = ORIENTED_EDGE('',*,*,#2427,.F.);
#2427 = EDGE_CURVE('',#2428,#2420,#2430,.T.);
#2428 = VERTEX_POINT('',#2429);
#2429 = CARTESIAN_POINT('',(-2.301660849728,0.,-0.686357972562));
#2430 = LINE('',#2431,#2432);
#2431 = CARTESIAN_POINT('',(-1.982853171971,0.,-0.306417777248));
#2432 = VECTOR('',#2433,1.);
#2433 = DIRECTION('',(0.642787609687,0.,0.766044443119));
#2434 = ORIENTED_EDGE('',*,*,#2435,.F.);
#2435 = EDGE_CURVE('',#2436,#2428,#2438,.T.);
#2436 = VERTEX_POINT('',#2437);
#2437 = CARTESIAN_POINT('',(-1.984568022235,0.,-4.310745575641));
#2438 = LINE('',#2439,#2440);
#2439 = CARTESIAN_POINT('',(-1.984568022235,0.,-4.310745575641));
#2440 = VECTOR('',#2441,1.);
#2441 = DIRECTION('',(-8.715574274765E-02,0.,0.996194698092));
#2442 = ORIENTED_EDGE('',*,*,#2443,.F.);
#2443 = EDGE_CURVE('',#2444,#2436,#2446,.T.);
#2444 = VERTEX_POINT('',#2445);
#2445 = CARTESIAN_POINT('',(-1.904681652186,0.,-4.377778199286));
#2446 = LINE('',#2447,#2448);
#2447 = CARTESIAN_POINT('',(-1.984568022235,0.,-4.310745575641));
#2448 = VECTOR('',#2449,1.);
#2449 = DIRECTION('',(-0.766044443119,0.,0.642787609687));
#2450 = ORIENTED_EDGE('',*,*,#2451,.F.);
#2451 = EDGE_CURVE('',#2412,#2444,#2452,.T.);
#2452 = LINE('',#2453,#2454);
#2453 = CARTESIAN_POINT('',(-1.904681652186,0.,-4.377778199286));
#2454 = VECTOR('',#2455,1.);
#2455 = DIRECTION('',(-0.642787609687,-0.,-0.766044443119));
#2456 = FACE_BOUND('',#2457,.T.);
#2457 = EDGE_LOOP('',(#2458,#2459,#2460,#2461));
#2458 = ORIENTED_EDGE('',*,*,#473,.T.);
#2459 = ORIENTED_EDGE('',*,*,#670,.T.);
#2460 = ORIENTED_EDGE('',*,*,#750,.F.);
#2461 = ORIENTED_EDGE('',*,*,#576,.F.);
#2462 = PLANE('',#2463);
#2463 = AXIS2_PLACEMENT_3D('',#2464,#2465,#2466);
#2464 = CARTESIAN_POINT('',(-11.25,0.,7.));
#2465 = DIRECTION('',(0.,1.,0.));
#2466 = DIRECTION('',(0.,0.,1.));
#2467 = ADVANCED_FACE('',(#2468),#2474,.F.);
#2468 = FACE_BOUND('',#2469,.T.);
#2469 = EDGE_LOOP('',(#2470,#2471,#2472,#2473));
#2470 = ORIENTED_EDGE('',*,*,#695,.T.);
#2471 = ORIENTED_EDGE('',*,*,#623,.F.);
#2472 = ORIENTED_EDGE('',*,*,#551,.T.);
#2473 = ORIENTED_EDGE('',*,*,#743,.T.);
#2474 = PLANE('',#2475);
#2475 = AXIS2_PLACEMENT_3D('',#2476,#2477,#2478);
#2476 = CARTESIAN_POINT('',(-11.25,-7.2,7.));
#2477 = DIRECTION('',(0.,1.,0.));
#2478 = DIRECTION('',(0.,0.,1.));
#2479 = ADVANCED_FACE('',(#2480),#2486,.F.);
#2480 = FACE_BOUND('',#2481,.T.);
#2481 = EDGE_LOOP('',(#2482,#2483,#2484,#2485));
#2482 = ORIENTED_EDGE('',*,*,#654,.F.);
#2483 = ORIENTED_EDGE('',*,*,#717,.F.);
#2484 = ORIENTED_EDGE('',*,*,#779,.T.);
#2485 = ORIENTED_EDGE('',*,*,#757,.T.);
#2486 = PLANE('',#2487);
#2487 = AXIS2_PLACEMENT_3D('',#2488,#2489,#2490);
#2488 = CARTESIAN_POINT('',(-11.25,-7.2,7.));
#2489 = DIRECTION('',(0.,1.,0.));
#2490 = DIRECTION('',(0.,0.,1.));
#2491 = ADVANCED_FACE('',(#2492),#2496,.T.);
#2492 = FACE_BOUND('',#2493,.T.);
#2493 = EDGE_LOOP('',(#2494,#2495));
#2494 = ORIENTED_EDGE('',*,*,#805,.T.);
#2495 = ORIENTED_EDGE('',*,*,#831,.T.);
#2496 = PLANE('',#2497);
#2497 = AXIS2_PLACEMENT_3D('',#2498,#2499,#2500);
#2498 = CARTESIAN_POINT('',(-3.81,-13.3,-5.08));
#2499 = DIRECTION('',(0.,-1.,0.));
#2500 = DIRECTION('',(0.,0.,-1.));
#2501 = ADVANCED_FACE('',(#2502),#2506,.T.);
#2502 = FACE_BOUND('',#2503,.T.);
#2503 = EDGE_LOOP('',(#2504,#2505));
#2504 = ORIENTED_EDGE('',*,*,#855,.T.);
#2505 = ORIENTED_EDGE('',*,*,#881,.T.);
#2506 = PLANE('',#2507);
#2507 = AXIS2_PLACEMENT_3D('',#2508,#2509,#2510);
#2508 = CARTESIAN_POINT('',(-1.27,-13.3,-5.08));
#2509 = DIRECTION('',(0.,-1.,0.));
#2510 = DIRECTION('',(0.,0.,-1.));
#2511 = ADVANCED_FACE('',(#2512),#2516,.T.);
#2512 = FACE_BOUND('',#2513,.T.);
#2513 = EDGE_LOOP('',(#2514,#2515));
#2514 = ORIENTED_EDGE('',*,*,#905,.T.);
#2515 = ORIENTED_EDGE('',*,*,#931,.T.);
#2516 = PLANE('',#2517);
#2517 = AXIS2_PLACEMENT_3D('',#2518,#2519,#2520);
#2518 = CARTESIAN_POINT('',(-6.35,-13.3,5.08));
#2519 = DIRECTION('',(0.,-1.,0.));
#2520 = DIRECTION('',(0.,0.,-1.));
#2521 = ADVANCED_FACE('',(#2522),#2526,.T.);
#2522 = FACE_BOUND('',#2523,.T.);
#2523 = EDGE_LOOP('',(#2524,#2525));
#2524 = ORIENTED_EDGE('',*,*,#955,.T.);
#2525 = ORIENTED_EDGE('',*,*,#981,.T.);
#2526 = PLANE('',#2527);
#2527 = AXIS2_PLACEMENT_3D('',#2528,#2529,#2530);
#2528 = CARTESIAN_POINT('',(-3.81,-13.3,5.08));
#2529 = DIRECTION('',(0.,-1.,0.));
#2530 = DIRECTION('',(0.,0.,-1.));
#2531 = ADVANCED_FACE('',(#2532),#2536,.T.);
#2532 = FACE_BOUND('',#2533,.T.);
#2533 = EDGE_LOOP('',(#2534,#2535));
#2534 = ORIENTED_EDGE('',*,*,#1005,.T.);
#2535 = ORIENTED_EDGE('',*,*,#1031,.T.);
#2536 = PLANE('',#2537);
#2537 = AXIS2_PLACEMENT_3D('',#2538,#2539,#2540);
#2538 = CARTESIAN_POINT('',(-1.27,-13.3,5.08));
#2539 = DIRECTION('',(0.,-1.,0.));
#2540 = DIRECTION('',(0.,0.,-1.));
#2541 = ADVANCED_FACE('',(#2542),#2546,.T.);
#2542 = FACE_BOUND('',#2543,.T.);
#2543 = EDGE_LOOP('',(#2544,#2545));
#2544 = ORIENTED_EDGE('',*,*,#1055,.T.);
#2545 = ORIENTED_EDGE('',*,*,#1081,.T.);
#2546 = PLANE('',#2547);
#2547 = AXIS2_PLACEMENT_3D('',#2548,#2549,#2550);
#2548 = CARTESIAN_POINT('',(1.27,-13.3,-5.08));
#2549 = DIRECTION('',(0.,-1.,0.));
#2550 = DIRECTION('',(0.,0.,-1.));
#2551 = ADVANCED_FACE('',(#2552),#2556,.T.);
#2552 = FACE_BOUND('',#2553,.T.);
#2553 = EDGE_LOOP('',(#2554,#2555));
#2554 = ORIENTED_EDGE('',*,*,#1105,.T.);
#2555 = ORIENTED_EDGE('',*,*,#1131,.T.);
#2556 = PLANE('',#2557);
#2557 = AXIS2_PLACEMENT_3D('',#2558,#2559,#2560);
#2558 = CARTESIAN_POINT('',(3.81,-13.3,-5.08));
#2559 = DIRECTION('',(0.,-1.,0.));
#2560 = DIRECTION('',(0.,0.,-1.));
#2561 = ADVANCED_FACE('',(#2562),#2566,.T.);
#2562 = FACE_BOUND('',#2563,.T.);
#2563 = EDGE_LOOP('',(#2564,#2565));
#2564 = ORIENTED_EDGE('',*,*,#1155,.T.);
#2565 = ORIENTED_EDGE('',*,*,#1181,.T.);
#2566 = PLANE('',#2567);
#2567 = AXIS2_PLACEMENT_3D('',#2568,#2569,#2570);
#2568 = CARTESIAN_POINT('',(6.35,-13.3,-5.08));
#2569 = DIRECTION('',(0.,-1.,0.));
#2570 = DIRECTION('',(0.,0.,-1.));
#2571 = ADVANCED_FACE('',(#2572),#2576,.T.);
#2572 = FACE_BOUND('',#2573,.T.);
#2573 = EDGE_LOOP('',(#2574,#2575));
#2574 = ORIENTED_EDGE('',*,*,#1205,.T.);
#2575 = ORIENTED_EDGE('',*,*,#1231,.T.);
#2576 = PLANE('',#2577);
#2577 = AXIS2_PLACEMENT_3D('',#2578,#2579,#2580);
#2578 = CARTESIAN_POINT('',(1.27,-13.3,5.08));
#2579 = DIRECTION('',(0.,-1.,0.));
#2580 = DIRECTION('',(0.,0.,-1.));
#2581 = ADVANCED_FACE('',(#2582),#2586,.T.);
#2582 = FACE_BOUND('',#2583,.T.);
#2583 = EDGE_LOOP('',(#2584,#2585));
#2584 = ORIENTED_EDGE('',*,*,#1255,.T.);
#2585 = ORIENTED_EDGE('',*,*,#1281,.T.);
#2586 = PLANE('',#2587);
#2587 = AXIS2_PLACEMENT_3D('',#2588,#2589,#2590);
#2588 = CARTESIAN_POINT('',(3.81,-13.3,5.08));
#2589 = DIRECTION('',(0.,-1.,0.));
#2590 = DIRECTION('',(0.,0.,-1.));
#2591 = ADVANCED_FACE('',(#2592),#2596,.T.);
#2592 = FACE_BOUND('',#2593,.T.);
#2593 = EDGE_LOOP('',(#2594,#2595));
#2594 = ORIENTED_EDGE('',*,*,#1310,.T.);
#2595 = ORIENTED_EDGE('',*,*,#1299,.T.);
#2596 = PLANE('',#2597);
#2597 = AXIS2_PLACEMENT_3D('',#2598,#2599,#2600);
#2598 = CARTESIAN_POINT('',(6.2,-6.2,5.3));
#2599 = DIRECTION('',(0.,-1.,2.22044604925E-16));
#2600 = DIRECTION('',(1.,0.,0.));
#2601 = ADVANCED_FACE('',(#2602),#2628,.F.);
#2602 = FACE_BOUND('',#2603,.F.);
#2603 = EDGE_LOOP('',(#2604,#2605,#2613,#2622));
#2604 = ORIENTED_EDGE('',*,*,#1349,.F.);
#2605 = ORIENTED_EDGE('',*,*,#2606,.F.);
#2606 = EDGE_CURVE('',#2607,#1350,#2609,.T.);
#2607 = VERTEX_POINT('',#2608);
#2608 = CARTESIAN_POINT('',(-4.671085411059,-0.1,5.55));
#2609 = LINE('',#2610,#2611);
#2610 = CARTESIAN_POINT('',(-4.671085411059,-0.1,5.55));
#2611 = VECTOR('',#2612,1.);
#2612 = DIRECTION('',(0.,1.,0.));
#2613 = ORIENTED_EDGE('',*,*,#2614,.T.);
#2614 = EDGE_CURVE('',#2607,#2615,#2617,.T.);
#2615 = VERTEX_POINT('',#2616);
#2616 = CARTESIAN_POINT('',(-4.671085411059,-0.1,4.65));
#2617 = CIRCLE('',#2618,0.45);
#2618 = AXIS2_PLACEMENT_3D('',#2619,#2620,#2621);
#2619 = CARTESIAN_POINT('',(-4.671085411059,-0.1,5.1));
#2620 = DIRECTION('',(0.,1.,0.));
#2621 = DIRECTION('',(0.,0.,1.));
#2622 = ORIENTED_EDGE('',*,*,#2623,.T.);
#2623 = EDGE_CURVE('',#2615,#1352,#2624,.T.);
#2624 = LINE('',#2625,#2626);
#2625 = CARTESIAN_POINT('',(-4.671085411059,-0.1,4.65));
#2626 = VECTOR('',#2627,1.);
#2627 = DIRECTION('',(0.,1.,0.));
#2628 = CYLINDRICAL_SURFACE('',#2629,0.45);
#2629 = AXIS2_PLACEMENT_3D('',#2630,#2631,#2632);
#2630 = CARTESIAN_POINT('',(-4.671085411059,-0.1,5.1));
#2631 = DIRECTION('',(0.,1.,0.));
#2632 = DIRECTION('',(0.,0.,1.));
#2633 = ADVANCED_FACE('',(#2634),#2646,.F.);
#2634 = FACE_BOUND('',#2635,.F.);
#2635 = EDGE_LOOP('',(#2636,#2637,#2638,#2639));
#2636 = ORIENTED_EDGE('',*,*,#2606,.T.);
#2637 = ORIENTED_EDGE('',*,*,#1360,.F.);
#2638 = ORIENTED_EDGE('',*,*,#2623,.F.);
#2639 = ORIENTED_EDGE('',*,*,#2640,.T.);
#2640 = EDGE_CURVE('',#2615,#2607,#2641,.T.);
#2641 = CIRCLE('',#2642,0.45);
#2642 = AXIS2_PLACEMENT_3D('',#2643,#2644,#2645);
#2643 = CARTESIAN_POINT('',(-4.671085411059,-0.1,5.1));
#2644 = DIRECTION('',(0.,1.,0.));
#2645 = DIRECTION('',(0.,0.,1.));
#2646 = CYLINDRICAL_SURFACE('',#2647,0.45);
#2647 = AXIS2_PLACEMENT_3D('',#2648,#2649,#2650);
#2648 = CARTESIAN_POINT('',(-4.671085411059,-0.1,5.1));
#2649 = DIRECTION('',(0.,1.,0.));
#2650 = DIRECTION('',(0.,0.,1.));
#2651 = ADVANCED_FACE('',(#2652),#2677,.F.);
#2652 = FACE_BOUND('',#2653,.T.);
#2653 = EDGE_LOOP('',(#2654,#2655,#2663,#2671));
#2654 = ORIENTED_EDGE('',*,*,#1369,.T.);
#2655 = ORIENTED_EDGE('',*,*,#2656,.F.);
#2656 = EDGE_CURVE('',#2657,#1372,#2659,.T.);
#2657 = VERTEX_POINT('',#2658);
#2658 = CARTESIAN_POINT('',(-9.206087038697,-0.1,3.8));
#2659 = LINE('',#2660,#2661);
#2660 = CARTESIAN_POINT('',(-9.206087038697,-0.1,3.8));
#2661 = VECTOR('',#2662,1.);
#2662 = DIRECTION('',(0.,1.,0.));
#2663 = ORIENTED_EDGE('',*,*,#2664,.F.);
#2664 = EDGE_CURVE('',#2665,#2657,#2667,.T.);
#2665 = VERTEX_POINT('',#2666);
#2666 = CARTESIAN_POINT('',(-6.348429675787,-0.1,3.8));
#2667 = LINE('',#2668,#2669);
#2668 = CARTESIAN_POINT('',(-9.206087038697,-0.1,3.8));
#2669 = VECTOR('',#2670,1.);
#2670 = DIRECTION('',(-1.,-0.,-6.738187311489E-14));
#2671 = ORIENTED_EDGE('',*,*,#2672,.T.);
#2672 = EDGE_CURVE('',#2665,#1370,#2673,.T.);
#2673 = LINE('',#2674,#2675);
#2674 = CARTESIAN_POINT('',(-6.348429675787,-0.1,3.8));
#2675 = VECTOR('',#2676,1.);
#2676 = DIRECTION('',(0.,1.,0.));
#2677 = PLANE('',#2678);
#2678 = AXIS2_PLACEMENT_3D('',#2679,#2680,#2681);
#2679 = CARTESIAN_POINT('',(-9.206087038697,-0.1,3.8));
#2680 = DIRECTION('',(6.738187311489E-14,0.,-1.));
#2681 = DIRECTION('',(-1.,0.,-6.738187311489E-14));
#2682 = ADVANCED_FACE('',(#2683),#2701,.F.);
#2683 = FACE_BOUND('',#2684,.T.);
#2684 = EDGE_LOOP('',(#2685,#2686,#2687,#2695));
#2685 = ORIENTED_EDGE('',*,*,#1379,.T.);
#2686 = ORIENTED_EDGE('',*,*,#2672,.F.);
#2687 = ORIENTED_EDGE('',*,*,#2688,.F.);
#2688 = EDGE_CURVE('',#2689,#2665,#2691,.T.);
#2689 = VERTEX_POINT('',#2690);
#2690 = CARTESIAN_POINT('',(-5.688562336914,-0.1,4.52011883649));
#2691 = LINE('',#2692,#2693);
#2692 = CARTESIAN_POINT('',(-6.348429675787,-0.1,3.8));
#2693 = VECTOR('',#2694,1.);
#2694 = DIRECTION('',(-0.675590207616,-0.,-0.73727733681));
#2695 = ORIENTED_EDGE('',*,*,#2696,.T.);
#2696 = EDGE_CURVE('',#2689,#1380,#2697,.T.);
#2697 = LINE('',#2698,#2699);
#2698 = CARTESIAN_POINT('',(-5.688562336914,-0.1,4.52011883649));
#2699 = VECTOR('',#2700,1.);
#2700 = DIRECTION('',(0.,1.,0.));
#2701 = PLANE('',#2702);
#2702 = AXIS2_PLACEMENT_3D('',#2703,#2704,#2705);
#2703 = CARTESIAN_POINT('',(-6.348429675787,-0.1,3.8));
#2704 = DIRECTION('',(0.73727733681,0.,-0.675590207616));
#2705 = DIRECTION('',(-0.675590207616,0.,-0.73727733681));
#2706 = ADVANCED_FACE('',(#2707),#2725,.F.);
#2707 = FACE_BOUND('',#2708,.T.);
#2708 = EDGE_LOOP('',(#2709,#2710,#2711,#2719));
#2709 = ORIENTED_EDGE('',*,*,#1387,.T.);
#2710 = ORIENTED_EDGE('',*,*,#2696,.F.);
#2711 = ORIENTED_EDGE('',*,*,#2712,.F.);
#2712 = EDGE_CURVE('',#2713,#2689,#2715,.T.);
#2713 = VERTEX_POINT('',#2714);
#2714 = CARTESIAN_POINT('',(-5.768443500425,-0.1,4.6));
#2715 = LINE('',#2716,#2717);
#2716 = CARTESIAN_POINT('',(-5.768443500425,-0.1,4.6));
#2717 = VECTOR('',#2718,1.);
#2718 = DIRECTION('',(0.707106781187,0.,-0.707106781187));
#2719 = ORIENTED_EDGE('',*,*,#2720,.T.);
#2720 = EDGE_CURVE('',#2713,#1388,#2721,.T.);
#2721 = LINE('',#2722,#2723);
#2722 = CARTESIAN_POINT('',(-5.768443500425,-0.1,4.6));
#2723 = VECTOR('',#2724,1.);
#2724 = DIRECTION('',(0.,1.,0.));
#2725 = PLANE('',#2726);
#2726 = AXIS2_PLACEMENT_3D('',#2727,#2728,#2729);
#2727 = CARTESIAN_POINT('',(-5.768443500425,-0.1,4.6));
#2728 = DIRECTION('',(0.707106781187,0.,0.707106781187));
#2729 = DIRECTION('',(0.707106781187,0.,-0.707106781187));
#2730 = ADVANCED_FACE('',(#2731),#2749,.F.);
#2731 = FACE_BOUND('',#2732,.T.);
#2732 = EDGE_LOOP('',(#2733,#2734,#2735,#2743));
#2733 = ORIENTED_EDGE('',*,*,#1395,.T.);
#2734 = ORIENTED_EDGE('',*,*,#2720,.F.);
#2735 = ORIENTED_EDGE('',*,*,#2736,.F.);
#2736 = EDGE_CURVE('',#2737,#2713,#2739,.T.);
#2737 = VERTEX_POINT('',#2738);
#2738 = CARTESIAN_POINT('',(-9.918120469868,-0.1,4.6));
#2739 = LINE('',#2740,#2741);
#2740 = CARTESIAN_POINT('',(-9.918120469868,-0.1,4.6));
#2741 = VECTOR('',#2742,1.);
#2742 = DIRECTION('',(1.,0.,-2.090190982034E-16));
#2743 = ORIENTED_EDGE('',*,*,#2744,.T.);
#2744 = EDGE_CURVE('',#2737,#1396,#2745,.T.);
#2745 = LINE('',#2746,#2747);
#2746 = CARTESIAN_POINT('',(-9.918120469868,-0.1,4.6));
#2747 = VECTOR('',#2748,1.);
#2748 = DIRECTION('',(0.,1.,0.));
#2749 = PLANE('',#2750);
#2750 = AXIS2_PLACEMENT_3D('',#2751,#2752,#2753);
#2751 = CARTESIAN_POINT('',(-9.918120469868,-0.1,4.6));
#2752 = DIRECTION('',(2.090190982034E-16,0.,1.));
#2753 = DIRECTION('',(1.,0.,-2.090190982034E-16));
#2754 = ADVANCED_FACE('',(#2755),#2773,.F.);
#2755 = FACE_BOUND('',#2756,.T.);
#2756 = EDGE_LOOP('',(#2757,#2758,#2759,#2767));
#2757 = ORIENTED_EDGE('',*,*,#1403,.T.);
#2758 = ORIENTED_EDGE('',*,*,#2744,.F.);
#2759 = ORIENTED_EDGE('',*,*,#2760,.F.);
#2760 = EDGE_CURVE('',#2761,#2737,#2763,.T.);
#2761 = VERTEX_POINT('',#2762);
#2762 = CARTESIAN_POINT('',(-9.99511215694,-0.1,4.523008312929));
#2763 = LINE('',#2764,#2765);
#2764 = CARTESIAN_POINT('',(-9.99511215694,-0.1,4.523008312929));
#2765 = VECTOR('',#2766,1.);
#2766 = DIRECTION('',(0.707106781187,0.,0.707106781187));
#2767 = ORIENTED_EDGE('',*,*,#2768,.T.);
#2768 = EDGE_CURVE('',#2761,#1404,#2769,.T.);
#2769 = LINE('',#2770,#2771);
#2770 = CARTESIAN_POINT('',(-9.99511215694,-0.1,4.523008312929));
#2771 = VECTOR('',#2772,1.);
#2772 = DIRECTION('',(0.,1.,0.));
#2773 = PLANE('',#2774);
#2774 = AXIS2_PLACEMENT_3D('',#2775,#2776,#2777);
#2775 = CARTESIAN_POINT('',(-9.99511215694,-0.1,4.523008312929));
#2776 = DIRECTION('',(-0.707106781187,0.,0.707106781187));
#2777 = DIRECTION('',(0.707106781187,0.,0.707106781187));
#2778 = ADVANCED_FACE('',(#2779),#2790,.F.);
#2779 = FACE_BOUND('',#2780,.T.);
#2780 = EDGE_LOOP('',(#2781,#2782,#2783,#2789));
#2781 = ORIENTED_EDGE('',*,*,#1411,.T.);
#2782 = ORIENTED_EDGE('',*,*,#2768,.F.);
#2783 = ORIENTED_EDGE('',*,*,#2784,.F.);
#2784 = EDGE_CURVE('',#2657,#2761,#2785,.T.);
#2785 = LINE('',#2786,#2787);
#2786 = CARTESIAN_POINT('',(-9.206087038697,-0.1,3.8));
#2787 = VECTOR('',#2788,1.);
#2788 = DIRECTION('',(-0.73727733681,0.,0.675590207616));
#2789 = ORIENTED_EDGE('',*,*,#2656,.T.);
#2790 = PLANE('',#2791);
#2791 = AXIS2_PLACEMENT_3D('',#2792,#2793,#2794);
#2792 = CARTESIAN_POINT('',(-9.206087038697,-0.1,3.8));
#2793 = DIRECTION('',(-0.675590207616,0.,-0.73727733681));
#2794 = DIRECTION('',(-0.73727733681,0.,0.675590207616));
#2795 = ADVANCED_FACE('',(#2796),#2821,.F.);
#2796 = FACE_BOUND('',#2797,.T.);
#2797 = EDGE_LOOP('',(#2798,#2799,#2807,#2815));
#2798 = ORIENTED_EDGE('',*,*,#1419,.T.);
#2799 = ORIENTED_EDGE('',*,*,#2800,.F.);
#2800 = EDGE_CURVE('',#2801,#1422,#2803,.T.);
#2801 = VERTEX_POINT('',#2802);
#2802 = CARTESIAN_POINT('',(-4.960339835418,-0.1,-4.6));
#2803 = LINE('',#2804,#2805);
#2804 = CARTESIAN_POINT('',(-4.960339835418,-0.1,-4.6));
#2805 = VECTOR('',#2806,1.);
#2806 = DIRECTION('',(0.,1.,0.));
#2807 = ORIENTED_EDGE('',*,*,#2808,.F.);
#2808 = EDGE_CURVE('',#2809,#2801,#2811,.T.);
#2809 = VERTEX_POINT('',#2810);
#2810 = CARTESIAN_POINT('',(-4.908714315953,-0.1,-4.538475101707));
#2811 = LINE('',#2812,#2813);
#2812 = CARTESIAN_POINT('',(-4.960339835418,-0.1,-4.6));
#2813 = VECTOR('',#2814,1.);
#2814 = DIRECTION('',(-0.642787609687,-0.,-0.766044443119));
#2815 = ORIENTED_EDGE('',*,*,#2816,.T.);
#2816 = EDGE_CURVE('',#2809,#1420,#2817,.T.);
#2817 = LINE('',#2818,#2819);
#2818 = CARTESIAN_POINT('',(-4.908714315953,-0.1,-4.538475101707));
#2819 = VECTOR('',#2820,1.);
#2820 = DIRECTION('',(0.,1.,0.));
#2821 = PLANE('',#2822);
#2822 = AXIS2_PLACEMENT_3D('',#2823,#2824,#2825);
#2823 = CARTESIAN_POINT('',(-4.960339835418,-0.1,-4.6));
#2824 = DIRECTION('',(0.766044443119,0.,-0.642787609687));
#2825 = DIRECTION('',(-0.642787609687,0.,-0.766044443119));
#2826 = ADVANCED_FACE('',(#2827),#2845,.F.);
#2827 = FACE_BOUND('',#2828,.T.);
#2828 = EDGE_LOOP('',(#2829,#2830,#2831,#2839));
#2829 = ORIENTED_EDGE('',*,*,#1429,.T.);
#2830 = ORIENTED_EDGE('',*,*,#2816,.F.);
#2831 = ORIENTED_EDGE('',*,*,#2832,.F.);
#2832 = EDGE_CURVE('',#2833,#2809,#2835,.T.);
#2833 = VERTEX_POINT('',#2834);
#2834 = CARTESIAN_POINT('',(-5.70207215005,-0.1,-3.872768835725));
#2835 = LINE('',#2836,#2837);
#2836 = CARTESIAN_POINT('',(-4.908714315953,-0.1,-4.538475101707));
#2837 = VECTOR('',#2838,1.);
#2838 = DIRECTION('',(0.766044443119,0.,-0.642787609687));
#2839 = ORIENTED_EDGE('',*,*,#2840,.T.);
#2840 = EDGE_CURVE('',#2833,#1430,#2841,.T.);
#2841 = LINE('',#2842,#2843);
#2842 = CARTESIAN_POINT('',(-5.70207215005,-0.1,-3.872768835725));
#2843 = VECTOR('',#2844,1.);
#2844 = DIRECTION('',(0.,1.,0.));
#2845 = PLANE('',#2846);
#2846 = AXIS2_PLACEMENT_3D('',#2847,#2848,#2849);
#2847 = CARTESIAN_POINT('',(-4.908714315953,-0.1,-4.538475101707));
#2848 = DIRECTION('',(0.642787609687,0.,0.766044443119));
#2849 = DIRECTION('',(0.766044443119,0.,-0.642787609687));
#2850 = ADVANCED_FACE('',(#2851),#2869,.F.);
#2851 = FACE_BOUND('',#2852,.T.);
#2852 = EDGE_LOOP('',(#2853,#2854,#2855,#2863));
#2853 = ORIENTED_EDGE('',*,*,#1437,.T.);
#2854 = ORIENTED_EDGE('',*,*,#2840,.F.);
#2855 = ORIENTED_EDGE('',*,*,#2856,.F.);
#2856 = EDGE_CURVE('',#2857,#2833,#2859,.T.);
#2857 = VERTEX_POINT('',#2858);
#2858 = CARTESIAN_POINT('',(-8.654576659147,-0.1,-3.872768835725));
#2859 = LINE('',#2860,#2861);
#2860 = CARTESIAN_POINT('',(-5.70207215005,-0.1,-3.872768835725));
#2861 = VECTOR('',#2862,1.);
#2862 = DIRECTION('',(1.,0.,6.756744964238E-15));
#2863 = ORIENTED_EDGE('',*,*,#2864,.T.);
#2864 = EDGE_CURVE('',#2857,#1438,#2865,.T.);
#2865 = LINE('',#2866,#2867);
#2866 = CARTESIAN_POINT('',(-8.654576659147,-0.1,-3.872768835725));
#2867 = VECTOR('',#2868,1.);
#2868 = DIRECTION('',(0.,1.,0.));
#2869 = PLANE('',#2870);
#2870 = AXIS2_PLACEMENT_3D('',#2871,#2872,#2873);
#2871 = CARTESIAN_POINT('',(-5.70207215005,-0.1,-3.872768835725));
#2872 = DIRECTION('',(-6.756744964238E-15,0.,1.));
#2873 = DIRECTION('',(1.,0.,6.756744964238E-15));
#2874 = ADVANCED_FACE('',(#2875),#2893,.F.);
#2875 = FACE_BOUND('',#2876,.T.);
#2876 = EDGE_LOOP('',(#2877,#2878,#2879,#2887));
#2877 = ORIENTED_EDGE('',*,*,#1445,.T.);
#2878 = ORIENTED_EDGE('',*,*,#2864,.F.);
#2879 = ORIENTED_EDGE('',*,*,#2880,.F.);
#2880 = EDGE_CURVE('',#2881,#2857,#2883,.T.);
#2881 = VERTEX_POINT('',#2882);
#2882 = CARTESIAN_POINT('',(-9.213170541406,-0.1,-4.538475101707));
#2883 = LINE('',#2884,#2885);
#2884 = CARTESIAN_POINT('',(-9.213170541406,-0.1,-4.538475101707));
#2885 = VECTOR('',#2886,1.);
#2886 = DIRECTION('',(0.642787609687,0.,0.766044443119));
#2887 = ORIENTED_EDGE('',*,*,#2888,.T.);
#2888 = EDGE_CURVE('',#2881,#1446,#2889,.T.);
#2889 = LINE('',#2890,#2891);
#2890 = CARTESIAN_POINT('',(-9.213170541406,-0.1,-4.538475101707));
#2891 = VECTOR('',#2892,1.);
#2892 = DIRECTION('',(0.,1.,0.));
#2893 = PLANE('',#2894);
#2894 = AXIS2_PLACEMENT_3D('',#2895,#2896,#2897);
#2895 = CARTESIAN_POINT('',(-9.213170541406,-0.1,-4.538475101707));
#2896 = DIRECTION('',(-0.766044443119,0.,0.642787609687));
#2897 = DIRECTION('',(0.642787609687,0.,0.766044443119));
#2898 = ADVANCED_FACE('',(#2899),#2917,.F.);
#2899 = FACE_BOUND('',#2900,.T.);
#2900 = EDGE_LOOP('',(#2901,#2902,#2903,#2911));
#2901 = ORIENTED_EDGE('',*,*,#1453,.T.);
#2902 = ORIENTED_EDGE('',*,*,#2888,.F.);
#2903 = ORIENTED_EDGE('',*,*,#2904,.F.);
#2904 = EDGE_CURVE('',#2905,#2881,#2907,.T.);
#2905 = VERTEX_POINT('',#2906);
#2906 = CARTESIAN_POINT('',(-9.139848022832,-0.1,-4.6));
#2907 = LINE('',#2908,#2909);
#2908 = CARTESIAN_POINT('',(-9.213170541406,-0.1,-4.538475101707));
#2909 = VECTOR('',#2910,1.);
#2910 = DIRECTION('',(-0.766044443119,0.,0.642787609687));
#2911 = ORIENTED_EDGE('',*,*,#2912,.T.);
#2912 = EDGE_CURVE('',#2905,#1454,#2913,.T.);
#2913 = LINE('',#2914,#2915);
#2914 = CARTESIAN_POINT('',(-9.139848022832,-0.1,-4.6));
#2915 = VECTOR('',#2916,1.);
#2916 = DIRECTION('',(0.,1.,0.));
#2917 = PLANE('',#2918);
#2918 = AXIS2_PLACEMENT_3D('',#2919,#2920,#2921);
#2919 = CARTESIAN_POINT('',(-9.213170541406,-0.1,-4.538475101707));
#2920 = DIRECTION('',(-0.642787609687,0.,-0.766044443119));
#2921 = DIRECTION('',(-0.766044443119,0.,0.642787609687));
#2922 = ADVANCED_FACE('',(#2923),#2934,.F.);
#2923 = FACE_BOUND('',#2924,.T.);
#2924 = EDGE_LOOP('',(#2925,#2926,#2927,#2933));
#2925 = ORIENTED_EDGE('',*,*,#1461,.T.);
#2926 = ORIENTED_EDGE('',*,*,#2912,.F.);
#2927 = ORIENTED_EDGE('',*,*,#2928,.F.);
#2928 = EDGE_CURVE('',#2801,#2905,#2929,.T.);
#2929 = LINE('',#2930,#2931);
#2930 = CARTESIAN_POINT('',(-4.960339835418,-0.1,-4.6));
#2931 = VECTOR('',#2932,1.);
#2932 = DIRECTION('',(-1.,0.,2.075272254761E-16));
#2933 = ORIENTED_EDGE('',*,*,#2800,.T.);
#2934 = PLANE('',#2935);
#2935 = AXIS2_PLACEMENT_3D('',#2936,#2937,#2938);
#2936 = CARTESIAN_POINT('',(-4.960339835418,-0.1,-4.6));
#2937 = DIRECTION('',(-2.075272254761E-16,0.,-1.));
#2938 = DIRECTION('',(-1.,0.,2.075272254761E-16));
#2939 = ADVANCED_FACE('',(#2940),#2965,.F.);
#2940 = FACE_BOUND('',#2941,.T.);
#2941 = EDGE_LOOP('',(#2942,#2943,#2951,#2959));
#2942 = ORIENTED_EDGE('',*,*,#1469,.T.);
#2943 = ORIENTED_EDGE('',*,*,#2944,.F.);
#2944 = EDGE_CURVE('',#2945,#1472,#2947,.T.);
#2945 = VERTEX_POINT('',#2946);
#2946 = CARTESIAN_POINT('',(-10.17205726477,-0.1,4.346063205097));
#2947 = LINE('',#2948,#2949);
#2948 = CARTESIAN_POINT('',(-10.17205726477,-0.1,4.346063205097));
#2949 = VECTOR('',#2950,1.);
#2950 = DIRECTION('',(0.,1.,0.));
#2951 = ORIENTED_EDGE('',*,*,#2952,.F.);
#2952 = EDGE_CURVE('',#2953,#2945,#2955,.T.);
#2953 = VERTEX_POINT('',#2954);
#2954 = CARTESIAN_POINT('',(-10.2363185214,-0.1,4.281801948466));
#2955 = LINE('',#2956,#2957);
#2956 = CARTESIAN_POINT('',(-10.2363185214,-0.1,4.281801948466));
#2957 = VECTOR('',#2958,1.);
#2958 = DIRECTION('',(0.707106781187,0.,0.707106781187));
#2959 = ORIENTED_EDGE('',*,*,#2960,.T.);
#2960 = EDGE_CURVE('',#2953,#1470,#2961,.T.);
#2961 = LINE('',#2962,#2963);
#2962 = CARTESIAN_POINT('',(-10.2363185214,-0.1,4.281801948466));
#2963 = VECTOR('',#2964,1.);
#2964 = DIRECTION('',(0.,1.,0.));
#2965 = PLANE('',#2966);
#2966 = AXIS2_PLACEMENT_3D('',#2967,#2968,#2969);
#2967 = CARTESIAN_POINT('',(-10.2363185214,-0.1,4.281801948466));
#2968 = DIRECTION('',(-0.707106781187,0.,0.707106781187));
#2969 = DIRECTION('',(0.707106781187,0.,0.707106781187));
#2970 = ADVANCED_FACE('',(#2971),#2989,.F.);
#2971 = FACE_BOUND('',#2972,.T.);
#2972 = EDGE_LOOP('',(#2973,#2974,#2975,#2983));
#2973 = ORIENTED_EDGE('',*,*,#1479,.T.);
#2974 = ORIENTED_EDGE('',*,*,#2960,.F.);
#2975 = ORIENTED_EDGE('',*,*,#2976,.F.);
#2976 = EDGE_CURVE('',#2977,#2953,#2979,.T.);
#2977 = VERTEX_POINT('',#2978);
#2978 = CARTESIAN_POINT('',(-9.912096100658,-0.1,0.575922721632));
#2979 = LINE('',#2980,#2981);
#2980 = CARTESIAN_POINT('',(-9.912096100658,-0.1,0.575922721632));
#2981 = VECTOR('',#2982,1.);
#2982 = DIRECTION('',(-8.715574274765E-02,0.,0.996194698092));
#2983 = ORIENTED_EDGE('',*,*,#2984,.T.);
#2984 = EDGE_CURVE('',#2977,#1480,#2985,.T.);
#2985 = LINE('',#2986,#2987);
#2986 = CARTESIAN_POINT('',(-9.912096100658,-0.1,0.575922721632));
#2987 = VECTOR('',#2988,1.);
#2988 = DIRECTION('',(0.,1.,0.));
#2989 = PLANE('',#2990);
#2990 = AXIS2_PLACEMENT_3D('',#2991,#2992,#2993);
#2991 = CARTESIAN_POINT('',(-9.912096100658,-0.1,0.575922721632));
#2992 = DIRECTION('',(-0.996194698092,0.,-8.715574274765E-02));
#2993 = DIRECTION('',(-8.715574274765E-02,0.,0.996194698092));
#2994 = ADVANCED_FACE('',(#2995),#3013,.F.);
#2995 = FACE_BOUND('',#2996,.T.);
#2996 = EDGE_LOOP('',(#2997,#2998,#2999,#3007));
#2997 = ORIENTED_EDGE('',*,*,#1487,.T.);
#2998 = ORIENTED_EDGE('',*,*,#2984,.F.);
#2999 = ORIENTED_EDGE('',*,*,#3000,.F.);
#3000 = EDGE_CURVE('',#3001,#2977,#3003,.T.);
#3001 = VERTEX_POINT('',#3002);
#3002 = CARTESIAN_POINT('',(-9.478755924322,-0.1,0.212307139494));
#3003 = LINE('',#3004,#3005);
#3004 = CARTESIAN_POINT('',(-9.478755924322,-0.1,0.212307139494));
#3005 = VECTOR('',#3006,1.);
#3006 = DIRECTION('',(-0.766044443119,0.,0.642787609687));
#3007 = ORIENTED_EDGE('',*,*,#3008,.T.);
#3008 = EDGE_CURVE('',#3001,#1488,#3009,.T.);
#3009 = LINE('',#3010,#3011);
#3010 = CARTESIAN_POINT('',(-9.478755924322,-0.1,0.212307139494));
#3011 = VECTOR('',#3012,1.);
#3012 = DIRECTION('',(0.,1.,0.));
#3013 = PLANE('',#3014);
#3014 = AXIS2_PLACEMENT_3D('',#3015,#3016,#3017);
#3015 = CARTESIAN_POINT('',(-9.478755924322,-0.1,0.212307139494));
#3016 = DIRECTION('',(-0.642787609687,0.,-0.766044443119));
#3017 = DIRECTION('',(-0.766044443119,0.,0.642787609687));
#3018 = ADVANCED_FACE('',(#3019),#3037,.F.);
#3019 = FACE_BOUND('',#3020,.T.);
#3020 = EDGE_LOOP('',(#3021,#3022,#3023,#3031));
#3021 = ORIENTED_EDGE('',*,*,#1495,.T.);
#3022 = ORIENTED_EDGE('',*,*,#3008,.F.);
#3023 = ORIENTED_EDGE('',*,*,#3024,.F.);
#3024 = EDGE_CURVE('',#3025,#3001,#3027,.T.);
#3025 = VERTEX_POINT('',#3026);
#3026 = CARTESIAN_POINT('',(-9.115140342185,-0.1,0.64564731583));
#3027 = LINE('',#3028,#3029);
#3028 = CARTESIAN_POINT('',(-9.478755924322,-0.1,0.212307139494));
#3029 = VECTOR('',#3030,1.);
#3030 = DIRECTION('',(-0.642787609687,-0.,-0.766044443119));
#3031 = ORIENTED_EDGE('',*,*,#3032,.T.);
#3032 = EDGE_CURVE('',#3025,#1496,#3033,.T.);
#3033 = LINE('',#3034,#3035);
#3034 = CARTESIAN_POINT('',(-9.115140342185,-0.1,0.64564731583));
#3035 = VECTOR('',#3036,1.);
#3036 = DIRECTION('',(0.,1.,0.));
#3037 = PLANE('',#3038);
#3038 = AXIS2_PLACEMENT_3D('',#3039,#3040,#3041);
#3039 = CARTESIAN_POINT('',(-9.478755924322,-0.1,0.212307139494));
#3040 = DIRECTION('',(0.766044443119,0.,-0.642787609687));
#3041 = DIRECTION('',(-0.642787609687,0.,-0.766044443119));
#3042 = ADVANCED_FACE('',(#3043),#3061,.F.);
#3043 = FACE_BOUND('',#3044,.T.);
#3044 = EDGE_LOOP('',(#3045,#3046,#3047,#3055));
#3045 = ORIENTED_EDGE('',*,*,#1503,.T.);
#3046 = ORIENTED_EDGE('',*,*,#3032,.F.);
#3047 = ORIENTED_EDGE('',*,*,#3048,.F.);
#3048 = EDGE_CURVE('',#3049,#3025,#3051,.T.);
#3049 = VERTEX_POINT('',#3050);
#3050 = CARTESIAN_POINT('',(-9.374984590601,-0.1,3.615680665797));
#3051 = LINE('',#3052,#3053);
#3052 = CARTESIAN_POINT('',(-9.115140342185,-0.1,0.64564731583));
#3053 = VECTOR('',#3054,1.);
#3054 = DIRECTION('',(8.715574274765E-02,0.,-0.996194698092));
#3055 = ORIENTED_EDGE('',*,*,#3056,.T.);
#3056 = EDGE_CURVE('',#3049,#1504,#3057,.T.);
#3057 = LINE('',#3058,#3059);
#3058 = CARTESIAN_POINT('',(-9.374984590601,-0.1,3.615680665797));
#3059 = VECTOR('',#3060,1.);
#3060 = DIRECTION('',(0.,1.,0.));
#3061 = PLANE('',#3062);
#3062 = AXIS2_PLACEMENT_3D('',#3063,#3064,#3065);
#3063 = CARTESIAN_POINT('',(-9.115140342185,-0.1,0.64564731583));
#3064 = DIRECTION('',(0.996194698092,0.,8.715574274765E-02));
#3065 = DIRECTION('',(8.715574274765E-02,0.,-0.996194698092));
#3066 = ADVANCED_FACE('',(#3067),#3078,.F.);
#3067 = FACE_BOUND('',#3068,.T.);
#3068 = EDGE_LOOP('',(#3069,#3070,#3071,#3077));
#3069 = ORIENTED_EDGE('',*,*,#1511,.T.);
#3070 = ORIENTED_EDGE('',*,*,#3056,.F.);
#3071 = ORIENTED_EDGE('',*,*,#3072,.F.);
#3072 = EDGE_CURVE('',#2945,#3049,#3073,.T.);
#3073 = LINE('',#3074,#3075);
#3074 = CARTESIAN_POINT('',(-9.374984590601,-0.1,3.615680665797));
#3075 = VECTOR('',#3076,1.);
#3076 = DIRECTION('',(0.73727733681,0.,-0.675590207616));
#3077 = ORIENTED_EDGE('',*,*,#2944,.T.);
#3078 = PLANE('',#3079);
#3079 = AXIS2_PLACEMENT_3D('',#3080,#3081,#3082);
#3080 = CARTESIAN_POINT('',(-9.374984590601,-0.1,3.615680665797));
#3081 = DIRECTION('',(0.675590207616,0.,0.73727733681));
#3082 = DIRECTION('',(0.73727733681,0.,-0.675590207616));
#3083 = ADVANCED_FACE('',(#3084),#3109,.F.);
#3084 = FACE_BOUND('',#3085,.T.);
#3085 = EDGE_LOOP('',(#3086,#3087,#3095,#3103));
#3086 = ORIENTED_EDGE('',*,*,#1519,.T.);
#3087 = ORIENTED_EDGE('',*,*,#3088,.F.);
#3088 = EDGE_CURVE('',#3089,#1522,#3091,.T.);
#3089 = VERTEX_POINT('',#3090);
#3090 = CARTESIAN_POINT('',(-5.000663433014,-0.1,-0.488185971816));
#3091 = LINE('',#3092,#3093);
#3092 = CARTESIAN_POINT('',(-5.000663433014,-0.1,-0.488185971816));
#3093 = VECTOR('',#3094,1.);
#3094 = DIRECTION('',(0.,1.,0.));
#3095 = ORIENTED_EDGE('',*,*,#3096,.F.);
#3096 = EDGE_CURVE('',#3097,#3089,#3099,.T.);
#3097 = VERTEX_POINT('',#3098);
#3098 = CARTESIAN_POINT('',(-5.402706152703,-0.1,-0.150832074007));
#3099 = LINE('',#3100,#3101);
#3100 = CARTESIAN_POINT('',(-5.402706152703,-0.1,-0.150832074007));
#3101 = VECTOR('',#3102,1.);
#3102 = DIRECTION('',(0.766044443119,0.,-0.642787609687));
#3103 = ORIENTED_EDGE('',*,*,#3104,.T.);
#3104 = EDGE_CURVE('',#3097,#1520,#3105,.T.);
#3105 = LINE('',#3106,#3107);
#3106 = CARTESIAN_POINT('',(-5.402706152703,-0.1,-0.150832074007));
#3107 = VECTOR('',#3108,1.);
#3108 = DIRECTION('',(0.,1.,0.));
#3109 = PLANE('',#3110);
#3110 = AXIS2_PLACEMENT_3D('',#3111,#3112,#3113);
#3111 = CARTESIAN_POINT('',(-5.402706152703,-0.1,-0.150832074007));
#3112 = DIRECTION('',(0.642787609687,0.,0.766044443119));
#3113 = DIRECTION('',(0.766044443119,0.,-0.642787609687));
#3114 = ADVANCED_FACE('',(#3115),#3133,.F.);
#3115 = FACE_BOUND('',#3116,.T.);
#3116 = EDGE_LOOP('',(#3117,#3118,#3119,#3127));
#3117 = ORIENTED_EDGE('',*,*,#1529,.T.);
#3118 = ORIENTED_EDGE('',*,*,#3104,.F.);
#3119 = ORIENTED_EDGE('',*,*,#3120,.F.);
#3120 = EDGE_CURVE('',#3121,#3097,#3123,.T.);
#3121 = VERTEX_POINT('',#3122);
#3122 = CARTESIAN_POINT('',(-5.79258341917,-0.1,-0.615469706989));
#3123 = LINE('',#3124,#3125);
#3124 = CARTESIAN_POINT('',(-5.402706152703,-0.1,-0.150832074007));
#3125 = VECTOR('',#3126,1.);
#3126 = DIRECTION('',(0.642787609687,0.,0.766044443119));
#3127 = ORIENTED_EDGE('',*,*,#3128,.T.);
#3128 = EDGE_CURVE('',#3121,#1530,#3129,.T.);
#3129 = LINE('',#3130,#3131);
#3130 = CARTESIAN_POINT('',(-5.79258341917,-0.1,-0.615469706989));
#3131 = VECTOR('',#3132,1.);
#3132 = DIRECTION('',(0.,1.,0.));
#3133 = PLANE('',#3134);
#3134 = AXIS2_PLACEMENT_3D('',#3135,#3136,#3137);
#3135 = CARTESIAN_POINT('',(-5.402706152703,-0.1,-0.150832074007));
#3136 = DIRECTION('',(-0.766044443119,0.,0.642787609687));
#3137 = DIRECTION('',(0.642787609687,0.,0.766044443119));
#3138 = ADVANCED_FACE('',(#3139),#3157,.F.);
#3139 = FACE_BOUND('',#3140,.T.);
#3140 = EDGE_LOOP('',(#3141,#3142,#3143,#3151));
#3141 = ORIENTED_EDGE('',*,*,#1537,.T.);
#3142 = ORIENTED_EDGE('',*,*,#3128,.F.);
#3143 = ORIENTED_EDGE('',*,*,#3144,.F.);
#3144 = EDGE_CURVE('',#3145,#3121,#3147,.T.);
#3145 = VERTEX_POINT('',#3146);
#3146 = CARTESIAN_POINT('',(-5.523013775871,-0.1,-3.696664829124));
#3147 = LINE('',#3148,#3149);
#3148 = CARTESIAN_POINT('',(-5.79258341917,-0.1,-0.615469706989));
#3149 = VECTOR('',#3150,1.);
#3150 = DIRECTION('',(-8.715574274765E-02,0.,0.996194698092));
#3151 = ORIENTED_EDGE('',*,*,#3152,.T.);
#3152 = EDGE_CURVE('',#3145,#1538,#3153,.T.);
#3153 = LINE('',#3154,#3155);
#3154 = CARTESIAN_POINT('',(-5.523013775871,-0.1,-3.696664829124));
#3155 = VECTOR('',#3156,1.);
#3156 = DIRECTION('',(0.,1.,0.));
#3157 = PLANE('',#3158);
#3158 = AXIS2_PLACEMENT_3D('',#3159,#3160,#3161);
#3159 = CARTESIAN_POINT('',(-5.79258341917,-0.1,-0.615469706989));
#3160 = DIRECTION('',(-0.996194698092,0.,-8.715574274765E-02));
#3161 = DIRECTION('',(-8.715574274765E-02,0.,0.996194698092));
#3162 = ADVANCED_FACE('',(#3163),#3181,.F.);
#3163 = FACE_BOUND('',#3164,.T.);
#3164 = EDGE_LOOP('',(#3165,#3166,#3167,#3175));
#3165 = ORIENTED_EDGE('',*,*,#1545,.T.);
#3166 = ORIENTED_EDGE('',*,*,#3152,.F.);
#3167 = ORIENTED_EDGE('',*,*,#3168,.F.);
#3168 = EDGE_CURVE('',#3169,#3145,#3171,.T.);
#3169 = VERTEX_POINT('',#3170);
#3170 = CARTESIAN_POINT('',(-4.748017413531,-0.1,-4.346963990928));
#3171 = LINE('',#3172,#3173);
#3172 = CARTESIAN_POINT('',(-4.748017413531,-0.1,-4.346963990928));
#3173 = VECTOR('',#3174,1.);
#3174 = DIRECTION('',(-0.766044443119,0.,0.642787609687));
#3175 = ORIENTED_EDGE('',*,*,#3176,.T.);
#3176 = EDGE_CURVE('',#3169,#1546,#3177,.T.);
#3177 = LINE('',#3178,#3179);
#3178 = CARTESIAN_POINT('',(-4.748017413531,-0.1,-4.346963990928));
#3179 = VECTOR('',#3180,1.);
#3180 = DIRECTION('',(0.,1.,0.));
#3181 = PLANE('',#3182);
#3182 = AXIS2_PLACEMENT_3D('',#3183,#3184,#3185);
#3183 = CARTESIAN_POINT('',(-4.748017413531,-0.1,-4.346963990928));
#3184 = DIRECTION('',(-0.642787609687,0.,-0.766044443119));
#3185 = DIRECTION('',(-0.766044443119,0.,0.642787609687));
#3186 = ADVANCED_FACE('',(#3187),#3205,.F.);
#3187 = FACE_BOUND('',#3188,.T.);
#3188 = EDGE_LOOP('',(#3189,#3190,#3191,#3199));
#3189 = ORIENTED_EDGE('',*,*,#1553,.T.);
#3190 = ORIENTED_EDGE('',*,*,#3176,.F.);
#3191 = ORIENTED_EDGE('',*,*,#3192,.F.);
#3192 = EDGE_CURVE('',#3193,#3169,#3195,.T.);
#3193 = VERTEX_POINT('',#3194);
#3194 = CARTESIAN_POINT('',(-4.671085411059,-0.1,-4.255280000596));
#3195 = LINE('',#3196,#3197);
#3196 = CARTESIAN_POINT('',(-4.748017413531,-0.1,-4.346963990928));
#3197 = VECTOR('',#3198,1.);
#3198 = DIRECTION('',(-0.642787609687,-0.,-0.766044443119));
#3199 = ORIENTED_EDGE('',*,*,#3200,.T.);
#3200 = EDGE_CURVE('',#3193,#1554,#3201,.T.);
#3201 = LINE('',#3202,#3203);
#3202 = CARTESIAN_POINT('',(-4.671085411059,-0.1,-4.255280000596));
#3203 = VECTOR('',#3204,1.);
#3204 = DIRECTION('',(0.,1.,0.));
#3205 = PLANE('',#3206);
#3206 = AXIS2_PLACEMENT_3D('',#3207,#3208,#3209);
#3207 = CARTESIAN_POINT('',(-4.748017413531,-0.1,-4.346963990928));
#3208 = DIRECTION('',(0.766044443119,0.,-0.642787609687));
#3209 = DIRECTION('',(-0.642787609687,0.,-0.766044443119));
#3210 = ADVANCED_FACE('',(#3211),#3222,.F.);
#3211 = FACE_BOUND('',#3212,.T.);
#3212 = EDGE_LOOP('',(#3213,#3214,#3215,#3221));
#3213 = ORIENTED_EDGE('',*,*,#1561,.T.);
#3214 = ORIENTED_EDGE('',*,*,#3200,.F.);
#3215 = ORIENTED_EDGE('',*,*,#3216,.F.);
#3216 = EDGE_CURVE('',#3089,#3193,#3217,.T.);
#3217 = LINE('',#3218,#3219);
#3218 = CARTESIAN_POINT('',(-5.000663433014,-0.1,-0.488185971816));
#3219 = VECTOR('',#3220,1.);
#3220 = DIRECTION('',(8.715574274765E-02,0.,-0.996194698092));
#3221 = ORIENTED_EDGE('',*,*,#3088,.T.);
#3222 = PLANE('',#3223);
#3223 = AXIS2_PLACEMENT_3D('',#3224,#3225,#3226);
#3224 = CARTESIAN_POINT('',(-5.000663433014,-0.1,-0.488185971816));
#3225 = DIRECTION('',(0.996194698092,0.,8.715574274765E-02));
#3226 = DIRECTION('',(8.715574274765E-02,0.,-0.996194698092));
#3227 = ADVANCED_FACE('',(#3228),#3253,.F.);
#3228 = FACE_BOUND('',#3229,.T.);
#3229 = EDGE_LOOP('',(#3230,#3231,#3239,#3247));
#3230 = ORIENTED_EDGE('',*,*,#1569,.T.);
#3231 = ORIENTED_EDGE('',*,*,#3232,.F.);
#3232 = EDGE_CURVE('',#3233,#1572,#3235,.T.);
#3233 = VERTEX_POINT('',#3234);
#3234 = CARTESIAN_POINT('',(-5.906755158348,-0.1,0.689519243317));
#3235 = LINE('',#3236,#3237);
#3236 = CARTESIAN_POINT('',(-5.906755158348,-0.1,0.689519243317));
#3237 = VECTOR('',#3238,1.);
#3238 = DIRECTION('',(0.,1.,0.));
#3239 = ORIENTED_EDGE('',*,*,#3240,.F.);
#3240 = EDGE_CURVE('',#3241,#3233,#3243,.T.);
#3241 = VERTEX_POINT('',#3242);
#3242 = CARTESIAN_POINT('',(-5.381436829297,-0.1,0.24872482716));
#3243 = LINE('',#3244,#3245);
#3244 = CARTESIAN_POINT('',(-5.906755158348,-0.1,0.689519243317));
#3245 = VECTOR('',#3246,1.);
#3246 = DIRECTION('',(-0.766044443119,0.,0.642787609687));
#3247 = ORIENTED_EDGE('',*,*,#3248,.T.);
#3248 = EDGE_CURVE('',#3241,#1570,#3249,.T.);
#3249 = LINE('',#3250,#3251);
#3250 = CARTESIAN_POINT('',(-5.381436829297,-0.1,0.24872482716));
#3251 = VECTOR('',#3252,1.);
#3252 = DIRECTION('',(0.,1.,0.));
#3253 = PLANE('',#3254);
#3254 = AXIS2_PLACEMENT_3D('',#3255,#3256,#3257);
#3255 = CARTESIAN_POINT('',(-5.906755158348,-0.1,0.689519243317));
#3256 = DIRECTION('',(-0.642787609687,0.,-0.766044443119));
#3257 = DIRECTION('',(-0.766044443119,0.,0.642787609687));
#3258 = ADVANCED_FACE('',(#3259),#3277,.F.);
#3259 = FACE_BOUND('',#3260,.T.);
#3260 = EDGE_LOOP('',(#3261,#3262,#3263,#3271));
#3261 = ORIENTED_EDGE('',*,*,#1579,.T.);
#3262 = ORIENTED_EDGE('',*,*,#3248,.F.);
#3263 = ORIENTED_EDGE('',*,*,#3264,.F.);
#3264 = EDGE_CURVE('',#3265,#3241,#3267,.T.);
#3265 = VERTEX_POINT('',#3266);
#3266 = CARTESIAN_POINT('',(-5.095000081179,-0.1,0.590086850781));
#3267 = LINE('',#3268,#3269);
#3268 = CARTESIAN_POINT('',(-5.381436829297,-0.1,0.24872482716));
#3269 = VECTOR('',#3270,1.);
#3270 = DIRECTION('',(-0.642787609687,-0.,-0.766044443119));
#3271 = ORIENTED_EDGE('',*,*,#3272,.T.);
#3272 = EDGE_CURVE('',#3265,#1580,#3273,.T.);
#3273 = LINE('',#3274,#3275);
#3274 = CARTESIAN_POINT('',(-5.095000081179,-0.1,0.590086850781));
#3275 = VECTOR('',#3276,1.);
#3276 = DIRECTION('',(0.,1.,0.));
#3277 = PLANE('',#3278);
#3278 = AXIS2_PLACEMENT_3D('',#3279,#3280,#3281);
#3279 = CARTESIAN_POINT('',(-5.381436829297,-0.1,0.24872482716));
#3280 = DIRECTION('',(0.766044443119,0.,-0.642787609687));
#3281 = DIRECTION('',(-0.642787609687,0.,-0.766044443119));
#3282 = ADVANCED_FACE('',(#3283),#3301,.F.);
#3283 = FACE_BOUND('',#3284,.T.);
#3284 = EDGE_LOOP('',(#3285,#3286,#3287,#3295));
#3285 = ORIENTED_EDGE('',*,*,#1587,.T.);
#3286 = ORIENTED_EDGE('',*,*,#3272,.F.);
#3287 = ORIENTED_EDGE('',*,*,#3288,.F.);
#3288 = EDGE_CURVE('',#3289,#3265,#3291,.T.);
#3289 = VERTEX_POINT('',#3290);
#3290 = CARTESIAN_POINT('',(-5.414890109831,-0.1,4.246446609407));
#3291 = LINE('',#3292,#3293);
#3292 = CARTESIAN_POINT('',(-5.414890109831,-0.1,4.246446609407));
#3293 = VECTOR('',#3294,1.);
#3294 = DIRECTION('',(8.715574274765E-02,0.,-0.996194698092));
#3295 = ORIENTED_EDGE('',*,*,#3296,.T.);
#3296 = EDGE_CURVE('',#3289,#1588,#3297,.T.);
#3297 = LINE('',#3298,#3299);
#3298 = CARTESIAN_POINT('',(-5.414890109831,-0.1,4.246446609407));
#3299 = VECTOR('',#3300,1.);
#3300 = DIRECTION('',(0.,1.,0.));
#3301 = PLANE('',#3302);
#3302 = AXIS2_PLACEMENT_3D('',#3303,#3304,#3305);
#3303 = CARTESIAN_POINT('',(-5.414890109831,-0.1,4.246446609407));
#3304 = DIRECTION('',(0.996194698092,0.,8.715574274765E-02));
#3305 = DIRECTION('',(8.715574274765E-02,0.,-0.996194698092));
#3306 = ADVANCED_FACE('',(#3307),#3325,.F.);
#3307 = FACE_BOUND('',#3308,.T.);
#3308 = EDGE_LOOP('',(#3309,#3310,#3311,#3319));
#3309 = ORIENTED_EDGE('',*,*,#1595,.T.);
#3310 = ORIENTED_EDGE('',*,*,#3296,.F.);
#3311 = ORIENTED_EDGE('',*,*,#3312,.F.);
#3312 = EDGE_CURVE('',#3313,#3289,#3315,.T.);
#3313 = VERTEX_POINT('',#3314);
#3314 = CARTESIAN_POINT('',(-5.511617229083,-0.1,4.343173728658));
#3315 = LINE('',#3316,#3317);
#3316 = CARTESIAN_POINT('',(-5.511617229083,-0.1,4.343173728658));
#3317 = VECTOR('',#3318,1.);
#3318 = DIRECTION('',(0.707106781187,0.,-0.707106781187));
#3319 = ORIENTED_EDGE('',*,*,#3320,.T.);
#3320 = EDGE_CURVE('',#3313,#1596,#3321,.T.);
#3321 = LINE('',#3322,#3323);
#3322 = CARTESIAN_POINT('',(-5.511617229083,-0.1,4.343173728658));
#3323 = VECTOR('',#3324,1.);
#3324 = DIRECTION('',(0.,1.,0.));
#3325 = PLANE('',#3326);
#3326 = AXIS2_PLACEMENT_3D('',#3327,#3328,#3329);
#3327 = CARTESIAN_POINT('',(-5.511617229083,-0.1,4.343173728658));
#3328 = DIRECTION('',(0.707106781187,0.,0.707106781187));
#3329 = DIRECTION('',(0.707106781187,0.,-0.707106781187));
#3330 = ADVANCED_FACE('',(#3331),#3349,.F.);
#3331 = FACE_BOUND('',#3332,.T.);
#3332 = EDGE_LOOP('',(#3333,#3334,#3335,#3343));
#3333 = ORIENTED_EDGE('',*,*,#1603,.T.);
#3334 = ORIENTED_EDGE('',*,*,#3320,.F.);
#3335 = ORIENTED_EDGE('',*,*,#3336,.F.);
#3336 = EDGE_CURVE('',#3337,#3313,#3339,.T.);
#3337 = VERTEX_POINT('',#3338);
#3338 = CARTESIAN_POINT('',(-6.164110341584,-0.1,3.631102448096));
#3339 = LINE('',#3340,#3341);
#3340 = CARTESIAN_POINT('',(-6.164110341584,-0.1,3.631102448096));
#3341 = VECTOR('',#3342,1.);
#3342 = DIRECTION('',(0.675590207616,0.,0.73727733681));
#3343 = ORIENTED_EDGE('',*,*,#3344,.T.);
#3344 = EDGE_CURVE('',#3337,#1604,#3345,.T.);
#3345 = LINE('',#3346,#3347);
#3346 = CARTESIAN_POINT('',(-6.164110341584,-0.1,3.631102448096));
#3347 = VECTOR('',#3348,1.);
#3348 = DIRECTION('',(0.,1.,0.));
#3349 = PLANE('',#3350);
#3350 = AXIS2_PLACEMENT_3D('',#3351,#3352,#3353);
#3351 = CARTESIAN_POINT('',(-6.164110341584,-0.1,3.631102448096));
#3352 = DIRECTION('',(-0.73727733681,0.,0.675590207616));
#3353 = DIRECTION('',(0.675590207616,0.,0.73727733681));
#3354 = ADVANCED_FACE('',(#3355),#3366,.F.);
#3355 = FACE_BOUND('',#3356,.T.);
#3356 = EDGE_LOOP('',(#3357,#3358,#3359,#3365));
#3357 = ORIENTED_EDGE('',*,*,#1611,.T.);
#3358 = ORIENTED_EDGE('',*,*,#3344,.F.);
#3359 = ORIENTED_EDGE('',*,*,#3360,.F.);
#3360 = EDGE_CURVE('',#3233,#3337,#3361,.T.);
#3361 = LINE('',#3362,#3363);
#3362 = CARTESIAN_POINT('',(-6.164110341584,-0.1,3.631102448096));
#3363 = VECTOR('',#3364,1.);
#3364 = DIRECTION('',(-8.715574274765E-02,0.,0.996194698092));
#3365 = ORIENTED_EDGE('',*,*,#3232,.T.);
#3366 = PLANE('',#3367);
#3367 = AXIS2_PLACEMENT_3D('',#3368,#3369,#3370);
#3368 = CARTESIAN_POINT('',(-6.164110341584,-0.1,3.631102448096));
#3369 = DIRECTION('',(-0.996194698092,0.,-8.715574274765E-02));
#3370 = DIRECTION('',(-8.715574274765E-02,0.,0.996194698092));
#3371 = ADVANCED_FACE('',(#3372),#3397,.F.);
#3372 = FACE_BOUND('',#3373,.T.);
#3373 = EDGE_LOOP('',(#3374,#3375,#3383,#3391));
#3374 = ORIENTED_EDGE('',*,*,#1619,.T.);
#3375 = ORIENTED_EDGE('',*,*,#3376,.F.);
#3376 = EDGE_CURVE('',#3377,#1622,#3379,.T.);
#3377 = VERTEX_POINT('',#3378);
#3378 = CARTESIAN_POINT('',(-9.060181456431,-0.1,0.4));
#3379 = LINE('',#3380,#3381);
#3380 = CARTESIAN_POINT('',(-9.060181456431,-0.1,0.4));
#3381 = VECTOR('',#3382,1.);
#3382 = DIRECTION('',(0.,1.,0.));
#3383 = ORIENTED_EDGE('',*,*,#3384,.F.);
#3384 = EDGE_CURVE('',#3385,#3377,#3387,.T.);
#3385 = VERTEX_POINT('',#3386);
#3386 = CARTESIAN_POINT('',(-9.454104557636,-0.1,-6.945927106677E-02));
#3387 = LINE('',#3388,#3389);
#3388 = CARTESIAN_POINT('',(-9.454104557636,-0.1,-6.945927106677E-02));
#3389 = VECTOR('',#3390,1.);
#3390 = DIRECTION('',(0.642787609687,0.,0.766044443119));
#3391 = ORIENTED_EDGE('',*,*,#3392,.T.);
#3392 = EDGE_CURVE('',#3385,#1620,#3393,.T.);
#3393 = LINE('',#3394,#3395);
#3394 = CARTESIAN_POINT('',(-9.454104557636,-0.1,-6.945927106677E-02));
#3395 = VECTOR('',#3396,1.);
#3396 = DIRECTION('',(0.,1.,0.));
#3397 = PLANE('',#3398);
#3398 = AXIS2_PLACEMENT_3D('',#3399,#3400,#3401);
#3399 = CARTESIAN_POINT('',(-9.454104557636,-0.1,-6.945927106677E-02));
#3400 = DIRECTION('',(-0.766044443119,0.,0.642787609687));
#3401 = DIRECTION('',(0.642787609687,0.,0.766044443119));
#3402 = ADVANCED_FACE('',(#3403),#3421,.F.);
#3403 = FACE_BOUND('',#3404,.T.);
#3404 = EDGE_LOOP('',(#3405,#3406,#3407,#3415));
#3405 = ORIENTED_EDGE('',*,*,#1629,.T.);
#3406 = ORIENTED_EDGE('',*,*,#3392,.F.);
#3407 = ORIENTED_EDGE('',*,*,#3408,.F.);
#3408 = EDGE_CURVE('',#3409,#3385,#3411,.T.);
#3409 = VERTEX_POINT('',#3410);
#3410 = CARTESIAN_POINT('',(-9.060181456431,-0.1,-0.4));
#3411 = LINE('',#3412,#3413);
#3412 = CARTESIAN_POINT('',(-9.060181456431,-0.1,-0.4));
#3413 = VECTOR('',#3414,1.);
#3414 = DIRECTION('',(-0.766044443119,0.,0.642787609687));
#3415 = ORIENTED_EDGE('',*,*,#3416,.T.);
#3416 = EDGE_CURVE('',#3409,#1630,#3417,.T.);
#3417 = LINE('',#3418,#3419);
#3418 = CARTESIAN_POINT('',(-9.060181456431,-0.1,-0.4));
#3419 = VECTOR('',#3420,1.);
#3420 = DIRECTION('',(0.,1.,0.));
#3421 = PLANE('',#3422);
#3422 = AXIS2_PLACEMENT_3D('',#3423,#3424,#3425);
#3423 = CARTESIAN_POINT('',(-9.060181456431,-0.1,-0.4));
#3424 = DIRECTION('',(-0.642787609687,0.,-0.766044443119));
#3425 = DIRECTION('',(-0.766044443119,0.,0.642787609687));
#3426 = ADVANCED_FACE('',(#3427),#3445,.F.);
#3427 = FACE_BOUND('',#3428,.T.);
#3428 = EDGE_LOOP('',(#3429,#3430,#3431,#3439));
#3429 = ORIENTED_EDGE('',*,*,#1637,.T.);
#3430 = ORIENTED_EDGE('',*,*,#3416,.F.);
#3431 = ORIENTED_EDGE('',*,*,#3432,.F.);
#3432 = EDGE_CURVE('',#3433,#3409,#3435,.T.);
#3433 = VERTEX_POINT('',#3434);
#3434 = CARTESIAN_POINT('',(-5.872864325372,-0.1,-0.4));
#3435 = LINE('',#3436,#3437);
#3436 = CARTESIAN_POINT('',(-9.060181456431,-0.1,-0.4));
#3437 = VECTOR('',#3438,1.);
#3438 = DIRECTION('',(-1.,-0.,-2.551210299849E-16));
#3439 = ORIENTED_EDGE('',*,*,#3440,.T.);
#3440 = EDGE_CURVE('',#3433,#1638,#3441,.T.);
#3441 = LINE('',#3442,#3443);
#3442 = CARTESIAN_POINT('',(-5.872864325372,-0.1,-0.4));
#3443 = VECTOR('',#3444,1.);
#3444 = DIRECTION('',(0.,1.,0.));
#3445 = PLANE('',#3446);
#3446 = AXIS2_PLACEMENT_3D('',#3447,#3448,#3449);
#3447 = CARTESIAN_POINT('',(-9.060181456431,-0.1,-0.4));
#3448 = DIRECTION('',(2.551210299849E-16,0.,-1.));
#3449 = DIRECTION('',(-1.,0.,-2.551210299849E-16));
#3450 = ADVANCED_FACE('',(#3451),#3469,.F.);
#3451 = FACE_BOUND('',#3452,.T.);
#3452 = EDGE_LOOP('',(#3453,#3454,#3455,#3463));
#3453 = ORIENTED_EDGE('',*,*,#1645,.T.);
#3454 = ORIENTED_EDGE('',*,*,#3440,.F.);
#3455 = ORIENTED_EDGE('',*,*,#3456,.F.);
#3456 = EDGE_CURVE('',#3457,#3433,#3459,.T.);
#3457 = VERTEX_POINT('',#3458);
#3458 = CARTESIAN_POINT('',(-5.478941224167,-0.1,6.945927106677E-02));
#3459 = LINE('',#3460,#3461);
#3460 = CARTESIAN_POINT('',(-5.872864325372,-0.1,-0.4));
#3461 = VECTOR('',#3462,1.);
#3462 = DIRECTION('',(-0.642787609687,-0.,-0.766044443119));
#3463 = ORIENTED_EDGE('',*,*,#3464,.T.);
#3464 = EDGE_CURVE('',#3457,#1646,#3465,.T.);
#3465 = LINE('',#3466,#3467);
#3466 = CARTESIAN_POINT('',(-5.478941224167,-0.1,6.945927106677E-02));
#3467 = VECTOR('',#3468,1.);
#3468 = DIRECTION('',(0.,1.,0.));
#3469 = PLANE('',#3470);
#3470 = AXIS2_PLACEMENT_3D('',#3471,#3472,#3473);
#3471 = CARTESIAN_POINT('',(-5.872864325372,-0.1,-0.4));
#3472 = DIRECTION('',(0.766044443119,0.,-0.642787609687));
#3473 = DIRECTION('',(-0.642787609687,0.,-0.766044443119));
#3474 = ADVANCED_FACE('',(#3475),#3493,.F.);
#3475 = FACE_BOUND('',#3476,.T.);
#3476 = EDGE_LOOP('',(#3477,#3478,#3479,#3487));
#3477 = ORIENTED_EDGE('',*,*,#1653,.T.);
#3478 = ORIENTED_EDGE('',*,*,#3464,.F.);
#3479 = ORIENTED_EDGE('',*,*,#3480,.F.);
#3480 = EDGE_CURVE('',#3481,#3457,#3483,.T.);
#3481 = VERTEX_POINT('',#3482);
#3482 = CARTESIAN_POINT('',(-5.872864325372,-0.1,0.4));
#3483 = LINE('',#3484,#3485);
#3484 = CARTESIAN_POINT('',(-5.478941224167,-0.1,6.945927106677E-02));
#3485 = VECTOR('',#3486,1.);
#3486 = DIRECTION('',(0.766044443119,0.,-0.642787609687));
#3487 = ORIENTED_EDGE('',*,*,#3488,.T.);
#3488 = EDGE_CURVE('',#3481,#1654,#3489,.T.);
#3489 = LINE('',#3490,#3491);
#3490 = CARTESIAN_POINT('',(-5.872864325372,-0.1,0.4));
#3491 = VECTOR('',#3492,1.);
#3492 = DIRECTION('',(0.,1.,0.));
#3493 = PLANE('',#3494);
#3494 = AXIS2_PLACEMENT_3D('',#3495,#3496,#3497);
#3495 = CARTESIAN_POINT('',(-5.478941224167,-0.1,6.945927106677E-02));
#3496 = DIRECTION('',(0.642787609687,0.,0.766044443119));
#3497 = DIRECTION('',(0.766044443119,0.,-0.642787609687));
#3498 = ADVANCED_FACE('',(#3499),#3510,.F.);
#3499 = FACE_BOUND('',#3500,.T.);
#3500 = EDGE_LOOP('',(#3501,#3502,#3503,#3509));
#3501 = ORIENTED_EDGE('',*,*,#1661,.T.);
#3502 = ORIENTED_EDGE('',*,*,#3488,.F.);
#3503 = ORIENTED_EDGE('',*,*,#3504,.F.);
#3504 = EDGE_CURVE('',#3377,#3481,#3505,.T.);
#3505 = LINE('',#3506,#3507);
#3506 = CARTESIAN_POINT('',(-9.060181456431,-0.1,0.4));
#3507 = VECTOR('',#3508,1.);
#3508 = DIRECTION('',(1.,0.,2.551210299849E-16));
#3509 = ORIENTED_EDGE('',*,*,#3376,.T.);
#3510 = PLANE('',#3511);
#3511 = AXIS2_PLACEMENT_3D('',#3512,#3513,#3514);
#3512 = CARTESIAN_POINT('',(-9.060181456431,-0.1,0.4));
#3513 = DIRECTION('',(-2.551210299849E-16,0.,1.));
#3514 = DIRECTION('',(1.,0.,2.551210299849E-16));
#3515 = ADVANCED_FACE('',(#3516),#3541,.F.);
#3516 = FACE_BOUND('',#3517,.T.);
#3517 = EDGE_LOOP('',(#3518,#3519,#3527,#3535));
#3518 = ORIENTED_EDGE('',*,*,#1669,.T.);
#3519 = ORIENTED_EDGE('',*,*,#3520,.F.);
#3520 = EDGE_CURVE('',#3521,#1672,#3523,.T.);
#3521 = VERTEX_POINT('',#3522);
#3522 = CARTESIAN_POINT('',(-8.744483111555,-0.1,-3.590984216664));
#3523 = LINE('',#3524,#3525);
#3524 = CARTESIAN_POINT('',(-8.744483111555,-0.1,-3.590984216664));
#3525 = VECTOR('',#3526,1.);
#3526 = DIRECTION('',(0.,1.,0.));
#3527 = ORIENTED_EDGE('',*,*,#3528,.F.);
#3528 = EDGE_CURVE('',#3529,#3521,#3531,.T.);
#3529 = VERTEX_POINT('',#3530);
#3530 = CARTESIAN_POINT('',(-8.996113014613,-0.1,-0.714841263766));
#3531 = LINE('',#3532,#3533);
#3532 = CARTESIAN_POINT('',(-8.744483111555,-0.1,-3.590984216664));
#3533 = VECTOR('',#3534,1.);
#3534 = DIRECTION('',(8.715574274765E-02,0.,-0.996194698092));
#3535 = ORIENTED_EDGE('',*,*,#3536,.T.);
#3536 = EDGE_CURVE('',#3529,#1670,#3537,.T.);
#3537 = LINE('',#3538,#3539);
#3538 = CARTESIAN_POINT('',(-8.996113014613,-0.1,-0.714841263766));
#3539 = VECTOR('',#3540,1.);
#3540 = DIRECTION('',(0.,1.,0.));
#3541 = PLANE('',#3542);
#3542 = AXIS2_PLACEMENT_3D('',#3543,#3544,#3545);
#3543 = CARTESIAN_POINT('',(-8.744483111555,-0.1,-3.590984216664));
#3544 = DIRECTION('',(0.996194698092,0.,8.715574274765E-02));
#3545 = DIRECTION('',(8.715574274765E-02,0.,-0.996194698092));
#3546 = ADVANCED_FACE('',(#3547),#3565,.F.);
#3547 = FACE_BOUND('',#3548,.T.);
#3548 = EDGE_LOOP('',(#3549,#3550,#3551,#3559));
#3549 = ORIENTED_EDGE('',*,*,#1679,.T.);
#3550 = ORIENTED_EDGE('',*,*,#3536,.F.);
#3551 = ORIENTED_EDGE('',*,*,#3552,.F.);
#3552 = EDGE_CURVE('',#3553,#3529,#3555,.T.);
#3553 = VERTEX_POINT('',#3554);
#3554 = CARTESIAN_POINT('',(-9.482853171971,-0.1,-0.306417777248));
#3555 = LINE('',#3556,#3557);
#3556 = CARTESIAN_POINT('',(-8.996113014613,-0.1,-0.714841263766));
#3557 = VECTOR('',#3558,1.);
#3558 = DIRECTION('',(0.766044443119,0.,-0.642787609687));
#3559 = ORIENTED_EDGE('',*,*,#3560,.T.);
#3560 = EDGE_CURVE('',#3553,#1680,#3561,.T.);
#3561 = LINE('',#3562,#3563);
#3562 = CARTESIAN_POINT('',(-9.482853171971,-0.1,-0.306417777248));
#3563 = VECTOR('',#3564,1.);
#3564 = DIRECTION('',(0.,1.,0.));
#3565 = PLANE('',#3566);
#3566 = AXIS2_PLACEMENT_3D('',#3567,#3568,#3569);
#3567 = CARTESIAN_POINT('',(-8.996113014613,-0.1,-0.714841263766));
#3568 = DIRECTION('',(0.642787609687,0.,0.766044443119));
#3569 = DIRECTION('',(0.766044443119,0.,-0.642787609687));
#3570 = ADVANCED_FACE('',(#3571),#3589,.F.);
#3571 = FACE_BOUND('',#3572,.T.);
#3572 = EDGE_LOOP('',(#3573,#3574,#3575,#3583));
#3573 = ORIENTED_EDGE('',*,*,#1687,.T.);
#3574 = ORIENTED_EDGE('',*,*,#3560,.F.);
#3575 = ORIENTED_EDGE('',*,*,#3576,.F.);
#3576 = EDGE_CURVE('',#3577,#3553,#3579,.T.);
#3577 = VERTEX_POINT('',#3578);
#3578 = CARTESIAN_POINT('',(-9.801660849728,-0.1,-0.686357972562));
#3579 = LINE('',#3580,#3581);
#3580 = CARTESIAN_POINT('',(-9.482853171971,-0.1,-0.306417777248));
#3581 = VECTOR('',#3582,1.);
#3582 = DIRECTION('',(0.642787609687,0.,0.766044443119));
#3583 = ORIENTED_EDGE('',*,*,#3584,.T.);
#3584 = EDGE_CURVE('',#3577,#1688,#3585,.T.);
#3585 = LINE('',#3586,#3587);
#3586 = CARTESIAN_POINT('',(-9.801660849728,-0.1,-0.686357972562));
#3587 = VECTOR('',#3588,1.);
#3588 = DIRECTION('',(0.,1.,0.));
#3589 = PLANE('',#3590);
#3590 = AXIS2_PLACEMENT_3D('',#3591,#3592,#3593);
#3591 = CARTESIAN_POINT('',(-9.482853171971,-0.1,-0.306417777248));
#3592 = DIRECTION('',(-0.766044443119,0.,0.642787609687));
#3593 = DIRECTION('',(0.642787609687,0.,0.766044443119));
#3594 = ADVANCED_FACE('',(#3595),#3613,.F.);
#3595 = FACE_BOUND('',#3596,.T.);
#3596 = EDGE_LOOP('',(#3597,#3598,#3599,#3607));
#3597 = ORIENTED_EDGE('',*,*,#1695,.T.);
#3598 = ORIENTED_EDGE('',*,*,#3584,.F.);
#3599 = ORIENTED_EDGE('',*,*,#3600,.F.);
#3600 = EDGE_CURVE('',#3601,#3577,#3603,.T.);
#3601 = VERTEX_POINT('',#3602);
#3602 = CARTESIAN_POINT('',(-9.484568022235,-0.1,-4.310745575641));
#3603 = LINE('',#3604,#3605);
#3604 = CARTESIAN_POINT('',(-9.484568022235,-0.1,-4.310745575641));
#3605 = VECTOR('',#3606,1.);
#3606 = DIRECTION('',(-8.715574274765E-02,0.,0.996194698092));
#3607 = ORIENTED_EDGE('',*,*,#3608,.T.);
#3608 = EDGE_CURVE('',#3601,#1696,#3609,.T.);
#3609 = LINE('',#3610,#3611);
#3610 = CARTESIAN_POINT('',(-9.484568022235,-0.1,-4.310745575641));
#3611 = VECTOR('',#3612,1.);
#3612 = DIRECTION('',(0.,1.,0.));
#3613 = PLANE('',#3614);
#3614 = AXIS2_PLACEMENT_3D('',#3615,#3616,#3617);
#3615 = CARTESIAN_POINT('',(-9.484568022235,-0.1,-4.310745575641));
#3616 = DIRECTION('',(-0.996194698092,0.,-8.715574274765E-02));
#3617 = DIRECTION('',(-8.715574274765E-02,0.,0.996194698092));
#3618 = ADVANCED_FACE('',(#3619),#3637,.F.);
#3619 = FACE_BOUND('',#3620,.T.);
#3620 = EDGE_LOOP('',(#3621,#3622,#3623,#3631));
#3621 = ORIENTED_EDGE('',*,*,#1703,.T.);
#3622 = ORIENTED_EDGE('',*,*,#3608,.F.);
#3623 = ORIENTED_EDGE('',*,*,#3624,.F.);
#3624 = EDGE_CURVE('',#3625,#3601,#3627,.T.);
#3625 = VERTEX_POINT('',#3626);
#3626 = CARTESIAN_POINT('',(-9.404681652186,-0.1,-4.377778199286));
#3627 = LINE('',#3628,#3629);
#3628 = CARTESIAN_POINT('',(-9.484568022235,-0.1,-4.310745575641));
#3629 = VECTOR('',#3630,1.);
#3630 = DIRECTION('',(-0.766044443119,0.,0.642787609687));
#3631 = ORIENTED_EDGE('',*,*,#3632,.T.);
#3632 = EDGE_CURVE('',#3625,#1704,#3633,.T.);
#3633 = LINE('',#3634,#3635);
#3634 = CARTESIAN_POINT('',(-9.404681652186,-0.1,-4.377778199286));
#3635 = VECTOR('',#3636,1.);
#3636 = DIRECTION('',(0.,1.,0.));
#3637 = PLANE('',#3638);
#3638 = AXIS2_PLACEMENT_3D('',#3639,#3640,#3641);
#3639 = CARTESIAN_POINT('',(-9.484568022235,-0.1,-4.310745575641));
#3640 = DIRECTION('',(-0.642787609687,0.,-0.766044443119));
#3641 = DIRECTION('',(-0.766044443119,0.,0.642787609687));
#3642 = ADVANCED_FACE('',(#3643),#3654,.F.);
#3643 = FACE_BOUND('',#3644,.T.);
#3644 = EDGE_LOOP('',(#3645,#3646,#3647,#3653));
#3645 = ORIENTED_EDGE('',*,*,#1711,.T.);
#3646 = ORIENTED_EDGE('',*,*,#3632,.F.);
#3647 = ORIENTED_EDGE('',*,*,#3648,.F.);
#3648 = EDGE_CURVE('',#3521,#3625,#3649,.T.);
#3649 = LINE('',#3650,#3651);
#3650 = CARTESIAN_POINT('',(-9.404681652186,-0.1,-4.377778199286));
#3651 = VECTOR('',#3652,1.);
#3652 = DIRECTION('',(-0.642787609687,-0.,-0.766044443119));
#3653 = ORIENTED_EDGE('',*,*,#3520,.T.);
#3654 = PLANE('',#3655);
#3655 = AXIS2_PLACEMENT_3D('',#3656,#3657,#3658);
#3656 = CARTESIAN_POINT('',(-9.404681652186,-0.1,-4.377778199286));
#3657 = DIRECTION('',(0.766044443119,0.,-0.642787609687));
#3658 = DIRECTION('',(-0.642787609687,0.,-0.766044443119));
#3659 = ADVANCED_FACE('',(#3660),#3686,.F.);
#3660 = FACE_BOUND('',#3661,.F.);
#3661 = EDGE_LOOP('',(#3662,#3663,#3671,#3680));
#3662 = ORIENTED_EDGE('',*,*,#1719,.F.);
#3663 = ORIENTED_EDGE('',*,*,#3664,.F.);
#3664 = EDGE_CURVE('',#3665,#1720,#3667,.T.);
#3665 = VERTEX_POINT('',#3666);
#3666 = CARTESIAN_POINT('',(10.328914588941,-0.1,5.55));
#3667 = LINE('',#3668,#3669);
#3668 = CARTESIAN_POINT('',(10.328914588941,-0.1,5.55));
#3669 = VECTOR('',#3670,1.);
#3670 = DIRECTION('',(0.,1.,0.));
#3671 = ORIENTED_EDGE('',*,*,#3672,.T.);
#3672 = EDGE_CURVE('',#3665,#3673,#3675,.T.);
#3673 = VERTEX_POINT('',#3674);
#3674 = CARTESIAN_POINT('',(10.328914588941,-0.1,4.65));
#3675 = CIRCLE('',#3676,0.45);
#3676 = AXIS2_PLACEMENT_3D('',#3677,#3678,#3679);
#3677 = CARTESIAN_POINT('',(10.328914588941,-0.1,5.1));
#3678 = DIRECTION('',(0.,1.,0.));
#3679 = DIRECTION('',(0.,0.,1.));
#3680 = ORIENTED_EDGE('',*,*,#3681,.T.);
#3681 = EDGE_CURVE('',#3673,#1722,#3682,.T.);
#3682 = LINE('',#3683,#3684);
#3683 = CARTESIAN_POINT('',(10.328914588941,-0.1,4.65));
#3684 = VECTOR('',#3685,1.);
#3685 = DIRECTION('',(0.,1.,0.));
#3686 = CYLINDRICAL_SURFACE('',#3687,0.45);
#3687 = AXIS2_PLACEMENT_3D('',#3688,#3689,#3690);
#3688 = CARTESIAN_POINT('',(10.328914588941,-0.1,5.1));
#3689 = DIRECTION('',(0.,1.,0.));
#3690 = DIRECTION('',(0.,0.,1.));
#3691 = ADVANCED_FACE('',(#3692),#3704,.F.);
#3692 = FACE_BOUND('',#3693,.F.);
#3693 = EDGE_LOOP('',(#3694,#3695,#3696,#3697));
#3694 = ORIENTED_EDGE('',*,*,#3664,.T.);
#3695 = ORIENTED_EDGE('',*,*,#1730,.F.);
#3696 = ORIENTED_EDGE('',*,*,#3681,.F.);
#3697 = ORIENTED_EDGE('',*,*,#3698,.T.);
#3698 = EDGE_CURVE('',#3673,#3665,#3699,.T.);
#3699 = CIRCLE('',#3700,0.45);
#3700 = AXIS2_PLACEMENT_3D('',#3701,#3702,#3703);
#3701 = CARTESIAN_POINT('',(10.328914588941,-0.1,5.1));
#3702 = DIRECTION('',(0.,1.,0.));
#3703 = DIRECTION('',(0.,0.,1.));
#3704 = CYLINDRICAL_SURFACE('',#3705,0.45);
#3705 = AXIS2_PLACEMENT_3D('',#3706,#3707,#3708);
#3706 = CARTESIAN_POINT('',(10.328914588941,-0.1,5.1));
#3707 = DIRECTION('',(0.,1.,0.));
#3708 = DIRECTION('',(0.,0.,1.));
#3709 = ADVANCED_FACE('',(#3710),#3735,.F.);
#3710 = FACE_BOUND('',#3711,.T.);
#3711 = EDGE_LOOP('',(#3712,#3713,#3721,#3729));
#3712 = ORIENTED_EDGE('',*,*,#1739,.T.);
#3713 = ORIENTED_EDGE('',*,*,#3714,.F.);
#3714 = EDGE_CURVE('',#3715,#1742,#3717,.T.);
#3715 = VERTEX_POINT('',#3716);
#3716 = CARTESIAN_POINT('',(5.793912961303,-0.1,3.8));
#3717 = LINE('',#3718,#3719);
#3718 = CARTESIAN_POINT('',(5.793912961303,-0.1,3.8));
#3719 = VECTOR('',#3720,1.);
#3720 = DIRECTION('',(0.,1.,0.));
#3721 = ORIENTED_EDGE('',*,*,#3722,.F.);
#3722 = EDGE_CURVE('',#3723,#3715,#3725,.T.);
#3723 = VERTEX_POINT('',#3724);
#3724 = CARTESIAN_POINT('',(8.651570324213,-0.1,3.8));
#3725 = LINE('',#3726,#3727);
#3726 = CARTESIAN_POINT('',(5.793912961303,-0.1,3.8));
#3727 = VECTOR('',#3728,1.);
#3728 = DIRECTION('',(-1.,-0.,-6.738187311489E-14));
#3729 = ORIENTED_EDGE('',*,*,#3730,.T.);
#3730 = EDGE_CURVE('',#3723,#1740,#3731,.T.);
#3731 = LINE('',#3732,#3733);
#3732 = CARTESIAN_POINT('',(8.651570324213,-0.1,3.8));
#3733 = VECTOR('',#3734,1.);
#3734 = DIRECTION('',(0.,1.,0.));
#3735 = PLANE('',#3736);
#3736 = AXIS2_PLACEMENT_3D('',#3737,#3738,#3739);
#3737 = CARTESIAN_POINT('',(5.793912961303,-0.1,3.8));
#3738 = DIRECTION('',(6.738187311489E-14,0.,-1.));
#3739 = DIRECTION('',(-1.,0.,-6.738187311489E-14));
#3740 = ADVANCED_FACE('',(#3741),#3759,.F.);
#3741 = FACE_BOUND('',#3742,.T.);
#3742 = EDGE_LOOP('',(#3743,#3744,#3745,#3753));
#3743 = ORIENTED_EDGE('',*,*,#1749,.T.);
#3744 = ORIENTED_EDGE('',*,*,#3730,.F.);
#3745 = ORIENTED_EDGE('',*,*,#3746,.F.);
#3746 = EDGE_CURVE('',#3747,#3723,#3749,.T.);
#3747 = VERTEX_POINT('',#3748);
#3748 = CARTESIAN_POINT('',(9.311437663086,-0.1,4.52011883649));
#3749 = LINE('',#3750,#3751);
#3750 = CARTESIAN_POINT('',(8.651570324213,-0.1,3.8));
#3751 = VECTOR('',#3752,1.);
#3752 = DIRECTION('',(-0.675590207616,-0.,-0.73727733681));
#3753 = ORIENTED_EDGE('',*,*,#3754,.T.);
#3754 = EDGE_CURVE('',#3747,#1750,#3755,.T.);
#3755 = LINE('',#3756,#3757);
#3756 = CARTESIAN_POINT('',(9.311437663086,-0.1,4.52011883649));
#3757 = VECTOR('',#3758,1.);
#3758 = DIRECTION('',(0.,1.,0.));
#3759 = PLANE('',#3760);
#3760 = AXIS2_PLACEMENT_3D('',#3761,#3762,#3763);
#3761 = CARTESIAN_POINT('',(8.651570324213,-0.1,3.8));
#3762 = DIRECTION('',(0.73727733681,0.,-0.675590207616));
#3763 = DIRECTION('',(-0.675590207616,0.,-0.73727733681));
#3764 = ADVANCED_FACE('',(#3765),#3783,.F.);
#3765 = FACE_BOUND('',#3766,.T.);
#3766 = EDGE_LOOP('',(#3767,#3768,#3769,#3777));
#3767 = ORIENTED_EDGE('',*,*,#1757,.T.);
#3768 = ORIENTED_EDGE('',*,*,#3754,.F.);
#3769 = ORIENTED_EDGE('',*,*,#3770,.F.);
#3770 = EDGE_CURVE('',#3771,#3747,#3773,.T.);
#3771 = VERTEX_POINT('',#3772);
#3772 = CARTESIAN_POINT('',(9.231556499575,-0.1,4.6));
#3773 = LINE('',#3774,#3775);
#3774 = CARTESIAN_POINT('',(9.231556499575,-0.1,4.6));
#3775 = VECTOR('',#3776,1.);
#3776 = DIRECTION('',(0.707106781187,0.,-0.707106781187));
#3777 = ORIENTED_EDGE('',*,*,#3778,.T.);
#3778 = EDGE_CURVE('',#3771,#1758,#3779,.T.);
#3779 = LINE('',#3780,#3781);
#3780 = CARTESIAN_POINT('',(9.231556499575,-0.1,4.6));
#3781 = VECTOR('',#3782,1.);
#3782 = DIRECTION('',(0.,1.,0.));
#3783 = PLANE('',#3784);
#3784 = AXIS2_PLACEMENT_3D('',#3785,#3786,#3787);
#3785 = CARTESIAN_POINT('',(9.231556499575,-0.1,4.6));
#3786 = DIRECTION('',(0.707106781187,0.,0.707106781187));
#3787 = DIRECTION('',(0.707106781187,0.,-0.707106781187));
#3788 = ADVANCED_FACE('',(#3789),#3807,.F.);
#3789 = FACE_BOUND('',#3790,.T.);
#3790 = EDGE_LOOP('',(#3791,#3792,#3793,#3801));
#3791 = ORIENTED_EDGE('',*,*,#1765,.T.);
#3792 = ORIENTED_EDGE('',*,*,#3778,.F.);
#3793 = ORIENTED_EDGE('',*,*,#3794,.F.);
#3794 = EDGE_CURVE('',#3795,#3771,#3797,.T.);
#3795 = VERTEX_POINT('',#3796);
#3796 = CARTESIAN_POINT('',(5.081879530132,-0.1,4.6));
#3797 = LINE('',#3798,#3799);
#3798 = CARTESIAN_POINT('',(5.081879530132,-0.1,4.6));
#3799 = VECTOR('',#3800,1.);
#3800 = DIRECTION('',(1.,0.,-2.090190982034E-16));
#3801 = ORIENTED_EDGE('',*,*,#3802,.T.);
#3802 = EDGE_CURVE('',#3795,#1766,#3803,.T.);
#3803 = LINE('',#3804,#3805);
#3804 = CARTESIAN_POINT('',(5.081879530132,-0.1,4.6));
#3805 = VECTOR('',#3806,1.);
#3806 = DIRECTION('',(0.,1.,0.));
#3807 = PLANE('',#3808);
#3808 = AXIS2_PLACEMENT_3D('',#3809,#3810,#3811);
#3809 = CARTESIAN_POINT('',(5.081879530132,-0.1,4.6));
#3810 = DIRECTION('',(2.090190982034E-16,0.,1.));
#3811 = DIRECTION('',(1.,0.,-2.090190982034E-16));
#3812 = ADVANCED_FACE('',(#3813),#3831,.F.);
#3813 = FACE_BOUND('',#3814,.T.);
#3814 = EDGE_LOOP('',(#3815,#3816,#3817,#3825));
#3815 = ORIENTED_EDGE('',*,*,#1773,.T.);
#3816 = ORIENTED_EDGE('',*,*,#3802,.F.);
#3817 = ORIENTED_EDGE('',*,*,#3818,.F.);
#3818 = EDGE_CURVE('',#3819,#3795,#3821,.T.);
#3819 = VERTEX_POINT('',#3820);
#3820 = CARTESIAN_POINT('',(5.00488784306,-0.1,4.523008312929));
#3821 = LINE('',#3822,#3823);
#3822 = CARTESIAN_POINT('',(5.00488784306,-0.1,4.523008312929));
#3823 = VECTOR('',#3824,1.);
#3824 = DIRECTION('',(0.707106781187,0.,0.707106781187));
#3825 = ORIENTED_EDGE('',*,*,#3826,.T.);
#3826 = EDGE_CURVE('',#3819,#1774,#3827,.T.);
#3827 = LINE('',#3828,#3829);
#3828 = CARTESIAN_POINT('',(5.00488784306,-0.1,4.523008312929));
#3829 = VECTOR('',#3830,1.);
#3830 = DIRECTION('',(0.,1.,0.));
#3831 = PLANE('',#3832);
#3832 = AXIS2_PLACEMENT_3D('',#3833,#3834,#3835);
#3833 = CARTESIAN_POINT('',(5.00488784306,-0.1,4.523008312929));
#3834 = DIRECTION('',(-0.707106781187,0.,0.707106781187));
#3835 = DIRECTION('',(0.707106781187,0.,0.707106781187));
#3836 = ADVANCED_FACE('',(#3837),#3848,.F.);
#3837 = FACE_BOUND('',#3838,.T.);
#3838 = EDGE_LOOP('',(#3839,#3840,#3841,#3847));
#3839 = ORIENTED_EDGE('',*,*,#1781,.T.);
#3840 = ORIENTED_EDGE('',*,*,#3826,.F.);
#3841 = ORIENTED_EDGE('',*,*,#3842,.F.);
#3842 = EDGE_CURVE('',#3715,#3819,#3843,.T.);
#3843 = LINE('',#3844,#3845);
#3844 = CARTESIAN_POINT('',(5.793912961303,-0.1,3.8));
#3845 = VECTOR('',#3846,1.);
#3846 = DIRECTION('',(-0.73727733681,0.,0.675590207616));
#3847 = ORIENTED_EDGE('',*,*,#3714,.T.);
#3848 = PLANE('',#3849);
#3849 = AXIS2_PLACEMENT_3D('',#3850,#3851,#3852);
#3850 = CARTESIAN_POINT('',(5.793912961303,-0.1,3.8));
#3851 = DIRECTION('',(-0.675590207616,0.,-0.73727733681));
#3852 = DIRECTION('',(-0.73727733681,0.,0.675590207616));
#3853 = ADVANCED_FACE('',(#3854),#3879,.F.);
#3854 = FACE_BOUND('',#3855,.T.);
#3855 = EDGE_LOOP('',(#3856,#3857,#3865,#3873));
#3856 = ORIENTED_EDGE('',*,*,#1789,.T.);
#3857 = ORIENTED_EDGE('',*,*,#3858,.F.);
#3858 = EDGE_CURVE('',#3859,#1792,#3861,.T.);
#3859 = VERTEX_POINT('',#3860);
#3860 = CARTESIAN_POINT('',(10.039660164582,-0.1,-4.6));
#3861 = LINE('',#3862,#3863);
#3862 = CARTESIAN_POINT('',(10.039660164582,-0.1,-4.6));
#3863 = VECTOR('',#3864,1.);
#3864 = DIRECTION('',(0.,1.,0.));
#3865 = ORIENTED_EDGE('',*,*,#3866,.F.);
#3866 = EDGE_CURVE('',#3867,#3859,#3869,.T.);
#3867 = VERTEX_POINT('',#3868);
#3868 = CARTESIAN_POINT('',(10.091285684047,-0.1,-4.538475101707));
#3869 = LINE('',#3870,#3871);
#3870 = CARTESIAN_POINT('',(10.039660164582,-0.1,-4.6));
#3871 = VECTOR('',#3872,1.);
#3872 = DIRECTION('',(-0.642787609687,-0.,-0.766044443119));
#3873 = ORIENTED_EDGE('',*,*,#3874,.T.);
#3874 = EDGE_CURVE('',#3867,#1790,#3875,.T.);
#3875 = LINE('',#3876,#3877);
#3876 = CARTESIAN_POINT('',(10.091285684047,-0.1,-4.538475101707));
#3877 = VECTOR('',#3878,1.);
#3878 = DIRECTION('',(0.,1.,0.));
#3879 = PLANE('',#3880);
#3880 = AXIS2_PLACEMENT_3D('',#3881,#3882,#3883);
#3881 = CARTESIAN_POINT('',(10.039660164582,-0.1,-4.6));
#3882 = DIRECTION('',(0.766044443119,0.,-0.642787609687));
#3883 = DIRECTION('',(-0.642787609687,0.,-0.766044443119));
#3884 = ADVANCED_FACE('',(#3885),#3903,.F.);
#3885 = FACE_BOUND('',#3886,.T.);
#3886 = EDGE_LOOP('',(#3887,#3888,#3889,#3897));
#3887 = ORIENTED_EDGE('',*,*,#1799,.T.);
#3888 = ORIENTED_EDGE('',*,*,#3874,.F.);
#3889 = ORIENTED_EDGE('',*,*,#3890,.F.);
#3890 = EDGE_CURVE('',#3891,#3867,#3893,.T.);
#3891 = VERTEX_POINT('',#3892);
#3892 = CARTESIAN_POINT('',(9.29792784995,-0.1,-3.872768835725));
#3893 = LINE('',#3894,#3895);
#3894 = CARTESIAN_POINT('',(10.091285684047,-0.1,-4.538475101707));
#3895 = VECTOR('',#3896,1.);
#3896 = DIRECTION('',(0.766044443119,0.,-0.642787609687));
#3897 = ORIENTED_EDGE('',*,*,#3898,.T.);
#3898 = EDGE_CURVE('',#3891,#1800,#3899,.T.);
#3899 = LINE('',#3900,#3901);
#3900 = CARTESIAN_POINT('',(9.29792784995,-0.1,-3.872768835725));
#3901 = VECTOR('',#3902,1.);
#3902 = DIRECTION('',(0.,1.,0.));
#3903 = PLANE('',#3904);
#3904 = AXIS2_PLACEMENT_3D('',#3905,#3906,#3907);
#3905 = CARTESIAN_POINT('',(10.091285684047,-0.1,-4.538475101707));
#3906 = DIRECTION('',(0.642787609687,0.,0.766044443119));
#3907 = DIRECTION('',(0.766044443119,0.,-0.642787609687));
#3908 = ADVANCED_FACE('',(#3909),#3927,.F.);
#3909 = FACE_BOUND('',#3910,.T.);
#3910 = EDGE_LOOP('',(#3911,#3912,#3913,#3921));
#3911 = ORIENTED_EDGE('',*,*,#1807,.T.);
#3912 = ORIENTED_EDGE('',*,*,#3898,.F.);
#3913 = ORIENTED_EDGE('',*,*,#3914,.F.);
#3914 = EDGE_CURVE('',#3915,#3891,#3917,.T.);
#3915 = VERTEX_POINT('',#3916);
#3916 = CARTESIAN_POINT('',(6.345423340853,-0.1,-3.872768835725));
#3917 = LINE('',#3918,#3919);
#3918 = CARTESIAN_POINT('',(9.29792784995,-0.1,-3.872768835725));
#3919 = VECTOR('',#3920,1.);
#3920 = DIRECTION('',(1.,0.,6.756744964238E-15));
#3921 = ORIENTED_EDGE('',*,*,#3922,.T.);
#3922 = EDGE_CURVE('',#3915,#1808,#3923,.T.);
#3923 = LINE('',#3924,#3925);
#3924 = CARTESIAN_POINT('',(6.345423340853,-0.1,-3.872768835725));
#3925 = VECTOR('',#3926,1.);
#3926 = DIRECTION('',(0.,1.,0.));
#3927 = PLANE('',#3928);
#3928 = AXIS2_PLACEMENT_3D('',#3929,#3930,#3931);
#3929 = CARTESIAN_POINT('',(9.29792784995,-0.1,-3.872768835725));
#3930 = DIRECTION('',(-6.756744964238E-15,0.,1.));
#3931 = DIRECTION('',(1.,0.,6.756744964238E-15));
#3932 = ADVANCED_FACE('',(#3933),#3951,.F.);
#3933 = FACE_BOUND('',#3934,.T.);
#3934 = EDGE_LOOP('',(#3935,#3936,#3937,#3945));
#3935 = ORIENTED_EDGE('',*,*,#1815,.T.);
#3936 = ORIENTED_EDGE('',*,*,#3922,.F.);
#3937 = ORIENTED_EDGE('',*,*,#3938,.F.);
#3938 = EDGE_CURVE('',#3939,#3915,#3941,.T.);
#3939 = VERTEX_POINT('',#3940);
#3940 = CARTESIAN_POINT('',(5.786829458594,-0.1,-4.538475101707));
#3941 = LINE('',#3942,#3943);
#3942 = CARTESIAN_POINT('',(5.786829458594,-0.1,-4.538475101707));
#3943 = VECTOR('',#3944,1.);
#3944 = DIRECTION('',(0.642787609687,0.,0.766044443119));
#3945 = ORIENTED_EDGE('',*,*,#3946,.T.);
#3946 = EDGE_CURVE('',#3939,#1816,#3947,.T.);
#3947 = LINE('',#3948,#3949);
#3948 = CARTESIAN_POINT('',(5.786829458594,-0.1,-4.538475101707));
#3949 = VECTOR('',#3950,1.);
#3950 = DIRECTION('',(0.,1.,0.));
#3951 = PLANE('',#3952);
#3952 = AXIS2_PLACEMENT_3D('',#3953,#3954,#3955);
#3953 = CARTESIAN_POINT('',(5.786829458594,-0.1,-4.538475101707));
#3954 = DIRECTION('',(-0.766044443119,0.,0.642787609687));
#3955 = DIRECTION('',(0.642787609687,0.,0.766044443119));
#3956 = ADVANCED_FACE('',(#3957),#3975,.F.);
#3957 = FACE_BOUND('',#3958,.T.);
#3958 = EDGE_LOOP('',(#3959,#3960,#3961,#3969));
#3959 = ORIENTED_EDGE('',*,*,#1823,.T.);
#3960 = ORIENTED_EDGE('',*,*,#3946,.F.);
#3961 = ORIENTED_EDGE('',*,*,#3962,.F.);
#3962 = EDGE_CURVE('',#3963,#3939,#3965,.T.);
#3963 = VERTEX_POINT('',#3964);
#3964 = CARTESIAN_POINT('',(5.860151977168,-0.1,-4.6));
#3965 = LINE('',#3966,#3967);
#3966 = CARTESIAN_POINT('',(5.786829458594,-0.1,-4.538475101707));
#3967 = VECTOR('',#3968,1.);
#3968 = DIRECTION('',(-0.766044443119,0.,0.642787609687));
#3969 = ORIENTED_EDGE('',*,*,#3970,.T.);
#3970 = EDGE_CURVE('',#3963,#1824,#3971,.T.);
#3971 = LINE('',#3972,#3973);
#3972 = CARTESIAN_POINT('',(5.860151977168,-0.1,-4.6));
#3973 = VECTOR('',#3974,1.);
#3974 = DIRECTION('',(0.,1.,0.));
#3975 = PLANE('',#3976);
#3976 = AXIS2_PLACEMENT_3D('',#3977,#3978,#3979);
#3977 = CARTESIAN_POINT('',(5.786829458594,-0.1,-4.538475101707));
#3978 = DIRECTION('',(-0.642787609687,0.,-0.766044443119));
#3979 = DIRECTION('',(-0.766044443119,0.,0.642787609687));
#3980 = ADVANCED_FACE('',(#3981),#3992,.F.);
#3981 = FACE_BOUND('',#3982,.T.);
#3982 = EDGE_LOOP('',(#3983,#3984,#3985,#3991));
#3983 = ORIENTED_EDGE('',*,*,#1831,.T.);
#3984 = ORIENTED_EDGE('',*,*,#3970,.F.);
#3985 = ORIENTED_EDGE('',*,*,#3986,.F.);
#3986 = EDGE_CURVE('',#3859,#3963,#3987,.T.);
#3987 = LINE('',#3988,#3989);
#3988 = CARTESIAN_POINT('',(10.039660164582,-0.1,-4.6));
#3989 = VECTOR('',#3990,1.);
#3990 = DIRECTION('',(-1.,0.,2.075272254761E-16));
#3991 = ORIENTED_EDGE('',*,*,#3858,.T.);
#3992 = PLANE('',#3993);
#3993 = AXIS2_PLACEMENT_3D('',#3994,#3995,#3996);
#3994 = CARTESIAN_POINT('',(10.039660164582,-0.1,-4.6));
#3995 = DIRECTION('',(-2.075272254761E-16,0.,-1.));
#3996 = DIRECTION('',(-1.,0.,2.075272254761E-16));
#3997 = ADVANCED_FACE('',(#3998),#4023,.F.);
#3998 = FACE_BOUND('',#3999,.T.);
#3999 = EDGE_LOOP('',(#4000,#4001,#4009,#4017));
#4000 = ORIENTED_EDGE('',*,*,#1839,.T.);
#4001 = ORIENTED_EDGE('',*,*,#4002,.F.);
#4002 = EDGE_CURVE('',#4003,#1842,#4005,.T.);
#4003 = VERTEX_POINT('',#4004);
#4004 = CARTESIAN_POINT('',(4.827942735229,-0.1,4.346063205097));
#4005 = LINE('',#4006,#4007);
#4006 = CARTESIAN_POINT('',(4.827942735229,-0.1,4.346063205097));
#4007 = VECTOR('',#4008,1.);
#4008 = DIRECTION('',(0.,1.,0.));
#4009 = ORIENTED_EDGE('',*,*,#4010,.F.);
#4010 = EDGE_CURVE('',#4011,#4003,#4013,.T.);
#4011 = VERTEX_POINT('',#4012);
#4012 = CARTESIAN_POINT('',(4.763681478598,-0.1,4.281801948466));
#4013 = LINE('',#4014,#4015);
#4014 = CARTESIAN_POINT('',(4.763681478598,-0.1,4.281801948466));
#4015 = VECTOR('',#4016,1.);
#4016 = DIRECTION('',(0.707106781187,0.,0.707106781187));
#4017 = ORIENTED_EDGE('',*,*,#4018,.T.);
#4018 = EDGE_CURVE('',#4011,#1840,#4019,.T.);
#4019 = LINE('',#4020,#4021);
#4020 = CARTESIAN_POINT('',(4.763681478598,-0.1,4.281801948466));
#4021 = VECTOR('',#4022,1.);
#4022 = DIRECTION('',(0.,1.,0.));
#4023 = PLANE('',#4024);
#4024 = AXIS2_PLACEMENT_3D('',#4025,#4026,#4027);
#4025 = CARTESIAN_POINT('',(4.763681478598,-0.1,4.281801948466));
#4026 = DIRECTION('',(-0.707106781187,0.,0.707106781187));
#4027 = DIRECTION('',(0.707106781187,0.,0.707106781187));
#4028 = ADVANCED_FACE('',(#4029),#4047,.F.);
#4029 = FACE_BOUND('',#4030,.T.);
#4030 = EDGE_LOOP('',(#4031,#4032,#4033,#4041));
#4031 = ORIENTED_EDGE('',*,*,#1849,.T.);
#4032 = ORIENTED_EDGE('',*,*,#4018,.F.);
#4033 = ORIENTED_EDGE('',*,*,#4034,.F.);
#4034 = EDGE_CURVE('',#4035,#4011,#4037,.T.);
#4035 = VERTEX_POINT('',#4036);
#4036 = CARTESIAN_POINT('',(5.087903899342,-0.1,0.575922721632));
#4037 = LINE('',#4038,#4039);
#4038 = CARTESIAN_POINT('',(5.087903899342,-0.1,0.575922721632));
#4039 = VECTOR('',#4040,1.);
#4040 = DIRECTION('',(-8.715574274765E-02,0.,0.996194698092));
#4041 = ORIENTED_EDGE('',*,*,#4042,.T.);
#4042 = EDGE_CURVE('',#4035,#1850,#4043,.T.);
#4043 = LINE('',#4044,#4045);
#4044 = CARTESIAN_POINT('',(5.087903899342,-0.1,0.575922721632));
#4045 = VECTOR('',#4046,1.);
#4046 = DIRECTION('',(0.,1.,0.));
#4047 = PLANE('',#4048);
#4048 = AXIS2_PLACEMENT_3D('',#4049,#4050,#4051);
#4049 = CARTESIAN_POINT('',(5.087903899342,-0.1,0.575922721632));
#4050 = DIRECTION('',(-0.996194698092,0.,-8.715574274765E-02));
#4051 = DIRECTION('',(-8.715574274765E-02,0.,0.996194698092));
#4052 = ADVANCED_FACE('',(#4053),#4071,.F.);
#4053 = FACE_BOUND('',#4054,.T.);
#4054 = EDGE_LOOP('',(#4055,#4056,#4057,#4065));
#4055 = ORIENTED_EDGE('',*,*,#1857,.T.);
#4056 = ORIENTED_EDGE('',*,*,#4042,.F.);
#4057 = ORIENTED_EDGE('',*,*,#4058,.F.);
#4058 = EDGE_CURVE('',#4059,#4035,#4061,.T.);
#4059 = VERTEX_POINT('',#4060);
#4060 = CARTESIAN_POINT('',(5.521244075678,-0.1,0.212307139494));
#4061 = LINE('',#4062,#4063);
#4062 = CARTESIAN_POINT('',(5.521244075678,-0.1,0.212307139494));
#4063 = VECTOR('',#4064,1.);
#4064 = DIRECTION('',(-0.766044443119,0.,0.642787609687));
#4065 = ORIENTED_EDGE('',*,*,#4066,.T.);
#4066 = EDGE_CURVE('',#4059,#1858,#4067,.T.);
#4067 = LINE('',#4068,#4069);
#4068 = CARTESIAN_POINT('',(5.521244075678,-0.1,0.212307139494));
#4069 = VECTOR('',#4070,1.);
#4070 = DIRECTION('',(0.,1.,0.));
#4071 = PLANE('',#4072);
#4072 = AXIS2_PLACEMENT_3D('',#4073,#4074,#4075);
#4073 = CARTESIAN_POINT('',(5.521244075678,-0.1,0.212307139494));
#4074 = DIRECTION('',(-0.642787609687,0.,-0.766044443119));
#4075 = DIRECTION('',(-0.766044443119,0.,0.642787609687));
#4076 = ADVANCED_FACE('',(#4077),#4095,.F.);
#4077 = FACE_BOUND('',#4078,.T.);
#4078 = EDGE_LOOP('',(#4079,#4080,#4081,#4089));
#4079 = ORIENTED_EDGE('',*,*,#1865,.T.);
#4080 = ORIENTED_EDGE('',*,*,#4066,.F.);
#4081 = ORIENTED_EDGE('',*,*,#4082,.F.);
#4082 = EDGE_CURVE('',#4083,#4059,#4085,.T.);
#4083 = VERTEX_POINT('',#4084);
#4084 = CARTESIAN_POINT('',(5.884859657815,-0.1,0.64564731583));
#4085 = LINE('',#4086,#4087);
#4086 = CARTESIAN_POINT('',(5.521244075678,-0.1,0.212307139494));
#4087 = VECTOR('',#4088,1.);
#4088 = DIRECTION('',(-0.642787609687,-0.,-0.766044443119));
#4089 = ORIENTED_EDGE('',*,*,#4090,.T.);
#4090 = EDGE_CURVE('',#4083,#1866,#4091,.T.);
#4091 = LINE('',#4092,#4093);
#4092 = CARTESIAN_POINT('',(5.884859657815,-0.1,0.64564731583));
#4093 = VECTOR('',#4094,1.);
#4094 = DIRECTION('',(0.,1.,0.));
#4095 = PLANE('',#4096);
#4096 = AXIS2_PLACEMENT_3D('',#4097,#4098,#4099);
#4097 = CARTESIAN_POINT('',(5.521244075678,-0.1,0.212307139494));
#4098 = DIRECTION('',(0.766044443119,0.,-0.642787609687));
#4099 = DIRECTION('',(-0.642787609687,0.,-0.766044443119));
#4100 = ADVANCED_FACE('',(#4101),#4119,.F.);
#4101 = FACE_BOUND('',#4102,.T.);
#4102 = EDGE_LOOP('',(#4103,#4104,#4105,#4113));
#4103 = ORIENTED_EDGE('',*,*,#1873,.T.);
#4104 = ORIENTED_EDGE('',*,*,#4090,.F.);
#4105 = ORIENTED_EDGE('',*,*,#4106,.F.);
#4106 = EDGE_CURVE('',#4107,#4083,#4109,.T.);
#4107 = VERTEX_POINT('',#4108);
#4108 = CARTESIAN_POINT('',(5.625015409399,-0.1,3.615680665797));
#4109 = LINE('',#4110,#4111);
#4110 = CARTESIAN_POINT('',(5.884859657815,-0.1,0.64564731583));
#4111 = VECTOR('',#4112,1.);
#4112 = DIRECTION('',(8.715574274765E-02,0.,-0.996194698092));
#4113 = ORIENTED_EDGE('',*,*,#4114,.T.);
#4114 = EDGE_CURVE('',#4107,#1874,#4115,.T.);
#4115 = LINE('',#4116,#4117);
#4116 = CARTESIAN_POINT('',(5.625015409399,-0.1,3.615680665797));
#4117 = VECTOR('',#4118,1.);
#4118 = DIRECTION('',(0.,1.,0.));
#4119 = PLANE('',#4120);
#4120 = AXIS2_PLACEMENT_3D('',#4121,#4122,#4123);
#4121 = CARTESIAN_POINT('',(5.884859657815,-0.1,0.64564731583));
#4122 = DIRECTION('',(0.996194698092,0.,8.715574274765E-02));
#4123 = DIRECTION('',(8.715574274765E-02,0.,-0.996194698092));
#4124 = ADVANCED_FACE('',(#4125),#4136,.F.);
#4125 = FACE_BOUND('',#4126,.T.);
#4126 = EDGE_LOOP('',(#4127,#4128,#4129,#4135));
#4127 = ORIENTED_EDGE('',*,*,#1881,.T.);
#4128 = ORIENTED_EDGE('',*,*,#4114,.F.);
#4129 = ORIENTED_EDGE('',*,*,#4130,.F.);
#4130 = EDGE_CURVE('',#4003,#4107,#4131,.T.);
#4131 = LINE('',#4132,#4133);
#4132 = CARTESIAN_POINT('',(5.625015409399,-0.1,3.615680665797));
#4133 = VECTOR('',#4134,1.);
#4134 = DIRECTION('',(0.73727733681,0.,-0.675590207616));
#4135 = ORIENTED_EDGE('',*,*,#4002,.T.);
#4136 = PLANE('',#4137);
#4137 = AXIS2_PLACEMENT_3D('',#4138,#4139,#4140);
#4138 = CARTESIAN_POINT('',(5.625015409399,-0.1,3.615680665797));
#4139 = DIRECTION('',(0.675590207616,0.,0.73727733681));
#4140 = DIRECTION('',(0.73727733681,0.,-0.675590207616));
#4141 = ADVANCED_FACE('',(#4142),#4167,.F.);
#4142 = FACE_BOUND('',#4143,.T.);
#4143 = EDGE_LOOP('',(#4144,#4145,#4153,#4161));
#4144 = ORIENTED_EDGE('',*,*,#1889,.T.);
#4145 = ORIENTED_EDGE('',*,*,#4146,.F.);
#4146 = EDGE_CURVE('',#4147,#1892,#4149,.T.);
#4147 = VERTEX_POINT('',#4148);
#4148 = CARTESIAN_POINT('',(9.999336566986,-0.1,-0.488185971816));
#4149 = LINE('',#4150,#4151);
#4150 = CARTESIAN_POINT('',(9.999336566986,-0.1,-0.488185971816));
#4151 = VECTOR('',#4152,1.);
#4152 = DIRECTION('',(0.,1.,0.));
#4153 = ORIENTED_EDGE('',*,*,#4154,.F.);
#4154 = EDGE_CURVE('',#4155,#4147,#4157,.T.);
#4155 = VERTEX_POINT('',#4156);
#4156 = CARTESIAN_POINT('',(9.597293847297,-0.1,-0.150832074007));
#4157 = LINE('',#4158,#4159);
#4158 = CARTESIAN_POINT('',(9.597293847297,-0.1,-0.150832074007));
#4159 = VECTOR('',#4160,1.);
#4160 = DIRECTION('',(0.766044443119,0.,-0.642787609687));
#4161 = ORIENTED_EDGE('',*,*,#4162,.T.);
#4162 = EDGE_CURVE('',#4155,#1890,#4163,.T.);
#4163 = LINE('',#4164,#4165);
#4164 = CARTESIAN_POINT('',(9.597293847297,-0.1,-0.150832074007));
#4165 = VECTOR('',#4166,1.);
#4166 = DIRECTION('',(0.,1.,0.));
#4167 = PLANE('',#4168);
#4168 = AXIS2_PLACEMENT_3D('',#4169,#4170,#4171);
#4169 = CARTESIAN_POINT('',(9.597293847297,-0.1,-0.150832074007));
#4170 = DIRECTION('',(0.642787609687,0.,0.766044443119));
#4171 = DIRECTION('',(0.766044443119,0.,-0.642787609687));
#4172 = ADVANCED_FACE('',(#4173),#4191,.F.);
#4173 = FACE_BOUND('',#4174,.T.);
#4174 = EDGE_LOOP('',(#4175,#4176,#4177,#4185));
#4175 = ORIENTED_EDGE('',*,*,#1899,.T.);
#4176 = ORIENTED_EDGE('',*,*,#4162,.F.);
#4177 = ORIENTED_EDGE('',*,*,#4178,.F.);
#4178 = EDGE_CURVE('',#4179,#4155,#4181,.T.);
#4179 = VERTEX_POINT('',#4180);
#4180 = CARTESIAN_POINT('',(9.20741658083,-0.1,-0.615469706989));
#4181 = LINE('',#4182,#4183);
#4182 = CARTESIAN_POINT('',(9.597293847297,-0.1,-0.150832074007));
#4183 = VECTOR('',#4184,1.);
#4184 = DIRECTION('',(0.642787609687,0.,0.766044443119));
#4185 = ORIENTED_EDGE('',*,*,#4186,.T.);
#4186 = EDGE_CURVE('',#4179,#1900,#4187,.T.);
#4187 = LINE('',#4188,#4189);
#4188 = CARTESIAN_POINT('',(9.20741658083,-0.1,-0.615469706989));
#4189 = VECTOR('',#4190,1.);
#4190 = DIRECTION('',(0.,1.,0.));
#4191 = PLANE('',#4192);
#4192 = AXIS2_PLACEMENT_3D('',#4193,#4194,#4195);
#4193 = CARTESIAN_POINT('',(9.597293847297,-0.1,-0.150832074007));
#4194 = DIRECTION('',(-0.766044443119,0.,0.642787609687));
#4195 = DIRECTION('',(0.642787609687,0.,0.766044443119));
#4196 = ADVANCED_FACE('',(#4197),#4215,.F.);
#4197 = FACE_BOUND('',#4198,.T.);
#4198 = EDGE_LOOP('',(#4199,#4200,#4201,#4209));
#4199 = ORIENTED_EDGE('',*,*,#1907,.T.);
#4200 = ORIENTED_EDGE('',*,*,#4186,.F.);
#4201 = ORIENTED_EDGE('',*,*,#4202,.F.);
#4202 = EDGE_CURVE('',#4203,#4179,#4205,.T.);
#4203 = VERTEX_POINT('',#4204);
#4204 = CARTESIAN_POINT('',(9.476986224129,-0.1,-3.696664829124));
#4205 = LINE('',#4206,#4207);
#4206 = CARTESIAN_POINT('',(9.20741658083,-0.1,-0.615469706989));
#4207 = VECTOR('',#4208,1.);
#4208 = DIRECTION('',(-8.715574274765E-02,0.,0.996194698092));
#4209 = ORIENTED_EDGE('',*,*,#4210,.T.);
#4210 = EDGE_CURVE('',#4203,#1908,#4211,.T.);
#4211 = LINE('',#4212,#4213);
#4212 = CARTESIAN_POINT('',(9.476986224129,-0.1,-3.696664829124));
#4213 = VECTOR('',#4214,1.);
#4214 = DIRECTION('',(0.,1.,0.));
#4215 = PLANE('',#4216);
#4216 = AXIS2_PLACEMENT_3D('',#4217,#4218,#4219);
#4217 = CARTESIAN_POINT('',(9.20741658083,-0.1,-0.615469706989));
#4218 = DIRECTION('',(-0.996194698092,0.,-8.715574274765E-02));
#4219 = DIRECTION('',(-8.715574274765E-02,0.,0.996194698092));
#4220 = ADVANCED_FACE('',(#4221),#4239,.F.);
#4221 = FACE_BOUND('',#4222,.T.);
#4222 = EDGE_LOOP('',(#4223,#4224,#4225,#4233));
#4223 = ORIENTED_EDGE('',*,*,#1915,.T.);
#4224 = ORIENTED_EDGE('',*,*,#4210,.F.);
#4225 = ORIENTED_EDGE('',*,*,#4226,.F.);
#4226 = EDGE_CURVE('',#4227,#4203,#4229,.T.);
#4227 = VERTEX_POINT('',#4228);
#4228 = CARTESIAN_POINT('',(10.251982586469,-0.1,-4.346963990928));
#4229 = LINE('',#4230,#4231);
#4230 = CARTESIAN_POINT('',(10.251982586469,-0.1,-4.346963990928));
#4231 = VECTOR('',#4232,1.);
#4232 = DIRECTION('',(-0.766044443119,0.,0.642787609687));
#4233 = ORIENTED_EDGE('',*,*,#4234,.T.);
#4234 = EDGE_CURVE('',#4227,#1916,#4235,.T.);
#4235 = LINE('',#4236,#4237);
#4236 = CARTESIAN_POINT('',(10.251982586469,-0.1,-4.346963990928));
#4237 = VECTOR('',#4238,1.);
#4238 = DIRECTION('',(0.,1.,0.));
#4239 = PLANE('',#4240);
#4240 = AXIS2_PLACEMENT_3D('',#4241,#4242,#4243);
#4241 = CARTESIAN_POINT('',(10.251982586469,-0.1,-4.346963990928));
#4242 = DIRECTION('',(-0.642787609687,0.,-0.766044443119));
#4243 = DIRECTION('',(-0.766044443119,0.,0.642787609687));
#4244 = ADVANCED_FACE('',(#4245),#4263,.F.);
#4245 = FACE_BOUND('',#4246,.T.);
#4246 = EDGE_LOOP('',(#4247,#4248,#4249,#4257));
#4247 = ORIENTED_EDGE('',*,*,#1923,.T.);
#4248 = ORIENTED_EDGE('',*,*,#4234,.F.);
#4249 = ORIENTED_EDGE('',*,*,#4250,.F.);
#4250 = EDGE_CURVE('',#4251,#4227,#4253,.T.);
#4251 = VERTEX_POINT('',#4252);
#4252 = CARTESIAN_POINT('',(10.328914588941,-0.1,-4.255280000596));
#4253 = LINE('',#4254,#4255);
#4254 = CARTESIAN_POINT('',(10.251982586469,-0.1,-4.346963990928));
#4255 = VECTOR('',#4256,1.);
#4256 = DIRECTION('',(-0.642787609687,-0.,-0.766044443119));
#4257 = ORIENTED_EDGE('',*,*,#4258,.T.);
#4258 = EDGE_CURVE('',#4251,#1924,#4259,.T.);
#4259 = LINE('',#4260,#4261);
#4260 = CARTESIAN_POINT('',(10.328914588941,-0.1,-4.255280000596));
#4261 = VECTOR('',#4262,1.);
#4262 = DIRECTION('',(0.,1.,0.));
#4263 = PLANE('',#4264);
#4264 = AXIS2_PLACEMENT_3D('',#4265,#4266,#4267);
#4265 = CARTESIAN_POINT('',(10.251982586469,-0.1,-4.346963990928));
#4266 = DIRECTION('',(0.766044443119,0.,-0.642787609687));
#4267 = DIRECTION('',(-0.642787609687,0.,-0.766044443119));
#4268 = ADVANCED_FACE('',(#4269),#4280,.F.);
#4269 = FACE_BOUND('',#4270,.T.);
#4270 = EDGE_LOOP('',(#4271,#4272,#4273,#4279));
#4271 = ORIENTED_EDGE('',*,*,#1931,.T.);
#4272 = ORIENTED_EDGE('',*,*,#4258,.F.);
#4273 = ORIENTED_EDGE('',*,*,#4274,.F.);
#4274 = EDGE_CURVE('',#4147,#4251,#4275,.T.);
#4275 = LINE('',#4276,#4277);
#4276 = CARTESIAN_POINT('',(9.999336566986,-0.1,-0.488185971816));
#4277 = VECTOR('',#4278,1.);
#4278 = DIRECTION('',(8.715574274765E-02,0.,-0.996194698092));
#4279 = ORIENTED_EDGE('',*,*,#4146,.T.);
#4280 = PLANE('',#4281);
#4281 = AXIS2_PLACEMENT_3D('',#4282,#4283,#4284);
#4282 = CARTESIAN_POINT('',(9.999336566986,-0.1,-0.488185971816));
#4283 = DIRECTION('',(0.996194698092,0.,8.715574274765E-02));
#4284 = DIRECTION('',(8.715574274765E-02,0.,-0.996194698092));
#4285 = ADVANCED_FACE('',(#4286),#4311,.F.);
#4286 = FACE_BOUND('',#4287,.T.);
#4287 = EDGE_LOOP('',(#4288,#4289,#4297,#4305));
#4288 = ORIENTED_EDGE('',*,*,#1939,.T.);
#4289 = ORIENTED_EDGE('',*,*,#4290,.F.);
#4290 = EDGE_CURVE('',#4291,#1942,#4293,.T.);
#4291 = VERTEX_POINT('',#4292);
#4292 = CARTESIAN_POINT('',(9.093244841652,-0.1,0.689519243317));
#4293 = LINE('',#4294,#4295);
#4294 = CARTESIAN_POINT('',(9.093244841652,-0.1,0.689519243317));
#4295 = VECTOR('',#4296,1.);
#4296 = DIRECTION('',(0.,1.,0.));
#4297 = ORIENTED_EDGE('',*,*,#4298,.F.);
#4298 = EDGE_CURVE('',#4299,#4291,#4301,.T.);
#4299 = VERTEX_POINT('',#4300);
#4300 = CARTESIAN_POINT('',(9.618563170703,-0.1,0.24872482716));
#4301 = LINE('',#4302,#4303);
#4302 = CARTESIAN_POINT('',(9.093244841652,-0.1,0.689519243317));
#4303 = VECTOR('',#4304,1.);
#4304 = DIRECTION('',(-0.766044443119,0.,0.642787609687));
#4305 = ORIENTED_EDGE('',*,*,#4306,.T.);
#4306 = EDGE_CURVE('',#4299,#1940,#4307,.T.);
#4307 = LINE('',#4308,#4309);
#4308 = CARTESIAN_POINT('',(9.618563170703,-0.1,0.24872482716));
#4309 = VECTOR('',#4310,1.);
#4310 = DIRECTION('',(0.,1.,0.));
#4311 = PLANE('',#4312);
#4312 = AXIS2_PLACEMENT_3D('',#4313,#4314,#4315);
#4313 = CARTESIAN_POINT('',(9.093244841652,-0.1,0.689519243317));
#4314 = DIRECTION('',(-0.642787609687,0.,-0.766044443119));
#4315 = DIRECTION('',(-0.766044443119,0.,0.642787609687));
#4316 = ADVANCED_FACE('',(#4317),#4335,.F.);
#4317 = FACE_BOUND('',#4318,.T.);
#4318 = EDGE_LOOP('',(#4319,#4320,#4321,#4329));
#4319 = ORIENTED_EDGE('',*,*,#1949,.T.);
#4320 = ORIENTED_EDGE('',*,*,#4306,.F.);
#4321 = ORIENTED_EDGE('',*,*,#4322,.F.);
#4322 = EDGE_CURVE('',#4323,#4299,#4325,.T.);
#4323 = VERTEX_POINT('',#4324);
#4324 = CARTESIAN_POINT('',(9.904999918821,-0.1,0.590086850781));
#4325 = LINE('',#4326,#4327);
#4326 = CARTESIAN_POINT('',(9.618563170703,-0.1,0.24872482716));
#4327 = VECTOR('',#4328,1.);
#4328 = DIRECTION('',(-0.642787609687,-0.,-0.766044443119));
#4329 = ORIENTED_EDGE('',*,*,#4330,.T.);
#4330 = EDGE_CURVE('',#4323,#1950,#4331,.T.);
#4331 = LINE('',#4332,#4333);
#4332 = CARTESIAN_POINT('',(9.904999918821,-0.1,0.590086850781));
#4333 = VECTOR('',#4334,1.);
#4334 = DIRECTION('',(0.,1.,0.));
#4335 = PLANE('',#4336);
#4336 = AXIS2_PLACEMENT_3D('',#4337,#4338,#4339);
#4337 = CARTESIAN_POINT('',(9.618563170703,-0.1,0.24872482716));
#4338 = DIRECTION('',(0.766044443119,0.,-0.642787609687));
#4339 = DIRECTION('',(-0.642787609687,0.,-0.766044443119));
#4340 = ADVANCED_FACE('',(#4341),#4359,.F.);
#4341 = FACE_BOUND('',#4342,.T.);
#4342 = EDGE_LOOP('',(#4343,#4344,#4345,#4353));
#4343 = ORIENTED_EDGE('',*,*,#1957,.T.);
#4344 = ORIENTED_EDGE('',*,*,#4330,.F.);
#4345 = ORIENTED_EDGE('',*,*,#4346,.F.);
#4346 = EDGE_CURVE('',#4347,#4323,#4349,.T.);
#4347 = VERTEX_POINT('',#4348);
#4348 = CARTESIAN_POINT('',(9.585109890169,-0.1,4.246446609407));
#4349 = LINE('',#4350,#4351);
#4350 = CARTESIAN_POINT('',(9.585109890169,-0.1,4.246446609407));
#4351 = VECTOR('',#4352,1.);
#4352 = DIRECTION('',(8.715574274765E-02,0.,-0.996194698092));
#4353 = ORIENTED_EDGE('',*,*,#4354,.T.);
#4354 = EDGE_CURVE('',#4347,#1958,#4355,.T.);
#4355 = LINE('',#4356,#4357);
#4356 = CARTESIAN_POINT('',(9.585109890169,-0.1,4.246446609407));
#4357 = VECTOR('',#4358,1.);
#4358 = DIRECTION('',(0.,1.,0.));
#4359 = PLANE('',#4360);
#4360 = AXIS2_PLACEMENT_3D('',#4361,#4362,#4363);
#4361 = CARTESIAN_POINT('',(9.585109890169,-0.1,4.246446609407));
#4362 = DIRECTION('',(0.996194698092,0.,8.715574274765E-02));
#4363 = DIRECTION('',(8.715574274765E-02,0.,-0.996194698092));
#4364 = ADVANCED_FACE('',(#4365),#4383,.F.);
#4365 = FACE_BOUND('',#4366,.T.);
#4366 = EDGE_LOOP('',(#4367,#4368,#4369,#4377));
#4367 = ORIENTED_EDGE('',*,*,#1965,.T.);
#4368 = ORIENTED_EDGE('',*,*,#4354,.F.);
#4369 = ORIENTED_EDGE('',*,*,#4370,.F.);
#4370 = EDGE_CURVE('',#4371,#4347,#4373,.T.);
#4371 = VERTEX_POINT('',#4372);
#4372 = CARTESIAN_POINT('',(9.488382770917,-0.1,4.343173728658));
#4373 = LINE('',#4374,#4375);
#4374 = CARTESIAN_POINT('',(9.488382770917,-0.1,4.343173728658));
#4375 = VECTOR('',#4376,1.);
#4376 = DIRECTION('',(0.707106781187,0.,-0.707106781187));
#4377 = ORIENTED_EDGE('',*,*,#4378,.T.);
#4378 = EDGE_CURVE('',#4371,#1966,#4379,.T.);
#4379 = LINE('',#4380,#4381);
#4380 = CARTESIAN_POINT('',(9.488382770917,-0.1,4.343173728658));
#4381 = VECTOR('',#4382,1.);
#4382 = DIRECTION('',(0.,1.,0.));
#4383 = PLANE('',#4384);
#4384 = AXIS2_PLACEMENT_3D('',#4385,#4386,#4387);
#4385 = CARTESIAN_POINT('',(9.488382770917,-0.1,4.343173728658));
#4386 = DIRECTION('',(0.707106781187,0.,0.707106781187));
#4387 = DIRECTION('',(0.707106781187,0.,-0.707106781187));
#4388 = ADVANCED_FACE('',(#4389),#4407,.F.);
#4389 = FACE_BOUND('',#4390,.T.);
#4390 = EDGE_LOOP('',(#4391,#4392,#4393,#4401));
#4391 = ORIENTED_EDGE('',*,*,#1973,.T.);
#4392 = ORIENTED_EDGE('',*,*,#4378,.F.);
#4393 = ORIENTED_EDGE('',*,*,#4394,.F.);
#4394 = EDGE_CURVE('',#4395,#4371,#4397,.T.);
#4395 = VERTEX_POINT('',#4396);
#4396 = CARTESIAN_POINT('',(8.835889658416,-0.1,3.631102448096));
#4397 = LINE('',#4398,#4399);
#4398 = CARTESIAN_POINT('',(8.835889658416,-0.1,3.631102448096));
#4399 = VECTOR('',#4400,1.);
#4400 = DIRECTION('',(0.675590207616,0.,0.73727733681));
#4401 = ORIENTED_EDGE('',*,*,#4402,.T.);
#4402 = EDGE_CURVE('',#4395,#1974,#4403,.T.);
#4403 = LINE('',#4404,#4405);
#4404 = CARTESIAN_POINT('',(8.835889658416,-0.1,3.631102448096));
#4405 = VECTOR('',#4406,1.);
#4406 = DIRECTION('',(0.,1.,0.));
#4407 = PLANE('',#4408);
#4408 = AXIS2_PLACEMENT_3D('',#4409,#4410,#4411);
#4409 = CARTESIAN_POINT('',(8.835889658416,-0.1,3.631102448096));
#4410 = DIRECTION('',(-0.73727733681,0.,0.675590207616));
#4411 = DIRECTION('',(0.675590207616,0.,0.73727733681));
#4412 = ADVANCED_FACE('',(#4413),#4424,.F.);
#4413 = FACE_BOUND('',#4414,.T.);
#4414 = EDGE_LOOP('',(#4415,#4416,#4417,#4423));
#4415 = ORIENTED_EDGE('',*,*,#1981,.T.);
#4416 = ORIENTED_EDGE('',*,*,#4402,.F.);
#4417 = ORIENTED_EDGE('',*,*,#4418,.F.);
#4418 = EDGE_CURVE('',#4291,#4395,#4419,.T.);
#4419 = LINE('',#4420,#4421);
#4420 = CARTESIAN_POINT('',(8.835889658416,-0.1,3.631102448096));
#4421 = VECTOR('',#4422,1.);
#4422 = DIRECTION('',(-8.715574274765E-02,0.,0.996194698092));
#4423 = ORIENTED_EDGE('',*,*,#4290,.T.);
#4424 = PLANE('',#4425);
#4425 = AXIS2_PLACEMENT_3D('',#4426,#4427,#4428);
#4426 = CARTESIAN_POINT('',(8.835889658416,-0.1,3.631102448096));
#4427 = DIRECTION('',(-0.996194698092,0.,-8.715574274765E-02));
#4428 = DIRECTION('',(-8.715574274765E-02,0.,0.996194698092));
#4429 = ADVANCED_FACE('',(#4430),#4455,.F.);
#4430 = FACE_BOUND('',#4431,.T.);
#4431 = EDGE_LOOP('',(#4432,#4433,#4441,#4449));
#4432 = ORIENTED_EDGE('',*,*,#1989,.T.);
#4433 = ORIENTED_EDGE('',*,*,#4434,.F.);
#4434 = EDGE_CURVE('',#4435,#1992,#4437,.T.);
#4435 = VERTEX_POINT('',#4436);
#4436 = CARTESIAN_POINT('',(5.939818543569,-0.1,0.4));
#4437 = LINE('',#4438,#4439);
#4438 = CARTESIAN_POINT('',(5.939818543569,-0.1,0.4));
#4439 = VECTOR('',#4440,1.);
#4440 = DIRECTION('',(0.,1.,0.));
#4441 = ORIENTED_EDGE('',*,*,#4442,.F.);
#4442 = EDGE_CURVE('',#4443,#4435,#4445,.T.);
#4443 = VERTEX_POINT('',#4444);
#4444 = CARTESIAN_POINT('',(5.545895442364,-0.1,-6.945927106677E-02));
#4445 = LINE('',#4446,#4447);
#4446 = CARTESIAN_POINT('',(5.545895442364,-0.1,-6.945927106677E-02));
#4447 = VECTOR('',#4448,1.);
#4448 = DIRECTION('',(0.642787609687,0.,0.766044443119));
#4449 = ORIENTED_EDGE('',*,*,#4450,.T.);
#4450 = EDGE_CURVE('',#4443,#1990,#4451,.T.);
#4451 = LINE('',#4452,#4453);
#4452 = CARTESIAN_POINT('',(5.545895442364,-0.1,-6.945927106677E-02));
#4453 = VECTOR('',#4454,1.);
#4454 = DIRECTION('',(0.,1.,0.));
#4455 = PLANE('',#4456);
#4456 = AXIS2_PLACEMENT_3D('',#4457,#4458,#4459);
#4457 = CARTESIAN_POINT('',(5.545895442364,-0.1,-6.945927106677E-02));
#4458 = DIRECTION('',(-0.766044443119,0.,0.642787609687));
#4459 = DIRECTION('',(0.642787609687,0.,0.766044443119));
#4460 = ADVANCED_FACE('',(#4461),#4479,.F.);
#4461 = FACE_BOUND('',#4462,.T.);
#4462 = EDGE_LOOP('',(#4463,#4464,#4465,#4473));
#4463 = ORIENTED_EDGE('',*,*,#1999,.T.);
#4464 = ORIENTED_EDGE('',*,*,#4450,.F.);
#4465 = ORIENTED_EDGE('',*,*,#4466,.F.);
#4466 = EDGE_CURVE('',#4467,#4443,#4469,.T.);
#4467 = VERTEX_POINT('',#4468);
#4468 = CARTESIAN_POINT('',(5.939818543569,-0.1,-0.4));
#4469 = LINE('',#4470,#4471);
#4470 = CARTESIAN_POINT('',(5.939818543569,-0.1,-0.4));
#4471 = VECTOR('',#4472,1.);
#4472 = DIRECTION('',(-0.766044443119,0.,0.642787609687));
#4473 = ORIENTED_EDGE('',*,*,#4474,.T.);
#4474 = EDGE_CURVE('',#4467,#2000,#4475,.T.);
#4475 = LINE('',#4476,#4477);
#4476 = CARTESIAN_POINT('',(5.939818543569,-0.1,-0.4));
#4477 = VECTOR('',#4478,1.);
#4478 = DIRECTION('',(0.,1.,0.));
#4479 = PLANE('',#4480);
#4480 = AXIS2_PLACEMENT_3D('',#4481,#4482,#4483);
#4481 = CARTESIAN_POINT('',(5.939818543569,-0.1,-0.4));
#4482 = DIRECTION('',(-0.642787609687,0.,-0.766044443119));
#4483 = DIRECTION('',(-0.766044443119,0.,0.642787609687));
#4484 = ADVANCED_FACE('',(#4485),#4503,.F.);
#4485 = FACE_BOUND('',#4486,.T.);
#4486 = EDGE_LOOP('',(#4487,#4488,#4489,#4497));
#4487 = ORIENTED_EDGE('',*,*,#2007,.T.);
#4488 = ORIENTED_EDGE('',*,*,#4474,.F.);
#4489 = ORIENTED_EDGE('',*,*,#4490,.F.);
#4490 = EDGE_CURVE('',#4491,#4467,#4493,.T.);
#4491 = VERTEX_POINT('',#4492);
#4492 = CARTESIAN_POINT('',(9.127135674628,-0.1,-0.4));
#4493 = LINE('',#4494,#4495);
#4494 = CARTESIAN_POINT('',(5.939818543569,-0.1,-0.4));
#4495 = VECTOR('',#4496,1.);
#4496 = DIRECTION('',(-1.,-0.,-2.551210299849E-16));
#4497 = ORIENTED_EDGE('',*,*,#4498,.T.);
#4498 = EDGE_CURVE('',#4491,#2008,#4499,.T.);
#4499 = LINE('',#4500,#4501);
#4500 = CARTESIAN_POINT('',(9.127135674628,-0.1,-0.4));
#4501 = VECTOR('',#4502,1.);
#4502 = DIRECTION('',(0.,1.,0.));
#4503 = PLANE('',#4504);
#4504 = AXIS2_PLACEMENT_3D('',#4505,#4506,#4507);
#4505 = CARTESIAN_POINT('',(5.939818543569,-0.1,-0.4));
#4506 = DIRECTION('',(2.551210299849E-16,0.,-1.));
#4507 = DIRECTION('',(-1.,0.,-2.551210299849E-16));
#4508 = ADVANCED_FACE('',(#4509),#4527,.F.);
#4509 = FACE_BOUND('',#4510,.T.);
#4510 = EDGE_LOOP('',(#4511,#4512,#4513,#4521));
#4511 = ORIENTED_EDGE('',*,*,#2015,.T.);
#4512 = ORIENTED_EDGE('',*,*,#4498,.F.);
#4513 = ORIENTED_EDGE('',*,*,#4514,.F.);
#4514 = EDGE_CURVE('',#4515,#4491,#4517,.T.);
#4515 = VERTEX_POINT('',#4516);
#4516 = CARTESIAN_POINT('',(9.521058775833,-0.1,6.945927106677E-02));
#4517 = LINE('',#4518,#4519);
#4518 = CARTESIAN_POINT('',(9.127135674628,-0.1,-0.4));
#4519 = VECTOR('',#4520,1.);
#4520 = DIRECTION('',(-0.642787609687,-0.,-0.766044443119));
#4521 = ORIENTED_EDGE('',*,*,#4522,.T.);
#4522 = EDGE_CURVE('',#4515,#2016,#4523,.T.);
#4523 = LINE('',#4524,#4525);
#4524 = CARTESIAN_POINT('',(9.521058775833,-0.1,6.945927106677E-02));
#4525 = VECTOR('',#4526,1.);
#4526 = DIRECTION('',(0.,1.,0.));
#4527 = PLANE('',#4528);
#4528 = AXIS2_PLACEMENT_3D('',#4529,#4530,#4531);
#4529 = CARTESIAN_POINT('',(9.127135674628,-0.1,-0.4));
#4530 = DIRECTION('',(0.766044443119,0.,-0.642787609687));
#4531 = DIRECTION('',(-0.642787609687,0.,-0.766044443119));
#4532 = ADVANCED_FACE('',(#4533),#4551,.F.);
#4533 = FACE_BOUND('',#4534,.T.);
#4534 = EDGE_LOOP('',(#4535,#4536,#4537,#4545));
#4535 = ORIENTED_EDGE('',*,*,#2023,.T.);
#4536 = ORIENTED_EDGE('',*,*,#4522,.F.);
#4537 = ORIENTED_EDGE('',*,*,#4538,.F.);
#4538 = EDGE_CURVE('',#4539,#4515,#4541,.T.);
#4539 = VERTEX_POINT('',#4540);
#4540 = CARTESIAN_POINT('',(9.127135674628,-0.1,0.4));
#4541 = LINE('',#4542,#4543);
#4542 = CARTESIAN_POINT('',(9.521058775833,-0.1,6.945927106677E-02));
#4543 = VECTOR('',#4544,1.);
#4544 = DIRECTION('',(0.766044443119,0.,-0.642787609687));
#4545 = ORIENTED_EDGE('',*,*,#4546,.T.);
#4546 = EDGE_CURVE('',#4539,#2024,#4547,.T.);
#4547 = LINE('',#4548,#4549);
#4548 = CARTESIAN_POINT('',(9.127135674628,-0.1,0.4));
#4549 = VECTOR('',#4550,1.);
#4550 = DIRECTION('',(0.,1.,0.));
#4551 = PLANE('',#4552);
#4552 = AXIS2_PLACEMENT_3D('',#4553,#4554,#4555);
#4553 = CARTESIAN_POINT('',(9.521058775833,-0.1,6.945927106677E-02));
#4554 = DIRECTION('',(0.642787609687,0.,0.766044443119));
#4555 = DIRECTION('',(0.766044443119,0.,-0.642787609687));
#4556 = ADVANCED_FACE('',(#4557),#4568,.F.);
#4557 = FACE_BOUND('',#4558,.T.);
#4558 = EDGE_LOOP('',(#4559,#4560,#4561,#4567));
#4559 = ORIENTED_EDGE('',*,*,#2031,.T.);
#4560 = ORIENTED_EDGE('',*,*,#4546,.F.);
#4561 = ORIENTED_EDGE('',*,*,#4562,.F.);
#4562 = EDGE_CURVE('',#4435,#4539,#4563,.T.);
#4563 = LINE('',#4564,#4565);
#4564 = CARTESIAN_POINT('',(5.939818543569,-0.1,0.4));
#4565 = VECTOR('',#4566,1.);
#4566 = DIRECTION('',(1.,0.,2.551210299849E-16));
#4567 = ORIENTED_EDGE('',*,*,#4434,.T.);
#4568 = PLANE('',#4569);
#4569 = AXIS2_PLACEMENT_3D('',#4570,#4571,#4572);
#4570 = CARTESIAN_POINT('',(5.939818543569,-0.1,0.4));
#4571 = DIRECTION('',(-2.551210299849E-16,0.,1.));
#4572 = DIRECTION('',(1.,0.,2.551210299849E-16));
#4573 = ADVANCED_FACE('',(#4574),#4599,.F.);
#4574 = FACE_BOUND('',#4575,.T.);
#4575 = EDGE_LOOP('',(#4576,#4577,#4585,#4593));
#4576 = ORIENTED_EDGE('',*,*,#2039,.T.);
#4577 = ORIENTED_EDGE('',*,*,#4578,.F.);
#4578 = EDGE_CURVE('',#4579,#2042,#4581,.T.);
#4579 = VERTEX_POINT('',#4580);
#4580 = CARTESIAN_POINT('',(6.255516888445,-0.1,-3.590984216664));
#4581 = LINE('',#4582,#4583);
#4582 = CARTESIAN_POINT('',(6.255516888445,-0.1,-3.590984216664));
#4583 = VECTOR('',#4584,1.);
#4584 = DIRECTION('',(0.,1.,0.));
#4585 = ORIENTED_EDGE('',*,*,#4586,.F.);
#4586 = EDGE_CURVE('',#4587,#4579,#4589,.T.);
#4587 = VERTEX_POINT('',#4588);
#4588 = CARTESIAN_POINT('',(6.003886985387,-0.1,-0.714841263766));
#4589 = LINE('',#4590,#4591);
#4590 = CARTESIAN_POINT('',(6.255516888445,-0.1,-3.590984216664));
#4591 = VECTOR('',#4592,1.);
#4592 = DIRECTION('',(8.715574274765E-02,0.,-0.996194698092));
#4593 = ORIENTED_EDGE('',*,*,#4594,.T.);
#4594 = EDGE_CURVE('',#4587,#2040,#4595,.T.);
#4595 = LINE('',#4596,#4597);
#4596 = CARTESIAN_POINT('',(6.003886985387,-0.1,-0.714841263766));
#4597 = VECTOR('',#4598,1.);
#4598 = DIRECTION('',(0.,1.,0.));
#4599 = PLANE('',#4600);
#4600 = AXIS2_PLACEMENT_3D('',#4601,#4602,#4603);
#4601 = CARTESIAN_POINT('',(6.255516888445,-0.1,-3.590984216664));
#4602 = DIRECTION('',(0.996194698092,0.,8.715574274765E-02));
#4603 = DIRECTION('',(8.715574274765E-02,0.,-0.996194698092));
#4604 = ADVANCED_FACE('',(#4605),#4623,.F.);
#4605 = FACE_BOUND('',#4606,.T.);
#4606 = EDGE_LOOP('',(#4607,#4608,#4609,#4617));
#4607 = ORIENTED_EDGE('',*,*,#2049,.T.);
#4608 = ORIENTED_EDGE('',*,*,#4594,.F.);
#4609 = ORIENTED_EDGE('',*,*,#4610,.F.);
#4610 = EDGE_CURVE('',#4611,#4587,#4613,.T.);
#4611 = VERTEX_POINT('',#4612);
#4612 = CARTESIAN_POINT('',(5.517146828029,-0.1,-0.306417777248));
#4613 = LINE('',#4614,#4615);
#4614 = CARTESIAN_POINT('',(6.003886985387,-0.1,-0.714841263766));
#4615 = VECTOR('',#4616,1.);
#4616 = DIRECTION('',(0.766044443119,0.,-0.642787609687));
#4617 = ORIENTED_EDGE('',*,*,#4618,.T.);
#4618 = EDGE_CURVE('',#4611,#2050,#4619,.T.);
#4619 = LINE('',#4620,#4621);
#4620 = CARTESIAN_POINT('',(5.517146828029,-0.1,-0.306417777248));
#4621 = VECTOR('',#4622,1.);
#4622 = DIRECTION('',(0.,1.,0.));
#4623 = PLANE('',#4624);
#4624 = AXIS2_PLACEMENT_3D('',#4625,#4626,#4627);
#4625 = CARTESIAN_POINT('',(6.003886985387,-0.1,-0.714841263766));
#4626 = DIRECTION('',(0.642787609687,0.,0.766044443119));
#4627 = DIRECTION('',(0.766044443119,0.,-0.642787609687));
#4628 = ADVANCED_FACE('',(#4629),#4647,.F.);
#4629 = FACE_BOUND('',#4630,.T.);
#4630 = EDGE_LOOP('',(#4631,#4632,#4633,#4641));
#4631 = ORIENTED_EDGE('',*,*,#2057,.T.);
#4632 = ORIENTED_EDGE('',*,*,#4618,.F.);
#4633 = ORIENTED_EDGE('',*,*,#4634,.F.);
#4634 = EDGE_CURVE('',#4635,#4611,#4637,.T.);
#4635 = VERTEX_POINT('',#4636);
#4636 = CARTESIAN_POINT('',(5.198339150272,-0.1,-0.686357972562));
#4637 = LINE('',#4638,#4639);
#4638 = CARTESIAN_POINT('',(5.517146828029,-0.1,-0.306417777248));
#4639 = VECTOR('',#4640,1.);
#4640 = DIRECTION('',(0.642787609687,0.,0.766044443119));
#4641 = ORIENTED_EDGE('',*,*,#4642,.T.);
#4642 = EDGE_CURVE('',#4635,#2058,#4643,.T.);
#4643 = LINE('',#4644,#4645);
#4644 = CARTESIAN_POINT('',(5.198339150272,-0.1,-0.686357972562));
#4645 = VECTOR('',#4646,1.);
#4646 = DIRECTION('',(0.,1.,0.));
#4647 = PLANE('',#4648);
#4648 = AXIS2_PLACEMENT_3D('',#4649,#4650,#4651);
#4649 = CARTESIAN_POINT('',(5.517146828029,-0.1,-0.306417777248));
#4650 = DIRECTION('',(-0.766044443119,0.,0.642787609687));
#4651 = DIRECTION('',(0.642787609687,0.,0.766044443119));
#4652 = ADVANCED_FACE('',(#4653),#4671,.F.);
#4653 = FACE_BOUND('',#4654,.T.);
#4654 = EDGE_LOOP('',(#4655,#4656,#4657,#4665));
#4655 = ORIENTED_EDGE('',*,*,#2065,.T.);
#4656 = ORIENTED_EDGE('',*,*,#4642,.F.);
#4657 = ORIENTED_EDGE('',*,*,#4658,.F.);
#4658 = EDGE_CURVE('',#4659,#4635,#4661,.T.);
#4659 = VERTEX_POINT('',#4660);
#4660 = CARTESIAN_POINT('',(5.515431977765,-0.1,-4.310745575641));
#4661 = LINE('',#4662,#4663);
#4662 = CARTESIAN_POINT('',(5.515431977765,-0.1,-4.310745575641));
#4663 = VECTOR('',#4664,1.);
#4664 = DIRECTION('',(-8.715574274765E-02,0.,0.996194698092));
#4665 = ORIENTED_EDGE('',*,*,#4666,.T.);
#4666 = EDGE_CURVE('',#4659,#2066,#4667,.T.);
#4667 = LINE('',#4668,#4669);
#4668 = CARTESIAN_POINT('',(5.515431977765,-0.1,-4.310745575641));
#4669 = VECTOR('',#4670,1.);
#4670 = DIRECTION('',(0.,1.,0.));
#4671 = PLANE('',#4672);
#4672 = AXIS2_PLACEMENT_3D('',#4673,#4674,#4675);
#4673 = CARTESIAN_POINT('',(5.515431977765,-0.1,-4.310745575641));
#4674 = DIRECTION('',(-0.996194698092,0.,-8.715574274765E-02));
#4675 = DIRECTION('',(-8.715574274765E-02,0.,0.996194698092));
#4676 = ADVANCED_FACE('',(#4677),#4695,.F.);
#4677 = FACE_BOUND('',#4678,.T.);
#4678 = EDGE_LOOP('',(#4679,#4680,#4681,#4689));
#4679 = ORIENTED_EDGE('',*,*,#2073,.T.);
#4680 = ORIENTED_EDGE('',*,*,#4666,.F.);
#4681 = ORIENTED_EDGE('',*,*,#4682,.F.);
#4682 = EDGE_CURVE('',#4683,#4659,#4685,.T.);
#4683 = VERTEX_POINT('',#4684);
#4684 = CARTESIAN_POINT('',(5.595318347814,-0.1,-4.377778199286));
#4685 = LINE('',#4686,#4687);
#4686 = CARTESIAN_POINT('',(5.515431977765,-0.1,-4.310745575641));
#4687 = VECTOR('',#4688,1.);
#4688 = DIRECTION('',(-0.766044443119,0.,0.642787609687));
#4689 = ORIENTED_EDGE('',*,*,#4690,.T.);
#4690 = EDGE_CURVE('',#4683,#2074,#4691,.T.);
#4691 = LINE('',#4692,#4693);
#4692 = CARTESIAN_POINT('',(5.595318347814,-0.1,-4.377778199286));
#4693 = VECTOR('',#4694,1.);
#4694 = DIRECTION('',(0.,1.,0.));
#4695 = PLANE('',#4696);
#4696 = AXIS2_PLACEMENT_3D('',#4697,#4698,#4699);
#4697 = CARTESIAN_POINT('',(5.515431977765,-0.1,-4.310745575641));
#4698 = DIRECTION('',(-0.642787609687,0.,-0.766044443119));
#4699 = DIRECTION('',(-0.766044443119,0.,0.642787609687));
#4700 = ADVANCED_FACE('',(#4701),#4712,.F.);
#4701 = FACE_BOUND('',#4702,.T.);
#4702 = EDGE_LOOP('',(#4703,#4704,#4705,#4711));
#4703 = ORIENTED_EDGE('',*,*,#2081,.T.);
#4704 = ORIENTED_EDGE('',*,*,#4690,.F.);
#4705 = ORIENTED_EDGE('',*,*,#4706,.F.);
#4706 = EDGE_CURVE('',#4579,#4683,#4707,.T.);
#4707 = LINE('',#4708,#4709);
#4708 = CARTESIAN_POINT('',(5.595318347814,-0.1,-4.377778199286));
#4709 = VECTOR('',#4710,1.);
#4710 = DIRECTION('',(-0.642787609687,-0.,-0.766044443119));
#4711 = ORIENTED_EDGE('',*,*,#4578,.T.);
#4712 = PLANE('',#4713);
#4713 = AXIS2_PLACEMENT_3D('',#4714,#4715,#4716);
#4714 = CARTESIAN_POINT('',(5.595318347814,-0.1,-4.377778199286));
#4715 = DIRECTION('',(0.766044443119,0.,-0.642787609687));
#4716 = DIRECTION('',(-0.642787609687,0.,-0.766044443119));
#4717 = ADVANCED_FACE('',(#4718),#4744,.F.);
#4718 = FACE_BOUND('',#4719,.F.);
#4719 = EDGE_LOOP('',(#4720,#4721,#4729,#4738));
#4720 = ORIENTED_EDGE('',*,*,#2089,.F.);
#4721 = ORIENTED_EDGE('',*,*,#4722,.F.);
#4722 = EDGE_CURVE('',#4723,#2090,#4725,.T.);
#4723 = VERTEX_POINT('',#4724);
#4724 = CARTESIAN_POINT('',(2.828914588941,-0.1,5.55));
#4725 = LINE('',#4726,#4727);
#4726 = CARTESIAN_POINT('',(2.828914588941,-0.1,5.55));
#4727 = VECTOR('',#4728,1.);
#4728 = DIRECTION('',(0.,1.,0.));
#4729 = ORIENTED_EDGE('',*,*,#4730,.T.);
#4730 = EDGE_CURVE('',#4723,#4731,#4733,.T.);
#4731 = VERTEX_POINT('',#4732);
#4732 = CARTESIAN_POINT('',(2.828914588941,-0.1,4.65));
#4733 = CIRCLE('',#4734,0.45);
#4734 = AXIS2_PLACEMENT_3D('',#4735,#4736,#4737);
#4735 = CARTESIAN_POINT('',(2.828914588941,-0.1,5.1));
#4736 = DIRECTION('',(0.,1.,0.));
#4737 = DIRECTION('',(0.,0.,1.));
#4738 = ORIENTED_EDGE('',*,*,#4739,.T.);
#4739 = EDGE_CURVE('',#4731,#2092,#4740,.T.);
#4740 = LINE('',#4741,#4742);
#4741 = CARTESIAN_POINT('',(2.828914588941,-0.1,4.65));
#4742 = VECTOR('',#4743,1.);
#4743 = DIRECTION('',(0.,1.,0.));
#4744 = CYLINDRICAL_SURFACE('',#4745,0.45);
#4745 = AXIS2_PLACEMENT_3D('',#4746,#4747,#4748);
#4746 = CARTESIAN_POINT('',(2.828914588941,-0.1,5.1));
#4747 = DIRECTION('',(0.,1.,0.));
#4748 = DIRECTION('',(0.,0.,1.));
#4749 = ADVANCED_FACE('',(#4750),#4762,.F.);
#4750 = FACE_BOUND('',#4751,.F.);
#4751 = EDGE_LOOP('',(#4752,#4753,#4754,#4755));
#4752 = ORIENTED_EDGE('',*,*,#4722,.T.);
#4753 = ORIENTED_EDGE('',*,*,#2100,.F.);
#4754 = ORIENTED_EDGE('',*,*,#4739,.F.);
#4755 = ORIENTED_EDGE('',*,*,#4756,.T.);
#4756 = EDGE_CURVE('',#4731,#4723,#4757,.T.);
#4757 = CIRCLE('',#4758,0.45);
#4758 = AXIS2_PLACEMENT_3D('',#4759,#4760,#4761);
#4759 = CARTESIAN_POINT('',(2.828914588941,-0.1,5.1));
#4760 = DIRECTION('',(0.,1.,0.));
#4761 = DIRECTION('',(0.,0.,1.));
#4762 = CYLINDRICAL_SURFACE('',#4763,0.45);
#4763 = AXIS2_PLACEMENT_3D('',#4764,#4765,#4766);
#4764 = CARTESIAN_POINT('',(2.828914588941,-0.1,5.1));
#4765 = DIRECTION('',(0.,1.,0.));
#4766 = DIRECTION('',(0.,0.,1.));
#4767 = ADVANCED_FACE('',(#4768),#4793,.F.);
#4768 = FACE_BOUND('',#4769,.T.);
#4769 = EDGE_LOOP('',(#4770,#4771,#4779,#4787));
#4770 = ORIENTED_EDGE('',*,*,#2109,.T.);
#4771 = ORIENTED_EDGE('',*,*,#4772,.F.);
#4772 = EDGE_CURVE('',#4773,#2112,#4775,.T.);
#4773 = VERTEX_POINT('',#4774);
#4774 = CARTESIAN_POINT('',(-1.706087038697,-0.1,3.8));
#4775 = LINE('',#4776,#4777);
#4776 = CARTESIAN_POINT('',(-1.706087038697,-0.1,3.8));
#4777 = VECTOR('',#4778,1.);
#4778 = DIRECTION('',(0.,1.,0.));
#4779 = ORIENTED_EDGE('',*,*,#4780,.F.);
#4780 = EDGE_CURVE('',#4781,#4773,#4783,.T.);
#4781 = VERTEX_POINT('',#4782);
#4782 = CARTESIAN_POINT('',(1.151570324213,-0.1,3.8));
#4783 = LINE('',#4784,#4785);
#4784 = CARTESIAN_POINT('',(-1.706087038697,-0.1,3.8));
#4785 = VECTOR('',#4786,1.);
#4786 = DIRECTION('',(-1.,-0.,-6.738187311489E-14));
#4787 = ORIENTED_EDGE('',*,*,#4788,.T.);
#4788 = EDGE_CURVE('',#4781,#2110,#4789,.T.);
#4789 = LINE('',#4790,#4791);
#4790 = CARTESIAN_POINT('',(1.151570324213,-0.1,3.8));
#4791 = VECTOR('',#4792,1.);
#4792 = DIRECTION('',(0.,1.,0.));
#4793 = PLANE('',#4794);
#4794 = AXIS2_PLACEMENT_3D('',#4795,#4796,#4797);
#4795 = CARTESIAN_POINT('',(-1.706087038697,-0.1,3.8));
#4796 = DIRECTION('',(6.738187311489E-14,0.,-1.));
#4797 = DIRECTION('',(-1.,0.,-6.738187311489E-14));
#4798 = ADVANCED_FACE('',(#4799),#4817,.F.);
#4799 = FACE_BOUND('',#4800,.T.);
#4800 = EDGE_LOOP('',(#4801,#4802,#4803,#4811));
#4801 = ORIENTED_EDGE('',*,*,#2119,.T.);
#4802 = ORIENTED_EDGE('',*,*,#4788,.F.);
#4803 = ORIENTED_EDGE('',*,*,#4804,.F.);
#4804 = EDGE_CURVE('',#4805,#4781,#4807,.T.);
#4805 = VERTEX_POINT('',#4806);
#4806 = CARTESIAN_POINT('',(1.811437663086,-0.1,4.52011883649));
#4807 = LINE('',#4808,#4809);
#4808 = CARTESIAN_POINT('',(1.151570324213,-0.1,3.8));
#4809 = VECTOR('',#4810,1.);
#4810 = DIRECTION('',(-0.675590207616,-0.,-0.73727733681));
#4811 = ORIENTED_EDGE('',*,*,#4812,.T.);
#4812 = EDGE_CURVE('',#4805,#2120,#4813,.T.);
#4813 = LINE('',#4814,#4815);
#4814 = CARTESIAN_POINT('',(1.811437663086,-0.1,4.52011883649));
#4815 = VECTOR('',#4816,1.);
#4816 = DIRECTION('',(0.,1.,0.));
#4817 = PLANE('',#4818);
#4818 = AXIS2_PLACEMENT_3D('',#4819,#4820,#4821);
#4819 = CARTESIAN_POINT('',(1.151570324213,-0.1,3.8));
#4820 = DIRECTION('',(0.73727733681,0.,-0.675590207616));
#4821 = DIRECTION('',(-0.675590207616,0.,-0.73727733681));
#4822 = ADVANCED_FACE('',(#4823),#4841,.F.);
#4823 = FACE_BOUND('',#4824,.T.);
#4824 = EDGE_LOOP('',(#4825,#4826,#4827,#4835));
#4825 = ORIENTED_EDGE('',*,*,#2127,.T.);
#4826 = ORIENTED_EDGE('',*,*,#4812,.F.);
#4827 = ORIENTED_EDGE('',*,*,#4828,.F.);
#4828 = EDGE_CURVE('',#4829,#4805,#4831,.T.);
#4829 = VERTEX_POINT('',#4830);
#4830 = CARTESIAN_POINT('',(1.731556499575,-0.1,4.6));
#4831 = LINE('',#4832,#4833);
#4832 = CARTESIAN_POINT('',(1.731556499575,-0.1,4.6));
#4833 = VECTOR('',#4834,1.);
#4834 = DIRECTION('',(0.707106781187,0.,-0.707106781187));
#4835 = ORIENTED_EDGE('',*,*,#4836,.T.);
#4836 = EDGE_CURVE('',#4829,#2128,#4837,.T.);
#4837 = LINE('',#4838,#4839);
#4838 = CARTESIAN_POINT('',(1.731556499575,-0.1,4.6));
#4839 = VECTOR('',#4840,1.);
#4840 = DIRECTION('',(0.,1.,0.));
#4841 = PLANE('',#4842);
#4842 = AXIS2_PLACEMENT_3D('',#4843,#4844,#4845);
#4843 = CARTESIAN_POINT('',(1.731556499575,-0.1,4.6));
#4844 = DIRECTION('',(0.707106781187,0.,0.707106781187));
#4845 = DIRECTION('',(0.707106781187,0.,-0.707106781187));
#4846 = ADVANCED_FACE('',(#4847),#4865,.F.);
#4847 = FACE_BOUND('',#4848,.T.);
#4848 = EDGE_LOOP('',(#4849,#4850,#4851,#4859));
#4849 = ORIENTED_EDGE('',*,*,#2135,.T.);
#4850 = ORIENTED_EDGE('',*,*,#4836,.F.);
#4851 = ORIENTED_EDGE('',*,*,#4852,.F.);
#4852 = EDGE_CURVE('',#4853,#4829,#4855,.T.);
#4853 = VERTEX_POINT('',#4854);
#4854 = CARTESIAN_POINT('',(-2.418120469868,-0.1,4.6));
#4855 = LINE('',#4856,#4857);
#4856 = CARTESIAN_POINT('',(-2.418120469868,-0.1,4.6));
#4857 = VECTOR('',#4858,1.);
#4858 = DIRECTION('',(1.,0.,-2.090190982034E-16));
#4859 = ORIENTED_EDGE('',*,*,#4860,.T.);
#4860 = EDGE_CURVE('',#4853,#2136,#4861,.T.);
#4861 = LINE('',#4862,#4863);
#4862 = CARTESIAN_POINT('',(-2.418120469868,-0.1,4.6));
#4863 = VECTOR('',#4864,1.);
#4864 = DIRECTION('',(0.,1.,0.));
#4865 = PLANE('',#4866);
#4866 = AXIS2_PLACEMENT_3D('',#4867,#4868,#4869);
#4867 = CARTESIAN_POINT('',(-2.418120469868,-0.1,4.6));
#4868 = DIRECTION('',(2.090190982034E-16,0.,1.));
#4869 = DIRECTION('',(1.,0.,-2.090190982034E-16));
#4870 = ADVANCED_FACE('',(#4871),#4889,.F.);
#4871 = FACE_BOUND('',#4872,.T.);
#4872 = EDGE_LOOP('',(#4873,#4874,#4875,#4883));
#4873 = ORIENTED_EDGE('',*,*,#2143,.T.);
#4874 = ORIENTED_EDGE('',*,*,#4860,.F.);
#4875 = ORIENTED_EDGE('',*,*,#4876,.F.);
#4876 = EDGE_CURVE('',#4877,#4853,#4879,.T.);
#4877 = VERTEX_POINT('',#4878);
#4878 = CARTESIAN_POINT('',(-2.49511215694,-0.1,4.523008312929));
#4879 = LINE('',#4880,#4881);
#4880 = CARTESIAN_POINT('',(-2.49511215694,-0.1,4.523008312929));
#4881 = VECTOR('',#4882,1.);
#4882 = DIRECTION('',(0.707106781187,0.,0.707106781187));
#4883 = ORIENTED_EDGE('',*,*,#4884,.T.);
#4884 = EDGE_CURVE('',#4877,#2144,#4885,.T.);
#4885 = LINE('',#4886,#4887);
#4886 = CARTESIAN_POINT('',(-2.49511215694,-0.1,4.523008312929));
#4887 = VECTOR('',#4888,1.);
#4888 = DIRECTION('',(0.,1.,0.));
#4889 = PLANE('',#4890);
#4890 = AXIS2_PLACEMENT_3D('',#4891,#4892,#4893);
#4891 = CARTESIAN_POINT('',(-2.49511215694,-0.1,4.523008312929));
#4892 = DIRECTION('',(-0.707106781187,0.,0.707106781187));
#4893 = DIRECTION('',(0.707106781187,0.,0.707106781187));
#4894 = ADVANCED_FACE('',(#4895),#4906,.F.);
#4895 = FACE_BOUND('',#4896,.T.);
#4896 = EDGE_LOOP('',(#4897,#4898,#4899,#4905));
#4897 = ORIENTED_EDGE('',*,*,#2151,.T.);
#4898 = ORIENTED_EDGE('',*,*,#4884,.F.);
#4899 = ORIENTED_EDGE('',*,*,#4900,.F.);
#4900 = EDGE_CURVE('',#4773,#4877,#4901,.T.);
#4901 = LINE('',#4902,#4903);
#4902 = CARTESIAN_POINT('',(-1.706087038697,-0.1,3.8));
#4903 = VECTOR('',#4904,1.);
#4904 = DIRECTION('',(-0.73727733681,0.,0.675590207616));
#4905 = ORIENTED_EDGE('',*,*,#4772,.T.);
#4906 = PLANE('',#4907);
#4907 = AXIS2_PLACEMENT_3D('',#4908,#4909,#4910);
#4908 = CARTESIAN_POINT('',(-1.706087038697,-0.1,3.8));
#4909 = DIRECTION('',(-0.675590207616,0.,-0.73727733681));
#4910 = DIRECTION('',(-0.73727733681,0.,0.675590207616));
#4911 = ADVANCED_FACE('',(#4912),#4937,.F.);
#4912 = FACE_BOUND('',#4913,.T.);
#4913 = EDGE_LOOP('',(#4914,#4915,#4923,#4931));
#4914 = ORIENTED_EDGE('',*,*,#2159,.T.);
#4915 = ORIENTED_EDGE('',*,*,#4916,.F.);
#4916 = EDGE_CURVE('',#4917,#2162,#4919,.T.);
#4917 = VERTEX_POINT('',#4918);
#4918 = CARTESIAN_POINT('',(2.539660164582,-0.1,-4.6));
#4919 = LINE('',#4920,#4921);
#4920 = CARTESIAN_POINT('',(2.539660164582,-0.1,-4.6));
#4921 = VECTOR('',#4922,1.);
#4922 = DIRECTION('',(0.,1.,0.));
#4923 = ORIENTED_EDGE('',*,*,#4924,.F.);
#4924 = EDGE_CURVE('',#4925,#4917,#4927,.T.);
#4925 = VERTEX_POINT('',#4926);
#4926 = CARTESIAN_POINT('',(2.591285684047,-0.1,-4.538475101707));
#4927 = LINE('',#4928,#4929);
#4928 = CARTESIAN_POINT('',(2.539660164582,-0.1,-4.6));
#4929 = VECTOR('',#4930,1.);
#4930 = DIRECTION('',(-0.642787609687,-0.,-0.766044443119));
#4931 = ORIENTED_EDGE('',*,*,#4932,.T.);
#4932 = EDGE_CURVE('',#4925,#2160,#4933,.T.);
#4933 = LINE('',#4934,#4935);
#4934 = CARTESIAN_POINT('',(2.591285684047,-0.1,-4.538475101707));
#4935 = VECTOR('',#4936,1.);
#4936 = DIRECTION('',(0.,1.,0.));
#4937 = PLANE('',#4938);
#4938 = AXIS2_PLACEMENT_3D('',#4939,#4940,#4941);
#4939 = CARTESIAN_POINT('',(2.539660164582,-0.1,-4.6));
#4940 = DIRECTION('',(0.766044443119,0.,-0.642787609687));
#4941 = DIRECTION('',(-0.642787609687,0.,-0.766044443119));
#4942 = ADVANCED_FACE('',(#4943),#4961,.F.);
#4943 = FACE_BOUND('',#4944,.T.);
#4944 = EDGE_LOOP('',(#4945,#4946,#4947,#4955));
#4945 = ORIENTED_EDGE('',*,*,#2169,.T.);
#4946 = ORIENTED_EDGE('',*,*,#4932,.F.);
#4947 = ORIENTED_EDGE('',*,*,#4948,.F.);
#4948 = EDGE_CURVE('',#4949,#4925,#4951,.T.);
#4949 = VERTEX_POINT('',#4950);
#4950 = CARTESIAN_POINT('',(1.79792784995,-0.1,-3.872768835725));
#4951 = LINE('',#4952,#4953);
#4952 = CARTESIAN_POINT('',(2.591285684047,-0.1,-4.538475101707));
#4953 = VECTOR('',#4954,1.);
#4954 = DIRECTION('',(0.766044443119,0.,-0.642787609687));
#4955 = ORIENTED_EDGE('',*,*,#4956,.T.);
#4956 = EDGE_CURVE('',#4949,#2170,#4957,.T.);
#4957 = LINE('',#4958,#4959);
#4958 = CARTESIAN_POINT('',(1.79792784995,-0.1,-3.872768835725));
#4959 = VECTOR('',#4960,1.);
#4960 = DIRECTION('',(0.,1.,0.));
#4961 = PLANE('',#4962);
#4962 = AXIS2_PLACEMENT_3D('',#4963,#4964,#4965);
#4963 = CARTESIAN_POINT('',(2.591285684047,-0.1,-4.538475101707));
#4964 = DIRECTION('',(0.642787609687,0.,0.766044443119));
#4965 = DIRECTION('',(0.766044443119,0.,-0.642787609687));
#4966 = ADVANCED_FACE('',(#4967),#4985,.F.);
#4967 = FACE_BOUND('',#4968,.T.);
#4968 = EDGE_LOOP('',(#4969,#4970,#4971,#4979));
#4969 = ORIENTED_EDGE('',*,*,#2177,.T.);
#4970 = ORIENTED_EDGE('',*,*,#4956,.F.);
#4971 = ORIENTED_EDGE('',*,*,#4972,.F.);
#4972 = EDGE_CURVE('',#4973,#4949,#4975,.T.);
#4973 = VERTEX_POINT('',#4974);
#4974 = CARTESIAN_POINT('',(-1.154576659147,-0.1,-3.872768835725));
#4975 = LINE('',#4976,#4977);
#4976 = CARTESIAN_POINT('',(1.79792784995,-0.1,-3.872768835725));
#4977 = VECTOR('',#4978,1.);
#4978 = DIRECTION('',(1.,0.,6.756744964238E-15));
#4979 = ORIENTED_EDGE('',*,*,#4980,.T.);
#4980 = EDGE_CURVE('',#4973,#2178,#4981,.T.);
#4981 = LINE('',#4982,#4983);
#4982 = CARTESIAN_POINT('',(-1.154576659147,-0.1,-3.872768835725));
#4983 = VECTOR('',#4984,1.);
#4984 = DIRECTION('',(0.,1.,0.));
#4985 = PLANE('',#4986);
#4986 = AXIS2_PLACEMENT_3D('',#4987,#4988,#4989);
#4987 = CARTESIAN_POINT('',(1.79792784995,-0.1,-3.872768835725));
#4988 = DIRECTION('',(-6.756744964238E-15,0.,1.));
#4989 = DIRECTION('',(1.,0.,6.756744964238E-15));
#4990 = ADVANCED_FACE('',(#4991),#5009,.F.);
#4991 = FACE_BOUND('',#4992,.T.);
#4992 = EDGE_LOOP('',(#4993,#4994,#4995,#5003));
#4993 = ORIENTED_EDGE('',*,*,#2185,.T.);
#4994 = ORIENTED_EDGE('',*,*,#4980,.F.);
#4995 = ORIENTED_EDGE('',*,*,#4996,.F.);
#4996 = EDGE_CURVE('',#4997,#4973,#4999,.T.);
#4997 = VERTEX_POINT('',#4998);
#4998 = CARTESIAN_POINT('',(-1.713170541406,-0.1,-4.538475101707));
#4999 = LINE('',#5000,#5001);
#5000 = CARTESIAN_POINT('',(-1.713170541406,-0.1,-4.538475101707));
#5001 = VECTOR('',#5002,1.);
#5002 = DIRECTION('',(0.642787609687,0.,0.766044443119));
#5003 = ORIENTED_EDGE('',*,*,#5004,.T.);
#5004 = EDGE_CURVE('',#4997,#2186,#5005,.T.);
#5005 = LINE('',#5006,#5007);
#5006 = CARTESIAN_POINT('',(-1.713170541406,-0.1,-4.538475101707));
#5007 = VECTOR('',#5008,1.);
#5008 = DIRECTION('',(0.,1.,0.));
#5009 = PLANE('',#5010);
#5010 = AXIS2_PLACEMENT_3D('',#5011,#5012,#5013);
#5011 = CARTESIAN_POINT('',(-1.713170541406,-0.1,-4.538475101707));
#5012 = DIRECTION('',(-0.766044443119,0.,0.642787609687));
#5013 = DIRECTION('',(0.642787609687,0.,0.766044443119));
#5014 = ADVANCED_FACE('',(#5015),#5033,.F.);
#5015 = FACE_BOUND('',#5016,.T.);
#5016 = EDGE_LOOP('',(#5017,#5018,#5019,#5027));
#5017 = ORIENTED_EDGE('',*,*,#2193,.T.);
#5018 = ORIENTED_EDGE('',*,*,#5004,.F.);
#5019 = ORIENTED_EDGE('',*,*,#5020,.F.);
#5020 = EDGE_CURVE('',#5021,#4997,#5023,.T.);
#5021 = VERTEX_POINT('',#5022);
#5022 = CARTESIAN_POINT('',(-1.639848022832,-0.1,-4.6));
#5023 = LINE('',#5024,#5025);
#5024 = CARTESIAN_POINT('',(-1.713170541406,-0.1,-4.538475101707));
#5025 = VECTOR('',#5026,1.);
#5026 = DIRECTION('',(-0.766044443119,0.,0.642787609687));
#5027 = ORIENTED_EDGE('',*,*,#5028,.T.);
#5028 = EDGE_CURVE('',#5021,#2194,#5029,.T.);
#5029 = LINE('',#5030,#5031);
#5030 = CARTESIAN_POINT('',(-1.639848022832,-0.1,-4.6));
#5031 = VECTOR('',#5032,1.);
#5032 = DIRECTION('',(0.,1.,0.));
#5033 = PLANE('',#5034);
#5034 = AXIS2_PLACEMENT_3D('',#5035,#5036,#5037);
#5035 = CARTESIAN_POINT('',(-1.713170541406,-0.1,-4.538475101707));
#5036 = DIRECTION('',(-0.642787609687,0.,-0.766044443119));
#5037 = DIRECTION('',(-0.766044443119,0.,0.642787609687));
#5038 = ADVANCED_FACE('',(#5039),#5050,.F.);
#5039 = FACE_BOUND('',#5040,.T.);
#5040 = EDGE_LOOP('',(#5041,#5042,#5043,#5049));
#5041 = ORIENTED_EDGE('',*,*,#2201,.T.);
#5042 = ORIENTED_EDGE('',*,*,#5028,.F.);
#5043 = ORIENTED_EDGE('',*,*,#5044,.F.);
#5044 = EDGE_CURVE('',#4917,#5021,#5045,.T.);
#5045 = LINE('',#5046,#5047);
#5046 = CARTESIAN_POINT('',(2.539660164582,-0.1,-4.6));
#5047 = VECTOR('',#5048,1.);
#5048 = DIRECTION('',(-1.,0.,2.075272254761E-16));
#5049 = ORIENTED_EDGE('',*,*,#4916,.T.);
#5050 = PLANE('',#5051);
#5051 = AXIS2_PLACEMENT_3D('',#5052,#5053,#5054);
#5052 = CARTESIAN_POINT('',(2.539660164582,-0.1,-4.6));
#5053 = DIRECTION('',(-2.075272254761E-16,0.,-1.));
#5054 = DIRECTION('',(-1.,0.,2.075272254761E-16));
#5055 = ADVANCED_FACE('',(#5056),#5081,.F.);
#5056 = FACE_BOUND('',#5057,.T.);
#5057 = EDGE_LOOP('',(#5058,#5059,#5067,#5075));
#5058 = ORIENTED_EDGE('',*,*,#2209,.T.);
#5059 = ORIENTED_EDGE('',*,*,#5060,.F.);
#5060 = EDGE_CURVE('',#5061,#2212,#5063,.T.);
#5061 = VERTEX_POINT('',#5062);
#5062 = CARTESIAN_POINT('',(-2.672057264771,-0.1,4.346063205097));
#5063 = LINE('',#5064,#5065);
#5064 = CARTESIAN_POINT('',(-2.672057264771,-0.1,4.346063205097));
#5065 = VECTOR('',#5066,1.);
#5066 = DIRECTION('',(0.,1.,0.));
#5067 = ORIENTED_EDGE('',*,*,#5068,.F.);
#5068 = EDGE_CURVE('',#5069,#5061,#5071,.T.);
#5069 = VERTEX_POINT('',#5070);
#5070 = CARTESIAN_POINT('',(-2.736318521402,-0.1,4.281801948466));
#5071 = LINE('',#5072,#5073);
#5072 = CARTESIAN_POINT('',(-2.736318521402,-0.1,4.281801948466));
#5073 = VECTOR('',#5074,1.);
#5074 = DIRECTION('',(0.707106781187,0.,0.707106781187));
#5075 = ORIENTED_EDGE('',*,*,#5076,.T.);
#5076 = EDGE_CURVE('',#5069,#2210,#5077,.T.);
#5077 = LINE('',#5078,#5079);
#5078 = CARTESIAN_POINT('',(-2.736318521402,-0.1,4.281801948466));
#5079 = VECTOR('',#5080,1.);
#5080 = DIRECTION('',(0.,1.,0.));
#5081 = PLANE('',#5082);
#5082 = AXIS2_PLACEMENT_3D('',#5083,#5084,#5085);
#5083 = CARTESIAN_POINT('',(-2.736318521402,-0.1,4.281801948466));
#5084 = DIRECTION('',(-0.707106781187,0.,0.707106781187));
#5085 = DIRECTION('',(0.707106781187,0.,0.707106781187));
#5086 = ADVANCED_FACE('',(#5087),#5105,.F.);
#5087 = FACE_BOUND('',#5088,.T.);
#5088 = EDGE_LOOP('',(#5089,#5090,#5091,#5099));
#5089 = ORIENTED_EDGE('',*,*,#2219,.T.);
#5090 = ORIENTED_EDGE('',*,*,#5076,.F.);
#5091 = ORIENTED_EDGE('',*,*,#5092,.F.);
#5092 = EDGE_CURVE('',#5093,#5069,#5095,.T.);
#5093 = VERTEX_POINT('',#5094);
#5094 = CARTESIAN_POINT('',(-2.412096100658,-0.1,0.575922721632));
#5095 = LINE('',#5096,#5097);
#5096 = CARTESIAN_POINT('',(-2.412096100658,-0.1,0.575922721632));
#5097 = VECTOR('',#5098,1.);
#5098 = DIRECTION('',(-8.715574274765E-02,0.,0.996194698092));
#5099 = ORIENTED_EDGE('',*,*,#5100,.T.);
#5100 = EDGE_CURVE('',#5093,#2220,#5101,.T.);
#5101 = LINE('',#5102,#5103);
#5102 = CARTESIAN_POINT('',(-2.412096100658,-0.1,0.575922721632));
#5103 = VECTOR('',#5104,1.);
#5104 = DIRECTION('',(0.,1.,0.));
#5105 = PLANE('',#5106);
#5106 = AXIS2_PLACEMENT_3D('',#5107,#5108,#5109);
#5107 = CARTESIAN_POINT('',(-2.412096100658,-0.1,0.575922721632));
#5108 = DIRECTION('',(-0.996194698092,0.,-8.715574274765E-02));
#5109 = DIRECTION('',(-8.715574274765E-02,0.,0.996194698092));
#5110 = ADVANCED_FACE('',(#5111),#5129,.F.);
#5111 = FACE_BOUND('',#5112,.T.);
#5112 = EDGE_LOOP('',(#5113,#5114,#5115,#5123));
#5113 = ORIENTED_EDGE('',*,*,#2227,.T.);
#5114 = ORIENTED_EDGE('',*,*,#5100,.F.);
#5115 = ORIENTED_EDGE('',*,*,#5116,.F.);
#5116 = EDGE_CURVE('',#5117,#5093,#5119,.T.);
#5117 = VERTEX_POINT('',#5118);
#5118 = CARTESIAN_POINT('',(-1.978755924322,-0.1,0.212307139494));
#5119 = LINE('',#5120,#5121);
#5120 = CARTESIAN_POINT('',(-1.978755924322,-0.1,0.212307139494));
#5121 = VECTOR('',#5122,1.);
#5122 = DIRECTION('',(-0.766044443119,0.,0.642787609687));
#5123 = ORIENTED_EDGE('',*,*,#5124,.T.);
#5124 = EDGE_CURVE('',#5117,#2228,#5125,.T.);
#5125 = LINE('',#5126,#5127);
#5126 = CARTESIAN_POINT('',(-1.978755924322,-0.1,0.212307139494));
#5127 = VECTOR('',#5128,1.);
#5128 = DIRECTION('',(0.,1.,0.));
#5129 = PLANE('',#5130);
#5130 = AXIS2_PLACEMENT_3D('',#5131,#5132,#5133);
#5131 = CARTESIAN_POINT('',(-1.978755924322,-0.1,0.212307139494));
#5132 = DIRECTION('',(-0.642787609687,0.,-0.766044443119));
#5133 = DIRECTION('',(-0.766044443119,0.,0.642787609687));
#5134 = ADVANCED_FACE('',(#5135),#5153,.F.);
#5135 = FACE_BOUND('',#5136,.T.);
#5136 = EDGE_LOOP('',(#5137,#5138,#5139,#5147));
#5137 = ORIENTED_EDGE('',*,*,#2235,.T.);
#5138 = ORIENTED_EDGE('',*,*,#5124,.F.);
#5139 = ORIENTED_EDGE('',*,*,#5140,.F.);
#5140 = EDGE_CURVE('',#5141,#5117,#5143,.T.);
#5141 = VERTEX_POINT('',#5142);
#5142 = CARTESIAN_POINT('',(-1.615140342185,-0.1,0.64564731583));
#5143 = LINE('',#5144,#5145);
#5144 = CARTESIAN_POINT('',(-1.978755924322,-0.1,0.212307139494));
#5145 = VECTOR('',#5146,1.);
#5146 = DIRECTION('',(-0.642787609687,-0.,-0.766044443119));
#5147 = ORIENTED_EDGE('',*,*,#5148,.T.);
#5148 = EDGE_CURVE('',#5141,#2236,#5149,.T.);
#5149 = LINE('',#5150,#5151);
#5150 = CARTESIAN_POINT('',(-1.615140342185,-0.1,0.64564731583));
#5151 = VECTOR('',#5152,1.);
#5152 = DIRECTION('',(0.,1.,0.));
#5153 = PLANE('',#5154);
#5154 = AXIS2_PLACEMENT_3D('',#5155,#5156,#5157);
#5155 = CARTESIAN_POINT('',(-1.978755924322,-0.1,0.212307139494));
#5156 = DIRECTION('',(0.766044443119,0.,-0.642787609687));
#5157 = DIRECTION('',(-0.642787609687,0.,-0.766044443119));
#5158 = ADVANCED_FACE('',(#5159),#5177,.F.);
#5159 = FACE_BOUND('',#5160,.T.);
#5160 = EDGE_LOOP('',(#5161,#5162,#5163,#5171));
#5161 = ORIENTED_EDGE('',*,*,#2243,.T.);
#5162 = ORIENTED_EDGE('',*,*,#5148,.F.);
#5163 = ORIENTED_EDGE('',*,*,#5164,.F.);
#5164 = EDGE_CURVE('',#5165,#5141,#5167,.T.);
#5165 = VERTEX_POINT('',#5166);
#5166 = CARTESIAN_POINT('',(-1.874984590601,-0.1,3.615680665797));
#5167 = LINE('',#5168,#5169);
#5168 = CARTESIAN_POINT('',(-1.615140342185,-0.1,0.64564731583));
#5169 = VECTOR('',#5170,1.);
#5170 = DIRECTION('',(8.715574274765E-02,0.,-0.996194698092));
#5171 = ORIENTED_EDGE('',*,*,#5172,.T.);
#5172 = EDGE_CURVE('',#5165,#2244,#5173,.T.);
#5173 = LINE('',#5174,#5175);
#5174 = CARTESIAN_POINT('',(-1.874984590601,-0.1,3.615680665797));
#5175 = VECTOR('',#5176,1.);
#5176 = DIRECTION('',(0.,1.,0.));
#5177 = PLANE('',#5178);
#5178 = AXIS2_PLACEMENT_3D('',#5179,#5180,#5181);
#5179 = CARTESIAN_POINT('',(-1.615140342185,-0.1,0.64564731583));
#5180 = DIRECTION('',(0.996194698092,0.,8.715574274765E-02));
#5181 = DIRECTION('',(8.715574274765E-02,0.,-0.996194698092));
#5182 = ADVANCED_FACE('',(#5183),#5194,.F.);
#5183 = FACE_BOUND('',#5184,.T.);
#5184 = EDGE_LOOP('',(#5185,#5186,#5187,#5193));
#5185 = ORIENTED_EDGE('',*,*,#2251,.T.);
#5186 = ORIENTED_EDGE('',*,*,#5172,.F.);
#5187 = ORIENTED_EDGE('',*,*,#5188,.F.);
#5188 = EDGE_CURVE('',#5061,#5165,#5189,.T.);
#5189 = LINE('',#5190,#5191);
#5190 = CARTESIAN_POINT('',(-1.874984590601,-0.1,3.615680665797));
#5191 = VECTOR('',#5192,1.);
#5192 = DIRECTION('',(0.73727733681,0.,-0.675590207616));
#5193 = ORIENTED_EDGE('',*,*,#5060,.T.);
#5194 = PLANE('',#5195);
#5195 = AXIS2_PLACEMENT_3D('',#5196,#5197,#5198);
#5196 = CARTESIAN_POINT('',(-1.874984590601,-0.1,3.615680665797));
#5197 = DIRECTION('',(0.675590207616,0.,0.73727733681));
#5198 = DIRECTION('',(0.73727733681,0.,-0.675590207616));
#5199 = ADVANCED_FACE('',(#5200),#5225,.F.);
#5200 = FACE_BOUND('',#5201,.T.);
#5201 = EDGE_LOOP('',(#5202,#5203,#5211,#5219));
#5202 = ORIENTED_EDGE('',*,*,#2259,.T.);
#5203 = ORIENTED_EDGE('',*,*,#5204,.F.);
#5204 = EDGE_CURVE('',#5205,#2262,#5207,.T.);
#5205 = VERTEX_POINT('',#5206);
#5206 = CARTESIAN_POINT('',(2.499336566986,-0.1,-0.488185971816));
#5207 = LINE('',#5208,#5209);
#5208 = CARTESIAN_POINT('',(2.499336566986,-0.1,-0.488185971816));
#5209 = VECTOR('',#5210,1.);
#5210 = DIRECTION('',(0.,1.,0.));
#5211 = ORIENTED_EDGE('',*,*,#5212,.F.);
#5212 = EDGE_CURVE('',#5213,#5205,#5215,.T.);
#5213 = VERTEX_POINT('',#5214);
#5214 = CARTESIAN_POINT('',(2.097293847297,-0.1,-0.150832074007));
#5215 = LINE('',#5216,#5217);
#5216 = CARTESIAN_POINT('',(2.097293847297,-0.1,-0.150832074007));
#5217 = VECTOR('',#5218,1.);
#5218 = DIRECTION('',(0.766044443119,0.,-0.642787609687));
#5219 = ORIENTED_EDGE('',*,*,#5220,.T.);
#5220 = EDGE_CURVE('',#5213,#2260,#5221,.T.);
#5221 = LINE('',#5222,#5223);
#5222 = CARTESIAN_POINT('',(2.097293847297,-0.1,-0.150832074007));
#5223 = VECTOR('',#5224,1.);
#5224 = DIRECTION('',(0.,1.,0.));
#5225 = PLANE('',#5226);
#5226 = AXIS2_PLACEMENT_3D('',#5227,#5228,#5229);
#5227 = CARTESIAN_POINT('',(2.097293847297,-0.1,-0.150832074007));
#5228 = DIRECTION('',(0.642787609687,0.,0.766044443119));
#5229 = DIRECTION('',(0.766044443119,0.,-0.642787609687));
#5230 = ADVANCED_FACE('',(#5231),#5249,.F.);
#5231 = FACE_BOUND('',#5232,.T.);
#5232 = EDGE_LOOP('',(#5233,#5234,#5235,#5243));
#5233 = ORIENTED_EDGE('',*,*,#2269,.T.);
#5234 = ORIENTED_EDGE('',*,*,#5220,.F.);
#5235 = ORIENTED_EDGE('',*,*,#5236,.F.);
#5236 = EDGE_CURVE('',#5237,#5213,#5239,.T.);
#5237 = VERTEX_POINT('',#5238);
#5238 = CARTESIAN_POINT('',(1.70741658083,-0.1,-0.615469706989));
#5239 = LINE('',#5240,#5241);
#5240 = CARTESIAN_POINT('',(2.097293847297,-0.1,-0.150832074007));
#5241 = VECTOR('',#5242,1.);
#5242 = DIRECTION('',(0.642787609687,0.,0.766044443119));
#5243 = ORIENTED_EDGE('',*,*,#5244,.T.);
#5244 = EDGE_CURVE('',#5237,#2270,#5245,.T.);
#5245 = LINE('',#5246,#5247);
#5246 = CARTESIAN_POINT('',(1.70741658083,-0.1,-0.615469706989));
#5247 = VECTOR('',#5248,1.);
#5248 = DIRECTION('',(0.,1.,0.));
#5249 = PLANE('',#5250);
#5250 = AXIS2_PLACEMENT_3D('',#5251,#5252,#5253);
#5251 = CARTESIAN_POINT('',(2.097293847297,-0.1,-0.150832074007));
#5252 = DIRECTION('',(-0.766044443119,0.,0.642787609687));
#5253 = DIRECTION('',(0.642787609687,0.,0.766044443119));
#5254 = ADVANCED_FACE('',(#5255),#5273,.F.);
#5255 = FACE_BOUND('',#5256,.T.);
#5256 = EDGE_LOOP('',(#5257,#5258,#5259,#5267));
#5257 = ORIENTED_EDGE('',*,*,#2277,.T.);
#5258 = ORIENTED_EDGE('',*,*,#5244,.F.);
#5259 = ORIENTED_EDGE('',*,*,#5260,.F.);
#5260 = EDGE_CURVE('',#5261,#5237,#5263,.T.);
#5261 = VERTEX_POINT('',#5262);
#5262 = CARTESIAN_POINT('',(1.976986224129,-0.1,-3.696664829124));
#5263 = LINE('',#5264,#5265);
#5264 = CARTESIAN_POINT('',(1.70741658083,-0.1,-0.615469706989));
#5265 = VECTOR('',#5266,1.);
#5266 = DIRECTION('',(-8.715574274765E-02,0.,0.996194698092));
#5267 = ORIENTED_EDGE('',*,*,#5268,.T.);
#5268 = EDGE_CURVE('',#5261,#2278,#5269,.T.);
#5269 = LINE('',#5270,#5271);
#5270 = CARTESIAN_POINT('',(1.976986224129,-0.1,-3.696664829124));
#5271 = VECTOR('',#5272,1.);
#5272 = DIRECTION('',(0.,1.,0.));
#5273 = PLANE('',#5274);
#5274 = AXIS2_PLACEMENT_3D('',#5275,#5276,#5277);
#5275 = CARTESIAN_POINT('',(1.70741658083,-0.1,-0.615469706989));
#5276 = DIRECTION('',(-0.996194698092,0.,-8.715574274765E-02));
#5277 = DIRECTION('',(-8.715574274765E-02,0.,0.996194698092));
#5278 = ADVANCED_FACE('',(#5279),#5297,.F.);
#5279 = FACE_BOUND('',#5280,.T.);
#5280 = EDGE_LOOP('',(#5281,#5282,#5283,#5291));
#5281 = ORIENTED_EDGE('',*,*,#2285,.T.);
#5282 = ORIENTED_EDGE('',*,*,#5268,.F.);
#5283 = ORIENTED_EDGE('',*,*,#5284,.F.);
#5284 = EDGE_CURVE('',#5285,#5261,#5287,.T.);
#5285 = VERTEX_POINT('',#5286);
#5286 = CARTESIAN_POINT('',(2.751982586469,-0.1,-4.346963990928));
#5287 = LINE('',#5288,#5289);
#5288 = CARTESIAN_POINT('',(2.751982586469,-0.1,-4.346963990928));
#5289 = VECTOR('',#5290,1.);
#5290 = DIRECTION('',(-0.766044443119,0.,0.642787609687));
#5291 = ORIENTED_EDGE('',*,*,#5292,.T.);
#5292 = EDGE_CURVE('',#5285,#2286,#5293,.T.);
#5293 = LINE('',#5294,#5295);
#5294 = CARTESIAN_POINT('',(2.751982586469,-0.1,-4.346963990928));
#5295 = VECTOR('',#5296,1.);
#5296 = DIRECTION('',(0.,1.,0.));
#5297 = PLANE('',#5298);
#5298 = AXIS2_PLACEMENT_3D('',#5299,#5300,#5301);
#5299 = CARTESIAN_POINT('',(2.751982586469,-0.1,-4.346963990928));
#5300 = DIRECTION('',(-0.642787609687,0.,-0.766044443119));
#5301 = DIRECTION('',(-0.766044443119,0.,0.642787609687));
#5302 = ADVANCED_FACE('',(#5303),#5321,.F.);
#5303 = FACE_BOUND('',#5304,.T.);
#5304 = EDGE_LOOP('',(#5305,#5306,#5307,#5315));
#5305 = ORIENTED_EDGE('',*,*,#2293,.T.);
#5306 = ORIENTED_EDGE('',*,*,#5292,.F.);
#5307 = ORIENTED_EDGE('',*,*,#5308,.F.);
#5308 = EDGE_CURVE('',#5309,#5285,#5311,.T.);
#5309 = VERTEX_POINT('',#5310);
#5310 = CARTESIAN_POINT('',(2.828914588941,-0.1,-4.255280000596));
#5311 = LINE('',#5312,#5313);
#5312 = CARTESIAN_POINT('',(2.751982586469,-0.1,-4.346963990928));
#5313 = VECTOR('',#5314,1.);
#5314 = DIRECTION('',(-0.642787609687,-0.,-0.766044443119));
#5315 = ORIENTED_EDGE('',*,*,#5316,.T.);
#5316 = EDGE_CURVE('',#5309,#2294,#5317,.T.);
#5317 = LINE('',#5318,#5319);
#5318 = CARTESIAN_POINT('',(2.828914588941,-0.1,-4.255280000596));
#5319 = VECTOR('',#5320,1.);
#5320 = DIRECTION('',(0.,1.,0.));
#5321 = PLANE('',#5322);
#5322 = AXIS2_PLACEMENT_3D('',#5323,#5324,#5325);
#5323 = CARTESIAN_POINT('',(2.751982586469,-0.1,-4.346963990928));
#5324 = DIRECTION('',(0.766044443119,0.,-0.642787609687));
#5325 = DIRECTION('',(-0.642787609687,0.,-0.766044443119));
#5326 = ADVANCED_FACE('',(#5327),#5338,.F.);
#5327 = FACE_BOUND('',#5328,.T.);
#5328 = EDGE_LOOP('',(#5329,#5330,#5331,#5337));
#5329 = ORIENTED_EDGE('',*,*,#2301,.T.);
#5330 = ORIENTED_EDGE('',*,*,#5316,.F.);
#5331 = ORIENTED_EDGE('',*,*,#5332,.F.);
#5332 = EDGE_CURVE('',#5205,#5309,#5333,.T.);
#5333 = LINE('',#5334,#5335);
#5334 = CARTESIAN_POINT('',(2.499336566986,-0.1,-0.488185971816));
#5335 = VECTOR('',#5336,1.);
#5336 = DIRECTION('',(8.715574274765E-02,0.,-0.996194698092));
#5337 = ORIENTED_EDGE('',*,*,#5204,.T.);
#5338 = PLANE('',#5339);
#5339 = AXIS2_PLACEMENT_3D('',#5340,#5341,#5342);
#5340 = CARTESIAN_POINT('',(2.499336566986,-0.1,-0.488185971816));
#5341 = DIRECTION('',(0.996194698092,0.,8.715574274765E-02));
#5342 = DIRECTION('',(8.715574274765E-02,0.,-0.996194698092));
#5343 = ADVANCED_FACE('',(#5344),#5369,.F.);
#5344 = FACE_BOUND('',#5345,.T.);
#5345 = EDGE_LOOP('',(#5346,#5347,#5355,#5363));
#5346 = ORIENTED_EDGE('',*,*,#2309,.T.);
#5347 = ORIENTED_EDGE('',*,*,#5348,.F.);
#5348 = EDGE_CURVE('',#5349,#2312,#5351,.T.);
#5349 = VERTEX_POINT('',#5350);
#5350 = CARTESIAN_POINT('',(1.593244841652,-0.1,0.689519243317));
#5351 = LINE('',#5352,#5353);
#5352 = CARTESIAN_POINT('',(1.593244841652,-0.1,0.689519243317));
#5353 = VECTOR('',#5354,1.);
#5354 = DIRECTION('',(0.,1.,0.));
#5355 = ORIENTED_EDGE('',*,*,#5356,.F.);
#5356 = EDGE_CURVE('',#5357,#5349,#5359,.T.);
#5357 = VERTEX_POINT('',#5358);
#5358 = CARTESIAN_POINT('',(2.118563170703,-0.1,0.24872482716));
#5359 = LINE('',#5360,#5361);
#5360 = CARTESIAN_POINT('',(1.593244841652,-0.1,0.689519243317));
#5361 = VECTOR('',#5362,1.);
#5362 = DIRECTION('',(-0.766044443119,0.,0.642787609687));
#5363 = ORIENTED_EDGE('',*,*,#5364,.T.);
#5364 = EDGE_CURVE('',#5357,#2310,#5365,.T.);
#5365 = LINE('',#5366,#5367);
#5366 = CARTESIAN_POINT('',(2.118563170703,-0.1,0.24872482716));
#5367 = VECTOR('',#5368,1.);
#5368 = DIRECTION('',(0.,1.,0.));
#5369 = PLANE('',#5370);
#5370 = AXIS2_PLACEMENT_3D('',#5371,#5372,#5373);
#5371 = CARTESIAN_POINT('',(1.593244841652,-0.1,0.689519243317));
#5372 = DIRECTION('',(-0.642787609687,0.,-0.766044443119));
#5373 = DIRECTION('',(-0.766044443119,0.,0.642787609687));
#5374 = ADVANCED_FACE('',(#5375),#5393,.F.);
#5375 = FACE_BOUND('',#5376,.T.);
#5376 = EDGE_LOOP('',(#5377,#5378,#5379,#5387));
#5377 = ORIENTED_EDGE('',*,*,#2319,.T.);
#5378 = ORIENTED_EDGE('',*,*,#5364,.F.);
#5379 = ORIENTED_EDGE('',*,*,#5380,.F.);
#5380 = EDGE_CURVE('',#5381,#5357,#5383,.T.);
#5381 = VERTEX_POINT('',#5382);
#5382 = CARTESIAN_POINT('',(2.404999918821,-0.1,0.590086850781));
#5383 = LINE('',#5384,#5385);
#5384 = CARTESIAN_POINT('',(2.118563170703,-0.1,0.24872482716));
#5385 = VECTOR('',#5386,1.);
#5386 = DIRECTION('',(-0.642787609687,-0.,-0.766044443119));
#5387 = ORIENTED_EDGE('',*,*,#5388,.T.);
#5388 = EDGE_CURVE('',#5381,#2320,#5389,.T.);
#5389 = LINE('',#5390,#5391);
#5390 = CARTESIAN_POINT('',(2.404999918821,-0.1,0.590086850781));
#5391 = VECTOR('',#5392,1.);
#5392 = DIRECTION('',(0.,1.,0.));
#5393 = PLANE('',#5394);
#5394 = AXIS2_PLACEMENT_3D('',#5395,#5396,#5397);
#5395 = CARTESIAN_POINT('',(2.118563170703,-0.1,0.24872482716));
#5396 = DIRECTION('',(0.766044443119,0.,-0.642787609687));
#5397 = DIRECTION('',(-0.642787609687,0.,-0.766044443119));
#5398 = ADVANCED_FACE('',(#5399),#5417,.F.);
#5399 = FACE_BOUND('',#5400,.T.);
#5400 = EDGE_LOOP('',(#5401,#5402,#5403,#5411));
#5401 = ORIENTED_EDGE('',*,*,#2327,.T.);
#5402 = ORIENTED_EDGE('',*,*,#5388,.F.);
#5403 = ORIENTED_EDGE('',*,*,#5404,.F.);
#5404 = EDGE_CURVE('',#5405,#5381,#5407,.T.);
#5405 = VERTEX_POINT('',#5406);
#5406 = CARTESIAN_POINT('',(2.085109890169,-0.1,4.246446609407));
#5407 = LINE('',#5408,#5409);
#5408 = CARTESIAN_POINT('',(2.085109890169,-0.1,4.246446609407));
#5409 = VECTOR('',#5410,1.);
#5410 = DIRECTION('',(8.715574274765E-02,0.,-0.996194698092));
#5411 = ORIENTED_EDGE('',*,*,#5412,.T.);
#5412 = EDGE_CURVE('',#5405,#2328,#5413,.T.);
#5413 = LINE('',#5414,#5415);
#5414 = CARTESIAN_POINT('',(2.085109890169,-0.1,4.246446609407));
#5415 = VECTOR('',#5416,1.);
#5416 = DIRECTION('',(0.,1.,0.));
#5417 = PLANE('',#5418);
#5418 = AXIS2_PLACEMENT_3D('',#5419,#5420,#5421);
#5419 = CARTESIAN_POINT('',(2.085109890169,-0.1,4.246446609407));
#5420 = DIRECTION('',(0.996194698092,0.,8.715574274765E-02));
#5421 = DIRECTION('',(8.715574274765E-02,0.,-0.996194698092));
#5422 = ADVANCED_FACE('',(#5423),#5441,.F.);
#5423 = FACE_BOUND('',#5424,.T.);
#5424 = EDGE_LOOP('',(#5425,#5426,#5427,#5435));
#5425 = ORIENTED_EDGE('',*,*,#2335,.T.);
#5426 = ORIENTED_EDGE('',*,*,#5412,.F.);
#5427 = ORIENTED_EDGE('',*,*,#5428,.F.);
#5428 = EDGE_CURVE('',#5429,#5405,#5431,.T.);
#5429 = VERTEX_POINT('',#5430);
#5430 = CARTESIAN_POINT('',(1.988382770917,-0.1,4.343173728658));
#5431 = LINE('',#5432,#5433);
#5432 = CARTESIAN_POINT('',(1.988382770917,-0.1,4.343173728658));
#5433 = VECTOR('',#5434,1.);
#5434 = DIRECTION('',(0.707106781187,0.,-0.707106781187));
#5435 = ORIENTED_EDGE('',*,*,#5436,.T.);
#5436 = EDGE_CURVE('',#5429,#2336,#5437,.T.);
#5437 = LINE('',#5438,#5439);
#5438 = CARTESIAN_POINT('',(1.988382770917,-0.1,4.343173728658));
#5439 = VECTOR('',#5440,1.);
#5440 = DIRECTION('',(0.,1.,0.));
#5441 = PLANE('',#5442);
#5442 = AXIS2_PLACEMENT_3D('',#5443,#5444,#5445);
#5443 = CARTESIAN_POINT('',(1.988382770917,-0.1,4.343173728658));
#5444 = DIRECTION('',(0.707106781187,0.,0.707106781187));
#5445 = DIRECTION('',(0.707106781187,0.,-0.707106781187));
#5446 = ADVANCED_FACE('',(#5447),#5465,.F.);
#5447 = FACE_BOUND('',#5448,.T.);
#5448 = EDGE_LOOP('',(#5449,#5450,#5451,#5459));
#5449 = ORIENTED_EDGE('',*,*,#2343,.T.);
#5450 = ORIENTED_EDGE('',*,*,#5436,.F.);
#5451 = ORIENTED_EDGE('',*,*,#5452,.F.);
#5452 = EDGE_CURVE('',#5453,#5429,#5455,.T.);
#5453 = VERTEX_POINT('',#5454);
#5454 = CARTESIAN_POINT('',(1.335889658416,-0.1,3.631102448096));
#5455 = LINE('',#5456,#5457);
#5456 = CARTESIAN_POINT('',(1.335889658416,-0.1,3.631102448096));
#5457 = VECTOR('',#5458,1.);
#5458 = DIRECTION('',(0.675590207616,0.,0.73727733681));
#5459 = ORIENTED_EDGE('',*,*,#5460,.T.);
#5460 = EDGE_CURVE('',#5453,#2344,#5461,.T.);
#5461 = LINE('',#5462,#5463);
#5462 = CARTESIAN_POINT('',(1.335889658416,-0.1,3.631102448096));
#5463 = VECTOR('',#5464,1.);
#5464 = DIRECTION('',(0.,1.,0.));
#5465 = PLANE('',#5466);
#5466 = AXIS2_PLACEMENT_3D('',#5467,#5468,#5469);
#5467 = CARTESIAN_POINT('',(1.335889658416,-0.1,3.631102448096));
#5468 = DIRECTION('',(-0.73727733681,0.,0.675590207616));
#5469 = DIRECTION('',(0.675590207616,0.,0.73727733681));
#5470 = ADVANCED_FACE('',(#5471),#5482,.F.);
#5471 = FACE_BOUND('',#5472,.T.);
#5472 = EDGE_LOOP('',(#5473,#5474,#5475,#5481));
#5473 = ORIENTED_EDGE('',*,*,#2351,.T.);
#5474 = ORIENTED_EDGE('',*,*,#5460,.F.);
#5475 = ORIENTED_EDGE('',*,*,#5476,.F.);
#5476 = EDGE_CURVE('',#5349,#5453,#5477,.T.);
#5477 = LINE('',#5478,#5479);
#5478 = CARTESIAN_POINT('',(1.335889658416,-0.1,3.631102448096));
#5479 = VECTOR('',#5480,1.);
#5480 = DIRECTION('',(-8.715574274765E-02,0.,0.996194698092));
#5481 = ORIENTED_EDGE('',*,*,#5348,.T.);
#5482 = PLANE('',#5483);
#5483 = AXIS2_PLACEMENT_3D('',#5484,#5485,#5486);
#5484 = CARTESIAN_POINT('',(1.335889658416,-0.1,3.631102448096));
#5485 = DIRECTION('',(-0.996194698092,0.,-8.715574274765E-02));
#5486 = DIRECTION('',(-8.715574274765E-02,0.,0.996194698092));
#5487 = ADVANCED_FACE('',(#5488),#5513,.F.);
#5488 = FACE_BOUND('',#5489,.T.);
#5489 = EDGE_LOOP('',(#5490,#5491,#5499,#5507));
#5490 = ORIENTED_EDGE('',*,*,#2359,.T.);
#5491 = ORIENTED_EDGE('',*,*,#5492,.F.);
#5492 = EDGE_CURVE('',#5493,#2362,#5495,.T.);
#5493 = VERTEX_POINT('',#5494);
#5494 = CARTESIAN_POINT('',(-1.560181456431,-0.1,0.4));
#5495 = LINE('',#5496,#5497);
#5496 = CARTESIAN_POINT('',(-1.560181456431,-0.1,0.4));
#5497 = VECTOR('',#5498,1.);
#5498 = DIRECTION('',(0.,1.,0.));
#5499 = ORIENTED_EDGE('',*,*,#5500,.F.);
#5500 = EDGE_CURVE('',#5501,#5493,#5503,.T.);
#5501 = VERTEX_POINT('',#5502);
#5502 = CARTESIAN_POINT('',(-1.954104557636,-0.1,-6.945927106677E-02));
#5503 = LINE('',#5504,#5505);
#5504 = CARTESIAN_POINT('',(-1.954104557636,-0.1,-6.945927106677E-02));
#5505 = VECTOR('',#5506,1.);
#5506 = DIRECTION('',(0.642787609687,0.,0.766044443119));
#5507 = ORIENTED_EDGE('',*,*,#5508,.T.);
#5508 = EDGE_CURVE('',#5501,#2360,#5509,.T.);
#5509 = LINE('',#5510,#5511);
#5510 = CARTESIAN_POINT('',(-1.954104557636,-0.1,-6.945927106677E-02));
#5511 = VECTOR('',#5512,1.);
#5512 = DIRECTION('',(0.,1.,0.));
#5513 = PLANE('',#5514);
#5514 = AXIS2_PLACEMENT_3D('',#5515,#5516,#5517);
#5515 = CARTESIAN_POINT('',(-1.954104557636,-0.1,-6.945927106677E-02));
#5516 = DIRECTION('',(-0.766044443119,0.,0.642787609687));
#5517 = DIRECTION('',(0.642787609687,0.,0.766044443119));
#5518 = ADVANCED_FACE('',(#5519),#5537,.F.);
#5519 = FACE_BOUND('',#5520,.T.);
#5520 = EDGE_LOOP('',(#5521,#5522,#5523,#5531));
#5521 = ORIENTED_EDGE('',*,*,#2369,.T.);
#5522 = ORIENTED_EDGE('',*,*,#5508,.F.);
#5523 = ORIENTED_EDGE('',*,*,#5524,.F.);
#5524 = EDGE_CURVE('',#5525,#5501,#5527,.T.);
#5525 = VERTEX_POINT('',#5526);
#5526 = CARTESIAN_POINT('',(-1.560181456431,-0.1,-0.4));
#5527 = LINE('',#5528,#5529);
#5528 = CARTESIAN_POINT('',(-1.560181456431,-0.1,-0.4));
#5529 = VECTOR('',#5530,1.);
#5530 = DIRECTION('',(-0.766044443119,0.,0.642787609687));
#5531 = ORIENTED_EDGE('',*,*,#5532,.T.);
#5532 = EDGE_CURVE('',#5525,#2370,#5533,.T.);
#5533 = LINE('',#5534,#5535);
#5534 = CARTESIAN_POINT('',(-1.560181456431,-0.1,-0.4));
#5535 = VECTOR('',#5536,1.);
#5536 = DIRECTION('',(0.,1.,0.));
#5537 = PLANE('',#5538);
#5538 = AXIS2_PLACEMENT_3D('',#5539,#5540,#5541);
#5539 = CARTESIAN_POINT('',(-1.560181456431,-0.1,-0.4));
#5540 = DIRECTION('',(-0.642787609687,0.,-0.766044443119));
#5541 = DIRECTION('',(-0.766044443119,0.,0.642787609687));
#5542 = ADVANCED_FACE('',(#5543),#5561,.F.);
#5543 = FACE_BOUND('',#5544,.T.);
#5544 = EDGE_LOOP('',(#5545,#5546,#5547,#5555));
#5545 = ORIENTED_EDGE('',*,*,#2377,.T.);
#5546 = ORIENTED_EDGE('',*,*,#5532,.F.);
#5547 = ORIENTED_EDGE('',*,*,#5548,.F.);
#5548 = EDGE_CURVE('',#5549,#5525,#5551,.T.);
#5549 = VERTEX_POINT('',#5550);
#5550 = CARTESIAN_POINT('',(1.627135674628,-0.1,-0.4));
#5551 = LINE('',#5552,#5553);
#5552 = CARTESIAN_POINT('',(-1.560181456431,-0.1,-0.4));
#5553 = VECTOR('',#5554,1.);
#5554 = DIRECTION('',(-1.,-0.,-2.551210299849E-16));
#5555 = ORIENTED_EDGE('',*,*,#5556,.T.);
#5556 = EDGE_CURVE('',#5549,#2378,#5557,.T.);
#5557 = LINE('',#5558,#5559);
#5558 = CARTESIAN_POINT('',(1.627135674628,-0.1,-0.4));
#5559 = VECTOR('',#5560,1.);
#5560 = DIRECTION('',(0.,1.,0.));
#5561 = PLANE('',#5562);
#5562 = AXIS2_PLACEMENT_3D('',#5563,#5564,#5565);
#5563 = CARTESIAN_POINT('',(-1.560181456431,-0.1,-0.4));
#5564 = DIRECTION('',(2.551210299849E-16,0.,-1.));
#5565 = DIRECTION('',(-1.,0.,-2.551210299849E-16));
#5566 = ADVANCED_FACE('',(#5567),#5585,.F.);
#5567 = FACE_BOUND('',#5568,.T.);
#5568 = EDGE_LOOP('',(#5569,#5570,#5571,#5579));
#5569 = ORIENTED_EDGE('',*,*,#2385,.T.);
#5570 = ORIENTED_EDGE('',*,*,#5556,.F.);
#5571 = ORIENTED_EDGE('',*,*,#5572,.F.);
#5572 = EDGE_CURVE('',#5573,#5549,#5575,.T.);
#5573 = VERTEX_POINT('',#5574);
#5574 = CARTESIAN_POINT('',(2.021058775833,-0.1,6.945927106677E-02));
#5575 = LINE('',#5576,#5577);
#5576 = CARTESIAN_POINT('',(1.627135674628,-0.1,-0.4));
#5577 = VECTOR('',#5578,1.);
#5578 = DIRECTION('',(-0.642787609687,-0.,-0.766044443119));
#5579 = ORIENTED_EDGE('',*,*,#5580,.T.);
#5580 = EDGE_CURVE('',#5573,#2386,#5581,.T.);
#5581 = LINE('',#5582,#5583);
#5582 = CARTESIAN_POINT('',(2.021058775833,-0.1,6.945927106677E-02));
#5583 = VECTOR('',#5584,1.);
#5584 = DIRECTION('',(0.,1.,0.));
#5585 = PLANE('',#5586);
#5586 = AXIS2_PLACEMENT_3D('',#5587,#5588,#5589);
#5587 = CARTESIAN_POINT('',(1.627135674628,-0.1,-0.4));
#5588 = DIRECTION('',(0.766044443119,0.,-0.642787609687));
#5589 = DIRECTION('',(-0.642787609687,0.,-0.766044443119));
#5590 = ADVANCED_FACE('',(#5591),#5609,.F.);
#5591 = FACE_BOUND('',#5592,.T.);
#5592 = EDGE_LOOP('',(#5593,#5594,#5595,#5603));
#5593 = ORIENTED_EDGE('',*,*,#2393,.T.);
#5594 = ORIENTED_EDGE('',*,*,#5580,.F.);
#5595 = ORIENTED_EDGE('',*,*,#5596,.F.);
#5596 = EDGE_CURVE('',#5597,#5573,#5599,.T.);
#5597 = VERTEX_POINT('',#5598);
#5598 = CARTESIAN_POINT('',(1.627135674628,-0.1,0.4));
#5599 = LINE('',#5600,#5601);
#5600 = CARTESIAN_POINT('',(2.021058775833,-0.1,6.945927106677E-02));
#5601 = VECTOR('',#5602,1.);
#5602 = DIRECTION('',(0.766044443119,0.,-0.642787609687));
#5603 = ORIENTED_EDGE('',*,*,#5604,.T.);
#5604 = EDGE_CURVE('',#5597,#2394,#5605,.T.);
#5605 = LINE('',#5606,#5607);
#5606 = CARTESIAN_POINT('',(1.627135674628,-0.1,0.4));
#5607 = VECTOR('',#5608,1.);
#5608 = DIRECTION('',(0.,1.,0.));
#5609 = PLANE('',#5610);
#5610 = AXIS2_PLACEMENT_3D('',#5611,#5612,#5613);
#5611 = CARTESIAN_POINT('',(2.021058775833,-0.1,6.945927106677E-02));
#5612 = DIRECTION('',(0.642787609687,0.,0.766044443119));
#5613 = DIRECTION('',(0.766044443119,0.,-0.642787609687));
#5614 = ADVANCED_FACE('',(#5615),#5626,.F.);
#5615 = FACE_BOUND('',#5616,.T.);
#5616 = EDGE_LOOP('',(#5617,#5618,#5619,#5625));
#5617 = ORIENTED_EDGE('',*,*,#2401,.T.);
#5618 = ORIENTED_EDGE('',*,*,#5604,.F.);
#5619 = ORIENTED_EDGE('',*,*,#5620,.F.);
#5620 = EDGE_CURVE('',#5493,#5597,#5621,.T.);
#5621 = LINE('',#5622,#5623);
#5622 = CARTESIAN_POINT('',(-1.560181456431,-0.1,0.4));
#5623 = VECTOR('',#5624,1.);
#5624 = DIRECTION('',(1.,0.,2.551210299849E-16));
#5625 = ORIENTED_EDGE('',*,*,#5492,.T.);
#5626 = PLANE('',#5627);
#5627 = AXIS2_PLACEMENT_3D('',#5628,#5629,#5630);
#5628 = CARTESIAN_POINT('',(-1.560181456431,-0.1,0.4));
#5629 = DIRECTION('',(-2.551210299849E-16,0.,1.));
#5630 = DIRECTION('',(1.,0.,2.551210299849E-16));
#5631 = ADVANCED_FACE('',(#5632),#5657,.F.);
#5632 = FACE_BOUND('',#5633,.T.);
#5633 = EDGE_LOOP('',(#5634,#5635,#5643,#5651));
#5634 = ORIENTED_EDGE('',*,*,#2409,.T.);
#5635 = ORIENTED_EDGE('',*,*,#5636,.F.);
#5636 = EDGE_CURVE('',#5637,#2412,#5639,.T.);
#5637 = VERTEX_POINT('',#5638);
#5638 = CARTESIAN_POINT('',(-1.244483111555,-0.1,-3.590984216664));
#5639 = LINE('',#5640,#5641);
#5640 = CARTESIAN_POINT('',(-1.244483111555,-0.1,-3.590984216664));
#5641 = VECTOR('',#5642,1.);
#5642 = DIRECTION('',(0.,1.,0.));
#5643 = ORIENTED_EDGE('',*,*,#5644,.F.);
#5644 = EDGE_CURVE('',#5645,#5637,#5647,.T.);
#5645 = VERTEX_POINT('',#5646);
#5646 = CARTESIAN_POINT('',(-1.496113014613,-0.1,-0.714841263766));
#5647 = LINE('',#5648,#5649);
#5648 = CARTESIAN_POINT('',(-1.244483111555,-0.1,-3.590984216664));
#5649 = VECTOR('',#5650,1.);
#5650 = DIRECTION('',(8.715574274765E-02,0.,-0.996194698092));
#5651 = ORIENTED_EDGE('',*,*,#5652,.T.);
#5652 = EDGE_CURVE('',#5645,#2410,#5653,.T.);
#5653 = LINE('',#5654,#5655);
#5654 = CARTESIAN_POINT('',(-1.496113014613,-0.1,-0.714841263766));
#5655 = VECTOR('',#5656,1.);
#5656 = DIRECTION('',(0.,1.,0.));
#5657 = PLANE('',#5658);
#5658 = AXIS2_PLACEMENT_3D('',#5659,#5660,#5661);
#5659 = CARTESIAN_POINT('',(-1.244483111555,-0.1,-3.590984216664));
#5660 = DIRECTION('',(0.996194698092,0.,8.715574274765E-02));
#5661 = DIRECTION('',(8.715574274765E-02,0.,-0.996194698092));
#5662 = ADVANCED_FACE('',(#5663),#5681,.F.);
#5663 = FACE_BOUND('',#5664,.T.);
#5664 = EDGE_LOOP('',(#5665,#5666,#5667,#5675));
#5665 = ORIENTED_EDGE('',*,*,#2419,.T.);
#5666 = ORIENTED_EDGE('',*,*,#5652,.F.);
#5667 = ORIENTED_EDGE('',*,*,#5668,.F.);
#5668 = EDGE_CURVE('',#5669,#5645,#5671,.T.);
#5669 = VERTEX_POINT('',#5670);
#5670 = CARTESIAN_POINT('',(-1.982853171971,-0.1,-0.306417777248));
#5671 = LINE('',#5672,#5673);
#5672 = CARTESIAN_POINT('',(-1.496113014613,-0.1,-0.714841263766));
#5673 = VECTOR('',#5674,1.);
#5674 = DIRECTION('',(0.766044443119,0.,-0.642787609687));
#5675 = ORIENTED_EDGE('',*,*,#5676,.T.);
#5676 = EDGE_CURVE('',#5669,#2420,#5677,.T.);
#5677 = LINE('',#5678,#5679);
#5678 = CARTESIAN_POINT('',(-1.982853171971,-0.1,-0.306417777248));
#5679 = VECTOR('',#5680,1.);
#5680 = DIRECTION('',(0.,1.,0.));
#5681 = PLANE('',#5682);
#5682 = AXIS2_PLACEMENT_3D('',#5683,#5684,#5685);
#5683 = CARTESIAN_POINT('',(-1.496113014613,-0.1,-0.714841263766));
#5684 = DIRECTION('',(0.642787609687,0.,0.766044443119));
#5685 = DIRECTION('',(0.766044443119,0.,-0.642787609687));
#5686 = ADVANCED_FACE('',(#5687),#5705,.F.);
#5687 = FACE_BOUND('',#5688,.T.);
#5688 = EDGE_LOOP('',(#5689,#5690,#5691,#5699));
#5689 = ORIENTED_EDGE('',*,*,#2427,.T.);
#5690 = ORIENTED_EDGE('',*,*,#5676,.F.);
#5691 = ORIENTED_EDGE('',*,*,#5692,.F.);
#5692 = EDGE_CURVE('',#5693,#5669,#5695,.T.);
#5693 = VERTEX_POINT('',#5694);
#5694 = CARTESIAN_POINT('',(-2.301660849728,-0.1,-0.686357972562));
#5695 = LINE('',#5696,#5697);
#5696 = CARTESIAN_POINT('',(-1.982853171971,-0.1,-0.306417777248));
#5697 = VECTOR('',#5698,1.);
#5698 = DIRECTION('',(0.642787609687,0.,0.766044443119));
#5699 = ORIENTED_EDGE('',*,*,#5700,.T.);
#5700 = EDGE_CURVE('',#5693,#2428,#5701,.T.);
#5701 = LINE('',#5702,#5703);
#5702 = CARTESIAN_POINT('',(-2.301660849728,-0.1,-0.686357972562));
#5703 = VECTOR('',#5704,1.);
#5704 = DIRECTION('',(0.,1.,0.));
#5705 = PLANE('',#5706);
#5706 = AXIS2_PLACEMENT_3D('',#5707,#5708,#5709);
#5707 = CARTESIAN_POINT('',(-1.982853171971,-0.1,-0.306417777248));
#5708 = DIRECTION('',(-0.766044443119,0.,0.642787609687));
#5709 = DIRECTION('',(0.642787609687,0.,0.766044443119));
#5710 = ADVANCED_FACE('',(#5711),#5729,.F.);
#5711 = FACE_BOUND('',#5712,.T.);
#5712 = EDGE_LOOP('',(#5713,#5714,#5715,#5723));
#5713 = ORIENTED_EDGE('',*,*,#2435,.T.);
#5714 = ORIENTED_EDGE('',*,*,#5700,.F.);
#5715 = ORIENTED_EDGE('',*,*,#5716,.F.);
#5716 = EDGE_CURVE('',#5717,#5693,#5719,.T.);
#5717 = VERTEX_POINT('',#5718);
#5718 = CARTESIAN_POINT('',(-1.984568022235,-0.1,-4.310745575641));
#5719 = LINE('',#5720,#5721);
#5720 = CARTESIAN_POINT('',(-1.984568022235,-0.1,-4.310745575641));
#5721 = VECTOR('',#5722,1.);
#5722 = DIRECTION('',(-8.715574274765E-02,0.,0.996194698092));
#5723 = ORIENTED_EDGE('',*,*,#5724,.T.);
#5724 = EDGE_CURVE('',#5717,#2436,#5725,.T.);
#5725 = LINE('',#5726,#5727);
#5726 = CARTESIAN_POINT('',(-1.984568022235,-0.1,-4.310745575641));
#5727 = VECTOR('',#5728,1.);
#5728 = DIRECTION('',(0.,1.,0.));
#5729 = PLANE('',#5730);
#5730 = AXIS2_PLACEMENT_3D('',#5731,#5732,#5733);
#5731 = CARTESIAN_POINT('',(-1.984568022235,-0.1,-4.310745575641));
#5732 = DIRECTION('',(-0.996194698092,0.,-8.715574274765E-02));
#5733 = DIRECTION('',(-8.715574274765E-02,0.,0.996194698092));
#5734 = ADVANCED_FACE('',(#5735),#5753,.F.);
#5735 = FACE_BOUND('',#5736,.T.);
#5736 = EDGE_LOOP('',(#5737,#5738,#5739,#5747));
#5737 = ORIENTED_EDGE('',*,*,#2443,.T.);
#5738 = ORIENTED_EDGE('',*,*,#5724,.F.);
#5739 = ORIENTED_EDGE('',*,*,#5740,.F.);
#5740 = EDGE_CURVE('',#5741,#5717,#5743,.T.);
#5741 = VERTEX_POINT('',#5742);
#5742 = CARTESIAN_POINT('',(-1.904681652186,-0.1,-4.377778199286));
#5743 = LINE('',#5744,#5745);
#5744 = CARTESIAN_POINT('',(-1.984568022235,-0.1,-4.310745575641));
#5745 = VECTOR('',#5746,1.);
#5746 = DIRECTION('',(-0.766044443119,0.,0.642787609687));
#5747 = ORIENTED_EDGE('',*,*,#5748,.T.);
#5748 = EDGE_CURVE('',#5741,#2444,#5749,.T.);
#5749 = LINE('',#5750,#5751);
#5750 = CARTESIAN_POINT('',(-1.904681652186,-0.1,-4.377778199286));
#5751 = VECTOR('',#5752,1.);
#5752 = DIRECTION('',(0.,1.,0.));
#5753 = PLANE('',#5754);
#5754 = AXIS2_PLACEMENT_3D('',#5755,#5756,#5757);
#5755 = CARTESIAN_POINT('',(-1.984568022235,-0.1,-4.310745575641));
#5756 = DIRECTION('',(-0.642787609687,0.,-0.766044443119));
#5757 = DIRECTION('',(-0.766044443119,0.,0.642787609687));
#5758 = ADVANCED_FACE('',(#5759),#5770,.F.);
#5759 = FACE_BOUND('',#5760,.T.);
#5760 = EDGE_LOOP('',(#5761,#5762,#5763,#5769));
#5761 = ORIENTED_EDGE('',*,*,#2451,.T.);
#5762 = ORIENTED_EDGE('',*,*,#5748,.F.);
#5763 = ORIENTED_EDGE('',*,*,#5764,.F.);
#5764 = EDGE_CURVE('',#5637,#5741,#5765,.T.);
#5765 = LINE('',#5766,#5767);
#5766 = CARTESIAN_POINT('',(-1.904681652186,-0.1,-4.377778199286));
#5767 = VECTOR('',#5768,1.);
#5768 = DIRECTION('',(-0.642787609687,-0.,-0.766044443119));
#5769 = ORIENTED_EDGE('',*,*,#5636,.T.);
#5770 = PLANE('',#5771);
#5771 = AXIS2_PLACEMENT_3D('',#5772,#5773,#5774);
#5772 = CARTESIAN_POINT('',(-1.904681652186,-0.1,-4.377778199286));
#5773 = DIRECTION('',(0.766044443119,0.,-0.642787609687));
#5774 = DIRECTION('',(-0.642787609687,0.,-0.766044443119));
#5775 = ADVANCED_FACE('',(#5776),#5780,.T.);
#5776 = FACE_BOUND('',#5777,.T.);
#5777 = EDGE_LOOP('',(#5778,#5779));
#5778 = ORIENTED_EDGE('',*,*,#2614,.T.);
#5779 = ORIENTED_EDGE('',*,*,#2640,.T.);
#5780 = PLANE('',#5781);
#5781 = AXIS2_PLACEMENT_3D('',#5782,#5783,#5784);
#5782 = CARTESIAN_POINT('',(-4.671085411059,-0.1,5.1));
#5783 = DIRECTION('',(0.,1.,0.));
#5784 = DIRECTION('',(0.,0.,1.));
#5785 = ADVANCED_FACE('',(#5786),#5794,.F.);
#5786 = FACE_BOUND('',#5787,.T.);
#5787 = EDGE_LOOP('',(#5788,#5789,#5790,#5791,#5792,#5793));
#5788 = ORIENTED_EDGE('',*,*,#2664,.T.);
#5789 = ORIENTED_EDGE('',*,*,#2784,.T.);
#5790 = ORIENTED_EDGE('',*,*,#2760,.T.);
#5791 = ORIENTED_EDGE('',*,*,#2736,.T.);
#5792 = ORIENTED_EDGE('',*,*,#2712,.T.);
#5793 = ORIENTED_EDGE('',*,*,#2688,.T.);
#5794 = PLANE('',#5795);
#5795 = AXIS2_PLACEMENT_3D('',#5796,#5797,#5798);
#5796 = CARTESIAN_POINT('',(-7.5,-0.1,0.));
#5797 = DIRECTION('',(0.,-1.,0.));
#5798 = DIRECTION('',(0.,0.,-1.));
#5799 = ADVANCED_FACE('',(#5800),#5808,.F.);
#5800 = FACE_BOUND('',#5801,.T.);
#5801 = EDGE_LOOP('',(#5802,#5803,#5804,#5805,#5806,#5807));
#5802 = ORIENTED_EDGE('',*,*,#2808,.T.);
#5803 = ORIENTED_EDGE('',*,*,#2928,.T.);
#5804 = ORIENTED_EDGE('',*,*,#2904,.T.);
#5805 = ORIENTED_EDGE('',*,*,#2880,.T.);
#5806 = ORIENTED_EDGE('',*,*,#2856,.T.);
#5807 = ORIENTED_EDGE('',*,*,#2832,.T.);
#5808 = PLANE('',#5809);
#5809 = AXIS2_PLACEMENT_3D('',#5810,#5811,#5812);
#5810 = CARTESIAN_POINT('',(-7.5,-0.1,0.));
#5811 = DIRECTION('',(0.,-1.,0.));
#5812 = DIRECTION('',(0.,0.,-1.));
#5813 = ADVANCED_FACE('',(#5814),#5822,.F.);
#5814 = FACE_BOUND('',#5815,.T.);
#5815 = EDGE_LOOP('',(#5816,#5817,#5818,#5819,#5820,#5821));
#5816 = ORIENTED_EDGE('',*,*,#2952,.T.);
#5817 = ORIENTED_EDGE('',*,*,#3072,.T.);
#5818 = ORIENTED_EDGE('',*,*,#3048,.T.);
#5819 = ORIENTED_EDGE('',*,*,#3024,.T.);
#5820 = ORIENTED_EDGE('',*,*,#3000,.T.);
#5821 = ORIENTED_EDGE('',*,*,#2976,.T.);
#5822 = PLANE('',#5823);
#5823 = AXIS2_PLACEMENT_3D('',#5824,#5825,#5826);
#5824 = CARTESIAN_POINT('',(-7.5,-0.1,0.));
#5825 = DIRECTION('',(0.,-1.,0.));
#5826 = DIRECTION('',(0.,0.,-1.));
#5827 = ADVANCED_FACE('',(#5828),#5836,.F.);
#5828 = FACE_BOUND('',#5829,.T.);
#5829 = EDGE_LOOP('',(#5830,#5831,#5832,#5833,#5834,#5835));
#5830 = ORIENTED_EDGE('',*,*,#3096,.T.);
#5831 = ORIENTED_EDGE('',*,*,#3216,.T.);
#5832 = ORIENTED_EDGE('',*,*,#3192,.T.);
#5833 = ORIENTED_EDGE('',*,*,#3168,.T.);
#5834 = ORIENTED_EDGE('',*,*,#3144,.T.);
#5835 = ORIENTED_EDGE('',*,*,#3120,.T.);
#5836 = PLANE('',#5837);
#5837 = AXIS2_PLACEMENT_3D('',#5838,#5839,#5840);
#5838 = CARTESIAN_POINT('',(-7.5,-0.1,0.));
#5839 = DIRECTION('',(0.,-1.,0.));
#5840 = DIRECTION('',(0.,0.,-1.));
#5841 = ADVANCED_FACE('',(#5842),#5850,.F.);
#5842 = FACE_BOUND('',#5843,.T.);
#5843 = EDGE_LOOP('',(#5844,#5845,#5846,#5847,#5848,#5849));
#5844 = ORIENTED_EDGE('',*,*,#3240,.T.);
#5845 = ORIENTED_EDGE('',*,*,#3360,.T.);
#5846 = ORIENTED_EDGE('',*,*,#3336,.T.);
#5847 = ORIENTED_EDGE('',*,*,#3312,.T.);
#5848 = ORIENTED_EDGE('',*,*,#3288,.T.);
#5849 = ORIENTED_EDGE('',*,*,#3264,.T.);
#5850 = PLANE('',#5851);
#5851 = AXIS2_PLACEMENT_3D('',#5852,#5853,#5854);
#5852 = CARTESIAN_POINT('',(-7.5,-0.1,0.));
#5853 = DIRECTION('',(0.,-1.,0.));
#5854 = DIRECTION('',(0.,0.,-1.));
#5855 = ADVANCED_FACE('',(#5856),#5864,.F.);
#5856 = FACE_BOUND('',#5857,.T.);
#5857 = EDGE_LOOP('',(#5858,#5859,#5860,#5861,#5862,#5863));
#5858 = ORIENTED_EDGE('',*,*,#3384,.T.);
#5859 = ORIENTED_EDGE('',*,*,#3504,.T.);
#5860 = ORIENTED_EDGE('',*,*,#3480,.T.);
#5861 = ORIENTED_EDGE('',*,*,#3456,.T.);
#5862 = ORIENTED_EDGE('',*,*,#3432,.T.);
#5863 = ORIENTED_EDGE('',*,*,#3408,.T.);
#5864 = PLANE('',#5865);
#5865 = AXIS2_PLACEMENT_3D('',#5866,#5867,#5868);
#5866 = CARTESIAN_POINT('',(-7.5,-0.1,0.));
#5867 = DIRECTION('',(0.,-1.,0.));
#5868 = DIRECTION('',(0.,0.,-1.));
#5869 = ADVANCED_FACE('',(#5870),#5878,.F.);
#5870 = FACE_BOUND('',#5871,.T.);
#5871 = EDGE_LOOP('',(#5872,#5873,#5874,#5875,#5876,#5877));
#5872 = ORIENTED_EDGE('',*,*,#3528,.T.);
#5873 = ORIENTED_EDGE('',*,*,#3648,.T.);
#5874 = ORIENTED_EDGE('',*,*,#3624,.T.);
#5875 = ORIENTED_EDGE('',*,*,#3600,.T.);
#5876 = ORIENTED_EDGE('',*,*,#3576,.T.);
#5877 = ORIENTED_EDGE('',*,*,#3552,.T.);
#5878 = PLANE('',#5879);
#5879 = AXIS2_PLACEMENT_3D('',#5880,#5881,#5882);
#5880 = CARTESIAN_POINT('',(-7.5,-0.1,0.));
#5881 = DIRECTION('',(0.,-1.,0.));
#5882 = DIRECTION('',(0.,0.,-1.));
#5883 = ADVANCED_FACE('',(#5884),#5888,.T.);
#5884 = FACE_BOUND('',#5885,.T.);
#5885 = EDGE_LOOP('',(#5886,#5887));
#5886 = ORIENTED_EDGE('',*,*,#3672,.T.);
#5887 = ORIENTED_EDGE('',*,*,#3698,.T.);
#5888 = PLANE('',#5889);
#5889 = AXIS2_PLACEMENT_3D('',#5890,#5891,#5892);
#5890 = CARTESIAN_POINT('',(10.328914588941,-0.1,5.1));
#5891 = DIRECTION('',(0.,1.,0.));
#5892 = DIRECTION('',(0.,0.,1.));
#5893 = ADVANCED_FACE('',(#5894),#5902,.F.);
#5894 = FACE_BOUND('',#5895,.T.);
#5895 = EDGE_LOOP('',(#5896,#5897,#5898,#5899,#5900,#5901));
#5896 = ORIENTED_EDGE('',*,*,#3722,.T.);
#5897 = ORIENTED_EDGE('',*,*,#3842,.T.);
#5898 = ORIENTED_EDGE('',*,*,#3818,.T.);
#5899 = ORIENTED_EDGE('',*,*,#3794,.T.);
#5900 = ORIENTED_EDGE('',*,*,#3770,.T.);
#5901 = ORIENTED_EDGE('',*,*,#3746,.T.);
#5902 = PLANE('',#5903);
#5903 = AXIS2_PLACEMENT_3D('',#5904,#5905,#5906);
#5904 = CARTESIAN_POINT('',(7.5,-0.1,0.));
#5905 = DIRECTION('',(0.,-1.,0.));
#5906 = DIRECTION('',(0.,0.,-1.));
#5907 = ADVANCED_FACE('',(#5908),#5916,.F.);
#5908 = FACE_BOUND('',#5909,.T.);
#5909 = EDGE_LOOP('',(#5910,#5911,#5912,#5913,#5914,#5915));
#5910 = ORIENTED_EDGE('',*,*,#3866,.T.);
#5911 = ORIENTED_EDGE('',*,*,#3986,.T.);
#5912 = ORIENTED_EDGE('',*,*,#3962,.T.);
#5913 = ORIENTED_EDGE('',*,*,#3938,.T.);
#5914 = ORIENTED_EDGE('',*,*,#3914,.T.);
#5915 = ORIENTED_EDGE('',*,*,#3890,.T.);
#5916 = PLANE('',#5917);
#5917 = AXIS2_PLACEMENT_3D('',#5918,#5919,#5920);
#5918 = CARTESIAN_POINT('',(7.5,-0.1,0.));
#5919 = DIRECTION('',(0.,-1.,0.));
#5920 = DIRECTION('',(0.,0.,-1.));
#5921 = ADVANCED_FACE('',(#5922),#5930,.F.);
#5922 = FACE_BOUND('',#5923,.T.);
#5923 = EDGE_LOOP('',(#5924,#5925,#5926,#5927,#5928,#5929));
#5924 = ORIENTED_EDGE('',*,*,#4010,.T.);
#5925 = ORIENTED_EDGE('',*,*,#4130,.T.);
#5926 = ORIENTED_EDGE('',*,*,#4106,.T.);
#5927 = ORIENTED_EDGE('',*,*,#4082,.T.);
#5928 = ORIENTED_EDGE('',*,*,#4058,.T.);
#5929 = ORIENTED_EDGE('',*,*,#4034,.T.);
#5930 = PLANE('',#5931);
#5931 = AXIS2_PLACEMENT_3D('',#5932,#5933,#5934);
#5932 = CARTESIAN_POINT('',(7.5,-0.1,0.));
#5933 = DIRECTION('',(0.,-1.,0.));
#5934 = DIRECTION('',(0.,0.,-1.));
#5935 = ADVANCED_FACE('',(#5936),#5944,.F.);
#5936 = FACE_BOUND('',#5937,.T.);
#5937 = EDGE_LOOP('',(#5938,#5939,#5940,#5941,#5942,#5943));
#5938 = ORIENTED_EDGE('',*,*,#4154,.T.);
#5939 = ORIENTED_EDGE('',*,*,#4274,.T.);
#5940 = ORIENTED_EDGE('',*,*,#4250,.T.);
#5941 = ORIENTED_EDGE('',*,*,#4226,.T.);
#5942 = ORIENTED_EDGE('',*,*,#4202,.T.);
#5943 = ORIENTED_EDGE('',*,*,#4178,.T.);
#5944 = PLANE('',#5945);
#5945 = AXIS2_PLACEMENT_3D('',#5946,#5947,#5948);
#5946 = CARTESIAN_POINT('',(7.5,-0.1,0.));
#5947 = DIRECTION('',(0.,-1.,0.));
#5948 = DIRECTION('',(0.,0.,-1.));
#5949 = ADVANCED_FACE('',(#5950),#5958,.F.);
#5950 = FACE_BOUND('',#5951,.T.);
#5951 = EDGE_LOOP('',(#5952,#5953,#5954,#5955,#5956,#5957));
#5952 = ORIENTED_EDGE('',*,*,#4298,.T.);
#5953 = ORIENTED_EDGE('',*,*,#4418,.T.);
#5954 = ORIENTED_EDGE('',*,*,#4394,.T.);
#5955 = ORIENTED_EDGE('',*,*,#4370,.T.);
#5956 = ORIENTED_EDGE('',*,*,#4346,.T.);
#5957 = ORIENTED_EDGE('',*,*,#4322,.T.);
#5958 = PLANE('',#5959);
#5959 = AXIS2_PLACEMENT_3D('',#5960,#5961,#5962);
#5960 = CARTESIAN_POINT('',(7.5,-0.1,0.));
#5961 = DIRECTION('',(0.,-1.,0.));
#5962 = DIRECTION('',(0.,0.,-1.));
#5963 = ADVANCED_FACE('',(#5964),#5972,.F.);
#5964 = FACE_BOUND('',#5965,.T.);
#5965 = EDGE_LOOP('',(#5966,#5967,#5968,#5969,#5970,#5971));
#5966 = ORIENTED_EDGE('',*,*,#4442,.T.);
#5967 = ORIENTED_EDGE('',*,*,#4562,.T.);
#5968 = ORIENTED_EDGE('',*,*,#4538,.T.);
#5969 = ORIENTED_EDGE('',*,*,#4514,.T.);
#5970 = ORIENTED_EDGE('',*,*,#4490,.T.);
#5971 = ORIENTED_EDGE('',*,*,#4466,.T.);
#5972 = PLANE('',#5973);
#5973 = AXIS2_PLACEMENT_3D('',#5974,#5975,#5976);
#5974 = CARTESIAN_POINT('',(7.5,-0.1,0.));
#5975 = DIRECTION('',(0.,-1.,0.));
#5976 = DIRECTION('',(0.,0.,-1.));
#5977 = ADVANCED_FACE('',(#5978),#5986,.F.);
#5978 = FACE_BOUND('',#5979,.T.);
#5979 = EDGE_LOOP('',(#5980,#5981,#5982,#5983,#5984,#5985));
#5980 = ORIENTED_EDGE('',*,*,#4586,.T.);
#5981 = ORIENTED_EDGE('',*,*,#4706,.T.);
#5982 = ORIENTED_EDGE('',*,*,#4682,.T.);
#5983 = ORIENTED_EDGE('',*,*,#4658,.T.);
#5984 = ORIENTED_EDGE('',*,*,#4634,.T.);
#5985 = ORIENTED_EDGE('',*,*,#4610,.T.);
#5986 = PLANE('',#5987);
#5987 = AXIS2_PLACEMENT_3D('',#5988,#5989,#5990);
#5988 = CARTESIAN_POINT('',(7.5,-0.1,0.));
#5989 = DIRECTION('',(0.,-1.,0.));
#5990 = DIRECTION('',(0.,0.,-1.));
#5991 = ADVANCED_FACE('',(#5992),#5996,.T.);
#5992 = FACE_BOUND('',#5993,.T.);
#5993 = EDGE_LOOP('',(#5994,#5995));
#5994 = ORIENTED_EDGE('',*,*,#4730,.T.);
#5995 = ORIENTED_EDGE('',*,*,#4756,.T.);
#5996 = PLANE('',#5997);
#5997 = AXIS2_PLACEMENT_3D('',#5998,#5999,#6000);
#5998 = CARTESIAN_POINT('',(2.828914588941,-0.1,5.1));
#5999 = DIRECTION('',(0.,1.,0.));
#6000 = DIRECTION('',(0.,0.,1.));
#6001 = ADVANCED_FACE('',(#6002),#6010,.F.);
#6002 = FACE_BOUND('',#6003,.T.);
#6003 = EDGE_LOOP('',(#6004,#6005,#6006,#6007,#6008,#6009));
#6004 = ORIENTED_EDGE('',*,*,#4780,.T.);
#6005 = ORIENTED_EDGE('',*,*,#4900,.T.);
#6006 = ORIENTED_EDGE('',*,*,#4876,.T.);
#6007 = ORIENTED_EDGE('',*,*,#4852,.T.);
#6008 = ORIENTED_EDGE('',*,*,#4828,.T.);
#6009 = ORIENTED_EDGE('',*,*,#4804,.T.);
#6010 = PLANE('',#6011);
#6011 = AXIS2_PLACEMENT_3D('',#6012,#6013,#6014);
#6012 = CARTESIAN_POINT('',(0.,-0.1,0.));
#6013 = DIRECTION('',(0.,-1.,0.));
#6014 = DIRECTION('',(0.,0.,-1.));
#6015 = ADVANCED_FACE('',(#6016),#6024,.F.);
#6016 = FACE_BOUND('',#6017,.T.);
#6017 = EDGE_LOOP('',(#6018,#6019,#6020,#6021,#6022,#6023));
#6018 = ORIENTED_EDGE('',*,*,#4924,.T.);
#6019 = ORIENTED_EDGE('',*,*,#5044,.T.);
#6020 = ORIENTED_EDGE('',*,*,#5020,.T.);
#6021 = ORIENTED_EDGE('',*,*,#4996,.T.);
#6022 = ORIENTED_EDGE('',*,*,#4972,.T.);
#6023 = ORIENTED_EDGE('',*,*,#4948,.T.);
#6024 = PLANE('',#6025);
#6025 = AXIS2_PLACEMENT_3D('',#6026,#6027,#6028);
#6026 = CARTESIAN_POINT('',(0.,-0.1,0.));
#6027 = DIRECTION('',(0.,-1.,0.));
#6028 = DIRECTION('',(0.,0.,-1.));
#6029 = ADVANCED_FACE('',(#6030),#6038,.F.);
#6030 = FACE_BOUND('',#6031,.T.);
#6031 = EDGE_LOOP('',(#6032,#6033,#6034,#6035,#6036,#6037));
#6032 = ORIENTED_EDGE('',*,*,#5068,.T.);
#6033 = ORIENTED_EDGE('',*,*,#5188,.T.);
#6034 = ORIENTED_EDGE('',*,*,#5164,.T.);
#6035 = ORIENTED_EDGE('',*,*,#5140,.T.);
#6036 = ORIENTED_EDGE('',*,*,#5116,.T.);
#6037 = ORIENTED_EDGE('',*,*,#5092,.T.);
#6038 = PLANE('',#6039);
#6039 = AXIS2_PLACEMENT_3D('',#6040,#6041,#6042);
#6040 = CARTESIAN_POINT('',(0.,-0.1,0.));
#6041 = DIRECTION('',(0.,-1.,0.));
#6042 = DIRECTION('',(0.,0.,-1.));
#6043 = ADVANCED_FACE('',(#6044),#6052,.F.);
#6044 = FACE_BOUND('',#6045,.T.);
#6045 = EDGE_LOOP('',(#6046,#6047,#6048,#6049,#6050,#6051));
#6046 = ORIENTED_EDGE('',*,*,#5212,.T.);
#6047 = ORIENTED_EDGE('',*,*,#5332,.T.);
#6048 = ORIENTED_EDGE('',*,*,#5308,.T.);
#6049 = ORIENTED_EDGE('',*,*,#5284,.T.);
#6050 = ORIENTED_EDGE('',*,*,#5260,.T.);
#6051 = ORIENTED_EDGE('',*,*,#5236,.T.);
#6052 = PLANE('',#6053);
#6053 = AXIS2_PLACEMENT_3D('',#6054,#6055,#6056);
#6054 = CARTESIAN_POINT('',(0.,-0.1,0.));
#6055 = DIRECTION('',(0.,-1.,0.));
#6056 = DIRECTION('',(0.,0.,-1.));
#6057 = ADVANCED_FACE('',(#6058),#6066,.F.);
#6058 = FACE_BOUND('',#6059,.T.);
#6059 = EDGE_LOOP('',(#6060,#6061,#6062,#6063,#6064,#6065));
#6060 = ORIENTED_EDGE('',*,*,#5356,.T.);
#6061 = ORIENTED_EDGE('',*,*,#5476,.T.);
#6062 = ORIENTED_EDGE('',*,*,#5452,.T.);
#6063 = ORIENTED_EDGE('',*,*,#5428,.T.);
#6064 = ORIENTED_EDGE('',*,*,#5404,.T.);
#6065 = ORIENTED_EDGE('',*,*,#5380,.T.);
#6066 = PLANE('',#6067);
#6067 = AXIS2_PLACEMENT_3D('',#6068,#6069,#6070);
#6068 = CARTESIAN_POINT('',(0.,-0.1,0.));
#6069 = DIRECTION('',(0.,-1.,0.));
#6070 = DIRECTION('',(0.,0.,-1.));
#6071 = ADVANCED_FACE('',(#6072),#6080,.F.);
#6072 = FACE_BOUND('',#6073,.T.);
#6073 = EDGE_LOOP('',(#6074,#6075,#6076,#6077,#6078,#6079));
#6074 = ORIENTED_EDGE('',*,*,#5500,.T.);
#6075 = ORIENTED_EDGE('',*,*,#5620,.T.);
#6076 = ORIENTED_EDGE('',*,*,#5596,.T.);
#6077 = ORIENTED_EDGE('',*,*,#5572,.T.);
#6078 = ORIENTED_EDGE('',*,*,#5548,.T.);
#6079 = ORIENTED_EDGE('',*,*,#5524,.T.);
#6080 = PLANE('',#6081);
#6081 = AXIS2_PLACEMENT_3D('',#6082,#6083,#6084);
#6082 = CARTESIAN_POINT('',(0.,-0.1,0.));
#6083 = DIRECTION('',(0.,-1.,0.));
#6084 = DIRECTION('',(0.,0.,-1.));
#6085 = ADVANCED_FACE('',(#6086),#6094,.F.);
#6086 = FACE_BOUND('',#6087,.T.);
#6087 = EDGE_LOOP('',(#6088,#6089,#6090,#6091,#6092,#6093));
#6088 = ORIENTED_EDGE('',*,*,#5644,.T.);
#6089 = ORIENTED_EDGE('',*,*,#5764,.T.);
#6090 = ORIENTED_EDGE('',*,*,#5740,.T.);
#6091 = ORIENTED_EDGE('',*,*,#5716,.T.);
#6092 = ORIENTED_EDGE('',*,*,#5692,.T.);
#6093 = ORIENTED_EDGE('',*,*,#5668,.T.);
#6094 = PLANE('',#6095);
#6095 = AXIS2_PLACEMENT_3D('',#6096,#6097,#6098);
#6096 = CARTESIAN_POINT('',(0.,-0.1,0.));
#6097 = DIRECTION('',(0.,-1.,0.));
#6098 = DIRECTION('',(0.,0.,-1.));
#6099 = ( GEOMETRIC_REPRESENTATION_CONTEXT(3) 
GLOBAL_UNCERTAINTY_ASSIGNED_CONTEXT((#6103)) 
GLOBAL_UNIT_ASSIGNED_CONTEXT((#6100,#6101,#6102)) REPRESENTATION_CONTEXT
('Context #1','3D Context with UNIT and UNCERTAINTY') );
#6100 = ( LENGTH_UNIT() NAMED_UNIT(*) SI_UNIT(.MILLI.,.METRE.) );
#6101 = ( NAMED_UNIT(*) PLANE_ANGLE_UNIT() SI_UNIT($,.RADIAN.) );
#6102 = ( NAMED_UNIT(*) SI_UNIT($,.STERADIAN.) SOLID_ANGLE_UNIT() );
#6103 = UNCERTAINTY_MEASURE_WITH_UNIT(LENGTH_MEASURE(1.E-07),#6100,
  'distance_accuracy_value','confusion accuracy');
#6104 = PRODUCT_RELATED_PRODUCT_CATEGORY('part',$,(#7));
#6105 = MECHANICAL_DESIGN_GEOMETRIC_PRESENTATION_REPRESENTATION('',(
    #6106,#6117,#6125,#6132,#6139,#6147,#6154,#6161,#6168,#6175,#6182,
    #6189,#6196,#6203,#6210,#6217,#6224,#6231,#6238,#6245,#6252,#6259,
    #6266,#6273,#6280,#6287,#6294,#6301,#6308,#6315,#6322,#6329,#6336,
    #6343,#6350,#6357,#6364,#6371,#6378,#6385,#6392,#6399,#6406,#6413,
    #6420,#6427,#6434,#6441,#6448,#6455,#6462,#6469,#6476,#6483,#6490,
    #6497,#6504,#6511,#6518,#6525,#6532,#6539,#6546,#6553,#6560,#6567,
    #6574,#6581,#6588,#6595,#6602,#6609,#6616,#6623,#6630,#6637,#6644,
    #6651,#6658,#6665,#6672,#6679,#6686,#6693,#6700,#6707,#6714,#6721,
    #6728,#6735,#6742,#6749,#6756,#6763,#6770,#6777,#6784,#6791,#6798,
    #6805,#6812,#6819,#6826,#6833,#6840,#6847,#6854,#6861,#6868,#6875,
    #6882,#6889,#6896,#6903,#6910,#6917,#6924,#6931,#6938,#6945,#6952,
    #6959,#6966,#6973,#6980,#6987,#6994,#7001,#7008,#7015,#7022,#7029,
    #7036,#7043,#7050,#7057,#7064,#7071,#7078,#7085,#7092,#7099,#7106,
    #7113,#7120,#7127,#7134,#7141,#7148,#7155,#7162,#7169,#7176,#7183,
    #7190,#7197,#7204,#7211,#7218,#7225,#7232,#7239,#7246,#7253,#7260,
    #7267,#7274,#7281,#7288,#7295,#7302,#7309,#7316,#7323,#7330),#6099);
#6106 = STYLED_ITEM('color',(#6107),#15);
#6107 = PRESENTATION_STYLE_ASSIGNMENT((#6108,#6114));
#6108 = SURFACE_STYLE_USAGE(.BOTH.,#6109);
#6109 = SURFACE_SIDE_STYLE('',(#6110));
#6110 = SURFACE_STYLE_FILL_AREA(#6111);
#6111 = FILL_AREA_STYLE('',(#6112));
#6112 = FILL_AREA_STYLE_COLOUR('',#6113);
#6113 = COLOUR_RGB('',0.686274528749,0.607843164819,0.529411796197);
#6114 = CURVE_STYLE('',#6115,POSITIVE_LENGTH_MEASURE(0.1),#6116);
#6115 = DRAUGHTING_PRE_DEFINED_CURVE_FONT('continuous');
#6116 = COLOUR_RGB('',9.803921802644E-02,9.803921802644E-02,
  9.803921802644E-02);
#6117 = OVER_RIDING_STYLED_ITEM('overriding color',(#6118),#689,#6106);
#6118 = PRESENTATION_STYLE_ASSIGNMENT((#6119));
#6119 = SURFACE_STYLE_USAGE(.BOTH.,#6120);
#6120 = SURFACE_SIDE_STYLE('',(#6121));
#6121 = SURFACE_STYLE_FILL_AREA(#6122);
#6122 = FILL_AREA_STYLE('',(#6123));
#6123 = FILL_AREA_STYLE_COLOUR('',#6124);
#6124 = COLOUR_RGB('',0.752941202324,0.752941202324,0.752941202324);
#6125 = OVER_RIDING_STYLED_ITEM('overriding color',(#6126),#713,#6106);
#6126 = PRESENTATION_STYLE_ASSIGNMENT((#6127));
#6127 = SURFACE_STYLE_USAGE(.BOTH.,#6128);
#6128 = SURFACE_SIDE_STYLE('',(#6129));
#6129 = SURFACE_STYLE_FILL_AREA(#6130);
#6130 = FILL_AREA_STYLE('',(#6131));
#6131 = FILL_AREA_STYLE_COLOUR('',#6124);
#6132 = OVER_RIDING_STYLED_ITEM('overriding color',(#6133),#737,#6106);
#6133 = PRESENTATION_STYLE_ASSIGNMENT((#6134));
#6134 = SURFACE_STYLE_USAGE(.BOTH.,#6135);
#6135 = SURFACE_SIDE_STYLE('',(#6136));
#6136 = SURFACE_STYLE_FILL_AREA(#6137);
#6137 = FILL_AREA_STYLE('',(#6138));
#6138 = FILL_AREA_STYLE_COLOUR('',#6124);
#6139 = OVER_RIDING_STYLED_ITEM('overriding color',(#6140),#775,#6106);
#6140 = PRESENTATION_STYLE_ASSIGNMENT((#6141));
#6141 = SURFACE_STYLE_USAGE(.BOTH.,#6142);
#6142 = SURFACE_SIDE_STYLE('',(#6143));
#6143 = SURFACE_STYLE_FILL_AREA(#6144);
#6144 = FILL_AREA_STYLE('',(#6145));
#6145 = FILL_AREA_STYLE_COLOUR('',#6146);
#6146 = DRAUGHTING_PRE_DEFINED_COLOUR('white');
#6147 = OVER_RIDING_STYLED_ITEM('overriding color',(#6148),#792,#6106);
#6148 = PRESENTATION_STYLE_ASSIGNMENT((#6149));
#6149 = SURFACE_STYLE_USAGE(.BOTH.,#6150);
#6150 = SURFACE_SIDE_STYLE('',(#6151));
#6151 = SURFACE_STYLE_FILL_AREA(#6152);
#6152 = FILL_AREA_STYLE('',(#6153));
#6153 = FILL_AREA_STYLE_COLOUR('',#6146);
#6154 = OVER_RIDING_STYLED_ITEM('overriding color',(#6155),#824,#6106);
#6155 = PRESENTATION_STYLE_ASSIGNMENT((#6156));
#6156 = SURFACE_STYLE_USAGE(.BOTH.,#6157);
#6157 = SURFACE_SIDE_STYLE('',(#6158));
#6158 = SURFACE_STYLE_FILL_AREA(#6159);
#6159 = FILL_AREA_STYLE('',(#6160));
#6160 = FILL_AREA_STYLE_COLOUR('',#6124);
#6161 = OVER_RIDING_STYLED_ITEM('overriding color',(#6162),#842,#6106);
#6162 = PRESENTATION_STYLE_ASSIGNMENT((#6163));
#6163 = SURFACE_STYLE_USAGE(.BOTH.,#6164);
#6164 = SURFACE_SIDE_STYLE('',(#6165));
#6165 = SURFACE_STYLE_FILL_AREA(#6166);
#6166 = FILL_AREA_STYLE('',(#6167));
#6167 = FILL_AREA_STYLE_COLOUR('',#6124);
#6168 = OVER_RIDING_STYLED_ITEM('overriding color',(#6169),#874,#6106);
#6169 = PRESENTATION_STYLE_ASSIGNMENT((#6170));
#6170 = SURFACE_STYLE_USAGE(.BOTH.,#6171);
#6171 = SURFACE_SIDE_STYLE('',(#6172));
#6172 = SURFACE_STYLE_FILL_AREA(#6173);
#6173 = FILL_AREA_STYLE('',(#6174));
#6174 = FILL_AREA_STYLE_COLOUR('',#6146);
#6175 = OVER_RIDING_STYLED_ITEM('overriding color',(#6176),#892,#6106);
#6176 = PRESENTATION_STYLE_ASSIGNMENT((#6177));
#6177 = SURFACE_STYLE_USAGE(.BOTH.,#6178);
#6178 = SURFACE_SIDE_STYLE('',(#6179));
#6179 = SURFACE_STYLE_FILL_AREA(#6180);
#6180 = FILL_AREA_STYLE('',(#6181));
#6181 = FILL_AREA_STYLE_COLOUR('',#6146);
#6182 = OVER_RIDING_STYLED_ITEM('overriding color',(#6183),#924,#6106);
#6183 = PRESENTATION_STYLE_ASSIGNMENT((#6184));
#6184 = SURFACE_STYLE_USAGE(.BOTH.,#6185);
#6185 = SURFACE_SIDE_STYLE('',(#6186));
#6186 = SURFACE_STYLE_FILL_AREA(#6187);
#6187 = FILL_AREA_STYLE('',(#6188));
#6188 = FILL_AREA_STYLE_COLOUR('',#6146);
#6189 = OVER_RIDING_STYLED_ITEM('overriding color',(#6190),#942,#6106);
#6190 = PRESENTATION_STYLE_ASSIGNMENT((#6191));
#6191 = SURFACE_STYLE_USAGE(.BOTH.,#6192);
#6192 = SURFACE_SIDE_STYLE('',(#6193));
#6193 = SURFACE_STYLE_FILL_AREA(#6194);
#6194 = FILL_AREA_STYLE('',(#6195));
#6195 = FILL_AREA_STYLE_COLOUR('',#6146);
#6196 = OVER_RIDING_STYLED_ITEM('overriding color',(#6197),#974,#6106);
#6197 = PRESENTATION_STYLE_ASSIGNMENT((#6198));
#6198 = SURFACE_STYLE_USAGE(.BOTH.,#6199);
#6199 = SURFACE_SIDE_STYLE('',(#6200));
#6200 = SURFACE_STYLE_FILL_AREA(#6201);
#6201 = FILL_AREA_STYLE('',(#6202));
#6202 = FILL_AREA_STYLE_COLOUR('',#6146);
#6203 = OVER_RIDING_STYLED_ITEM('overriding color',(#6204),#992,#6106);
#6204 = PRESENTATION_STYLE_ASSIGNMENT((#6205));
#6205 = SURFACE_STYLE_USAGE(.BOTH.,#6206);
#6206 = SURFACE_SIDE_STYLE('',(#6207));
#6207 = SURFACE_STYLE_FILL_AREA(#6208);
#6208 = FILL_AREA_STYLE('',(#6209));
#6209 = FILL_AREA_STYLE_COLOUR('',#6146);
#6210 = OVER_RIDING_STYLED_ITEM('overriding color',(#6211),#1024,#6106);
#6211 = PRESENTATION_STYLE_ASSIGNMENT((#6212));
#6212 = SURFACE_STYLE_USAGE(.BOTH.,#6213);
#6213 = SURFACE_SIDE_STYLE('',(#6214));
#6214 = SURFACE_STYLE_FILL_AREA(#6215);
#6215 = FILL_AREA_STYLE('',(#6216));
#6216 = FILL_AREA_STYLE_COLOUR('',#6146);
#6217 = OVER_RIDING_STYLED_ITEM('overriding color',(#6218),#1042,#6106);
#6218 = PRESENTATION_STYLE_ASSIGNMENT((#6219));
#6219 = SURFACE_STYLE_USAGE(.BOTH.,#6220);
#6220 = SURFACE_SIDE_STYLE('',(#6221));
#6221 = SURFACE_STYLE_FILL_AREA(#6222);
#6222 = FILL_AREA_STYLE('',(#6223));
#6223 = FILL_AREA_STYLE_COLOUR('',#6124);
#6224 = OVER_RIDING_STYLED_ITEM('overriding color',(#6225),#1074,#6106);
#6225 = PRESENTATION_STYLE_ASSIGNMENT((#6226));
#6226 = SURFACE_STYLE_USAGE(.BOTH.,#6227);
#6227 = SURFACE_SIDE_STYLE('',(#6228));
#6228 = SURFACE_STYLE_FILL_AREA(#6229);
#6229 = FILL_AREA_STYLE('',(#6230));
#6230 = FILL_AREA_STYLE_COLOUR('',#6124);
#6231 = OVER_RIDING_STYLED_ITEM('overriding color',(#6232),#1092,#6106);
#6232 = PRESENTATION_STYLE_ASSIGNMENT((#6233));
#6233 = SURFACE_STYLE_USAGE(.BOTH.,#6234);
#6234 = SURFACE_SIDE_STYLE('',(#6235));
#6235 = SURFACE_STYLE_FILL_AREA(#6236);
#6236 = FILL_AREA_STYLE('',(#6237));
#6237 = FILL_AREA_STYLE_COLOUR('',#6124);
#6238 = OVER_RIDING_STYLED_ITEM('overriding color',(#6239),#1124,#6106);
#6239 = PRESENTATION_STYLE_ASSIGNMENT((#6240));
#6240 = SURFACE_STYLE_USAGE(.BOTH.,#6241);
#6241 = SURFACE_SIDE_STYLE('',(#6242));
#6242 = SURFACE_STYLE_FILL_AREA(#6243);
#6243 = FILL_AREA_STYLE('',(#6244));
#6244 = FILL_AREA_STYLE_COLOUR('',#6124);
#6245 = OVER_RIDING_STYLED_ITEM('overriding color',(#6246),#1142,#6106);
#6246 = PRESENTATION_STYLE_ASSIGNMENT((#6247));
#6247 = SURFACE_STYLE_USAGE(.BOTH.,#6248);
#6248 = SURFACE_SIDE_STYLE('',(#6249));
#6249 = SURFACE_STYLE_FILL_AREA(#6250);
#6250 = FILL_AREA_STYLE('',(#6251));
#6251 = FILL_AREA_STYLE_COLOUR('',#6124);
#6252 = OVER_RIDING_STYLED_ITEM('overriding color',(#6253),#1174,#6106);
#6253 = PRESENTATION_STYLE_ASSIGNMENT((#6254));
#6254 = SURFACE_STYLE_USAGE(.BOTH.,#6255);
#6255 = SURFACE_SIDE_STYLE('',(#6256));
#6256 = SURFACE_STYLE_FILL_AREA(#6257);
#6257 = FILL_AREA_STYLE('',(#6258));
#6258 = FILL_AREA_STYLE_COLOUR('',#6124);
#6259 = OVER_RIDING_STYLED_ITEM('overriding color',(#6260),#1192,#6106);
#6260 = PRESENTATION_STYLE_ASSIGNMENT((#6261));
#6261 = SURFACE_STYLE_USAGE(.BOTH.,#6262);
#6262 = SURFACE_SIDE_STYLE('',(#6263));
#6263 = SURFACE_STYLE_FILL_AREA(#6264);
#6264 = FILL_AREA_STYLE('',(#6265));
#6265 = FILL_AREA_STYLE_COLOUR('',#6124);
#6266 = OVER_RIDING_STYLED_ITEM('overriding color',(#6267),#1224,#6106);
#6267 = PRESENTATION_STYLE_ASSIGNMENT((#6268));
#6268 = SURFACE_STYLE_USAGE(.BOTH.,#6269);
#6269 = SURFACE_SIDE_STYLE('',(#6270));
#6270 = SURFACE_STYLE_FILL_AREA(#6271);
#6271 = FILL_AREA_STYLE('',(#6272));
#6272 = FILL_AREA_STYLE_COLOUR('',#6124);
#6273 = OVER_RIDING_STYLED_ITEM('overriding color',(#6274),#1242,#6106);
#6274 = PRESENTATION_STYLE_ASSIGNMENT((#6275));
#6275 = SURFACE_STYLE_USAGE(.BOTH.,#6276);
#6276 = SURFACE_SIDE_STYLE('',(#6277));
#6277 = SURFACE_STYLE_FILL_AREA(#6278);
#6278 = FILL_AREA_STYLE('',(#6279));
#6279 = FILL_AREA_STYLE_COLOUR('',#6124);
#6280 = OVER_RIDING_STYLED_ITEM('overriding color',(#6281),#1274,#6106);
#6281 = PRESENTATION_STYLE_ASSIGNMENT((#6282));
#6282 = SURFACE_STYLE_USAGE(.BOTH.,#6283);
#6283 = SURFACE_SIDE_STYLE('',(#6284));
#6284 = SURFACE_STYLE_FILL_AREA(#6285);
#6285 = FILL_AREA_STYLE('',(#6286));
#6286 = FILL_AREA_STYLE_COLOUR('',#6124);
#6287 = OVER_RIDING_STYLED_ITEM('overriding color',(#6288),#1292,#6106);
#6288 = PRESENTATION_STYLE_ASSIGNMENT((#6289));
#6289 = SURFACE_STYLE_USAGE(.BOTH.,#6290);
#6290 = SURFACE_SIDE_STYLE('',(#6291));
#6291 = SURFACE_STYLE_FILL_AREA(#6292);
#6292 = FILL_AREA_STYLE('',(#6293));
#6293 = FILL_AREA_STYLE_COLOUR('',#6124);
#6294 = OVER_RIDING_STYLED_ITEM('overriding color',(#6295),#1321,#6106);
#6295 = PRESENTATION_STYLE_ASSIGNMENT((#6296));
#6296 = SURFACE_STYLE_USAGE(.BOTH.,#6297);
#6297 = SURFACE_SIDE_STYLE('',(#6298));
#6298 = SURFACE_STYLE_FILL_AREA(#6299);
#6299 = FILL_AREA_STYLE('',(#6300));
#6300 = FILL_AREA_STYLE_COLOUR('',#6124);
#6301 = OVER_RIDING_STYLED_ITEM('overriding color',(#6302),#1333,#6106);
#6302 = PRESENTATION_STYLE_ASSIGNMENT((#6303));
#6303 = SURFACE_STYLE_USAGE(.BOTH.,#6304);
#6304 = SURFACE_SIDE_STYLE('',(#6305));
#6305 = SURFACE_STYLE_FILL_AREA(#6306);
#6306 = FILL_AREA_STYLE('',(#6307));
#6307 = FILL_AREA_STYLE_COLOUR('',#6124);
#6308 = OVER_RIDING_STYLED_ITEM('overriding color',(#6309),#1345,#6106);
#6309 = PRESENTATION_STYLE_ASSIGNMENT((#6310));
#6310 = SURFACE_STYLE_USAGE(.BOTH.,#6311);
#6311 = SURFACE_SIDE_STYLE('',(#6312));
#6312 = SURFACE_STYLE_FILL_AREA(#6313);
#6313 = FILL_AREA_STYLE('',(#6314));
#6314 = FILL_AREA_STYLE_COLOUR('',#6124);
#6315 = OVER_RIDING_STYLED_ITEM('overriding color',(#6316),#2467,#6106);
#6316 = PRESENTATION_STYLE_ASSIGNMENT((#6317));
#6317 = SURFACE_STYLE_USAGE(.BOTH.,#6318);
#6318 = SURFACE_SIDE_STYLE('',(#6319));
#6319 = SURFACE_STYLE_FILL_AREA(#6320);
#6320 = FILL_AREA_STYLE('',(#6321));
#6321 = FILL_AREA_STYLE_COLOUR('',#6124);
#6322 = OVER_RIDING_STYLED_ITEM('overriding color',(#6323),#2479,#6106);
#6323 = PRESENTATION_STYLE_ASSIGNMENT((#6324));
#6324 = SURFACE_STYLE_USAGE(.BOTH.,#6325);
#6325 = SURFACE_SIDE_STYLE('',(#6326));
#6326 = SURFACE_STYLE_FILL_AREA(#6327);
#6327 = FILL_AREA_STYLE('',(#6328));
#6328 = FILL_AREA_STYLE_COLOUR('',#6124);
#6329 = OVER_RIDING_STYLED_ITEM('overriding color',(#6330),#2491,#6106);
#6330 = PRESENTATION_STYLE_ASSIGNMENT((#6331));
#6331 = SURFACE_STYLE_USAGE(.BOTH.,#6332);
#6332 = SURFACE_SIDE_STYLE('',(#6333));
#6333 = SURFACE_STYLE_FILL_AREA(#6334);
#6334 = FILL_AREA_STYLE('',(#6335));
#6335 = FILL_AREA_STYLE_COLOUR('',#6124);
#6336 = OVER_RIDING_STYLED_ITEM('overriding color',(#6337),#2501,#6106);
#6337 = PRESENTATION_STYLE_ASSIGNMENT((#6338));
#6338 = SURFACE_STYLE_USAGE(.BOTH.,#6339);
#6339 = SURFACE_SIDE_STYLE('',(#6340));
#6340 = SURFACE_STYLE_FILL_AREA(#6341);
#6341 = FILL_AREA_STYLE('',(#6342));
#6342 = FILL_AREA_STYLE_COLOUR('',#6124);
#6343 = OVER_RIDING_STYLED_ITEM('overriding color',(#6344),#2511,#6106);
#6344 = PRESENTATION_STYLE_ASSIGNMENT((#6345));
#6345 = SURFACE_STYLE_USAGE(.BOTH.,#6346);
#6346 = SURFACE_SIDE_STYLE('',(#6347));
#6347 = SURFACE_STYLE_FILL_AREA(#6348);
#6348 = FILL_AREA_STYLE('',(#6349));
#6349 = FILL_AREA_STYLE_COLOUR('',#6124);
#6350 = OVER_RIDING_STYLED_ITEM('overriding color',(#6351),#2521,#6106);
#6351 = PRESENTATION_STYLE_ASSIGNMENT((#6352));
#6352 = SURFACE_STYLE_USAGE(.BOTH.,#6353);
#6353 = SURFACE_SIDE_STYLE('',(#6354));
#6354 = SURFACE_STYLE_FILL_AREA(#6355);
#6355 = FILL_AREA_STYLE('',(#6356));
#6356 = FILL_AREA_STYLE_COLOUR('',#6124);
#6357 = OVER_RIDING_STYLED_ITEM('overriding color',(#6358),#2531,#6106);
#6358 = PRESENTATION_STYLE_ASSIGNMENT((#6359));
#6359 = SURFACE_STYLE_USAGE(.BOTH.,#6360);
#6360 = SURFACE_SIDE_STYLE('',(#6361));
#6361 = SURFACE_STYLE_FILL_AREA(#6362);
#6362 = FILL_AREA_STYLE('',(#6363));
#6363 = FILL_AREA_STYLE_COLOUR('',#6124);
#6364 = OVER_RIDING_STYLED_ITEM('overriding color',(#6365),#2541,#6106);
#6365 = PRESENTATION_STYLE_ASSIGNMENT((#6366));
#6366 = SURFACE_STYLE_USAGE(.BOTH.,#6367);
#6367 = SURFACE_SIDE_STYLE('',(#6368));
#6368 = SURFACE_STYLE_FILL_AREA(#6369);
#6369 = FILL_AREA_STYLE('',(#6370));
#6370 = FILL_AREA_STYLE_COLOUR('',#6124);
#6371 = OVER_RIDING_STYLED_ITEM('overriding color',(#6372),#2551,#6106);
#6372 = PRESENTATION_STYLE_ASSIGNMENT((#6373));
#6373 = SURFACE_STYLE_USAGE(.BOTH.,#6374);
#6374 = SURFACE_SIDE_STYLE('',(#6375));
#6375 = SURFACE_STYLE_FILL_AREA(#6376);
#6376 = FILL_AREA_STYLE('',(#6377));
#6377 = FILL_AREA_STYLE_COLOUR('',#6124);
#6378 = OVER_RIDING_STYLED_ITEM('overriding color',(#6379),#2561,#6106);
#6379 = PRESENTATION_STYLE_ASSIGNMENT((#6380));
#6380 = SURFACE_STYLE_USAGE(.BOTH.,#6381);
#6381 = SURFACE_SIDE_STYLE('',(#6382));
#6382 = SURFACE_STYLE_FILL_AREA(#6383);
#6383 = FILL_AREA_STYLE('',(#6384));
#6384 = FILL_AREA_STYLE_COLOUR('',#6124);
#6385 = OVER_RIDING_STYLED_ITEM('overriding color',(#6386),#2571,#6106);
#6386 = PRESENTATION_STYLE_ASSIGNMENT((#6387));
#6387 = SURFACE_STYLE_USAGE(.BOTH.,#6388);
#6388 = SURFACE_SIDE_STYLE('',(#6389));
#6389 = SURFACE_STYLE_FILL_AREA(#6390);
#6390 = FILL_AREA_STYLE('',(#6391));
#6391 = FILL_AREA_STYLE_COLOUR('',#6124);
#6392 = OVER_RIDING_STYLED_ITEM('overriding color',(#6393),#2581,#6106);
#6393 = PRESENTATION_STYLE_ASSIGNMENT((#6394));
#6394 = SURFACE_STYLE_USAGE(.BOTH.,#6395);
#6395 = SURFACE_SIDE_STYLE('',(#6396));
#6396 = SURFACE_STYLE_FILL_AREA(#6397);
#6397 = FILL_AREA_STYLE('',(#6398));
#6398 = FILL_AREA_STYLE_COLOUR('',#6124);
#6399 = OVER_RIDING_STYLED_ITEM('overriding color',(#6400),#2591,#6106);
#6400 = PRESENTATION_STYLE_ASSIGNMENT((#6401));
#6401 = SURFACE_STYLE_USAGE(.BOTH.,#6402);
#6402 = SURFACE_SIDE_STYLE('',(#6403));
#6403 = SURFACE_STYLE_FILL_AREA(#6404);
#6404 = FILL_AREA_STYLE('',(#6405));
#6405 = FILL_AREA_STYLE_COLOUR('',#6124);
#6406 = OVER_RIDING_STYLED_ITEM('overriding color',(#6407),#2601,#6106);
#6407 = PRESENTATION_STYLE_ASSIGNMENT((#6408));
#6408 = SURFACE_STYLE_USAGE(.BOTH.,#6409);
#6409 = SURFACE_SIDE_STYLE('',(#6410));
#6410 = SURFACE_STYLE_FILL_AREA(#6411);
#6411 = FILL_AREA_STYLE('',(#6412));
#6412 = FILL_AREA_STYLE_COLOUR('',#6124);
#6413 = OVER_RIDING_STYLED_ITEM('overriding color',(#6414),#2633,#6106);
#6414 = PRESENTATION_STYLE_ASSIGNMENT((#6415));
#6415 = SURFACE_STYLE_USAGE(.BOTH.,#6416);
#6416 = SURFACE_SIDE_STYLE('',(#6417));
#6417 = SURFACE_STYLE_FILL_AREA(#6418);
#6418 = FILL_AREA_STYLE('',(#6419));
#6419 = FILL_AREA_STYLE_COLOUR('',#6124);
#6420 = OVER_RIDING_STYLED_ITEM('overriding color',(#6421),#2651,#6106);
#6421 = PRESENTATION_STYLE_ASSIGNMENT((#6422));
#6422 = SURFACE_STYLE_USAGE(.BOTH.,#6423);
#6423 = SURFACE_SIDE_STYLE('',(#6424));
#6424 = SURFACE_STYLE_FILL_AREA(#6425);
#6425 = FILL_AREA_STYLE('',(#6426));
#6426 = FILL_AREA_STYLE_COLOUR('',#6124);
#6427 = OVER_RIDING_STYLED_ITEM('overriding color',(#6428),#2682,#6106);
#6428 = PRESENTATION_STYLE_ASSIGNMENT((#6429));
#6429 = SURFACE_STYLE_USAGE(.BOTH.,#6430);
#6430 = SURFACE_SIDE_STYLE('',(#6431));
#6431 = SURFACE_STYLE_FILL_AREA(#6432);
#6432 = FILL_AREA_STYLE('',(#6433));
#6433 = FILL_AREA_STYLE_COLOUR('',#6124);
#6434 = OVER_RIDING_STYLED_ITEM('overriding color',(#6435),#2706,#6106);
#6435 = PRESENTATION_STYLE_ASSIGNMENT((#6436));
#6436 = SURFACE_STYLE_USAGE(.BOTH.,#6437);
#6437 = SURFACE_SIDE_STYLE('',(#6438));
#6438 = SURFACE_STYLE_FILL_AREA(#6439);
#6439 = FILL_AREA_STYLE('',(#6440));
#6440 = FILL_AREA_STYLE_COLOUR('',#6124);
#6441 = OVER_RIDING_STYLED_ITEM('overriding color',(#6442),#2730,#6106);
#6442 = PRESENTATION_STYLE_ASSIGNMENT((#6443));
#6443 = SURFACE_STYLE_USAGE(.BOTH.,#6444);
#6444 = SURFACE_SIDE_STYLE('',(#6445));
#6445 = SURFACE_STYLE_FILL_AREA(#6446);
#6446 = FILL_AREA_STYLE('',(#6447));
#6447 = FILL_AREA_STYLE_COLOUR('',#6124);
#6448 = OVER_RIDING_STYLED_ITEM('overriding color',(#6449),#2754,#6106);
#6449 = PRESENTATION_STYLE_ASSIGNMENT((#6450));
#6450 = SURFACE_STYLE_USAGE(.BOTH.,#6451);
#6451 = SURFACE_SIDE_STYLE('',(#6452));
#6452 = SURFACE_STYLE_FILL_AREA(#6453);
#6453 = FILL_AREA_STYLE('',(#6454));
#6454 = FILL_AREA_STYLE_COLOUR('',#6124);
#6455 = OVER_RIDING_STYLED_ITEM('overriding color',(#6456),#2778,#6106);
#6456 = PRESENTATION_STYLE_ASSIGNMENT((#6457));
#6457 = SURFACE_STYLE_USAGE(.BOTH.,#6458);
#6458 = SURFACE_SIDE_STYLE('',(#6459));
#6459 = SURFACE_STYLE_FILL_AREA(#6460);
#6460 = FILL_AREA_STYLE('',(#6461));
#6461 = FILL_AREA_STYLE_COLOUR('',#6124);
#6462 = OVER_RIDING_STYLED_ITEM('overriding color',(#6463),#2795,#6106);
#6463 = PRESENTATION_STYLE_ASSIGNMENT((#6464));
#6464 = SURFACE_STYLE_USAGE(.BOTH.,#6465);
#6465 = SURFACE_SIDE_STYLE('',(#6466));
#6466 = SURFACE_STYLE_FILL_AREA(#6467);
#6467 = FILL_AREA_STYLE('',(#6468));
#6468 = FILL_AREA_STYLE_COLOUR('',#6124);
#6469 = OVER_RIDING_STYLED_ITEM('overriding color',(#6470),#2826,#6106);
#6470 = PRESENTATION_STYLE_ASSIGNMENT((#6471));
#6471 = SURFACE_STYLE_USAGE(.BOTH.,#6472);
#6472 = SURFACE_SIDE_STYLE('',(#6473));
#6473 = SURFACE_STYLE_FILL_AREA(#6474);
#6474 = FILL_AREA_STYLE('',(#6475));
#6475 = FILL_AREA_STYLE_COLOUR('',#6124);
#6476 = OVER_RIDING_STYLED_ITEM('overriding color',(#6477),#2850,#6106);
#6477 = PRESENTATION_STYLE_ASSIGNMENT((#6478));
#6478 = SURFACE_STYLE_USAGE(.BOTH.,#6479);
#6479 = SURFACE_SIDE_STYLE('',(#6480));
#6480 = SURFACE_STYLE_FILL_AREA(#6481);
#6481 = FILL_AREA_STYLE('',(#6482));
#6482 = FILL_AREA_STYLE_COLOUR('',#6124);
#6483 = OVER_RIDING_STYLED_ITEM('overriding color',(#6484),#2874,#6106);
#6484 = PRESENTATION_STYLE_ASSIGNMENT((#6485));
#6485 = SURFACE_STYLE_USAGE(.BOTH.,#6486);
#6486 = SURFACE_SIDE_STYLE('',(#6487));
#6487 = SURFACE_STYLE_FILL_AREA(#6488);
#6488 = FILL_AREA_STYLE('',(#6489));
#6489 = FILL_AREA_STYLE_COLOUR('',#6124);
#6490 = OVER_RIDING_STYLED_ITEM('overriding color',(#6491),#2898,#6106);
#6491 = PRESENTATION_STYLE_ASSIGNMENT((#6492));
#6492 = SURFACE_STYLE_USAGE(.BOTH.,#6493);
#6493 = SURFACE_SIDE_STYLE('',(#6494));
#6494 = SURFACE_STYLE_FILL_AREA(#6495);
#6495 = FILL_AREA_STYLE('',(#6496));
#6496 = FILL_AREA_STYLE_COLOUR('',#6124);
#6497 = OVER_RIDING_STYLED_ITEM('overriding color',(#6498),#2922,#6106);
#6498 = PRESENTATION_STYLE_ASSIGNMENT((#6499));
#6499 = SURFACE_STYLE_USAGE(.BOTH.,#6500);
#6500 = SURFACE_SIDE_STYLE('',(#6501));
#6501 = SURFACE_STYLE_FILL_AREA(#6502);
#6502 = FILL_AREA_STYLE('',(#6503));
#6503 = FILL_AREA_STYLE_COLOUR('',#6124);
#6504 = OVER_RIDING_STYLED_ITEM('overriding color',(#6505),#2939,#6106);
#6505 = PRESENTATION_STYLE_ASSIGNMENT((#6506));
#6506 = SURFACE_STYLE_USAGE(.BOTH.,#6507);
#6507 = SURFACE_SIDE_STYLE('',(#6508));
#6508 = SURFACE_STYLE_FILL_AREA(#6509);
#6509 = FILL_AREA_STYLE('',(#6510));
#6510 = FILL_AREA_STYLE_COLOUR('',#6124);
#6511 = OVER_RIDING_STYLED_ITEM('overriding color',(#6512),#2970,#6106);
#6512 = PRESENTATION_STYLE_ASSIGNMENT((#6513));
#6513 = SURFACE_STYLE_USAGE(.BOTH.,#6514);
#6514 = SURFACE_SIDE_STYLE('',(#6515));
#6515 = SURFACE_STYLE_FILL_AREA(#6516);
#6516 = FILL_AREA_STYLE('',(#6517));
#6517 = FILL_AREA_STYLE_COLOUR('',#6124);
#6518 = OVER_RIDING_STYLED_ITEM('overriding color',(#6519),#2994,#6106);
#6519 = PRESENTATION_STYLE_ASSIGNMENT((#6520));
#6520 = SURFACE_STYLE_USAGE(.BOTH.,#6521);
#6521 = SURFACE_SIDE_STYLE('',(#6522));
#6522 = SURFACE_STYLE_FILL_AREA(#6523);
#6523 = FILL_AREA_STYLE('',(#6524));
#6524 = FILL_AREA_STYLE_COLOUR('',#6124);
#6525 = OVER_RIDING_STYLED_ITEM('overriding color',(#6526),#3018,#6106);
#6526 = PRESENTATION_STYLE_ASSIGNMENT((#6527));
#6527 = SURFACE_STYLE_USAGE(.BOTH.,#6528);
#6528 = SURFACE_SIDE_STYLE('',(#6529));
#6529 = SURFACE_STYLE_FILL_AREA(#6530);
#6530 = FILL_AREA_STYLE('',(#6531));
#6531 = FILL_AREA_STYLE_COLOUR('',#6124);
#6532 = OVER_RIDING_STYLED_ITEM('overriding color',(#6533),#3042,#6106);
#6533 = PRESENTATION_STYLE_ASSIGNMENT((#6534));
#6534 = SURFACE_STYLE_USAGE(.BOTH.,#6535);
#6535 = SURFACE_SIDE_STYLE('',(#6536));
#6536 = SURFACE_STYLE_FILL_AREA(#6537);
#6537 = FILL_AREA_STYLE('',(#6538));
#6538 = FILL_AREA_STYLE_COLOUR('',#6124);
#6539 = OVER_RIDING_STYLED_ITEM('overriding color',(#6540),#3066,#6106);
#6540 = PRESENTATION_STYLE_ASSIGNMENT((#6541));
#6541 = SURFACE_STYLE_USAGE(.BOTH.,#6542);
#6542 = SURFACE_SIDE_STYLE('',(#6543));
#6543 = SURFACE_STYLE_FILL_AREA(#6544);
#6544 = FILL_AREA_STYLE('',(#6545));
#6545 = FILL_AREA_STYLE_COLOUR('',#6124);
#6546 = OVER_RIDING_STYLED_ITEM('overriding color',(#6547),#3083,#6106);
#6547 = PRESENTATION_STYLE_ASSIGNMENT((#6548));
#6548 = SURFACE_STYLE_USAGE(.BOTH.,#6549);
#6549 = SURFACE_SIDE_STYLE('',(#6550));
#6550 = SURFACE_STYLE_FILL_AREA(#6551);
#6551 = FILL_AREA_STYLE('',(#6552));
#6552 = FILL_AREA_STYLE_COLOUR('',#6124);
#6553 = OVER_RIDING_STYLED_ITEM('overriding color',(#6554),#3114,#6106);
#6554 = PRESENTATION_STYLE_ASSIGNMENT((#6555));
#6555 = SURFACE_STYLE_USAGE(.BOTH.,#6556);
#6556 = SURFACE_SIDE_STYLE('',(#6557));
#6557 = SURFACE_STYLE_FILL_AREA(#6558);
#6558 = FILL_AREA_STYLE('',(#6559));
#6559 = FILL_AREA_STYLE_COLOUR('',#6124);
#6560 = OVER_RIDING_STYLED_ITEM('overriding color',(#6561),#3138,#6106);
#6561 = PRESENTATION_STYLE_ASSIGNMENT((#6562));
#6562 = SURFACE_STYLE_USAGE(.BOTH.,#6563);
#6563 = SURFACE_SIDE_STYLE('',(#6564));
#6564 = SURFACE_STYLE_FILL_AREA(#6565);
#6565 = FILL_AREA_STYLE('',(#6566));
#6566 = FILL_AREA_STYLE_COLOUR('',#6124);
#6567 = OVER_RIDING_STYLED_ITEM('overriding color',(#6568),#3162,#6106);
#6568 = PRESENTATION_STYLE_ASSIGNMENT((#6569));
#6569 = SURFACE_STYLE_USAGE(.BOTH.,#6570);
#6570 = SURFACE_SIDE_STYLE('',(#6571));
#6571 = SURFACE_STYLE_FILL_AREA(#6572);
#6572 = FILL_AREA_STYLE('',(#6573));
#6573 = FILL_AREA_STYLE_COLOUR('',#6124);
#6574 = OVER_RIDING_STYLED_ITEM('overriding color',(#6575),#3186,#6106);
#6575 = PRESENTATION_STYLE_ASSIGNMENT((#6576));
#6576 = SURFACE_STYLE_USAGE(.BOTH.,#6577);
#6577 = SURFACE_SIDE_STYLE('',(#6578));
#6578 = SURFACE_STYLE_FILL_AREA(#6579);
#6579 = FILL_AREA_STYLE('',(#6580));
#6580 = FILL_AREA_STYLE_COLOUR('',#6124);
#6581 = OVER_RIDING_STYLED_ITEM('overriding color',(#6582),#3210,#6106);
#6582 = PRESENTATION_STYLE_ASSIGNMENT((#6583));
#6583 = SURFACE_STYLE_USAGE(.BOTH.,#6584);
#6584 = SURFACE_SIDE_STYLE('',(#6585));
#6585 = SURFACE_STYLE_FILL_AREA(#6586);
#6586 = FILL_AREA_STYLE('',(#6587));
#6587 = FILL_AREA_STYLE_COLOUR('',#6124);
#6588 = OVER_RIDING_STYLED_ITEM('overriding color',(#6589),#3227,#6106);
#6589 = PRESENTATION_STYLE_ASSIGNMENT((#6590));
#6590 = SURFACE_STYLE_USAGE(.BOTH.,#6591);
#6591 = SURFACE_SIDE_STYLE('',(#6592));
#6592 = SURFACE_STYLE_FILL_AREA(#6593);
#6593 = FILL_AREA_STYLE('',(#6594));
#6594 = FILL_AREA_STYLE_COLOUR('',#6124);
#6595 = OVER_RIDING_STYLED_ITEM('overriding color',(#6596),#3258,#6106);
#6596 = PRESENTATION_STYLE_ASSIGNMENT((#6597));
#6597 = SURFACE_STYLE_USAGE(.BOTH.,#6598);
#6598 = SURFACE_SIDE_STYLE('',(#6599));
#6599 = SURFACE_STYLE_FILL_AREA(#6600);
#6600 = FILL_AREA_STYLE('',(#6601));
#6601 = FILL_AREA_STYLE_COLOUR('',#6124);
#6602 = OVER_RIDING_STYLED_ITEM('overriding color',(#6603),#3282,#6106);
#6603 = PRESENTATION_STYLE_ASSIGNMENT((#6604));
#6604 = SURFACE_STYLE_USAGE(.BOTH.,#6605);
#6605 = SURFACE_SIDE_STYLE('',(#6606));
#6606 = SURFACE_STYLE_FILL_AREA(#6607);
#6607 = FILL_AREA_STYLE('',(#6608));
#6608 = FILL_AREA_STYLE_COLOUR('',#6124);
#6609 = OVER_RIDING_STYLED_ITEM('overriding color',(#6610),#3306,#6106);
#6610 = PRESENTATION_STYLE_ASSIGNMENT((#6611));
#6611 = SURFACE_STYLE_USAGE(.BOTH.,#6612);
#6612 = SURFACE_SIDE_STYLE('',(#6613));
#6613 = SURFACE_STYLE_FILL_AREA(#6614);
#6614 = FILL_AREA_STYLE('',(#6615));
#6615 = FILL_AREA_STYLE_COLOUR('',#6124);
#6616 = OVER_RIDING_STYLED_ITEM('overriding color',(#6617),#3330,#6106);
#6617 = PRESENTATION_STYLE_ASSIGNMENT((#6618));
#6618 = SURFACE_STYLE_USAGE(.BOTH.,#6619);
#6619 = SURFACE_SIDE_STYLE('',(#6620));
#6620 = SURFACE_STYLE_FILL_AREA(#6621);
#6621 = FILL_AREA_STYLE('',(#6622));
#6622 = FILL_AREA_STYLE_COLOUR('',#6124);
#6623 = OVER_RIDING_STYLED_ITEM('overriding color',(#6624),#3354,#6106);
#6624 = PRESENTATION_STYLE_ASSIGNMENT((#6625));
#6625 = SURFACE_STYLE_USAGE(.BOTH.,#6626);
#6626 = SURFACE_SIDE_STYLE('',(#6627));
#6627 = SURFACE_STYLE_FILL_AREA(#6628);
#6628 = FILL_AREA_STYLE('',(#6629));
#6629 = FILL_AREA_STYLE_COLOUR('',#6124);
#6630 = OVER_RIDING_STYLED_ITEM('overriding color',(#6631),#3371,#6106);
#6631 = PRESENTATION_STYLE_ASSIGNMENT((#6632));
#6632 = SURFACE_STYLE_USAGE(.BOTH.,#6633);
#6633 = SURFACE_SIDE_STYLE('',(#6634));
#6634 = SURFACE_STYLE_FILL_AREA(#6635);
#6635 = FILL_AREA_STYLE('',(#6636));
#6636 = FILL_AREA_STYLE_COLOUR('',#6124);
#6637 = OVER_RIDING_STYLED_ITEM('overriding color',(#6638),#3402,#6106);
#6638 = PRESENTATION_STYLE_ASSIGNMENT((#6639));
#6639 = SURFACE_STYLE_USAGE(.BOTH.,#6640);
#6640 = SURFACE_SIDE_STYLE('',(#6641));
#6641 = SURFACE_STYLE_FILL_AREA(#6642);
#6642 = FILL_AREA_STYLE('',(#6643));
#6643 = FILL_AREA_STYLE_COLOUR('',#6124);
#6644 = OVER_RIDING_STYLED_ITEM('overriding color',(#6645),#3426,#6106);
#6645 = PRESENTATION_STYLE_ASSIGNMENT((#6646));
#6646 = SURFACE_STYLE_USAGE(.BOTH.,#6647);
#6647 = SURFACE_SIDE_STYLE('',(#6648));
#6648 = SURFACE_STYLE_FILL_AREA(#6649);
#6649 = FILL_AREA_STYLE('',(#6650));
#6650 = FILL_AREA_STYLE_COLOUR('',#6124);
#6651 = OVER_RIDING_STYLED_ITEM('overriding color',(#6652),#3450,#6106);
#6652 = PRESENTATION_STYLE_ASSIGNMENT((#6653));
#6653 = SURFACE_STYLE_USAGE(.BOTH.,#6654);
#6654 = SURFACE_SIDE_STYLE('',(#6655));
#6655 = SURFACE_STYLE_FILL_AREA(#6656);
#6656 = FILL_AREA_STYLE('',(#6657));
#6657 = FILL_AREA_STYLE_COLOUR('',#6124);
#6658 = OVER_RIDING_STYLED_ITEM('overriding color',(#6659),#3474,#6106);
#6659 = PRESENTATION_STYLE_ASSIGNMENT((#6660));
#6660 = SURFACE_STYLE_USAGE(.BOTH.,#6661);
#6661 = SURFACE_SIDE_STYLE('',(#6662));
#6662 = SURFACE_STYLE_FILL_AREA(#6663);
#6663 = FILL_AREA_STYLE('',(#6664));
#6664 = FILL_AREA_STYLE_COLOUR('',#6124);
#6665 = OVER_RIDING_STYLED_ITEM('overriding color',(#6666),#3498,#6106);
#6666 = PRESENTATION_STYLE_ASSIGNMENT((#6667));
#6667 = SURFACE_STYLE_USAGE(.BOTH.,#6668);
#6668 = SURFACE_SIDE_STYLE('',(#6669));
#6669 = SURFACE_STYLE_FILL_AREA(#6670);
#6670 = FILL_AREA_STYLE('',(#6671));
#6671 = FILL_AREA_STYLE_COLOUR('',#6124);
#6672 = OVER_RIDING_STYLED_ITEM('overriding color',(#6673),#3515,#6106);
#6673 = PRESENTATION_STYLE_ASSIGNMENT((#6674));
#6674 = SURFACE_STYLE_USAGE(.BOTH.,#6675);
#6675 = SURFACE_SIDE_STYLE('',(#6676));
#6676 = SURFACE_STYLE_FILL_AREA(#6677);
#6677 = FILL_AREA_STYLE('',(#6678));
#6678 = FILL_AREA_STYLE_COLOUR('',#6124);
#6679 = OVER_RIDING_STYLED_ITEM('overriding color',(#6680),#3546,#6106);
#6680 = PRESENTATION_STYLE_ASSIGNMENT((#6681));
#6681 = SURFACE_STYLE_USAGE(.BOTH.,#6682);
#6682 = SURFACE_SIDE_STYLE('',(#6683));
#6683 = SURFACE_STYLE_FILL_AREA(#6684);
#6684 = FILL_AREA_STYLE('',(#6685));
#6685 = FILL_AREA_STYLE_COLOUR('',#6124);
#6686 = OVER_RIDING_STYLED_ITEM('overriding color',(#6687),#3570,#6106);
#6687 = PRESENTATION_STYLE_ASSIGNMENT((#6688));
#6688 = SURFACE_STYLE_USAGE(.BOTH.,#6689);
#6689 = SURFACE_SIDE_STYLE('',(#6690));
#6690 = SURFACE_STYLE_FILL_AREA(#6691);
#6691 = FILL_AREA_STYLE('',(#6692));
#6692 = FILL_AREA_STYLE_COLOUR('',#6124);
#6693 = OVER_RIDING_STYLED_ITEM('overriding color',(#6694),#3594,#6106);
#6694 = PRESENTATION_STYLE_ASSIGNMENT((#6695));
#6695 = SURFACE_STYLE_USAGE(.BOTH.,#6696);
#6696 = SURFACE_SIDE_STYLE('',(#6697));
#6697 = SURFACE_STYLE_FILL_AREA(#6698);
#6698 = FILL_AREA_STYLE('',(#6699));
#6699 = FILL_AREA_STYLE_COLOUR('',#6124);
#6700 = OVER_RIDING_STYLED_ITEM('overriding color',(#6701),#3618,#6106);
#6701 = PRESENTATION_STYLE_ASSIGNMENT((#6702));
#6702 = SURFACE_STYLE_USAGE(.BOTH.,#6703);
#6703 = SURFACE_SIDE_STYLE('',(#6704));
#6704 = SURFACE_STYLE_FILL_AREA(#6705);
#6705 = FILL_AREA_STYLE('',(#6706));
#6706 = FILL_AREA_STYLE_COLOUR('',#6124);
#6707 = OVER_RIDING_STYLED_ITEM('overriding color',(#6708),#3642,#6106);
#6708 = PRESENTATION_STYLE_ASSIGNMENT((#6709));
#6709 = SURFACE_STYLE_USAGE(.BOTH.,#6710);
#6710 = SURFACE_SIDE_STYLE('',(#6711));
#6711 = SURFACE_STYLE_FILL_AREA(#6712);
#6712 = FILL_AREA_STYLE('',(#6713));
#6713 = FILL_AREA_STYLE_COLOUR('',#6124);
#6714 = OVER_RIDING_STYLED_ITEM('overriding color',(#6715),#3659,#6106);
#6715 = PRESENTATION_STYLE_ASSIGNMENT((#6716));
#6716 = SURFACE_STYLE_USAGE(.BOTH.,#6717);
#6717 = SURFACE_SIDE_STYLE('',(#6718));
#6718 = SURFACE_STYLE_FILL_AREA(#6719);
#6719 = FILL_AREA_STYLE('',(#6720));
#6720 = FILL_AREA_STYLE_COLOUR('',#6124);
#6721 = OVER_RIDING_STYLED_ITEM('overriding color',(#6722),#3691,#6106);
#6722 = PRESENTATION_STYLE_ASSIGNMENT((#6723));
#6723 = SURFACE_STYLE_USAGE(.BOTH.,#6724);
#6724 = SURFACE_SIDE_STYLE('',(#6725));
#6725 = SURFACE_STYLE_FILL_AREA(#6726);
#6726 = FILL_AREA_STYLE('',(#6727));
#6727 = FILL_AREA_STYLE_COLOUR('',#6124);
#6728 = OVER_RIDING_STYLED_ITEM('overriding color',(#6729),#3709,#6106);
#6729 = PRESENTATION_STYLE_ASSIGNMENT((#6730));
#6730 = SURFACE_STYLE_USAGE(.BOTH.,#6731);
#6731 = SURFACE_SIDE_STYLE('',(#6732));
#6732 = SURFACE_STYLE_FILL_AREA(#6733);
#6733 = FILL_AREA_STYLE('',(#6734));
#6734 = FILL_AREA_STYLE_COLOUR('',#6124);
#6735 = OVER_RIDING_STYLED_ITEM('overriding color',(#6736),#3740,#6106);
#6736 = PRESENTATION_STYLE_ASSIGNMENT((#6737));
#6737 = SURFACE_STYLE_USAGE(.BOTH.,#6738);
#6738 = SURFACE_SIDE_STYLE('',(#6739));
#6739 = SURFACE_STYLE_FILL_AREA(#6740);
#6740 = FILL_AREA_STYLE('',(#6741));
#6741 = FILL_AREA_STYLE_COLOUR('',#6124);
#6742 = OVER_RIDING_STYLED_ITEM('overriding color',(#6743),#3764,#6106);
#6743 = PRESENTATION_STYLE_ASSIGNMENT((#6744));
#6744 = SURFACE_STYLE_USAGE(.BOTH.,#6745);
#6745 = SURFACE_SIDE_STYLE('',(#6746));
#6746 = SURFACE_STYLE_FILL_AREA(#6747);
#6747 = FILL_AREA_STYLE('',(#6748));
#6748 = FILL_AREA_STYLE_COLOUR('',#6124);
#6749 = OVER_RIDING_STYLED_ITEM('overriding color',(#6750),#3788,#6106);
#6750 = PRESENTATION_STYLE_ASSIGNMENT((#6751));
#6751 = SURFACE_STYLE_USAGE(.BOTH.,#6752);
#6752 = SURFACE_SIDE_STYLE('',(#6753));
#6753 = SURFACE_STYLE_FILL_AREA(#6754);
#6754 = FILL_AREA_STYLE('',(#6755));
#6755 = FILL_AREA_STYLE_COLOUR('',#6124);
#6756 = OVER_RIDING_STYLED_ITEM('overriding color',(#6757),#3812,#6106);
#6757 = PRESENTATION_STYLE_ASSIGNMENT((#6758));
#6758 = SURFACE_STYLE_USAGE(.BOTH.,#6759);
#6759 = SURFACE_SIDE_STYLE('',(#6760));
#6760 = SURFACE_STYLE_FILL_AREA(#6761);
#6761 = FILL_AREA_STYLE('',(#6762));
#6762 = FILL_AREA_STYLE_COLOUR('',#6124);
#6763 = OVER_RIDING_STYLED_ITEM('overriding color',(#6764),#3836,#6106);
#6764 = PRESENTATION_STYLE_ASSIGNMENT((#6765));
#6765 = SURFACE_STYLE_USAGE(.BOTH.,#6766);
#6766 = SURFACE_SIDE_STYLE('',(#6767));
#6767 = SURFACE_STYLE_FILL_AREA(#6768);
#6768 = FILL_AREA_STYLE('',(#6769));
#6769 = FILL_AREA_STYLE_COLOUR('',#6124);
#6770 = OVER_RIDING_STYLED_ITEM('overriding color',(#6771),#3853,#6106);
#6771 = PRESENTATION_STYLE_ASSIGNMENT((#6772));
#6772 = SURFACE_STYLE_USAGE(.BOTH.,#6773);
#6773 = SURFACE_SIDE_STYLE('',(#6774));
#6774 = SURFACE_STYLE_FILL_AREA(#6775);
#6775 = FILL_AREA_STYLE('',(#6776));
#6776 = FILL_AREA_STYLE_COLOUR('',#6124);
#6777 = OVER_RIDING_STYLED_ITEM('overriding color',(#6778),#3884,#6106);
#6778 = PRESENTATION_STYLE_ASSIGNMENT((#6779));
#6779 = SURFACE_STYLE_USAGE(.BOTH.,#6780);
#6780 = SURFACE_SIDE_STYLE('',(#6781));
#6781 = SURFACE_STYLE_FILL_AREA(#6782);
#6782 = FILL_AREA_STYLE('',(#6783));
#6783 = FILL_AREA_STYLE_COLOUR('',#6124);
#6784 = OVER_RIDING_STYLED_ITEM('overriding color',(#6785),#3908,#6106);
#6785 = PRESENTATION_STYLE_ASSIGNMENT((#6786));
#6786 = SURFACE_STYLE_USAGE(.BOTH.,#6787);
#6787 = SURFACE_SIDE_STYLE('',(#6788));
#6788 = SURFACE_STYLE_FILL_AREA(#6789);
#6789 = FILL_AREA_STYLE('',(#6790));
#6790 = FILL_AREA_STYLE_COLOUR('',#6124);
#6791 = OVER_RIDING_STYLED_ITEM('overriding color',(#6792),#3932,#6106);
#6792 = PRESENTATION_STYLE_ASSIGNMENT((#6793));
#6793 = SURFACE_STYLE_USAGE(.BOTH.,#6794);
#6794 = SURFACE_SIDE_STYLE('',(#6795));
#6795 = SURFACE_STYLE_FILL_AREA(#6796);
#6796 = FILL_AREA_STYLE('',(#6797));
#6797 = FILL_AREA_STYLE_COLOUR('',#6124);
#6798 = OVER_RIDING_STYLED_ITEM('overriding color',(#6799),#3956,#6106);
#6799 = PRESENTATION_STYLE_ASSIGNMENT((#6800));
#6800 = SURFACE_STYLE_USAGE(.BOTH.,#6801);
#6801 = SURFACE_SIDE_STYLE('',(#6802));
#6802 = SURFACE_STYLE_FILL_AREA(#6803);
#6803 = FILL_AREA_STYLE('',(#6804));
#6804 = FILL_AREA_STYLE_COLOUR('',#6124);
#6805 = OVER_RIDING_STYLED_ITEM('overriding color',(#6806),#3980,#6106);
#6806 = PRESENTATION_STYLE_ASSIGNMENT((#6807));
#6807 = SURFACE_STYLE_USAGE(.BOTH.,#6808);
#6808 = SURFACE_SIDE_STYLE('',(#6809));
#6809 = SURFACE_STYLE_FILL_AREA(#6810);
#6810 = FILL_AREA_STYLE('',(#6811));
#6811 = FILL_AREA_STYLE_COLOUR('',#6124);
#6812 = OVER_RIDING_STYLED_ITEM('overriding color',(#6813),#3997,#6106);
#6813 = PRESENTATION_STYLE_ASSIGNMENT((#6814));
#6814 = SURFACE_STYLE_USAGE(.BOTH.,#6815);
#6815 = SURFACE_SIDE_STYLE('',(#6816));
#6816 = SURFACE_STYLE_FILL_AREA(#6817);
#6817 = FILL_AREA_STYLE('',(#6818));
#6818 = FILL_AREA_STYLE_COLOUR('',#6124);
#6819 = OVER_RIDING_STYLED_ITEM('overriding color',(#6820),#4028,#6106);
#6820 = PRESENTATION_STYLE_ASSIGNMENT((#6821));
#6821 = SURFACE_STYLE_USAGE(.BOTH.,#6822);
#6822 = SURFACE_SIDE_STYLE('',(#6823));
#6823 = SURFACE_STYLE_FILL_AREA(#6824);
#6824 = FILL_AREA_STYLE('',(#6825));
#6825 = FILL_AREA_STYLE_COLOUR('',#6124);
#6826 = OVER_RIDING_STYLED_ITEM('overriding color',(#6827),#4052,#6106);
#6827 = PRESENTATION_STYLE_ASSIGNMENT((#6828));
#6828 = SURFACE_STYLE_USAGE(.BOTH.,#6829);
#6829 = SURFACE_SIDE_STYLE('',(#6830));
#6830 = SURFACE_STYLE_FILL_AREA(#6831);
#6831 = FILL_AREA_STYLE('',(#6832));
#6832 = FILL_AREA_STYLE_COLOUR('',#6124);
#6833 = OVER_RIDING_STYLED_ITEM('overriding color',(#6834),#4076,#6106);
#6834 = PRESENTATION_STYLE_ASSIGNMENT((#6835));
#6835 = SURFACE_STYLE_USAGE(.BOTH.,#6836);
#6836 = SURFACE_SIDE_STYLE('',(#6837));
#6837 = SURFACE_STYLE_FILL_AREA(#6838);
#6838 = FILL_AREA_STYLE('',(#6839));
#6839 = FILL_AREA_STYLE_COLOUR('',#6124);
#6840 = OVER_RIDING_STYLED_ITEM('overriding color',(#6841),#4100,#6106);
#6841 = PRESENTATION_STYLE_ASSIGNMENT((#6842));
#6842 = SURFACE_STYLE_USAGE(.BOTH.,#6843);
#6843 = SURFACE_SIDE_STYLE('',(#6844));
#6844 = SURFACE_STYLE_FILL_AREA(#6845);
#6845 = FILL_AREA_STYLE('',(#6846));
#6846 = FILL_AREA_STYLE_COLOUR('',#6124);
#6847 = OVER_RIDING_STYLED_ITEM('overriding color',(#6848),#4124,#6106);
#6848 = PRESENTATION_STYLE_ASSIGNMENT((#6849));
#6849 = SURFACE_STYLE_USAGE(.BOTH.,#6850);
#6850 = SURFACE_SIDE_STYLE('',(#6851));
#6851 = SURFACE_STYLE_FILL_AREA(#6852);
#6852 = FILL_AREA_STYLE('',(#6853));
#6853 = FILL_AREA_STYLE_COLOUR('',#6124);
#6854 = OVER_RIDING_STYLED_ITEM('overriding color',(#6855),#4141,#6106);
#6855 = PRESENTATION_STYLE_ASSIGNMENT((#6856));
#6856 = SURFACE_STYLE_USAGE(.BOTH.,#6857);
#6857 = SURFACE_SIDE_STYLE('',(#6858));
#6858 = SURFACE_STYLE_FILL_AREA(#6859);
#6859 = FILL_AREA_STYLE('',(#6860));
#6860 = FILL_AREA_STYLE_COLOUR('',#6124);
#6861 = OVER_RIDING_STYLED_ITEM('overriding color',(#6862),#4172,#6106);
#6862 = PRESENTATION_STYLE_ASSIGNMENT((#6863));
#6863 = SURFACE_STYLE_USAGE(.BOTH.,#6864);
#6864 = SURFACE_SIDE_STYLE('',(#6865));
#6865 = SURFACE_STYLE_FILL_AREA(#6866);
#6866 = FILL_AREA_STYLE('',(#6867));
#6867 = FILL_AREA_STYLE_COLOUR('',#6124);
#6868 = OVER_RIDING_STYLED_ITEM('overriding color',(#6869),#4196,#6106);
#6869 = PRESENTATION_STYLE_ASSIGNMENT((#6870));
#6870 = SURFACE_STYLE_USAGE(.BOTH.,#6871);
#6871 = SURFACE_SIDE_STYLE('',(#6872));
#6872 = SURFACE_STYLE_FILL_AREA(#6873);
#6873 = FILL_AREA_STYLE('',(#6874));
#6874 = FILL_AREA_STYLE_COLOUR('',#6124);
#6875 = OVER_RIDING_STYLED_ITEM('overriding color',(#6876),#4220,#6106);
#6876 = PRESENTATION_STYLE_ASSIGNMENT((#6877));
#6877 = SURFACE_STYLE_USAGE(.BOTH.,#6878);
#6878 = SURFACE_SIDE_STYLE('',(#6879));
#6879 = SURFACE_STYLE_FILL_AREA(#6880);
#6880 = FILL_AREA_STYLE('',(#6881));
#6881 = FILL_AREA_STYLE_COLOUR('',#6124);
#6882 = OVER_RIDING_STYLED_ITEM('overriding color',(#6883),#4244,#6106);
#6883 = PRESENTATION_STYLE_ASSIGNMENT((#6884));
#6884 = SURFACE_STYLE_USAGE(.BOTH.,#6885);
#6885 = SURFACE_SIDE_STYLE('',(#6886));
#6886 = SURFACE_STYLE_FILL_AREA(#6887);
#6887 = FILL_AREA_STYLE('',(#6888));
#6888 = FILL_AREA_STYLE_COLOUR('',#6124);
#6889 = OVER_RIDING_STYLED_ITEM('overriding color',(#6890),#4268,#6106);
#6890 = PRESENTATION_STYLE_ASSIGNMENT((#6891));
#6891 = SURFACE_STYLE_USAGE(.BOTH.,#6892);
#6892 = SURFACE_SIDE_STYLE('',(#6893));
#6893 = SURFACE_STYLE_FILL_AREA(#6894);
#6894 = FILL_AREA_STYLE('',(#6895));
#6895 = FILL_AREA_STYLE_COLOUR('',#6124);
#6896 = OVER_RIDING_STYLED_ITEM('overriding color',(#6897),#4285,#6106);
#6897 = PRESENTATION_STYLE_ASSIGNMENT((#6898));
#6898 = SURFACE_STYLE_USAGE(.BOTH.,#6899);
#6899 = SURFACE_SIDE_STYLE('',(#6900));
#6900 = SURFACE_STYLE_FILL_AREA(#6901);
#6901 = FILL_AREA_STYLE('',(#6902));
#6902 = FILL_AREA_STYLE_COLOUR('',#6124);
#6903 = OVER_RIDING_STYLED_ITEM('overriding color',(#6904),#4316,#6106);
#6904 = PRESENTATION_STYLE_ASSIGNMENT((#6905));
#6905 = SURFACE_STYLE_USAGE(.BOTH.,#6906);
#6906 = SURFACE_SIDE_STYLE('',(#6907));
#6907 = SURFACE_STYLE_FILL_AREA(#6908);
#6908 = FILL_AREA_STYLE('',(#6909));
#6909 = FILL_AREA_STYLE_COLOUR('',#6124);
#6910 = OVER_RIDING_STYLED_ITEM('overriding color',(#6911),#4340,#6106);
#6911 = PRESENTATION_STYLE_ASSIGNMENT((#6912));
#6912 = SURFACE_STYLE_USAGE(.BOTH.,#6913);
#6913 = SURFACE_SIDE_STYLE('',(#6914));
#6914 = SURFACE_STYLE_FILL_AREA(#6915);
#6915 = FILL_AREA_STYLE('',(#6916));
#6916 = FILL_AREA_STYLE_COLOUR('',#6124);
#6917 = OVER_RIDING_STYLED_ITEM('overriding color',(#6918),#4364,#6106);
#6918 = PRESENTATION_STYLE_ASSIGNMENT((#6919));
#6919 = SURFACE_STYLE_USAGE(.BOTH.,#6920);
#6920 = SURFACE_SIDE_STYLE('',(#6921));
#6921 = SURFACE_STYLE_FILL_AREA(#6922);
#6922 = FILL_AREA_STYLE('',(#6923));
#6923 = FILL_AREA_STYLE_COLOUR('',#6124);
#6924 = OVER_RIDING_STYLED_ITEM('overriding color',(#6925),#4388,#6106);
#6925 = PRESENTATION_STYLE_ASSIGNMENT((#6926));
#6926 = SURFACE_STYLE_USAGE(.BOTH.,#6927);
#6927 = SURFACE_SIDE_STYLE('',(#6928));
#6928 = SURFACE_STYLE_FILL_AREA(#6929);
#6929 = FILL_AREA_STYLE('',(#6930));
#6930 = FILL_AREA_STYLE_COLOUR('',#6124);
#6931 = OVER_RIDING_STYLED_ITEM('overriding color',(#6932),#4412,#6106);
#6932 = PRESENTATION_STYLE_ASSIGNMENT((#6933));
#6933 = SURFACE_STYLE_USAGE(.BOTH.,#6934);
#6934 = SURFACE_SIDE_STYLE('',(#6935));
#6935 = SURFACE_STYLE_FILL_AREA(#6936);
#6936 = FILL_AREA_STYLE('',(#6937));
#6937 = FILL_AREA_STYLE_COLOUR('',#6124);
#6938 = OVER_RIDING_STYLED_ITEM('overriding color',(#6939),#4429,#6106);
#6939 = PRESENTATION_STYLE_ASSIGNMENT((#6940));
#6940 = SURFACE_STYLE_USAGE(.BOTH.,#6941);
#6941 = SURFACE_SIDE_STYLE('',(#6942));
#6942 = SURFACE_STYLE_FILL_AREA(#6943);
#6943 = FILL_AREA_STYLE('',(#6944));
#6944 = FILL_AREA_STYLE_COLOUR('',#6124);
#6945 = OVER_RIDING_STYLED_ITEM('overriding color',(#6946),#4460,#6106);
#6946 = PRESENTATION_STYLE_ASSIGNMENT((#6947));
#6947 = SURFACE_STYLE_USAGE(.BOTH.,#6948);
#6948 = SURFACE_SIDE_STYLE('',(#6949));
#6949 = SURFACE_STYLE_FILL_AREA(#6950);
#6950 = FILL_AREA_STYLE('',(#6951));
#6951 = FILL_AREA_STYLE_COLOUR('',#6124);
#6952 = OVER_RIDING_STYLED_ITEM('overriding color',(#6953),#4484,#6106);
#6953 = PRESENTATION_STYLE_ASSIGNMENT((#6954));
#6954 = SURFACE_STYLE_USAGE(.BOTH.,#6955);
#6955 = SURFACE_SIDE_STYLE('',(#6956));
#6956 = SURFACE_STYLE_FILL_AREA(#6957);
#6957 = FILL_AREA_STYLE('',(#6958));
#6958 = FILL_AREA_STYLE_COLOUR('',#6124);
#6959 = OVER_RIDING_STYLED_ITEM('overriding color',(#6960),#4508,#6106);
#6960 = PRESENTATION_STYLE_ASSIGNMENT((#6961));
#6961 = SURFACE_STYLE_USAGE(.BOTH.,#6962);
#6962 = SURFACE_SIDE_STYLE('',(#6963));
#6963 = SURFACE_STYLE_FILL_AREA(#6964);
#6964 = FILL_AREA_STYLE('',(#6965));
#6965 = FILL_AREA_STYLE_COLOUR('',#6124);
#6966 = OVER_RIDING_STYLED_ITEM('overriding color',(#6967),#4532,#6106);
#6967 = PRESENTATION_STYLE_ASSIGNMENT((#6968));
#6968 = SURFACE_STYLE_USAGE(.BOTH.,#6969);
#6969 = SURFACE_SIDE_STYLE('',(#6970));
#6970 = SURFACE_STYLE_FILL_AREA(#6971);
#6971 = FILL_AREA_STYLE('',(#6972));
#6972 = FILL_AREA_STYLE_COLOUR('',#6124);
#6973 = OVER_RIDING_STYLED_ITEM('overriding color',(#6974),#4556,#6106);
#6974 = PRESENTATION_STYLE_ASSIGNMENT((#6975));
#6975 = SURFACE_STYLE_USAGE(.BOTH.,#6976);
#6976 = SURFACE_SIDE_STYLE('',(#6977));
#6977 = SURFACE_STYLE_FILL_AREA(#6978);
#6978 = FILL_AREA_STYLE('',(#6979));
#6979 = FILL_AREA_STYLE_COLOUR('',#6124);
#6980 = OVER_RIDING_STYLED_ITEM('overriding color',(#6981),#4573,#6106);
#6981 = PRESENTATION_STYLE_ASSIGNMENT((#6982));
#6982 = SURFACE_STYLE_USAGE(.BOTH.,#6983);
#6983 = SURFACE_SIDE_STYLE('',(#6984));
#6984 = SURFACE_STYLE_FILL_AREA(#6985);
#6985 = FILL_AREA_STYLE('',(#6986));
#6986 = FILL_AREA_STYLE_COLOUR('',#6124);
#6987 = OVER_RIDING_STYLED_ITEM('overriding color',(#6988),#4604,#6106);
#6988 = PRESENTATION_STYLE_ASSIGNMENT((#6989));
#6989 = SURFACE_STYLE_USAGE(.BOTH.,#6990);
#6990 = SURFACE_SIDE_STYLE('',(#6991));
#6991 = SURFACE_STYLE_FILL_AREA(#6992);
#6992 = FILL_AREA_STYLE('',(#6993));
#6993 = FILL_AREA_STYLE_COLOUR('',#6124);
#6994 = OVER_RIDING_STYLED_ITEM('overriding color',(#6995),#4628,#6106);
#6995 = PRESENTATION_STYLE_ASSIGNMENT((#6996));
#6996 = SURFACE_STYLE_USAGE(.BOTH.,#6997);
#6997 = SURFACE_SIDE_STYLE('',(#6998));
#6998 = SURFACE_STYLE_FILL_AREA(#6999);
#6999 = FILL_AREA_STYLE('',(#7000));
#7000 = FILL_AREA_STYLE_COLOUR('',#6124);
#7001 = OVER_RIDING_STYLED_ITEM('overriding color',(#7002),#4652,#6106);
#7002 = PRESENTATION_STYLE_ASSIGNMENT((#7003));
#7003 = SURFACE_STYLE_USAGE(.BOTH.,#7004);
#7004 = SURFACE_SIDE_STYLE('',(#7005));
#7005 = SURFACE_STYLE_FILL_AREA(#7006);
#7006 = FILL_AREA_STYLE('',(#7007));
#7007 = FILL_AREA_STYLE_COLOUR('',#6124);
#7008 = OVER_RIDING_STYLED_ITEM('overriding color',(#7009),#4676,#6106);
#7009 = PRESENTATION_STYLE_ASSIGNMENT((#7010));
#7010 = SURFACE_STYLE_USAGE(.BOTH.,#7011);
#7011 = SURFACE_SIDE_STYLE('',(#7012));
#7012 = SURFACE_STYLE_FILL_AREA(#7013);
#7013 = FILL_AREA_STYLE('',(#7014));
#7014 = FILL_AREA_STYLE_COLOUR('',#6124);
#7015 = OVER_RIDING_STYLED_ITEM('overriding color',(#7016),#4700,#6106);
#7016 = PRESENTATION_STYLE_ASSIGNMENT((#7017));
#7017 = SURFACE_STYLE_USAGE(.BOTH.,#7018);
#7018 = SURFACE_SIDE_STYLE('',(#7019));
#7019 = SURFACE_STYLE_FILL_AREA(#7020);
#7020 = FILL_AREA_STYLE('',(#7021));
#7021 = FILL_AREA_STYLE_COLOUR('',#6124);
#7022 = OVER_RIDING_STYLED_ITEM('overriding color',(#7023),#4717,#6106);
#7023 = PRESENTATION_STYLE_ASSIGNMENT((#7024));
#7024 = SURFACE_STYLE_USAGE(.BOTH.,#7025);
#7025 = SURFACE_SIDE_STYLE('',(#7026));
#7026 = SURFACE_STYLE_FILL_AREA(#7027);
#7027 = FILL_AREA_STYLE('',(#7028));
#7028 = FILL_AREA_STYLE_COLOUR('',#6124);
#7029 = OVER_RIDING_STYLED_ITEM('overriding color',(#7030),#4749,#6106);
#7030 = PRESENTATION_STYLE_ASSIGNMENT((#7031));
#7031 = SURFACE_STYLE_USAGE(.BOTH.,#7032);
#7032 = SURFACE_SIDE_STYLE('',(#7033));
#7033 = SURFACE_STYLE_FILL_AREA(#7034);
#7034 = FILL_AREA_STYLE('',(#7035));
#7035 = FILL_AREA_STYLE_COLOUR('',#6124);
#7036 = OVER_RIDING_STYLED_ITEM('overriding color',(#7037),#4767,#6106);
#7037 = PRESENTATION_STYLE_ASSIGNMENT((#7038));
#7038 = SURFACE_STYLE_USAGE(.BOTH.,#7039);
#7039 = SURFACE_SIDE_STYLE('',(#7040));
#7040 = SURFACE_STYLE_FILL_AREA(#7041);
#7041 = FILL_AREA_STYLE('',(#7042));
#7042 = FILL_AREA_STYLE_COLOUR('',#6124);
#7043 = OVER_RIDING_STYLED_ITEM('overriding color',(#7044),#4798,#6106);
#7044 = PRESENTATION_STYLE_ASSIGNMENT((#7045));
#7045 = SURFACE_STYLE_USAGE(.BOTH.,#7046);
#7046 = SURFACE_SIDE_STYLE('',(#7047));
#7047 = SURFACE_STYLE_FILL_AREA(#7048);
#7048 = FILL_AREA_STYLE('',(#7049));
#7049 = FILL_AREA_STYLE_COLOUR('',#6124);
#7050 = OVER_RIDING_STYLED_ITEM('overriding color',(#7051),#4822,#6106);
#7051 = PRESENTATION_STYLE_ASSIGNMENT((#7052));
#7052 = SURFACE_STYLE_USAGE(.BOTH.,#7053);
#7053 = SURFACE_SIDE_STYLE('',(#7054));
#7054 = SURFACE_STYLE_FILL_AREA(#7055);
#7055 = FILL_AREA_STYLE('',(#7056));
#7056 = FILL_AREA_STYLE_COLOUR('',#6124);
#7057 = OVER_RIDING_STYLED_ITEM('overriding color',(#7058),#4846,#6106);
#7058 = PRESENTATION_STYLE_ASSIGNMENT((#7059));
#7059 = SURFACE_STYLE_USAGE(.BOTH.,#7060);
#7060 = SURFACE_SIDE_STYLE('',(#7061));
#7061 = SURFACE_STYLE_FILL_AREA(#7062);
#7062 = FILL_AREA_STYLE('',(#7063));
#7063 = FILL_AREA_STYLE_COLOUR('',#6124);
#7064 = OVER_RIDING_STYLED_ITEM('overriding color',(#7065),#4870,#6106);
#7065 = PRESENTATION_STYLE_ASSIGNMENT((#7066));
#7066 = SURFACE_STYLE_USAGE(.BOTH.,#7067);
#7067 = SURFACE_SIDE_STYLE('',(#7068));
#7068 = SURFACE_STYLE_FILL_AREA(#7069);
#7069 = FILL_AREA_STYLE('',(#7070));
#7070 = FILL_AREA_STYLE_COLOUR('',#6124);
#7071 = OVER_RIDING_STYLED_ITEM('overriding color',(#7072),#4894,#6106);
#7072 = PRESENTATION_STYLE_ASSIGNMENT((#7073));
#7073 = SURFACE_STYLE_USAGE(.BOTH.,#7074);
#7074 = SURFACE_SIDE_STYLE('',(#7075));
#7075 = SURFACE_STYLE_FILL_AREA(#7076);
#7076 = FILL_AREA_STYLE('',(#7077));
#7077 = FILL_AREA_STYLE_COLOUR('',#6124);
#7078 = OVER_RIDING_STYLED_ITEM('overriding color',(#7079),#4911,#6106);
#7079 = PRESENTATION_STYLE_ASSIGNMENT((#7080));
#7080 = SURFACE_STYLE_USAGE(.BOTH.,#7081);
#7081 = SURFACE_SIDE_STYLE('',(#7082));
#7082 = SURFACE_STYLE_FILL_AREA(#7083);
#7083 = FILL_AREA_STYLE('',(#7084));
#7084 = FILL_AREA_STYLE_COLOUR('',#6124);
#7085 = OVER_RIDING_STYLED_ITEM('overriding color',(#7086),#4942,#6106);
#7086 = PRESENTATION_STYLE_ASSIGNMENT((#7087));
#7087 = SURFACE_STYLE_USAGE(.BOTH.,#7088);
#7088 = SURFACE_SIDE_STYLE('',(#7089));
#7089 = SURFACE_STYLE_FILL_AREA(#7090);
#7090 = FILL_AREA_STYLE('',(#7091));
#7091 = FILL_AREA_STYLE_COLOUR('',#6124);
#7092 = OVER_RIDING_STYLED_ITEM('overriding color',(#7093),#4966,#6106);
#7093 = PRESENTATION_STYLE_ASSIGNMENT((#7094));
#7094 = SURFACE_STYLE_USAGE(.BOTH.,#7095);
#7095 = SURFACE_SIDE_STYLE('',(#7096));
#7096 = SURFACE_STYLE_FILL_AREA(#7097);
#7097 = FILL_AREA_STYLE('',(#7098));
#7098 = FILL_AREA_STYLE_COLOUR('',#6124);
#7099 = OVER_RIDING_STYLED_ITEM('overriding color',(#7100),#4990,#6106);
#7100 = PRESENTATION_STYLE_ASSIGNMENT((#7101));
#7101 = SURFACE_STYLE_USAGE(.BOTH.,#7102);
#7102 = SURFACE_SIDE_STYLE('',(#7103));
#7103 = SURFACE_STYLE_FILL_AREA(#7104);
#7104 = FILL_AREA_STYLE('',(#7105));
#7105 = FILL_AREA_STYLE_COLOUR('',#6124);
#7106 = OVER_RIDING_STYLED_ITEM('overriding color',(#7107),#5014,#6106);
#7107 = PRESENTATION_STYLE_ASSIGNMENT((#7108));
#7108 = SURFACE_STYLE_USAGE(.BOTH.,#7109);
#7109 = SURFACE_SIDE_STYLE('',(#7110));
#7110 = SURFACE_STYLE_FILL_AREA(#7111);
#7111 = FILL_AREA_STYLE('',(#7112));
#7112 = FILL_AREA_STYLE_COLOUR('',#6124);
#7113 = OVER_RIDING_STYLED_ITEM('overriding color',(#7114),#5038,#6106);
#7114 = PRESENTATION_STYLE_ASSIGNMENT((#7115));
#7115 = SURFACE_STYLE_USAGE(.BOTH.,#7116);
#7116 = SURFACE_SIDE_STYLE('',(#7117));
#7117 = SURFACE_STYLE_FILL_AREA(#7118);
#7118 = FILL_AREA_STYLE('',(#7119));
#7119 = FILL_AREA_STYLE_COLOUR('',#6124);
#7120 = OVER_RIDING_STYLED_ITEM('overriding color',(#7121),#5055,#6106);
#7121 = PRESENTATION_STYLE_ASSIGNMENT((#7122));
#7122 = SURFACE_STYLE_USAGE(.BOTH.,#7123);
#7123 = SURFACE_SIDE_STYLE('',(#7124));
#7124 = SURFACE_STYLE_FILL_AREA(#7125);
#7125 = FILL_AREA_STYLE('',(#7126));
#7126 = FILL_AREA_STYLE_COLOUR('',#6124);
#7127 = OVER_RIDING_STYLED_ITEM('overriding color',(#7128),#5086,#6106);
#7128 = PRESENTATION_STYLE_ASSIGNMENT((#7129));
#7129 = SURFACE_STYLE_USAGE(.BOTH.,#7130);
#7130 = SURFACE_SIDE_STYLE('',(#7131));
#7131 = SURFACE_STYLE_FILL_AREA(#7132);
#7132 = FILL_AREA_STYLE('',(#7133));
#7133 = FILL_AREA_STYLE_COLOUR('',#6124);
#7134 = OVER_RIDING_STYLED_ITEM('overriding color',(#7135),#5110,#6106);
#7135 = PRESENTATION_STYLE_ASSIGNMENT((#7136));
#7136 = SURFACE_STYLE_USAGE(.BOTH.,#7137);
#7137 = SURFACE_SIDE_STYLE('',(#7138));
#7138 = SURFACE_STYLE_FILL_AREA(#7139);
#7139 = FILL_AREA_STYLE('',(#7140));
#7140 = FILL_AREA_STYLE_COLOUR('',#6124);
#7141 = OVER_RIDING_STYLED_ITEM('overriding color',(#7142),#5134,#6106);
#7142 = PRESENTATION_STYLE_ASSIGNMENT((#7143));
#7143 = SURFACE_STYLE_USAGE(.BOTH.,#7144);
#7144 = SURFACE_SIDE_STYLE('',(#7145));
#7145 = SURFACE_STYLE_FILL_AREA(#7146);
#7146 = FILL_AREA_STYLE('',(#7147));
#7147 = FILL_AREA_STYLE_COLOUR('',#6124);
#7148 = OVER_RIDING_STYLED_ITEM('overriding color',(#7149),#5158,#6106);
#7149 = PRESENTATION_STYLE_ASSIGNMENT((#7150));
#7150 = SURFACE_STYLE_USAGE(.BOTH.,#7151);
#7151 = SURFACE_SIDE_STYLE('',(#7152));
#7152 = SURFACE_STYLE_FILL_AREA(#7153);
#7153 = FILL_AREA_STYLE('',(#7154));
#7154 = FILL_AREA_STYLE_COLOUR('',#6124);
#7155 = OVER_RIDING_STYLED_ITEM('overriding color',(#7156),#5182,#6106);
#7156 = PRESENTATION_STYLE_ASSIGNMENT((#7157));
#7157 = SURFACE_STYLE_USAGE(.BOTH.,#7158);
#7158 = SURFACE_SIDE_STYLE('',(#7159));
#7159 = SURFACE_STYLE_FILL_AREA(#7160);
#7160 = FILL_AREA_STYLE('',(#7161));
#7161 = FILL_AREA_STYLE_COLOUR('',#6124);
#7162 = OVER_RIDING_STYLED_ITEM('overriding color',(#7163),#5199,#6106);
#7163 = PRESENTATION_STYLE_ASSIGNMENT((#7164));
#7164 = SURFACE_STYLE_USAGE(.BOTH.,#7165);
#7165 = SURFACE_SIDE_STYLE('',(#7166));
#7166 = SURFACE_STYLE_FILL_AREA(#7167);
#7167 = FILL_AREA_STYLE('',(#7168));
#7168 = FILL_AREA_STYLE_COLOUR('',#6124);
#7169 = OVER_RIDING_STYLED_ITEM('overriding color',(#7170),#5230,#6106);
#7170 = PRESENTATION_STYLE_ASSIGNMENT((#7171));
#7171 = SURFACE_STYLE_USAGE(.BOTH.,#7172);
#7172 = SURFACE_SIDE_STYLE('',(#7173));
#7173 = SURFACE_STYLE_FILL_AREA(#7174);
#7174 = FILL_AREA_STYLE('',(#7175));
#7175 = FILL_AREA_STYLE_COLOUR('',#6124);
#7176 = OVER_RIDING_STYLED_ITEM('overriding color',(#7177),#5254,#6106);
#7177 = PRESENTATION_STYLE_ASSIGNMENT((#7178));
#7178 = SURFACE_STYLE_USAGE(.BOTH.,#7179);
#7179 = SURFACE_SIDE_STYLE('',(#7180));
#7180 = SURFACE_STYLE_FILL_AREA(#7181);
#7181 = FILL_AREA_STYLE('',(#7182));
#7182 = FILL_AREA_STYLE_COLOUR('',#6124);
#7183 = OVER_RIDING_STYLED_ITEM('overriding color',(#7184),#5278,#6106);
#7184 = PRESENTATION_STYLE_ASSIGNMENT((#7185));
#7185 = SURFACE_STYLE_USAGE(.BOTH.,#7186);
#7186 = SURFACE_SIDE_STYLE('',(#7187));
#7187 = SURFACE_STYLE_FILL_AREA(#7188);
#7188 = FILL_AREA_STYLE('',(#7189));
#7189 = FILL_AREA_STYLE_COLOUR('',#6124);
#7190 = OVER_RIDING_STYLED_ITEM('overriding color',(#7191),#5302,#6106);
#7191 = PRESENTATION_STYLE_ASSIGNMENT((#7192));
#7192 = SURFACE_STYLE_USAGE(.BOTH.,#7193);
#7193 = SURFACE_SIDE_STYLE('',(#7194));
#7194 = SURFACE_STYLE_FILL_AREA(#7195);
#7195 = FILL_AREA_STYLE('',(#7196));
#7196 = FILL_AREA_STYLE_COLOUR('',#6124);
#7197 = OVER_RIDING_STYLED_ITEM('overriding color',(#7198),#5326,#6106);
#7198 = PRESENTATION_STYLE_ASSIGNMENT((#7199));
#7199 = SURFACE_STYLE_USAGE(.BOTH.,#7200);
#7200 = SURFACE_SIDE_STYLE('',(#7201));
#7201 = SURFACE_STYLE_FILL_AREA(#7202);
#7202 = FILL_AREA_STYLE('',(#7203));
#7203 = FILL_AREA_STYLE_COLOUR('',#6124);
#7204 = OVER_RIDING_STYLED_ITEM('overriding color',(#7205),#5343,#6106);
#7205 = PRESENTATION_STYLE_ASSIGNMENT((#7206));
#7206 = SURFACE_STYLE_USAGE(.BOTH.,#7207);
#7207 = SURFACE_SIDE_STYLE('',(#7208));
#7208 = SURFACE_STYLE_FILL_AREA(#7209);
#7209 = FILL_AREA_STYLE('',(#7210));
#7210 = FILL_AREA_STYLE_COLOUR('',#6124);
#7211 = OVER_RIDING_STYLED_ITEM('overriding color',(#7212),#5374,#6106);
#7212 = PRESENTATION_STYLE_ASSIGNMENT((#7213));
#7213 = SURFACE_STYLE_USAGE(.BOTH.,#7214);
#7214 = SURFACE_SIDE_STYLE('',(#7215));
#7215 = SURFACE_STYLE_FILL_AREA(#7216);
#7216 = FILL_AREA_STYLE('',(#7217));
#7217 = FILL_AREA_STYLE_COLOUR('',#6124);
#7218 = OVER_RIDING_STYLED_ITEM('overriding color',(#7219),#5398,#6106);
#7219 = PRESENTATION_STYLE_ASSIGNMENT((#7220));
#7220 = SURFACE_STYLE_USAGE(.BOTH.,#7221);
#7221 = SURFACE_SIDE_STYLE('',(#7222));
#7222 = SURFACE_STYLE_FILL_AREA(#7223);
#7223 = FILL_AREA_STYLE('',(#7224));
#7224 = FILL_AREA_STYLE_COLOUR('',#6124);
#7225 = OVER_RIDING_STYLED_ITEM('overriding color',(#7226),#5422,#6106);
#7226 = PRESENTATION_STYLE_ASSIGNMENT((#7227));
#7227 = SURFACE_STYLE_USAGE(.BOTH.,#7228);
#7228 = SURFACE_SIDE_STYLE('',(#7229));
#7229 = SURFACE_STYLE_FILL_AREA(#7230);
#7230 = FILL_AREA_STYLE('',(#7231));
#7231 = FILL_AREA_STYLE_COLOUR('',#6124);
#7232 = OVER_RIDING_STYLED_ITEM('overriding color',(#7233),#5446,#6106);
#7233 = PRESENTATION_STYLE_ASSIGNMENT((#7234));
#7234 = SURFACE_STYLE_USAGE(.BOTH.,#7235);
#7235 = SURFACE_SIDE_STYLE('',(#7236));
#7236 = SURFACE_STYLE_FILL_AREA(#7237);
#7237 = FILL_AREA_STYLE('',(#7238));
#7238 = FILL_AREA_STYLE_COLOUR('',#6124);
#7239 = OVER_RIDING_STYLED_ITEM('overriding color',(#7240),#5470,#6106);
#7240 = PRESENTATION_STYLE_ASSIGNMENT((#7241));
#7241 = SURFACE_STYLE_USAGE(.BOTH.,#7242);
#7242 = SURFACE_SIDE_STYLE('',(#7243));
#7243 = SURFACE_STYLE_FILL_AREA(#7244);
#7244 = FILL_AREA_STYLE('',(#7245));
#7245 = FILL_AREA_STYLE_COLOUR('',#6124);
#7246 = OVER_RIDING_STYLED_ITEM('overriding color',(#7247),#5487,#6106);
#7247 = PRESENTATION_STYLE_ASSIGNMENT((#7248));
#7248 = SURFACE_STYLE_USAGE(.BOTH.,#7249);
#7249 = SURFACE_SIDE_STYLE('',(#7250));
#7250 = SURFACE_STYLE_FILL_AREA(#7251);
#7251 = FILL_AREA_STYLE('',(#7252));
#7252 = FILL_AREA_STYLE_COLOUR('',#6124);
#7253 = OVER_RIDING_STYLED_ITEM('overriding color',(#7254),#5518,#6106);
#7254 = PRESENTATION_STYLE_ASSIGNMENT((#7255));
#7255 = SURFACE_STYLE_USAGE(.BOTH.,#7256);
#7256 = SURFACE_SIDE_STYLE('',(#7257));
#7257 = SURFACE_STYLE_FILL_AREA(#7258);
#7258 = FILL_AREA_STYLE('',(#7259));
#7259 = FILL_AREA_STYLE_COLOUR('',#6124);
#7260 = OVER_RIDING_STYLED_ITEM('overriding color',(#7261),#5542,#6106);
#7261 = PRESENTATION_STYLE_ASSIGNMENT((#7262));
#7262 = SURFACE_STYLE_USAGE(.BOTH.,#7263);
#7263 = SURFACE_SIDE_STYLE('',(#7264));
#7264 = SURFACE_STYLE_FILL_AREA(#7265);
#7265 = FILL_AREA_STYLE('',(#7266));
#7266 = FILL_AREA_STYLE_COLOUR('',#6124);
#7267 = OVER_RIDING_STYLED_ITEM('overriding color',(#7268),#5566,#6106);
#7268 = PRESENTATION_STYLE_ASSIGNMENT((#7269));
#7269 = SURFACE_STYLE_USAGE(.BOTH.,#7270);
#7270 = SURFACE_SIDE_STYLE('',(#7271));
#7271 = SURFACE_STYLE_FILL_AREA(#7272);
#7272 = FILL_AREA_STYLE('',(#7273));
#7273 = FILL_AREA_STYLE_COLOUR('',#6124);
#7274 = OVER_RIDING_STYLED_ITEM('overriding color',(#7275),#5590,#6106);
#7275 = PRESENTATION_STYLE_ASSIGNMENT((#7276));
#7276 = SURFACE_STYLE_USAGE(.BOTH.,#7277);
#7277 = SURFACE_SIDE_STYLE('',(#7278));
#7278 = SURFACE_STYLE_FILL_AREA(#7279);
#7279 = FILL_AREA_STYLE('',(#7280));
#7280 = FILL_AREA_STYLE_COLOUR('',#6124);
#7281 = OVER_RIDING_STYLED_ITEM('overriding color',(#7282),#5614,#6106);
#7282 = PRESENTATION_STYLE_ASSIGNMENT((#7283));
#7283 = SURFACE_STYLE_USAGE(.BOTH.,#7284);
#7284 = SURFACE_SIDE_STYLE('',(#7285));
#7285 = SURFACE_STYLE_FILL_AREA(#7286);
#7286 = FILL_AREA_STYLE('',(#7287));
#7287 = FILL_AREA_STYLE_COLOUR('',#6124);
#7288 = OVER_RIDING_STYLED_ITEM('overriding color',(#7289),#5631,#6106);
#7289 = PRESENTATION_STYLE_ASSIGNMENT((#7290));
#7290 = SURFACE_STYLE_USAGE(.BOTH.,#7291);
#7291 = SURFACE_SIDE_STYLE('',(#7292));
#7292 = SURFACE_STYLE_FILL_AREA(#7293);
#7293 = FILL_AREA_STYLE('',(#7294));
#7294 = FILL_AREA_STYLE_COLOUR('',#6124);
#7295 = OVER_RIDING_STYLED_ITEM('overriding color',(#7296),#5662,#6106);
#7296 = PRESENTATION_STYLE_ASSIGNMENT((#7297));
#7297 = SURFACE_STYLE_USAGE(.BOTH.,#7298);
#7298 = SURFACE_SIDE_STYLE('',(#7299));
#7299 = SURFACE_STYLE_FILL_AREA(#7300);
#7300 = FILL_AREA_STYLE('',(#7301));
#7301 = FILL_AREA_STYLE_COLOUR('',#6124);
#7302 = OVER_RIDING_STYLED_ITEM('overriding color',(#7303),#5686,#6106);
#7303 = PRESENTATION_STYLE_ASSIGNMENT((#7304));
#7304 = SURFACE_STYLE_USAGE(.BOTH.,#7305);
#7305 = SURFACE_SIDE_STYLE('',(#7306));
#7306 = SURFACE_STYLE_FILL_AREA(#7307);
#7307 = FILL_AREA_STYLE('',(#7308));
#7308 = FILL_AREA_STYLE_COLOUR('',#6124);
#7309 = OVER_RIDING_STYLED_ITEM('overriding color',(#7310),#5710,#6106);
#7310 = PRESENTATION_STYLE_ASSIGNMENT((#7311));
#7311 = SURFACE_STYLE_USAGE(.BOTH.,#7312);
#7312 = SURFACE_SIDE_STYLE('',(#7313));
#7313 = SURFACE_STYLE_FILL_AREA(#7314);
#7314 = FILL_AREA_STYLE('',(#7315));
#7315 = FILL_AREA_STYLE_COLOUR('',#6124);
#7316 = OVER_RIDING_STYLED_ITEM('overriding color',(#7317),#5734,#6106);
#7317 = PRESENTATION_STYLE_ASSIGNMENT((#7318));
#7318 = SURFACE_STYLE_USAGE(.BOTH.,#7319);
#7319 = SURFACE_SIDE_STYLE('',(#7320));
#7320 = SURFACE_STYLE_FILL_AREA(#7321);
#7321 = FILL_AREA_STYLE('',(#7322));
#7322 = FILL_AREA_STYLE_COLOUR('',#6124);
#7323 = OVER_RIDING_STYLED_ITEM('overriding color',(#7324),#5758,#6106);
#7324 = PRESENTATION_STYLE_ASSIGNMENT((#7325));
#7325 = SURFACE_STYLE_USAGE(.BOTH.,#7326);
#7326 = SURFACE_SIDE_STYLE('',(#7327));
#7327 = SURFACE_STYLE_FILL_AREA(#7328);
#7328 = FILL_AREA_STYLE('',(#7329));
#7329 = FILL_AREA_STYLE_COLOUR('',#6124);
#7330 = OVER_RIDING_STYLED_ITEM('overriding color',(#7331),#5775,#6106);
#7331 = PRESENTATION_STYLE_ASSIGNMENT((#7332));
#7332 = SURFACE_STYLE_USAGE(.BOTH.,#7333);
#7333 = SURFACE_SIDE_STYLE('',(#7334));
#7334 = SURFACE_STYLE_FILL_AREA(#7335);
#7335 = FILL_AREA_STYLE('',(#7336));
#7336 = FILL_AREA_STYLE_COLOUR('',#6124);
ENDSEC;
END-ISO-10303-21;
