ISO-10303-21;
HEADER;
FILE_DESCRIPTION(('FreeCAD Model'),'2;1');
FILE_NAME('Open CASCADE Shape Model','2025-02-27T20:32:52',(''),(''),
  'Open CASCADE STEP processor 7.8','FreeCAD','Unknown');
FILE_SCHEMA(('AUTOMOTIVE_DESIGN { 1 0 10303 214 1 1 1 1 }'));
ENDSEC;
DATA;
#1 = APPLICATION_PROTOCOL_DEFINITION('international standard',
  'automotive_design',2000,#2);
#2 = APPLICATION_CONTEXT(
  'core data for automotive mechanical design processes');
#3 = SHAPE_DEFINITION_REPRESENTATION(#4,#10);
#4 = PRODUCT_DEFINITION_SHAPE('','',#5);
#5 = PRODUCT_DEFINITION('design','',#6,#9);
#6 = PRODUCT_DEFINITION_FORMATION('','',#7);
#7 = PRODUCT('Troyka Potentiometer','Troyka Potentiometer','',(#8));
#8 = PRODUCT_CONTEXT('',#2,'mechanical');
#9 = PRODUCT_DEFINITION_CONTEXT('part definition',#2,'design');
#10 = SHAPE_REPRESENTATION('',(#11,#15),#19);
#11 = AXIS2_PLACEMENT_3D('',#12,#13,#14);
#12 = CARTESIAN_POINT('',(0.,0.,0.));
#13 = DIRECTION('',(0.,0.,1.));
#14 = DIRECTION('',(1.,0.,-0.));
#15 = AXIS2_PLACEMENT_3D('',#16,#17,#18);
#16 = CARTESIAN_POINT('',(-56.73558821714,-6.627839033322,120.055));
#17 = DIRECTION('',(3.491483361109E-15,3.491483361109E-15,1.));
#18 = DIRECTION('',(-3.552713678801E-15,1.,-3.491483361109E-15));
#19 = ( GEOMETRIC_REPRESENTATION_CONTEXT(3) 
GLOBAL_UNCERTAINTY_ASSIGNED_CONTEXT((#23)) GLOBAL_UNIT_ASSIGNED_CONTEXT(
(#20,#21,#22)) REPRESENTATION_CONTEXT('Context #1',
  '3D Context with UNIT and UNCERTAINTY') );
#20 = ( LENGTH_UNIT() NAMED_UNIT(*) SI_UNIT(.MILLI.,.METRE.) );
#21 = ( NAMED_UNIT(*) PLANE_ANGLE_UNIT() SI_UNIT($,.RADIAN.) );
#22 = ( NAMED_UNIT(*) SI_UNIT($,.STERADIAN.) SOLID_ANGLE_UNIT() );
#23 = UNCERTAINTY_MEASURE_WITH_UNIT(LENGTH_MEASURE(2.E-05),#20,
  'distance_accuracy_value','confusion accuracy');
#24 = PRODUCT_RELATED_PRODUCT_CATEGORY('part',$,(#7));
#25 = SHAPE_DEFINITION_REPRESENTATION(#26,#32);
#26 = PRODUCT_DEFINITION_SHAPE('','',#27);
#27 = PRODUCT_DEFINITION('design','',#28,#31);
#28 = PRODUCT_DEFINITION_FORMATION('','',#29);
#29 = PRODUCT('Potenciómetro','Potenciómetro','',(#30));
#30 = PRODUCT_CONTEXT('',#2,'mechanical');
#31 = PRODUCT_DEFINITION_CONTEXT('part definition',#2,'design');
#32 = ADVANCED_BREP_SHAPE_REPRESENTATION('',(#11,#33),#5682);
#33 = MANIFOLD_SOLID_BREP('',#34);
#34 = CLOSED_SHELL('',(#35,#77,#119,#161,#201,#243,#285,#327,#369,#411,
    #451,#491,#533,#575,#615,#655,#697,#739,#779,#838,#879,#908,#933,
    #951,#962,#988,#1180,#1198,#1230,#1262,#1359,#1394,#1465,#1488,#1505
    ,#1571,#1596,#1634,#1665,#1696,#1755,#1823,#1856,#1880,#1911,#1942,
    #1960,#2016,#2081,#2171,#2181,#2199,#2217,#2227,#2245,#2263,#2283,
    #2301,#2313,#2353,#2393,#2465,#2483,#2548,#2596,#2661,#2726,#2819,
    #2836,#2848,#2888,#2912,#2924,#2964,#2981,#3029,#3070,#3101,#3175,
    #3199,#3273,#3304,#3337,#3368,#3393,#3448,#3501,#3532,#3625,#3678,
    #3709,#3764,#3804,#3869,#3934,#3965,#3998,#4020,#4042,#4059,#4092,
    #4132,#4154,#4171,#4211,#4233,#4266,#4299,#4316,#4388,#4426,#4443,
    #4460,#4501,#4526,#4626,#4649,#4669,#4681,#4693,#4704,#4721,#4733,
    #4750,#4762,#4805,#4817,#4834,#4846,#4879,#4932,#4949,#4961,#5001,
    #5013,#5031,#5041,#5051,#5063,#5085,#5098,#5120,#5147,#5160,#5182,
    #5195,#5222,#5235,#5252,#5265,#5287,#5304,#5317,#5334,#5351,#5367,
    #5379,#5395,#5407,#5428,#5445,#5461,#5478,#5490,#5507,#5519,#5531,
    #5543,#5555,#5572,#5589,#5601,#5618,#5630,#5642,#5659,#5671));
#35 = ADVANCED_FACE('',(#36),#72,.F.);
#36 = FACE_BOUND('',#37,.F.);
#37 = EDGE_LOOP('',(#38,#49,#57,#66));
#38 = ORIENTED_EDGE('',*,*,#39,.T.);
#39 = EDGE_CURVE('',#40,#42,#44,.T.);
#40 = VERTEX_POINT('',#41);
#41 = CARTESIAN_POINT('',(3.2,-4.6,0.));
#42 = VERTEX_POINT('',#43);
#43 = CARTESIAN_POINT('',(1.8,-4.6,0.));
#44 = CIRCLE('',#45,0.7);
#45 = AXIS2_PLACEMENT_3D('',#46,#47,#48);
#46 = CARTESIAN_POINT('',(2.5,-4.6,0.));
#47 = DIRECTION('',(0.,0.,-1.));
#48 = DIRECTION('',(1.,0.,0.));
#49 = ORIENTED_EDGE('',*,*,#50,.T.);
#50 = EDGE_CURVE('',#42,#51,#53,.T.);
#51 = VERTEX_POINT('',#52);
#52 = CARTESIAN_POINT('',(1.8,-4.6,-0.5));
#53 = LINE('',#54,#55);
#54 = CARTESIAN_POINT('',(1.8,-4.6,-0.5));
#55 = VECTOR('',#56,1.);
#56 = DIRECTION('',(0.,0.,-1.));
#57 = ORIENTED_EDGE('',*,*,#58,.F.);
#58 = EDGE_CURVE('',#59,#51,#61,.T.);
#59 = VERTEX_POINT('',#60);
#60 = CARTESIAN_POINT('',(3.2,-4.6,-0.5));
#61 = CIRCLE('',#62,0.7);
#62 = AXIS2_PLACEMENT_3D('',#63,#64,#65);
#63 = CARTESIAN_POINT('',(2.5,-4.6,-0.5));
#64 = DIRECTION('',(0.,0.,-1.));
#65 = DIRECTION('',(1.,0.,0.));
#66 = ORIENTED_EDGE('',*,*,#67,.T.);
#67 = EDGE_CURVE('',#59,#40,#68,.T.);
#68 = LINE('',#69,#70);
#69 = CARTESIAN_POINT('',(3.2,-4.6,-0.5));
#70 = VECTOR('',#71,1.);
#71 = DIRECTION('',(-0.,-0.,1.));
#72 = CYLINDRICAL_SURFACE('',#73,0.7);
#73 = AXIS2_PLACEMENT_3D('',#74,#75,#76);
#74 = CARTESIAN_POINT('',(2.5,-4.6,-0.5));
#75 = DIRECTION('',(-0.,0.,1.));
#76 = DIRECTION('',(1.,0.,0.));
#77 = ADVANCED_FACE('',(#78),#114,.F.);
#78 = FACE_BOUND('',#79,.F.);
#79 = EDGE_LOOP('',(#80,#91,#99,#108));
#80 = ORIENTED_EDGE('',*,*,#81,.T.);
#81 = EDGE_CURVE('',#82,#84,#86,.T.);
#82 = VERTEX_POINT('',#83);
#83 = CARTESIAN_POINT('',(-1.8,4.3,0.));
#84 = VERTEX_POINT('',#85);
#85 = CARTESIAN_POINT('',(-3.2,4.3,0.));
#86 = CIRCLE('',#87,0.7);
#87 = AXIS2_PLACEMENT_3D('',#88,#89,#90);
#88 = CARTESIAN_POINT('',(-2.5,4.3,0.));
#89 = DIRECTION('',(0.,0.,-1.));
#90 = DIRECTION('',(1.,0.,0.));
#91 = ORIENTED_EDGE('',*,*,#92,.T.);
#92 = EDGE_CURVE('',#84,#93,#95,.T.);
#93 = VERTEX_POINT('',#94);
#94 = CARTESIAN_POINT('',(-3.2,4.3,-0.5));
#95 = LINE('',#96,#97);
#96 = CARTESIAN_POINT('',(-3.2,4.3,-0.5));
#97 = VECTOR('',#98,1.);
#98 = DIRECTION('',(0.,0.,-1.));
#99 = ORIENTED_EDGE('',*,*,#100,.F.);
#100 = EDGE_CURVE('',#101,#93,#103,.T.);
#101 = VERTEX_POINT('',#102);
#102 = CARTESIAN_POINT('',(-1.8,4.3,-0.5));
#103 = CIRCLE('',#104,0.7);
#104 = AXIS2_PLACEMENT_3D('',#105,#106,#107);
#105 = CARTESIAN_POINT('',(-2.5,4.3,-0.5));
#106 = DIRECTION('',(0.,0.,-1.));
#107 = DIRECTION('',(1.,0.,0.));
#108 = ORIENTED_EDGE('',*,*,#109,.T.);
#109 = EDGE_CURVE('',#101,#82,#110,.T.);
#110 = LINE('',#111,#112);
#111 = CARTESIAN_POINT('',(-1.8,4.3,-0.5));
#112 = VECTOR('',#113,1.);
#113 = DIRECTION('',(-0.,-0.,1.));
#114 = CYLINDRICAL_SURFACE('',#115,0.7);
#115 = AXIS2_PLACEMENT_3D('',#116,#117,#118);
#116 = CARTESIAN_POINT('',(-2.5,4.3,-0.5));
#117 = DIRECTION('',(-0.,0.,1.));
#118 = DIRECTION('',(1.,0.,0.));
#119 = ADVANCED_FACE('',(#120),#156,.T.);
#120 = FACE_BOUND('',#121,.T.);
#121 = EDGE_LOOP('',(#122,#132,#141,#149));
#122 = ORIENTED_EDGE('',*,*,#123,.F.);
#123 = EDGE_CURVE('',#124,#126,#128,.T.);
#124 = VERTEX_POINT('',#125);
#125 = CARTESIAN_POINT('',(0.7,-4.,-4.8));
#126 = VERTEX_POINT('',#127);
#127 = CARTESIAN_POINT('',(0.7,-4.,-7.2));
#128 = LINE('',#129,#130);
#129 = CARTESIAN_POINT('',(0.7,-4.,-6.));
#130 = VECTOR('',#131,1.);
#131 = DIRECTION('',(0.,-0.,-1.));
#132 = ORIENTED_EDGE('',*,*,#133,.F.);
#133 = EDGE_CURVE('',#134,#124,#136,.T.);
#134 = VERTEX_POINT('',#135);
#135 = CARTESIAN_POINT('',(-0.7,-4.,-4.8));
#136 = CIRCLE('',#137,0.7);
#137 = AXIS2_PLACEMENT_3D('',#138,#139,#140);
#138 = CARTESIAN_POINT('',(0.,-4.,-4.8));
#139 = DIRECTION('',(0.,0.,1.));
#140 = DIRECTION('',(-1.,0.,0.));
#141 = ORIENTED_EDGE('',*,*,#142,.F.);
#142 = EDGE_CURVE('',#143,#134,#145,.T.);
#143 = VERTEX_POINT('',#144);
#144 = CARTESIAN_POINT('',(-0.7,-4.,-7.2));
#145 = LINE('',#146,#147);
#146 = CARTESIAN_POINT('',(-0.7,-4.,-6.));
#147 = VECTOR('',#148,1.);
#148 = DIRECTION('',(0.,0.,1.));
#149 = ORIENTED_EDGE('',*,*,#150,.T.);
#150 = EDGE_CURVE('',#143,#126,#151,.T.);
#151 = CIRCLE('',#152,0.7);
#152 = AXIS2_PLACEMENT_3D('',#153,#154,#155);
#153 = CARTESIAN_POINT('',(0.,-4.,-7.2));
#154 = DIRECTION('',(0.,0.,1.));
#155 = DIRECTION('',(1.,0.,-0.));
#156 = CYLINDRICAL_SURFACE('',#157,0.7);
#157 = AXIS2_PLACEMENT_3D('',#158,#159,#160);
#158 = CARTESIAN_POINT('',(0.,-4.,-7.4));
#159 = DIRECTION('',(-0.,0.,1.));
#160 = DIRECTION('',(1.,0.,0.));
#161 = ADVANCED_FACE('',(#162),#196,.T.);
#162 = FACE_BOUND('',#163,.T.);
#163 = EDGE_LOOP('',(#164,#173,#182,#189));
#164 = ORIENTED_EDGE('',*,*,#165,.F.);
#165 = EDGE_CURVE('',#166,#126,#168,.T.);
#166 = VERTEX_POINT('',#167);
#167 = CARTESIAN_POINT('',(0.5,-4.,-7.4));
#168 = CIRCLE('',#169,0.2);
#169 = AXIS2_PLACEMENT_3D('',#170,#171,#172);
#170 = CARTESIAN_POINT('',(0.5,-4.,-7.2));
#171 = DIRECTION('',(0.,-1.,0.));
#172 = DIRECTION('',(1.,0.,0.));
#173 = ORIENTED_EDGE('',*,*,#174,.T.);
#174 = EDGE_CURVE('',#166,#175,#177,.T.);
#175 = VERTEX_POINT('',#176);
#176 = CARTESIAN_POINT('',(-0.5,-4.,-7.4));
#177 = CIRCLE('',#178,0.5);
#178 = AXIS2_PLACEMENT_3D('',#179,#180,#181);
#179 = CARTESIAN_POINT('',(0.,-4.,-7.4));
#180 = DIRECTION('',(0.,0.,1.));
#181 = DIRECTION('',(1.,0.,-0.));
#182 = ORIENTED_EDGE('',*,*,#183,.F.);
#183 = EDGE_CURVE('',#143,#175,#184,.T.);
#184 = CIRCLE('',#185,0.2);
#185 = AXIS2_PLACEMENT_3D('',#186,#187,#188);
#186 = CARTESIAN_POINT('',(-0.5,-4.,-7.2));
#187 = DIRECTION('',(-0.,-1.,0.));
#188 = DIRECTION('',(-1.,0.,0.));
#189 = ORIENTED_EDGE('',*,*,#190,.F.);
#190 = EDGE_CURVE('',#126,#143,#191,.T.);
#191 = CIRCLE('',#192,0.7);
#192 = AXIS2_PLACEMENT_3D('',#193,#194,#195);
#193 = CARTESIAN_POINT('',(0.,-4.,-7.2));
#194 = DIRECTION('',(0.,0.,1.));
#195 = DIRECTION('',(1.,0.,-0.));
#196 = TOROIDAL_SURFACE('',#197,0.5,0.2);
#197 = AXIS2_PLACEMENT_3D('',#198,#199,#200);
#198 = CARTESIAN_POINT('',(0.,-4.,-7.2));
#199 = DIRECTION('',(0.,0.,1.));
#200 = DIRECTION('',(1.,0.,-0.));
#201 = ADVANCED_FACE('',(#202),#238,.T.);
#202 = FACE_BOUND('',#203,.T.);
#203 = EDGE_LOOP('',(#204,#214,#223,#231));
#204 = ORIENTED_EDGE('',*,*,#205,.F.);
#205 = EDGE_CURVE('',#206,#208,#210,.T.);
#206 = VERTEX_POINT('',#207);
#207 = CARTESIAN_POINT('',(0.7,3.5,-4.8));
#208 = VERTEX_POINT('',#209);
#209 = CARTESIAN_POINT('',(0.7,3.5,-7.2));
#210 = LINE('',#211,#212);
#211 = CARTESIAN_POINT('',(0.7,3.5,-6.));
#212 = VECTOR('',#213,1.);
#213 = DIRECTION('',(0.,-0.,-1.));
#214 = ORIENTED_EDGE('',*,*,#215,.F.);
#215 = EDGE_CURVE('',#216,#206,#218,.T.);
#216 = VERTEX_POINT('',#217);
#217 = CARTESIAN_POINT('',(-0.7,3.5,-4.8));
#218 = CIRCLE('',#219,0.7);
#219 = AXIS2_PLACEMENT_3D('',#220,#221,#222);
#220 = CARTESIAN_POINT('',(0.,3.5,-4.8));
#221 = DIRECTION('',(0.,0.,1.));
#222 = DIRECTION('',(-1.,0.,0.));
#223 = ORIENTED_EDGE('',*,*,#224,.F.);
#224 = EDGE_CURVE('',#225,#216,#227,.T.);
#225 = VERTEX_POINT('',#226);
#226 = CARTESIAN_POINT('',(-0.7,3.5,-7.2));
#227 = LINE('',#228,#229);
#228 = CARTESIAN_POINT('',(-0.7,3.5,-6.));
#229 = VECTOR('',#230,1.);
#230 = DIRECTION('',(0.,0.,1.));
#231 = ORIENTED_EDGE('',*,*,#232,.T.);
#232 = EDGE_CURVE('',#225,#208,#233,.T.);
#233 = CIRCLE('',#234,0.7);
#234 = AXIS2_PLACEMENT_3D('',#235,#236,#237);
#235 = CARTESIAN_POINT('',(0.,3.5,-7.2));
#236 = DIRECTION('',(0.,0.,1.));
#237 = DIRECTION('',(1.,0.,-0.));
#238 = CYLINDRICAL_SURFACE('',#239,0.7);
#239 = AXIS2_PLACEMENT_3D('',#240,#241,#242);
#240 = CARTESIAN_POINT('',(0.,3.5,-7.4));
#241 = DIRECTION('',(-0.,0.,1.));
#242 = DIRECTION('',(1.,0.,0.));
#243 = ADVANCED_FACE('',(#244),#280,.F.);
#244 = FACE_BOUND('',#245,.F.);
#245 = EDGE_LOOP('',(#246,#257,#265,#274));
#246 = ORIENTED_EDGE('',*,*,#247,.F.);
#247 = EDGE_CURVE('',#248,#250,#252,.T.);
#248 = VERTEX_POINT('',#249);
#249 = CARTESIAN_POINT('',(-4.75,-1.444495330286,-7.4));
#250 = VERTEX_POINT('',#251);
#251 = CARTESIAN_POINT('',(-4.75,-1.222247665143,-7.177752334857));
#252 = CIRCLE('',#253,0.222247665143);
#253 = AXIS2_PLACEMENT_3D('',#254,#255,#256);
#254 = CARTESIAN_POINT('',(-4.75,-1.222247665143,-7.4));
#255 = DIRECTION('',(-1.,0.,0.));
#256 = DIRECTION('',(0.,-1.,0.));
#257 = ORIENTED_EDGE('',*,*,#258,.F.);
#258 = EDGE_CURVE('',#259,#248,#261,.T.);
#259 = VERTEX_POINT('',#260);
#260 = CARTESIAN_POINT('',(-4.25,-1.444495330286,-7.4));
#261 = LINE('',#262,#263);
#262 = CARTESIAN_POINT('',(-4.25,-1.444495330286,-7.4));
#263 = VECTOR('',#264,1.);
#264 = DIRECTION('',(-1.,0.,0.));
#265 = ORIENTED_EDGE('',*,*,#266,.T.);
#266 = EDGE_CURVE('',#259,#267,#269,.T.);
#267 = VERTEX_POINT('',#268);
#268 = CARTESIAN_POINT('',(-4.25,-1.222247665143,-7.177752334857));
#269 = CIRCLE('',#270,0.222247665143);
#270 = AXIS2_PLACEMENT_3D('',#271,#272,#273);
#271 = CARTESIAN_POINT('',(-4.25,-1.222247665143,-7.4));
#272 = DIRECTION('',(-1.,0.,0.));
#273 = DIRECTION('',(0.,-1.,0.));
#274 = ORIENTED_EDGE('',*,*,#275,.T.);
#275 = EDGE_CURVE('',#267,#250,#276,.T.);
#276 = LINE('',#277,#278);
#277 = CARTESIAN_POINT('',(-4.25,-1.222247665143,-7.177752334857));
#278 = VECTOR('',#279,1.);
#279 = DIRECTION('',(-1.,-0.,-0.));
#280 = CYLINDRICAL_SURFACE('',#281,0.222247665143);
#281 = AXIS2_PLACEMENT_3D('',#282,#283,#284);
#282 = CARTESIAN_POINT('',(-4.25,-1.222247665143,-7.4));
#283 = DIRECTION('',(-1.,0.,0.));
#284 = DIRECTION('',(0.,0.,1.));
#285 = ADVANCED_FACE('',(#286),#322,.F.);
#286 = FACE_BOUND('',#287,.F.);
#287 = EDGE_LOOP('',(#288,#299,#307,#316));
#288 = ORIENTED_EDGE('',*,*,#289,.F.);
#289 = EDGE_CURVE('',#290,#292,#294,.T.);
#290 = VERTEX_POINT('',#291);
#291 = CARTESIAN_POINT('',(-4.75,1.,-7.4));
#292 = VERTEX_POINT('',#293);
#293 = CARTESIAN_POINT('',(-4.75,1.222247665143,-7.177752334857));
#294 = CIRCLE('',#295,0.222247665143);
#295 = AXIS2_PLACEMENT_3D('',#296,#297,#298);
#296 = CARTESIAN_POINT('',(-4.75,1.222247665143,-7.4));
#297 = DIRECTION('',(-1.,0.,0.));
#298 = DIRECTION('',(0.,-1.,0.));
#299 = ORIENTED_EDGE('',*,*,#300,.F.);
#300 = EDGE_CURVE('',#301,#290,#303,.T.);
#301 = VERTEX_POINT('',#302);
#302 = CARTESIAN_POINT('',(-4.25,1.,-7.4));
#303 = LINE('',#304,#305);
#304 = CARTESIAN_POINT('',(-4.25,1.,-7.4));
#305 = VECTOR('',#306,1.);
#306 = DIRECTION('',(-1.,0.,0.));
#307 = ORIENTED_EDGE('',*,*,#308,.T.);
#308 = EDGE_CURVE('',#301,#309,#311,.T.);
#309 = VERTEX_POINT('',#310);
#310 = CARTESIAN_POINT('',(-4.25,1.222247665143,-7.177752334857));
#311 = CIRCLE('',#312,0.222247665143);
#312 = AXIS2_PLACEMENT_3D('',#313,#314,#315);
#313 = CARTESIAN_POINT('',(-4.25,1.222247665143,-7.4));
#314 = DIRECTION('',(-1.,0.,0.));
#315 = DIRECTION('',(0.,-1.,0.));
#316 = ORIENTED_EDGE('',*,*,#317,.T.);
#317 = EDGE_CURVE('',#309,#292,#318,.T.);
#318 = LINE('',#319,#320);
#319 = CARTESIAN_POINT('',(-4.25,1.222247665143,-7.177752334857));
#320 = VECTOR('',#321,1.);
#321 = DIRECTION('',(-1.,-0.,-0.));
#322 = CYLINDRICAL_SURFACE('',#323,0.222247665143);
#323 = AXIS2_PLACEMENT_3D('',#324,#325,#326);
#324 = CARTESIAN_POINT('',(-4.25,1.222247665143,-7.4));
#325 = DIRECTION('',(-1.,0.,0.));
#326 = DIRECTION('',(0.,0.,1.));
#327 = ADVANCED_FACE('',(#328),#364,.F.);
#328 = FACE_BOUND('',#329,.F.);
#329 = EDGE_LOOP('',(#330,#341,#349,#358));
#330 = ORIENTED_EDGE('',*,*,#331,.T.);
#331 = EDGE_CURVE('',#332,#334,#336,.T.);
#332 = VERTEX_POINT('',#333);
#333 = CARTESIAN_POINT('',(3.15,-3.857637417314E-16,1.));
#334 = VERTEX_POINT('',#335);
#335 = CARTESIAN_POINT('',(-3.15,0.,1.));
#336 = CIRCLE('',#337,3.15);
#337 = AXIS2_PLACEMENT_3D('',#338,#339,#340);
#338 = CARTESIAN_POINT('',(0.,0.,1.));
#339 = DIRECTION('',(0.,0.,-1.));
#340 = DIRECTION('',(-1.,0.,0.));
#341 = ORIENTED_EDGE('',*,*,#342,.T.);
#342 = EDGE_CURVE('',#334,#343,#345,.T.);
#343 = VERTEX_POINT('',#344);
#344 = CARTESIAN_POINT('',(-3.15,3.857637417314E-16,0.));
#345 = LINE('',#346,#347);
#346 = CARTESIAN_POINT('',(-3.15,3.857637417314E-16,0.));
#347 = VECTOR('',#348,1.);
#348 = DIRECTION('',(0.,0.,-1.));
#349 = ORIENTED_EDGE('',*,*,#350,.F.);
#350 = EDGE_CURVE('',#351,#343,#353,.T.);
#351 = VERTEX_POINT('',#352);
#352 = CARTESIAN_POINT('',(3.15,0.,0.));
#353 = CIRCLE('',#354,3.15);
#354 = AXIS2_PLACEMENT_3D('',#355,#356,#357);
#355 = CARTESIAN_POINT('',(0.,0.,0.));
#356 = DIRECTION('',(0.,0.,-1.));
#357 = DIRECTION('',(1.,0.,0.));
#358 = ORIENTED_EDGE('',*,*,#359,.T.);
#359 = EDGE_CURVE('',#351,#332,#360,.T.);
#360 = LINE('',#361,#362);
#361 = CARTESIAN_POINT('',(3.15,-3.857637417314E-16,0.));
#362 = VECTOR('',#363,1.);
#363 = DIRECTION('',(-0.,0.,1.));
#364 = CYLINDRICAL_SURFACE('',#365,3.15);
#365 = AXIS2_PLACEMENT_3D('',#366,#367,#368);
#366 = CARTESIAN_POINT('',(0.,0.,0.));
#367 = DIRECTION('',(-0.,0.,1.));
#368 = DIRECTION('',(1.,0.,0.));
#369 = ADVANCED_FACE('',(#370),#406,.T.);
#370 = FACE_BOUND('',#371,.T.);
#371 = EDGE_LOOP('',(#372,#382,#391,#399));
#372 = ORIENTED_EDGE('',*,*,#373,.F.);
#373 = EDGE_CURVE('',#374,#376,#378,.T.);
#374 = VERTEX_POINT('',#375);
#375 = CARTESIAN_POINT('',(-3.61194622889,4.423358387903E-16,0.25));
#376 = VERTEX_POINT('',#377);
#377 = CARTESIAN_POINT('',(-3.61194622889,0.,0.75));
#378 = LINE('',#379,#380);
#379 = CARTESIAN_POINT('',(-3.61194622889,-4.423358387903E-16,0.5));
#380 = VECTOR('',#381,1.);
#381 = DIRECTION('',(-0.,-0.,1.));
#382 = ORIENTED_EDGE('',*,*,#383,.T.);
#383 = EDGE_CURVE('',#374,#384,#386,.T.);
#384 = VERTEX_POINT('',#385);
#385 = CARTESIAN_POINT('',(3.61194622889,0.,0.25));
#386 = CIRCLE('',#387,3.61194622889);
#387 = AXIS2_PLACEMENT_3D('',#388,#389,#390);
#388 = CARTESIAN_POINT('',(0.,0.,0.25));
#389 = DIRECTION('',(0.,0.,1.));
#390 = DIRECTION('',(1.,0.,-0.));
#391 = ORIENTED_EDGE('',*,*,#392,.F.);
#392 = EDGE_CURVE('',#393,#384,#395,.T.);
#393 = VERTEX_POINT('',#394);
#394 = CARTESIAN_POINT('',(3.61194622889,4.423358387903E-16,0.75));
#395 = LINE('',#396,#397);
#396 = CARTESIAN_POINT('',(3.61194622889,4.423358387903E-16,0.5));
#397 = VECTOR('',#398,1.);
#398 = DIRECTION('',(0.,0.,-1.));
#399 = ORIENTED_EDGE('',*,*,#400,.T.);
#400 = EDGE_CURVE('',#393,#376,#401,.T.);
#401 = CIRCLE('',#402,3.61194622889);
#402 = AXIS2_PLACEMENT_3D('',#403,#404,#405);
#403 = CARTESIAN_POINT('',(0.,0.,0.75));
#404 = DIRECTION('',(0.,0.,-1.));
#405 = DIRECTION('',(-1.,0.,0.));
#406 = CYLINDRICAL_SURFACE('',#407,3.61194622889);
#407 = AXIS2_PLACEMENT_3D('',#408,#409,#410);
#408 = CARTESIAN_POINT('',(0.,0.,1.));
#409 = DIRECTION('',(0.,0.,-1.));
#410 = DIRECTION('',(-1.,0.,0.));
#411 = ADVANCED_FACE('',(#412),#446,.F.);
#412 = FACE_BOUND('',#413,.F.);
#413 = EDGE_LOOP('',(#414,#421,#430,#439));
#414 = ORIENTED_EDGE('',*,*,#415,.T.);
#415 = EDGE_CURVE('',#384,#374,#416,.T.);
#416 = CIRCLE('',#417,3.61194622889);
#417 = AXIS2_PLACEMENT_3D('',#418,#419,#420);
#418 = CARTESIAN_POINT('',(0.,0.,0.25));
#419 = DIRECTION('',(0.,0.,1.));
#420 = DIRECTION('',(1.,0.,-0.));
#421 = ORIENTED_EDGE('',*,*,#422,.T.);
#422 = EDGE_CURVE('',#374,#423,#425,.T.);
#423 = VERTEX_POINT('',#424);
#424 = CARTESIAN_POINT('',(-3.86194622889,4.729520087689E-16,0.));
#425 = CIRCLE('',#426,0.25);
#426 = AXIS2_PLACEMENT_3D('',#427,#428,#429);
#427 = CARTESIAN_POINT('',(-3.86194622889,4.729520087689E-16,0.25));
#428 = DIRECTION('',(1.224646799147E-16,1.,-0.));
#429 = DIRECTION('',(-1.,1.224646799147E-16,0.));
#430 = ORIENTED_EDGE('',*,*,#431,.F.);
#431 = EDGE_CURVE('',#432,#423,#434,.T.);
#432 = VERTEX_POINT('',#433);
#433 = CARTESIAN_POINT('',(3.86194622889,0.,0.));
#434 = CIRCLE('',#435,3.86194622889);
#435 = AXIS2_PLACEMENT_3D('',#436,#437,#438);
#436 = CARTESIAN_POINT('',(0.,0.,0.));
#437 = DIRECTION('',(0.,0.,1.));
#438 = DIRECTION('',(1.,0.,-0.));
#439 = ORIENTED_EDGE('',*,*,#440,.T.);
#440 = EDGE_CURVE('',#432,#384,#441,.T.);
#441 = CIRCLE('',#442,0.25);
#442 = AXIS2_PLACEMENT_3D('',#443,#444,#445);
#443 = CARTESIAN_POINT('',(3.86194622889,-4.729520087689E-16,0.25));
#444 = DIRECTION('',(1.224646799147E-16,1.,0.));
#445 = DIRECTION('',(1.,-1.224646799147E-16,0.));
#446 = TOROIDAL_SURFACE('',#447,3.86194622889,0.25);
#447 = AXIS2_PLACEMENT_3D('',#448,#449,#450);
#448 = CARTESIAN_POINT('',(0.,0.,0.25));
#449 = DIRECTION('',(0.,0.,1.));
#450 = DIRECTION('',(1.,0.,-0.));
#451 = ADVANCED_FACE('',(#452),#486,.T.);
#452 = FACE_BOUND('',#453,.T.);
#453 = EDGE_LOOP('',(#454,#463,#472,#479));
#454 = ORIENTED_EDGE('',*,*,#455,.F.);
#455 = EDGE_CURVE('',#456,#376,#458,.T.);
#456 = VERTEX_POINT('',#457);
#457 = CARTESIAN_POINT('',(-3.36194622889,0.,1.));
#458 = CIRCLE('',#459,0.25);
#459 = AXIS2_PLACEMENT_3D('',#460,#461,#462);
#460 = CARTESIAN_POINT('',(-3.36194622889,-4.117196688116E-16,0.75));
#461 = DIRECTION('',(1.224646799147E-16,-1.,-0.));
#462 = DIRECTION('',(-1.,-1.224646799147E-16,0.));
#463 = ORIENTED_EDGE('',*,*,#464,.T.);
#464 = EDGE_CURVE('',#456,#465,#467,.T.);
#465 = VERTEX_POINT('',#466);
#466 = CARTESIAN_POINT('',(3.36194622889,4.117196688116E-16,1.));
#467 = CIRCLE('',#468,3.36194622889);
#468 = AXIS2_PLACEMENT_3D('',#469,#470,#471);
#469 = CARTESIAN_POINT('',(0.,0.,1.));
#470 = DIRECTION('',(0.,0.,-1.));
#471 = DIRECTION('',(-1.,0.,0.));
#472 = ORIENTED_EDGE('',*,*,#473,.F.);
#473 = EDGE_CURVE('',#393,#465,#474,.T.);
#474 = CIRCLE('',#475,0.25);
#475 = AXIS2_PLACEMENT_3D('',#476,#477,#478);
#476 = CARTESIAN_POINT('',(3.36194622889,4.117196688116E-16,0.75));
#477 = DIRECTION('',(1.224646799147E-16,-1.,-0.));
#478 = DIRECTION('',(1.,1.224646799147E-16,0.));
#479 = ORIENTED_EDGE('',*,*,#480,.F.);
#480 = EDGE_CURVE('',#376,#393,#481,.T.);
#481 = CIRCLE('',#482,3.61194622889);
#482 = AXIS2_PLACEMENT_3D('',#483,#484,#485);
#483 = CARTESIAN_POINT('',(0.,0.,0.75));
#484 = DIRECTION('',(0.,0.,-1.));
#485 = DIRECTION('',(-1.,0.,0.));
#486 = TOROIDAL_SURFACE('',#487,3.36194622889,0.25);
#487 = AXIS2_PLACEMENT_3D('',#488,#489,#490);
#488 = CARTESIAN_POINT('',(0.,0.,0.75));
#489 = DIRECTION('',(0.,0.,-1.));
#490 = DIRECTION('',(-1.,0.,0.));
#491 = ADVANCED_FACE('',(#492),#528,.T.);
#492 = FACE_BOUND('',#493,.T.);
#493 = EDGE_LOOP('',(#494,#504,#513,#521));
#494 = ORIENTED_EDGE('',*,*,#495,.F.);
#495 = EDGE_CURVE('',#496,#498,#500,.T.);
#496 = VERTEX_POINT('',#497);
#497 = CARTESIAN_POINT('',(-3.2,-4.6,0.));
#498 = VERTEX_POINT('',#499);
#499 = CARTESIAN_POINT('',(-3.2,-4.6,1.));
#500 = LINE('',#501,#502);
#501 = CARTESIAN_POINT('',(-3.2,-4.6,0.5));
#502 = VECTOR('',#503,1.);
#503 = DIRECTION('',(-0.,-0.,1.));
#504 = ORIENTED_EDGE('',*,*,#505,.T.);
#505 = EDGE_CURVE('',#496,#506,#508,.T.);
#506 = VERTEX_POINT('',#507);
#507 = CARTESIAN_POINT('',(-1.8,-4.6,0.));
#508 = CIRCLE('',#509,0.7);
#509 = AXIS2_PLACEMENT_3D('',#510,#511,#512);
#510 = CARTESIAN_POINT('',(-2.5,-4.6,0.));
#511 = DIRECTION('',(0.,0.,1.));
#512 = DIRECTION('',(1.,0.,-0.));
#513 = ORIENTED_EDGE('',*,*,#514,.F.);
#514 = EDGE_CURVE('',#515,#506,#517,.T.);
#515 = VERTEX_POINT('',#516);
#516 = CARTESIAN_POINT('',(-1.8,-4.6,1.));
#517 = LINE('',#518,#519);
#518 = CARTESIAN_POINT('',(-1.8,-4.6,0.5));
#519 = VECTOR('',#520,1.);
#520 = DIRECTION('',(0.,0.,-1.));
#521 = ORIENTED_EDGE('',*,*,#522,.T.);
#522 = EDGE_CURVE('',#515,#498,#523,.T.);
#523 = CIRCLE('',#524,0.7);
#524 = AXIS2_PLACEMENT_3D('',#525,#526,#527);
#525 = CARTESIAN_POINT('',(-2.5,-4.6,1.));
#526 = DIRECTION('',(0.,0.,-1.));
#527 = DIRECTION('',(-1.,0.,0.));
#528 = CYLINDRICAL_SURFACE('',#529,0.7);
#529 = AXIS2_PLACEMENT_3D('',#530,#531,#532);
#530 = CARTESIAN_POINT('',(-2.5,-4.6,1.1));
#531 = DIRECTION('',(0.,0.,-1.));
#532 = DIRECTION('',(-1.,0.,0.));
#533 = ADVANCED_FACE('',(#534),#570,.T.);
#534 = FACE_BOUND('',#535,.T.);
#535 = EDGE_LOOP('',(#536,#546,#555,#563));
#536 = ORIENTED_EDGE('',*,*,#537,.F.);
#537 = EDGE_CURVE('',#538,#540,#542,.T.);
#538 = VERTEX_POINT('',#539);
#539 = CARTESIAN_POINT('',(1.8,4.3,0.));
#540 = VERTEX_POINT('',#541);
#541 = CARTESIAN_POINT('',(1.8,4.3,1.));
#542 = LINE('',#543,#544);
#543 = CARTESIAN_POINT('',(1.8,4.3,0.5));
#544 = VECTOR('',#545,1.);
#545 = DIRECTION('',(-0.,-0.,1.));
#546 = ORIENTED_EDGE('',*,*,#547,.T.);
#547 = EDGE_CURVE('',#538,#548,#550,.T.);
#548 = VERTEX_POINT('',#549);
#549 = CARTESIAN_POINT('',(3.2,4.3,0.));
#550 = CIRCLE('',#551,0.7);
#551 = AXIS2_PLACEMENT_3D('',#552,#553,#554);
#552 = CARTESIAN_POINT('',(2.5,4.3,0.));
#553 = DIRECTION('',(0.,0.,1.));
#554 = DIRECTION('',(1.,0.,-0.));
#555 = ORIENTED_EDGE('',*,*,#556,.F.);
#556 = EDGE_CURVE('',#557,#548,#559,.T.);
#557 = VERTEX_POINT('',#558);
#558 = CARTESIAN_POINT('',(3.2,4.3,1.));
#559 = LINE('',#560,#561);
#560 = CARTESIAN_POINT('',(3.2,4.3,0.5));
#561 = VECTOR('',#562,1.);
#562 = DIRECTION('',(0.,0.,-1.));
#563 = ORIENTED_EDGE('',*,*,#564,.T.);
#564 = EDGE_CURVE('',#557,#540,#565,.T.);
#565 = CIRCLE('',#566,0.7);
#566 = AXIS2_PLACEMENT_3D('',#567,#568,#569);
#567 = CARTESIAN_POINT('',(2.5,4.3,1.));
#568 = DIRECTION('',(0.,0.,-1.));
#569 = DIRECTION('',(-1.,0.,0.));
#570 = CYLINDRICAL_SURFACE('',#571,0.7);
#571 = AXIS2_PLACEMENT_3D('',#572,#573,#574);
#572 = CARTESIAN_POINT('',(2.5,4.3,1.1));
#573 = DIRECTION('',(0.,0.,-1.));
#574 = DIRECTION('',(-1.,0.,0.));
#575 = ADVANCED_FACE('',(#576),#610,.T.);
#576 = FACE_BOUND('',#577,.T.);
#577 = EDGE_LOOP('',(#578,#587,#596,#603));
#578 = ORIENTED_EDGE('',*,*,#579,.F.);
#579 = EDGE_CURVE('',#580,#498,#582,.T.);
#580 = VERTEX_POINT('',#581);
#581 = CARTESIAN_POINT('',(-3.1,-4.6,1.1));
#582 = CIRCLE('',#583,0.1);
#583 = AXIS2_PLACEMENT_3D('',#584,#585,#586);
#584 = CARTESIAN_POINT('',(-3.1,-4.6,1.));
#585 = DIRECTION('',(-0.,-1.,-0.));
#586 = DIRECTION('',(-1.,0.,0.));
#587 = ORIENTED_EDGE('',*,*,#588,.T.);
#588 = EDGE_CURVE('',#580,#589,#591,.T.);
#589 = VERTEX_POINT('',#590);
#590 = CARTESIAN_POINT('',(-1.9,-4.6,1.1));
#591 = CIRCLE('',#592,0.6);
#592 = AXIS2_PLACEMENT_3D('',#593,#594,#595);
#593 = CARTESIAN_POINT('',(-2.5,-4.6,1.1));
#594 = DIRECTION('',(0.,0.,-1.));
#595 = DIRECTION('',(-1.,0.,0.));
#596 = ORIENTED_EDGE('',*,*,#597,.F.);
#597 = EDGE_CURVE('',#515,#589,#598,.T.);
#598 = CIRCLE('',#599,0.1);
#599 = AXIS2_PLACEMENT_3D('',#600,#601,#602);
#600 = CARTESIAN_POINT('',(-1.9,-4.6,1.));
#601 = DIRECTION('',(0.,-1.,-0.));
#602 = DIRECTION('',(1.,0.,0.));
#603 = ORIENTED_EDGE('',*,*,#604,.F.);
#604 = EDGE_CURVE('',#498,#515,#605,.T.);
#605 = CIRCLE('',#606,0.7);
#606 = AXIS2_PLACEMENT_3D('',#607,#608,#609);
#607 = CARTESIAN_POINT('',(-2.5,-4.6,1.));
#608 = DIRECTION('',(0.,0.,-1.));
#609 = DIRECTION('',(-1.,0.,0.));
#610 = TOROIDAL_SURFACE('',#611,0.6,0.1);
#611 = AXIS2_PLACEMENT_3D('',#612,#613,#614);
#612 = CARTESIAN_POINT('',(-2.5,-4.6,1.));
#613 = DIRECTION('',(0.,0.,-1.));
#614 = DIRECTION('',(-1.,0.,0.));
#615 = ADVANCED_FACE('',(#616),#650,.T.);
#616 = FACE_BOUND('',#617,.T.);
#617 = EDGE_LOOP('',(#618,#627,#636,#643));
#618 = ORIENTED_EDGE('',*,*,#619,.F.);
#619 = EDGE_CURVE('',#620,#540,#622,.T.);
#620 = VERTEX_POINT('',#621);
#621 = CARTESIAN_POINT('',(1.9,4.3,1.1));
#622 = CIRCLE('',#623,0.1);
#623 = AXIS2_PLACEMENT_3D('',#624,#625,#626);
#624 = CARTESIAN_POINT('',(1.9,4.3,1.));
#625 = DIRECTION('',(-0.,-1.,-0.));
#626 = DIRECTION('',(-1.,0.,0.));
#627 = ORIENTED_EDGE('',*,*,#628,.T.);
#628 = EDGE_CURVE('',#620,#629,#631,.T.);
#629 = VERTEX_POINT('',#630);
#630 = CARTESIAN_POINT('',(3.1,4.3,1.1));
#631 = CIRCLE('',#632,0.6);
#632 = AXIS2_PLACEMENT_3D('',#633,#634,#635);
#633 = CARTESIAN_POINT('',(2.5,4.3,1.1));
#634 = DIRECTION('',(0.,0.,-1.));
#635 = DIRECTION('',(-1.,0.,0.));
#636 = ORIENTED_EDGE('',*,*,#637,.F.);
#637 = EDGE_CURVE('',#557,#629,#638,.T.);
#638 = CIRCLE('',#639,0.1);
#639 = AXIS2_PLACEMENT_3D('',#640,#641,#642);
#640 = CARTESIAN_POINT('',(3.1,4.3,1.));
#641 = DIRECTION('',(0.,-1.,-0.));
#642 = DIRECTION('',(1.,0.,0.));
#643 = ORIENTED_EDGE('',*,*,#644,.F.);
#644 = EDGE_CURVE('',#540,#557,#645,.T.);
#645 = CIRCLE('',#646,0.7);
#646 = AXIS2_PLACEMENT_3D('',#647,#648,#649);
#647 = CARTESIAN_POINT('',(2.5,4.3,1.));
#648 = DIRECTION('',(0.,0.,-1.));
#649 = DIRECTION('',(-1.,0.,0.));
#650 = TOROIDAL_SURFACE('',#651,0.6,0.1);
#651 = AXIS2_PLACEMENT_3D('',#652,#653,#654);
#652 = CARTESIAN_POINT('',(2.5,4.3,1.));
#653 = DIRECTION('',(0.,0.,-1.));
#654 = DIRECTION('',(-1.,0.,0.));
#655 = ADVANCED_FACE('',(#656),#692,.F.);
#656 = FACE_BOUND('',#657,.F.);
#657 = EDGE_LOOP('',(#658,#669,#677,#686));
#658 = ORIENTED_EDGE('',*,*,#659,.T.);
#659 = EDGE_CURVE('',#660,#662,#664,.T.);
#660 = VERTEX_POINT('',#661);
#661 = CARTESIAN_POINT('',(4.25,-1.222247665143,-7.177752334857));
#662 = VERTEX_POINT('',#663);
#663 = CARTESIAN_POINT('',(4.25,-1.444495330286,-7.4));
#664 = CIRCLE('',#665,0.222247665143);
#665 = AXIS2_PLACEMENT_3D('',#666,#667,#668);
#666 = CARTESIAN_POINT('',(4.25,-1.222247665143,-7.4));
#667 = DIRECTION('',(1.,0.,0.));
#668 = DIRECTION('',(-0.,1.,0.));
#669 = ORIENTED_EDGE('',*,*,#670,.T.);
#670 = EDGE_CURVE('',#662,#671,#673,.T.);
#671 = VERTEX_POINT('',#672);
#672 = CARTESIAN_POINT('',(4.75,-1.444495330286,-7.4));
#673 = LINE('',#674,#675);
#674 = CARTESIAN_POINT('',(4.25,-1.444495330286,-7.4));
#675 = VECTOR('',#676,1.);
#676 = DIRECTION('',(1.,0.,0.));
#677 = ORIENTED_EDGE('',*,*,#678,.F.);
#678 = EDGE_CURVE('',#679,#671,#681,.T.);
#679 = VERTEX_POINT('',#680);
#680 = CARTESIAN_POINT('',(4.75,-1.222247665143,-7.177752334857));
#681 = CIRCLE('',#682,0.222247665143);
#682 = AXIS2_PLACEMENT_3D('',#683,#684,#685);
#683 = CARTESIAN_POINT('',(4.75,-1.222247665143,-7.4));
#684 = DIRECTION('',(1.,0.,0.));
#685 = DIRECTION('',(-0.,1.,0.));
#686 = ORIENTED_EDGE('',*,*,#687,.T.);
#687 = EDGE_CURVE('',#679,#660,#688,.T.);
#688 = LINE('',#689,#690);
#689 = CARTESIAN_POINT('',(4.25,-1.222247665143,-7.177752334857));
#690 = VECTOR('',#691,1.);
#691 = DIRECTION('',(-1.,0.,0.));
#692 = CYLINDRICAL_SURFACE('',#693,0.222247665143);
#693 = AXIS2_PLACEMENT_3D('',#694,#695,#696);
#694 = CARTESIAN_POINT('',(4.25,-1.222247665143,-7.4));
#695 = DIRECTION('',(1.,0.,0.));
#696 = DIRECTION('',(0.,0.,-1.));
#697 = ADVANCED_FACE('',(#698),#734,.F.);
#698 = FACE_BOUND('',#699,.F.);
#699 = EDGE_LOOP('',(#700,#711,#719,#728));
#700 = ORIENTED_EDGE('',*,*,#701,.T.);
#701 = EDGE_CURVE('',#702,#704,#706,.T.);
#702 = VERTEX_POINT('',#703);
#703 = CARTESIAN_POINT('',(4.25,1.222247665143,-7.177752334857));
#704 = VERTEX_POINT('',#705);
#705 = CARTESIAN_POINT('',(4.25,1.,-7.4));
#706 = CIRCLE('',#707,0.222247665143);
#707 = AXIS2_PLACEMENT_3D('',#708,#709,#710);
#708 = CARTESIAN_POINT('',(4.25,1.222247665143,-7.4));
#709 = DIRECTION('',(1.,0.,0.));
#710 = DIRECTION('',(-0.,1.,0.));
#711 = ORIENTED_EDGE('',*,*,#712,.T.);
#712 = EDGE_CURVE('',#704,#713,#715,.T.);
#713 = VERTEX_POINT('',#714);
#714 = CARTESIAN_POINT('',(4.75,1.,-7.4));
#715 = LINE('',#716,#717);
#716 = CARTESIAN_POINT('',(4.25,1.,-7.4));
#717 = VECTOR('',#718,1.);
#718 = DIRECTION('',(1.,0.,0.));
#719 = ORIENTED_EDGE('',*,*,#720,.F.);
#720 = EDGE_CURVE('',#721,#713,#723,.T.);
#721 = VERTEX_POINT('',#722);
#722 = CARTESIAN_POINT('',(4.75,1.222247665143,-7.177752334857));
#723 = CIRCLE('',#724,0.222247665143);
#724 = AXIS2_PLACEMENT_3D('',#725,#726,#727);
#725 = CARTESIAN_POINT('',(4.75,1.222247665143,-7.4));
#726 = DIRECTION('',(1.,0.,0.));
#727 = DIRECTION('',(-0.,1.,0.));
#728 = ORIENTED_EDGE('',*,*,#729,.T.);
#729 = EDGE_CURVE('',#721,#702,#730,.T.);
#730 = LINE('',#731,#732);
#731 = CARTESIAN_POINT('',(4.25,1.222247665143,-7.177752334857));
#732 = VECTOR('',#733,1.);
#733 = DIRECTION('',(-1.,0.,0.));
#734 = CYLINDRICAL_SURFACE('',#735,0.222247665143);
#735 = AXIS2_PLACEMENT_3D('',#736,#737,#738);
#736 = CARTESIAN_POINT('',(4.25,1.222247665143,-7.4));
#737 = DIRECTION('',(1.,0.,0.));
#738 = DIRECTION('',(0.,0.,-1.));
#739 = ADVANCED_FACE('',(#740),#774,.T.);
#740 = FACE_BOUND('',#741,.T.);
#741 = EDGE_LOOP('',(#742,#751,#760,#767));
#742 = ORIENTED_EDGE('',*,*,#743,.F.);
#743 = EDGE_CURVE('',#744,#208,#746,.T.);
#744 = VERTEX_POINT('',#745);
#745 = CARTESIAN_POINT('',(0.5,3.5,-7.4));
#746 = CIRCLE('',#747,0.2);
#747 = AXIS2_PLACEMENT_3D('',#748,#749,#750);
#748 = CARTESIAN_POINT('',(0.5,3.5,-7.2));
#749 = DIRECTION('',(0.,-1.,0.));
#750 = DIRECTION('',(1.,0.,0.));
#751 = ORIENTED_EDGE('',*,*,#752,.T.);
#752 = EDGE_CURVE('',#744,#753,#755,.T.);
#753 = VERTEX_POINT('',#754);
#754 = CARTESIAN_POINT('',(-0.5,3.5,-7.4));
#755 = CIRCLE('',#756,0.5);
#756 = AXIS2_PLACEMENT_3D('',#757,#758,#759);
#757 = CARTESIAN_POINT('',(0.,3.5,-7.4));
#758 = DIRECTION('',(0.,0.,1.));
#759 = DIRECTION('',(1.,0.,-0.));
#760 = ORIENTED_EDGE('',*,*,#761,.F.);
#761 = EDGE_CURVE('',#225,#753,#762,.T.);
#762 = CIRCLE('',#763,0.2);
#763 = AXIS2_PLACEMENT_3D('',#764,#765,#766);
#764 = CARTESIAN_POINT('',(-0.5,3.5,-7.2));
#765 = DIRECTION('',(-0.,-1.,0.));
#766 = DIRECTION('',(-1.,0.,0.));
#767 = ORIENTED_EDGE('',*,*,#768,.F.);
#768 = EDGE_CURVE('',#208,#225,#769,.T.);
#769 = CIRCLE('',#770,0.7);
#770 = AXIS2_PLACEMENT_3D('',#771,#772,#773);
#771 = CARTESIAN_POINT('',(0.,3.5,-7.2));
#772 = DIRECTION('',(0.,0.,1.));
#773 = DIRECTION('',(1.,0.,-0.));
#774 = TOROIDAL_SURFACE('',#775,0.5,0.2);
#775 = AXIS2_PLACEMENT_3D('',#776,#777,#778);
#776 = CARTESIAN_POINT('',(0.,3.5,-7.2));
#777 = DIRECTION('',(0.,0.,1.));
#778 = DIRECTION('',(1.,0.,-0.));
#779 = ADVANCED_FACE('',(#780),#833,.T.);
#780 = FACE_BOUND('',#781,.T.);
#781 = EDGE_LOOP('',(#782,#792,#801,#809,#818,#826));
#782 = ORIENTED_EDGE('',*,*,#783,.F.);
#783 = EDGE_CURVE('',#784,#786,#788,.T.);
#784 = VERTEX_POINT('',#785);
#785 = CARTESIAN_POINT('',(3.,-1.424518184756E-14,17.25));
#786 = VERTEX_POINT('',#787);
#787 = CARTESIAN_POINT('',(3.,0.,0.));
#788 = LINE('',#789,#790);
#789 = CARTESIAN_POINT('',(3.,-3.673940397442E-16,0.));
#790 = VECTOR('',#791,1.);
#791 = DIRECTION('',(0.,-0.,-1.));
#792 = ORIENTED_EDGE('',*,*,#793,.F.);
#793 = EDGE_CURVE('',#794,#784,#796,.T.);
#794 = VERTEX_POINT('',#795);
#795 = CARTESIAN_POINT('',(-2.221533663072,-2.016131985719,17.25));
#796 = CIRCLE('',#797,3.);
#797 = AXIS2_PLACEMENT_3D('',#798,#799,#800);
#798 = CARTESIAN_POINT('',(0.,0.,17.25));
#799 = DIRECTION('',(-0.,0.,1.));
#800 = DIRECTION('',(1.,0.,0.));
#801 = ORIENTED_EDGE('',*,*,#802,.F.);
#802 = EDGE_CURVE('',#803,#794,#805,.T.);
#803 = VERTEX_POINT('',#804);
#804 = CARTESIAN_POINT('',(-2.221533663072,-2.016131985719,6.));
#805 = LINE('',#806,#807);
#806 = CARTESIAN_POINT('',(-2.221533663072,-2.016131985719,12.7));
#807 = VECTOR('',#808,1.);
#808 = DIRECTION('',(0.,0.,1.));
#809 = ORIENTED_EDGE('',*,*,#810,.T.);
#810 = EDGE_CURVE('',#803,#811,#813,.T.);
#811 = VERTEX_POINT('',#812);
#812 = CARTESIAN_POINT('',(-3.,3.673940397442E-16,6.));
#813 = CIRCLE('',#814,3.);
#814 = AXIS2_PLACEMENT_3D('',#815,#816,#817);
#815 = CARTESIAN_POINT('',(0.,0.,6.));
#816 = DIRECTION('',(0.,0.,-1.));
#817 = DIRECTION('',(1.,0.,0.));
#818 = ORIENTED_EDGE('',*,*,#819,.F.);
#819 = EDGE_CURVE('',#820,#811,#822,.T.);
#820 = VERTEX_POINT('',#821);
#821 = CARTESIAN_POINT('',(-3.,3.673940397442E-16,0.));
#822 = LINE('',#823,#824);
#823 = CARTESIAN_POINT('',(-3.,3.673940397442E-16,0.));
#824 = VECTOR('',#825,1.);
#825 = DIRECTION('',(0.,0.,1.));
#826 = ORIENTED_EDGE('',*,*,#827,.F.);
#827 = EDGE_CURVE('',#786,#820,#828,.T.);
#828 = CIRCLE('',#829,3.);
#829 = AXIS2_PLACEMENT_3D('',#830,#831,#832);
#830 = CARTESIAN_POINT('',(0.,0.,0.));
#831 = DIRECTION('',(0.,0.,-1.));
#832 = DIRECTION('',(1.,0.,0.));
#833 = CYLINDRICAL_SURFACE('',#834,3.);
#834 = AXIS2_PLACEMENT_3D('',#835,#836,#837);
#835 = CARTESIAN_POINT('',(0.,0.,0.));
#836 = DIRECTION('',(-0.,0.,1.));
#837 = DIRECTION('',(1.,0.,0.));
#838 = ADVANCED_FACE('',(#839),#874,.T.);
#839 = FACE_BOUND('',#840,.T.);
#840 = EDGE_LOOP('',(#841,#849,#858,#867));
#841 = ORIENTED_EDGE('',*,*,#842,.F.);
#842 = EDGE_CURVE('',#784,#843,#845,.T.);
#843 = VERTEX_POINT('',#844);
#844 = CARTESIAN_POINT('',(2.25,-1.415333333762E-14,18.));
#845 = LINE('',#846,#847);
#846 = CARTESIAN_POINT('',(3.,-1.424518184756E-14,17.25));
#847 = VECTOR('',#848,1.);
#848 = DIRECTION('',(-0.707106781187,8.659560562355E-17,0.707106781187)
  );
#849 = ORIENTED_EDGE('',*,*,#850,.T.);
#850 = EDGE_CURVE('',#784,#851,#853,.T.);
#851 = VERTEX_POINT('',#852);
#852 = CARTESIAN_POINT('',(-0.635254685479,2.931970580442,17.25));
#853 = CIRCLE('',#854,3.);
#854 = AXIS2_PLACEMENT_3D('',#855,#856,#857);
#855 = CARTESIAN_POINT('',(0.,0.,17.25));
#856 = DIRECTION('',(-0.,0.,1.));
#857 = DIRECTION('',(1.,0.,0.));
#858 = ORIENTED_EDGE('',*,*,#859,.T.);
#859 = EDGE_CURVE('',#851,#860,#862,.T.);
#860 = VERTEX_POINT('',#861);
#861 = CARTESIAN_POINT('',(-6.660140633683E-02,2.249014062356,18.));
#862 = B_SPLINE_CURVE_WITH_KNOTS('',3,(#863,#864,#865,#866),
  .UNSPECIFIED.,.F.,.F.,(4,4),(0.,1.162882692913E-03),
  .PIECEWISE_BEZIER_KNOTS.);
#863 = CARTESIAN_POINT('',(-0.635254685479,2.931970580442,17.25));
#864 = CARTESIAN_POINT('',(-0.438213570382,2.71485509728,17.503915833595
    ));
#865 = CARTESIAN_POINT('',(-0.24728803268,2.48913644314,17.754634402449)
  );
#866 = CARTESIAN_POINT('',(-6.660140633683E-02,2.249014062356,18.));
#867 = ORIENTED_EDGE('',*,*,#868,.T.);
#868 = EDGE_CURVE('',#860,#843,#869,.T.);
#869 = CIRCLE('',#870,2.25);
#870 = AXIS2_PLACEMENT_3D('',#871,#872,#873);
#871 = CARTESIAN_POINT('',(0.,-1.387778780781E-14,18.));
#872 = DIRECTION('',(0.,0.,-1.));
#873 = DIRECTION('',(-1.,0.,0.));
#874 = CONICAL_SURFACE('',#875,3.,0.785398163397);
#875 = AXIS2_PLACEMENT_3D('',#876,#877,#878);
#876 = CARTESIAN_POINT('',(0.,-1.387778780781E-14,17.25));
#877 = DIRECTION('',(-0.,-0.,-1.));
#878 = DIRECTION('',(-1.,0.,0.));
#879 = ADVANCED_FACE('',(#880),#903,.T.);
#880 = FACE_BOUND('',#881,.T.);
#881 = EDGE_LOOP('',(#882,#883,#889,#897));
#882 = ORIENTED_EDGE('',*,*,#802,.T.);
#883 = ORIENTED_EDGE('',*,*,#884,.F.);
#884 = EDGE_CURVE('',#851,#794,#885,.T.);
#885 = LINE('',#886,#887);
#886 = CARTESIAN_POINT('',(-1.031824429877,1.694944938902,17.25));
#887 = VECTOR('',#888,1.);
#888 = DIRECTION('',(-0.305279531574,-0.95226278285,1.099064721079E-15)
  );
#889 = ORIENTED_EDGE('',*,*,#890,.F.);
#890 = EDGE_CURVE('',#891,#851,#893,.T.);
#891 = VERTEX_POINT('',#892);
#892 = CARTESIAN_POINT('',(-0.635254685479,2.931970580442,6.));
#893 = LINE('',#894,#895);
#894 = CARTESIAN_POINT('',(-0.635254685479,2.931970580442,12.7));
#895 = VECTOR('',#896,1.);
#896 = DIRECTION('',(0.,0.,1.));
#897 = ORIENTED_EDGE('',*,*,#898,.F.);
#898 = EDGE_CURVE('',#803,#891,#899,.T.);
#899 = LINE('',#900,#901);
#900 = CARTESIAN_POINT('',(-1.031824429877,1.694944938902,6.));
#901 = VECTOR('',#902,1.);
#902 = DIRECTION('',(0.305279531574,0.95226278285,0.));
#903 = PLANE('',#904);
#904 = AXIS2_PLACEMENT_3D('',#905,#906,#907);
#905 = CARTESIAN_POINT('',(-0.635254685479,2.931970580442,12.7));
#906 = DIRECTION('',(-0.95226278285,0.305279531574,0.));
#907 = DIRECTION('',(0.,0.,1.));
#908 = ADVANCED_FACE('',(#909),#928,.T.);
#909 = FACE_BOUND('',#910,.T.);
#910 = EDGE_LOOP('',(#911,#912,#913,#922));
#911 = ORIENTED_EDGE('',*,*,#859,.F.);
#912 = ORIENTED_EDGE('',*,*,#884,.T.);
#913 = ORIENTED_EDGE('',*,*,#914,.F.);
#914 = EDGE_CURVE('',#915,#794,#917,.T.);
#915 = VERTEX_POINT('',#916);
#916 = CARTESIAN_POINT('',(-1.361792767939,-1.791094764994,18.));
#917 = B_SPLINE_CURVE_WITH_KNOTS('',3,(#918,#919,#920,#921),
  .UNSPECIFIED.,.F.,.F.,(4,4),(0.,1.162882692913E-03),
  .PIECEWISE_BEZIER_KNOTS.);
#918 = CARTESIAN_POINT('',(-1.361792767939,-1.791094764994,18.));
#919 = CARTESIAN_POINT('',(-1.648411195076,-1.881406956409,
    17.754634402449));
#920 = CARTESIAN_POINT('',(-1.93498558155,-1.954047116036,
    17.503915833595));
#921 = CARTESIAN_POINT('',(-2.221533663072,-2.016131985719,17.25));
#922 = ORIENTED_EDGE('',*,*,#923,.F.);
#923 = EDGE_CURVE('',#860,#915,#924,.T.);
#924 = LINE('',#925,#926);
#925 = CARTESIAN_POINT('',(-1.226166425692,-1.368033587492,18.));
#926 = VECTOR('',#927,1.);
#927 = DIRECTION('',(-0.305279531574,-0.95226278285,0.));
#928 = PLANE('',#929);
#929 = AXIS2_PLACEMENT_3D('',#930,#931,#932);
#930 = CARTESIAN_POINT('',(-0.714197087138,0.228959648681,18.));
#931 = DIRECTION('',(-0.673351471225,0.215865226934,0.707106781187));
#932 = DIRECTION('',(0.305279531574,0.95226278285,-1.110223024625E-16));
#933 = ADVANCED_FACE('',(#934),#946,.T.);
#934 = FACE_BOUND('',#935,.T.);
#935 = EDGE_LOOP('',(#936,#937,#944,#945));
#936 = ORIENTED_EDGE('',*,*,#842,.T.);
#937 = ORIENTED_EDGE('',*,*,#938,.T.);
#938 = EDGE_CURVE('',#843,#915,#939,.T.);
#939 = CIRCLE('',#940,2.25);
#940 = AXIS2_PLACEMENT_3D('',#941,#942,#943);
#941 = CARTESIAN_POINT('',(0.,-1.387778780781E-14,18.));
#942 = DIRECTION('',(0.,0.,-1.));
#943 = DIRECTION('',(-1.,0.,0.));
#944 = ORIENTED_EDGE('',*,*,#914,.T.);
#945 = ORIENTED_EDGE('',*,*,#793,.T.);
#946 = CONICAL_SURFACE('',#947,3.,0.785398163397);
#947 = AXIS2_PLACEMENT_3D('',#948,#949,#950);
#948 = CARTESIAN_POINT('',(0.,-1.387778780781E-14,17.25));
#949 = DIRECTION('',(-0.,-0.,-1.));
#950 = DIRECTION('',(-1.,0.,0.));
#951 = ADVANCED_FACE('',(#952),#957,.F.);
#952 = FACE_BOUND('',#953,.T.);
#953 = EDGE_LOOP('',(#954,#955,#956));
#954 = ORIENTED_EDGE('',*,*,#938,.F.);
#955 = ORIENTED_EDGE('',*,*,#868,.F.);
#956 = ORIENTED_EDGE('',*,*,#923,.T.);
#957 = PLANE('',#958);
#958 = AXIS2_PLACEMENT_3D('',#959,#960,#961);
#959 = CARTESIAN_POINT('',(0.,-1.387778780781E-14,18.));
#960 = DIRECTION('',(0.,0.,-1.));
#961 = DIRECTION('',(0.,-1.,0.));
#962 = ADVANCED_FACE('',(#963),#983,.T.);
#963 = FACE_BOUND('',#964,.T.);
#964 = EDGE_LOOP('',(#965,#966,#973,#974,#981,#982));
#965 = ORIENTED_EDGE('',*,*,#783,.T.);
#966 = ORIENTED_EDGE('',*,*,#967,.F.);
#967 = EDGE_CURVE('',#820,#786,#968,.T.);
#968 = CIRCLE('',#969,3.);
#969 = AXIS2_PLACEMENT_3D('',#970,#971,#972);
#970 = CARTESIAN_POINT('',(0.,0.,0.));
#971 = DIRECTION('',(0.,0.,-1.));
#972 = DIRECTION('',(1.,0.,0.));
#973 = ORIENTED_EDGE('',*,*,#819,.T.);
#974 = ORIENTED_EDGE('',*,*,#975,.T.);
#975 = EDGE_CURVE('',#811,#891,#976,.T.);
#976 = CIRCLE('',#977,3.);
#977 = AXIS2_PLACEMENT_3D('',#978,#979,#980);
#978 = CARTESIAN_POINT('',(0.,0.,6.));
#979 = DIRECTION('',(0.,0.,-1.));
#980 = DIRECTION('',(1.,0.,0.));
#981 = ORIENTED_EDGE('',*,*,#890,.T.);
#982 = ORIENTED_EDGE('',*,*,#850,.F.);
#983 = CYLINDRICAL_SURFACE('',#984,3.);
#984 = AXIS2_PLACEMENT_3D('',#985,#986,#987);
#985 = CARTESIAN_POINT('',(0.,0.,0.));
#986 = DIRECTION('',(-0.,0.,1.));
#987 = DIRECTION('',(1.,0.,0.));
#988 = ADVANCED_FACE('',(#989,#1155,#1165),#1175,.F.);
#989 = FACE_BOUND('',#990,.T.);
#990 = EDGE_LOOP('',(#991,#1001,#1010,#1018,#1026,#1034,#1042,#1050,
    #1059,#1067,#1075,#1083,#1092,#1100,#1108,#1116,#1124,#1132,#1141,
    #1149));
#991 = ORIENTED_EDGE('',*,*,#992,.T.);
#992 = EDGE_CURVE('',#993,#995,#997,.T.);
#993 = VERTEX_POINT('',#994);
#994 = CARTESIAN_POINT('',(-4.,3.15,-4.8));
#995 = VERTEX_POINT('',#996);
#996 = CARTESIAN_POINT('',(-1.991023720021,3.15,-4.8));
#997 = LINE('',#998,#999);
#998 = CARTESIAN_POINT('',(-4.75,3.15,-4.8));
#999 = VECTOR('',#1000,1.);
#1000 = DIRECTION('',(1.,-1.571890531069E-16,0.));
#1001 = ORIENTED_EDGE('',*,*,#1002,.T.);
#1002 = EDGE_CURVE('',#995,#1003,#1005,.T.);
#1003 = VERTEX_POINT('',#1004);
#1004 = CARTESIAN_POINT('',(-1.991023720021,5.187420288032,-4.8));
#1005 = CIRCLE('',#1006,1.018710144016);
#1006 = AXIS2_PLACEMENT_3D('',#1007,#1008,#1009);
#1007 = CARTESIAN_POINT('',(-1.991023720021,4.168710144016,-4.8));
#1008 = DIRECTION('',(0.,0.,1.));
#1009 = DIRECTION('',(0.,-1.,0.));
#1010 = ORIENTED_EDGE('',*,*,#1011,.T.);
#1011 = EDGE_CURVE('',#1003,#1012,#1014,.T.);
#1012 = VERTEX_POINT('',#1013);
#1013 = CARTESIAN_POINT('',(-4.,5.187420288032,-4.8));
#1014 = LINE('',#1015,#1016);
#1015 = CARTESIAN_POINT('',(-4.75,5.187420288032,-4.8));
#1016 = VECTOR('',#1017,1.);
#1017 = DIRECTION('',(-1.,0.,0.));
#1018 = ORIENTED_EDGE('',*,*,#1019,.F.);
#1019 = EDGE_CURVE('',#1020,#1012,#1022,.T.);
#1020 = VERTEX_POINT('',#1021);
#1021 = CARTESIAN_POINT('',(-4.,5.75,-4.8));
#1022 = LINE('',#1023,#1024);
#1023 = CARTESIAN_POINT('',(-4.,5.75,-4.8));
#1024 = VECTOR('',#1025,1.);
#1025 = DIRECTION('',(0.,-1.,0.));
#1026 = ORIENTED_EDGE('',*,*,#1027,.F.);
#1027 = EDGE_CURVE('',#1028,#1020,#1030,.T.);
#1028 = VERTEX_POINT('',#1029);
#1029 = CARTESIAN_POINT('',(4.,5.75,-4.8));
#1030 = LINE('',#1031,#1032);
#1031 = CARTESIAN_POINT('',(4.,5.75,-4.8));
#1032 = VECTOR('',#1033,1.);
#1033 = DIRECTION('',(-1.,0.,0.));
#1034 = ORIENTED_EDGE('',*,*,#1035,.F.);
#1035 = EDGE_CURVE('',#1036,#1028,#1038,.T.);
#1036 = VERTEX_POINT('',#1037);
#1037 = CARTESIAN_POINT('',(4.,5.187420288032,-4.8));
#1038 = LINE('',#1039,#1040);
#1039 = CARTESIAN_POINT('',(4.,-5.75,-4.8));
#1040 = VECTOR('',#1041,1.);
#1041 = DIRECTION('',(1.508455196502E-16,1.,0.));
#1042 = ORIENTED_EDGE('',*,*,#1043,.T.);
#1043 = EDGE_CURVE('',#1036,#1044,#1046,.T.);
#1044 = VERTEX_POINT('',#1045);
#1045 = CARTESIAN_POINT('',(1.991023720021,5.187420288032,-4.8));
#1046 = LINE('',#1047,#1048);
#1047 = CARTESIAN_POINT('',(4.75,5.187420288032,-4.8));
#1048 = VECTOR('',#1049,1.);
#1049 = DIRECTION('',(-1.,0.,0.));
#1050 = ORIENTED_EDGE('',*,*,#1051,.T.);
#1051 = EDGE_CURVE('',#1044,#1052,#1054,.T.);
#1052 = VERTEX_POINT('',#1053);
#1053 = CARTESIAN_POINT('',(1.991023720021,3.15,-4.8));
#1054 = CIRCLE('',#1055,1.018710144016);
#1055 = AXIS2_PLACEMENT_3D('',#1056,#1057,#1058);
#1056 = CARTESIAN_POINT('',(1.991023720021,4.168710144016,-4.8));
#1057 = DIRECTION('',(0.,-0.,1.));
#1058 = DIRECTION('',(0.,1.,0.));
#1059 = ORIENTED_EDGE('',*,*,#1060,.T.);
#1060 = EDGE_CURVE('',#1052,#1061,#1063,.T.);
#1061 = VERTEX_POINT('',#1062);
#1062 = CARTESIAN_POINT('',(4.,3.15,-4.8));
#1063 = LINE('',#1064,#1065);
#1064 = CARTESIAN_POINT('',(4.75,3.15,-4.8));
#1065 = VECTOR('',#1066,1.);
#1066 = DIRECTION('',(1.,1.571890531069E-16,0.));
#1067 = ORIENTED_EDGE('',*,*,#1068,.F.);
#1068 = EDGE_CURVE('',#1069,#1061,#1071,.T.);
#1069 = VERTEX_POINT('',#1070);
#1070 = CARTESIAN_POINT('',(4.,-3.15,-4.8));
#1071 = LINE('',#1072,#1073);
#1072 = CARTESIAN_POINT('',(4.,-5.75,-4.8));
#1073 = VECTOR('',#1074,1.);
#1074 = DIRECTION('',(1.508455196502E-16,1.,0.));
#1075 = ORIENTED_EDGE('',*,*,#1076,.F.);
#1076 = EDGE_CURVE('',#1077,#1069,#1079,.T.);
#1077 = VERTEX_POINT('',#1078);
#1078 = CARTESIAN_POINT('',(1.991023720021,-3.15,-4.8));
#1079 = LINE('',#1080,#1081);
#1080 = CARTESIAN_POINT('',(0.,-3.15,-4.8));
#1081 = VECTOR('',#1082,1.);
#1082 = DIRECTION('',(1.,0.,0.));
#1083 = ORIENTED_EDGE('',*,*,#1084,.T.);
#1084 = EDGE_CURVE('',#1077,#1085,#1087,.T.);
#1085 = VERTEX_POINT('',#1086);
#1086 = CARTESIAN_POINT('',(1.991023720021,-5.187420288032,-4.8));
#1087 = CIRCLE('',#1088,1.018710144016);
#1088 = AXIS2_PLACEMENT_3D('',#1089,#1090,#1091);
#1089 = CARTESIAN_POINT('',(1.991023720021,-4.168710144016,-4.8));
#1090 = DIRECTION('',(0.,-0.,1.));
#1091 = DIRECTION('',(0.,1.,0.));
#1092 = ORIENTED_EDGE('',*,*,#1093,.T.);
#1093 = EDGE_CURVE('',#1085,#1094,#1096,.T.);
#1094 = VERTEX_POINT('',#1095);
#1095 = CARTESIAN_POINT('',(4.,-5.187420288032,-4.8));
#1096 = LINE('',#1097,#1098);
#1097 = CARTESIAN_POINT('',(4.75,-5.187420288032,-4.8));
#1098 = VECTOR('',#1099,1.);
#1099 = DIRECTION('',(1.,0.,0.));
#1100 = ORIENTED_EDGE('',*,*,#1101,.F.);
#1101 = EDGE_CURVE('',#1102,#1094,#1104,.T.);
#1102 = VERTEX_POINT('',#1103);
#1103 = CARTESIAN_POINT('',(4.,-5.75,-4.8));
#1104 = LINE('',#1105,#1106);
#1105 = CARTESIAN_POINT('',(4.,-5.75,-4.8));
#1106 = VECTOR('',#1107,1.);
#1107 = DIRECTION('',(1.508455196502E-16,1.,0.));
#1108 = ORIENTED_EDGE('',*,*,#1109,.F.);
#1109 = EDGE_CURVE('',#1110,#1102,#1112,.T.);
#1110 = VERTEX_POINT('',#1111);
#1111 = CARTESIAN_POINT('',(-4.,-5.75,-4.8));
#1112 = LINE('',#1113,#1114);
#1113 = CARTESIAN_POINT('',(-4.,-5.75,-4.8));
#1114 = VECTOR('',#1115,1.);
#1115 = DIRECTION('',(1.,0.,0.));
#1116 = ORIENTED_EDGE('',*,*,#1117,.F.);
#1117 = EDGE_CURVE('',#1118,#1110,#1120,.T.);
#1118 = VERTEX_POINT('',#1119);
#1119 = CARTESIAN_POINT('',(-4.,-5.187420288032,-4.8));
#1120 = LINE('',#1121,#1122);
#1121 = CARTESIAN_POINT('',(-4.,5.75,-4.8));
#1122 = VECTOR('',#1123,1.);
#1123 = DIRECTION('',(0.,-1.,0.));
#1124 = ORIENTED_EDGE('',*,*,#1125,.F.);
#1125 = EDGE_CURVE('',#1126,#1118,#1128,.T.);
#1126 = VERTEX_POINT('',#1127);
#1127 = CARTESIAN_POINT('',(-1.991023720021,-5.187420288032,-4.8));
#1128 = LINE('',#1129,#1130);
#1129 = CARTESIAN_POINT('',(-4.75,-5.187420288032,-4.8));
#1130 = VECTOR('',#1131,1.);
#1131 = DIRECTION('',(-1.,0.,0.));
#1132 = ORIENTED_EDGE('',*,*,#1133,.F.);
#1133 = EDGE_CURVE('',#1134,#1126,#1136,.T.);
#1134 = VERTEX_POINT('',#1135);
#1135 = CARTESIAN_POINT('',(-1.991023720021,-3.15,-4.8));
#1136 = CIRCLE('',#1137,1.018710144016);
#1137 = AXIS2_PLACEMENT_3D('',#1138,#1139,#1140);
#1138 = CARTESIAN_POINT('',(-1.991023720021,-4.168710144016,-4.8));
#1139 = DIRECTION('',(0.,0.,-1.));
#1140 = DIRECTION('',(0.,1.,0.));
#1141 = ORIENTED_EDGE('',*,*,#1142,.T.);
#1142 = EDGE_CURVE('',#1134,#1143,#1145,.T.);
#1143 = VERTEX_POINT('',#1144);
#1144 = CARTESIAN_POINT('',(-4.,-3.15,-4.8));
#1145 = LINE('',#1146,#1147);
#1146 = CARTESIAN_POINT('',(0.,-3.15,-4.8));
#1147 = VECTOR('',#1148,1.);
#1148 = DIRECTION('',(-1.,0.,0.));
#1149 = ORIENTED_EDGE('',*,*,#1150,.F.);
#1150 = EDGE_CURVE('',#993,#1143,#1151,.T.);
#1151 = LINE('',#1152,#1153);
#1152 = CARTESIAN_POINT('',(-4.,5.75,-4.8));
#1153 = VECTOR('',#1154,1.);
#1154 = DIRECTION('',(0.,-1.,0.));
#1155 = FACE_BOUND('',#1156,.T.);
#1156 = EDGE_LOOP('',(#1157,#1158));
#1157 = ORIENTED_EDGE('',*,*,#133,.T.);
#1158 = ORIENTED_EDGE('',*,*,#1159,.T.);
#1159 = EDGE_CURVE('',#124,#134,#1160,.T.);
#1160 = CIRCLE('',#1161,0.7);
#1161 = AXIS2_PLACEMENT_3D('',#1162,#1163,#1164);
#1162 = CARTESIAN_POINT('',(0.,-4.,-4.8));
#1163 = DIRECTION('',(0.,0.,1.));
#1164 = DIRECTION('',(-1.,0.,0.));
#1165 = FACE_BOUND('',#1166,.T.);
#1166 = EDGE_LOOP('',(#1167,#1168));
#1167 = ORIENTED_EDGE('',*,*,#215,.T.);
#1168 = ORIENTED_EDGE('',*,*,#1169,.T.);
#1169 = EDGE_CURVE('',#206,#216,#1170,.T.);
#1170 = CIRCLE('',#1171,0.7);
#1171 = AXIS2_PLACEMENT_3D('',#1172,#1173,#1174);
#1172 = CARTESIAN_POINT('',(0.,3.5,-4.8));
#1173 = DIRECTION('',(0.,0.,1.));
#1174 = DIRECTION('',(-1.,0.,0.));
#1175 = PLANE('',#1176);
#1176 = AXIS2_PLACEMENT_3D('',#1177,#1178,#1179);
#1177 = CARTESIAN_POINT('',(0.,0.,-4.8));
#1178 = DIRECTION('',(0.,0.,1.));
#1179 = DIRECTION('',(1.,-0.,0.));
#1180 = ADVANCED_FACE('',(#1181),#1193,.T.);
#1181 = FACE_BOUND('',#1182,.T.);
#1182 = EDGE_LOOP('',(#1183,#1184,#1185,#1186));
#1183 = ORIENTED_EDGE('',*,*,#743,.T.);
#1184 = ORIENTED_EDGE('',*,*,#232,.F.);
#1185 = ORIENTED_EDGE('',*,*,#761,.T.);
#1186 = ORIENTED_EDGE('',*,*,#1187,.T.);
#1187 = EDGE_CURVE('',#753,#744,#1188,.T.);
#1188 = CIRCLE('',#1189,0.5);
#1189 = AXIS2_PLACEMENT_3D('',#1190,#1191,#1192);
#1190 = CARTESIAN_POINT('',(0.,3.5,-7.4));
#1191 = DIRECTION('',(0.,0.,1.));
#1192 = DIRECTION('',(1.,0.,-0.));
#1193 = TOROIDAL_SURFACE('',#1194,0.5,0.2);
#1194 = AXIS2_PLACEMENT_3D('',#1195,#1196,#1197);
#1195 = CARTESIAN_POINT('',(0.,3.5,-7.2));
#1196 = DIRECTION('',(0.,0.,1.));
#1197 = DIRECTION('',(1.,0.,-0.));
#1198 = ADVANCED_FACE('',(#1199),#1225,.T.);
#1199 = FACE_BOUND('',#1200,.T.);
#1200 = EDGE_LOOP('',(#1201,#1212,#1218,#1219));
#1201 = ORIENTED_EDGE('',*,*,#1202,.T.);
#1202 = EDGE_CURVE('',#1203,#1205,#1207,.T.);
#1203 = VERTEX_POINT('',#1204);
#1204 = CARTESIAN_POINT('',(-1.991023720021,3.15,-5.3));
#1205 = VERTEX_POINT('',#1206);
#1206 = CARTESIAN_POINT('',(-1.991023720021,5.187420288032,-5.3));
#1207 = CIRCLE('',#1208,1.018710144016);
#1208 = AXIS2_PLACEMENT_3D('',#1209,#1210,#1211);
#1209 = CARTESIAN_POINT('',(-1.991023720021,4.168710144016,-5.3));
#1210 = DIRECTION('',(0.,0.,1.));
#1211 = DIRECTION('',(0.,-1.,0.));
#1212 = ORIENTED_EDGE('',*,*,#1213,.F.);
#1213 = EDGE_CURVE('',#1003,#1205,#1214,.T.);
#1214 = LINE('',#1215,#1216);
#1215 = CARTESIAN_POINT('',(-1.991023720021,5.187420288032,-4.8));
#1216 = VECTOR('',#1217,1.);
#1217 = DIRECTION('',(0.,-3.043374519258E-16,-1.));
#1218 = ORIENTED_EDGE('',*,*,#1002,.F.);
#1219 = ORIENTED_EDGE('',*,*,#1220,.T.);
#1220 = EDGE_CURVE('',#995,#1203,#1221,.T.);
#1221 = LINE('',#1222,#1223);
#1222 = CARTESIAN_POINT('',(-1.991023720021,3.15,-4.8));
#1223 = VECTOR('',#1224,1.);
#1224 = DIRECTION('',(0.,-3.043374519258E-16,-1.));
#1225 = CYLINDRICAL_SURFACE('',#1226,1.018710144016);
#1226 = AXIS2_PLACEMENT_3D('',#1227,#1228,#1229);
#1227 = CARTESIAN_POINT('',(-1.991023720021,4.168710144016,-4.8));
#1228 = DIRECTION('',(0.,-3.043374519258E-16,-1.));
#1229 = DIRECTION('',(0.,1.,-3.043374519258E-16));
#1230 = ADVANCED_FACE('',(#1231),#1257,.F.);
#1231 = FACE_BOUND('',#1232,.T.);
#1232 = EDGE_LOOP('',(#1233,#1241,#1249,#1255,#1256));
#1233 = ORIENTED_EDGE('',*,*,#1234,.F.);
#1234 = EDGE_CURVE('',#1235,#993,#1237,.T.);
#1235 = VERTEX_POINT('',#1236);
#1236 = CARTESIAN_POINT('',(-4.25,3.15,-4.8));
#1237 = LINE('',#1238,#1239);
#1238 = CARTESIAN_POINT('',(-4.75,3.15,-4.8));
#1239 = VECTOR('',#1240,1.);
#1240 = DIRECTION('',(1.,-1.571890531069E-16,0.));
#1241 = ORIENTED_EDGE('',*,*,#1242,.T.);
#1242 = EDGE_CURVE('',#1235,#1243,#1245,.T.);
#1243 = VERTEX_POINT('',#1244);
#1244 = CARTESIAN_POINT('',(-4.25,3.15,-5.3));
#1245 = LINE('',#1246,#1247);
#1246 = CARTESIAN_POINT('',(-4.25,3.15,-7.4));
#1247 = VECTOR('',#1248,1.);
#1248 = DIRECTION('',(0.,-3.043374519258E-16,-1.));
#1249 = ORIENTED_EDGE('',*,*,#1250,.T.);
#1250 = EDGE_CURVE('',#1243,#1203,#1251,.T.);
#1251 = LINE('',#1252,#1253);
#1252 = CARTESIAN_POINT('',(-4.75,3.15,-5.3));
#1253 = VECTOR('',#1254,1.);
#1254 = DIRECTION('',(1.,-1.571890531069E-16,0.));
#1255 = ORIENTED_EDGE('',*,*,#1220,.F.);
#1256 = ORIENTED_EDGE('',*,*,#992,.F.);
#1257 = PLANE('',#1258);
#1258 = AXIS2_PLACEMENT_3D('',#1259,#1260,#1261);
#1259 = CARTESIAN_POINT('',(-4.75,3.15,-4.8));
#1260 = DIRECTION('',(-4.783851589316E-32,1.,-3.043374519258E-16));
#1261 = DIRECTION('',(1.,2.189528850508E-47,-1.571890531069E-16));
#1262 = ADVANCED_FACE('',(#1263),#1349,.T.);
#1263 = FACE_BOUND('',#1264,.T.);
#1264 = EDGE_LOOP('',(#1265,#1286,#1301,#1310,#1322,#1343));
#1265 = ORIENTED_EDGE('',*,*,#1266,.T.);
#1266 = EDGE_CURVE('',#290,#1267,#1269,.T.);
#1267 = VERTEX_POINT('',#1268);
#1268 = CARTESIAN_POINT('',(-5.15646838975,1.,-11.1));
#1269 = B_SPLINE_CURVE_WITH_KNOTS('',3,(#1270,#1271,#1272,#1273,#1274,
    #1275,#1276,#1277,#1278,#1279,#1280,#1281,#1282,#1283,#1284,#1285),
  .UNSPECIFIED.,.F.,.F.,(4,3,3,3,3,4),(0.,0.197834887083,0.346211052395,
    0.479060476559,0.666997686805,0.791339548332),.UNSPECIFIED.);
#1270 = CARTESIAN_POINT('',(-4.75,1.,-7.4));
#1271 = CARTESIAN_POINT('',(-4.778805265273,1.,-7.748040407236));
#1272 = CARTESIAN_POINT('',(-4.798290067487,1.,-8.067214435185));
#1273 = CARTESIAN_POINT('',(-4.843850155049,1.,-8.373506963739));
#1274 = CARTESIAN_POINT('',(-4.87802022072,1.,-8.603226360155));
#1275 = CARTESIAN_POINT('',(-4.926857634398,1.,-8.825699913161));
#1276 = CARTESIAN_POINT('',(-5.005294977443,1.,-9.047671243963));
#1277 = CARTESIAN_POINT('',(-5.075524288427,1.,-9.246414508527));
#1278 = CARTESIAN_POINT('',(-5.171533583875,1.,-9.444814274841));
#1279 = CARTESIAN_POINT('',(-5.234063543568,1.,-9.645693892978));
#1280 = CARTESIAN_POINT('',(-5.322522385265,1.,-9.929870924723));
#1281 = CARTESIAN_POINT('',(-5.334437629273,1.,-10.21947118367));
#1282 = CARTESIAN_POINT('',(-5.29471815585,1.,-10.51293981673));
#1283 = CARTESIAN_POINT('',(-5.268439202056,1.,-10.70710272937));
#1284 = CARTESIAN_POINT('',(-5.219792948336,1.,-10.90294736946));
#1285 = CARTESIAN_POINT('',(-5.15646838975,1.,-11.1));
#1286 = ORIENTED_EDGE('',*,*,#1287,.T.);
#1287 = EDGE_CURVE('',#1267,#1288,#1290,.T.);
#1288 = VERTEX_POINT('',#1289);
#1289 = CARTESIAN_POINT('',(-4.75,-8.088148206742E-14,-12.1));
#1290 = B_SPLINE_CURVE_WITH_KNOTS('',3,(#1291,#1292,#1293,#1294,#1295,
    #1296,#1297,#1298,#1299,#1300),.UNSPECIFIED.,.F.,.F.,(4,3,3,4),(0.,
    6.017921129893E-04,1.353243871987E-03,1.622869744178E-03),
  .UNSPECIFIED.);
#1291 = CARTESIAN_POINT('',(-5.15646838975,1.,-11.1));
#1292 = CARTESIAN_POINT('',(-5.094185451424,1.,-11.29381132862));
#1293 = CARTESIAN_POINT('',(-5.020525879596,0.944304929732,
    -11.47988076824));
#1294 = CARTESIAN_POINT('',(-4.953314275092,0.841880846674,
    -11.63966345068));
#1295 = CARTESIAN_POINT('',(-4.869387820525,0.713984924285,
    -11.83918247923));
#1296 = CARTESIAN_POINT('',(-4.79705741312,0.508753275144,-11.9964151691
    ));
#1297 = CARTESIAN_POINT('',(-4.766647084504,0.268118748461,
    -12.06338587114));
#1298 = CARTESIAN_POINT('',(-4.755735657019,0.181777485221,
    -12.08741540296));
#1299 = CARTESIAN_POINT('',(-4.75,9.137923919539E-02,-12.1));
#1300 = CARTESIAN_POINT('',(-4.75,-6.982261990807E-14,-12.1));
#1301 = ORIENTED_EDGE('',*,*,#1302,.F.);
#1302 = EDGE_CURVE('',#1303,#1288,#1305,.T.);
#1303 = VERTEX_POINT('',#1304);
#1304 = CARTESIAN_POINT('',(-4.820672987395,-0.536755637321,
    -11.94373774705));
#1305 = B_SPLINE_CURVE_WITH_KNOTS('',3,(#1306,#1307,#1308,#1309),
  .UNSPECIFIED.,.F.,.F.,(4,4),(0.,5.689501087478E-04),
  .PIECEWISE_BEZIER_KNOTS.);
#1306 = CARTESIAN_POINT('',(-4.820672987395,-0.536755637321,
    -11.94373774705));
#1307 = CARTESIAN_POINT('',(-4.775687973117,-0.37908845007,
    -12.04403994625));
#1308 = CARTESIAN_POINT('',(-4.75,-0.192359774905,-12.1));
#1309 = CARTESIAN_POINT('',(-4.75,-8.19656842399E-14,-12.1));
#1310 = ORIENTED_EDGE('',*,*,#1311,.F.);
#1311 = EDGE_CURVE('',#1312,#1303,#1314,.T.);
#1312 = VERTEX_POINT('',#1313);
#1313 = CARTESIAN_POINT('',(-5.156077445062,-1.000000740936,
    -11.10121597349));
#1314 = B_SPLINE_CURVE_WITH_KNOTS('',3,(#1315,#1316,#1317,#1318,#1319,
    #1320,#1321),.UNSPECIFIED.,.F.,.F.,(4,3,4),(2.123015441063E-13,
    4.901864551995E-04,1.052356907758E-03),.UNSPECIFIED.);
#1315 = CARTESIAN_POINT('',(-5.156077444891,-1.000000740936,
    -11.10121597349));
#1316 = CARTESIAN_POINT('',(-5.105302715493,-1.000000740936,
    -11.25906973116));
#1317 = CARTESIAN_POINT('',(-5.04723565726,-0.963103025098,
    -11.41111780531));
#1318 = CARTESIAN_POINT('',(-4.990955159282,-0.893930356853,
    -11.54889907987));
#1319 = CARTESIAN_POINT('',(-4.926409856782,-0.814599665815,
    -11.70691356738));
#1320 = CARTESIAN_POINT('',(-4.865123829073,-0.692970650929,
    -11.84462658196));
#1321 = CARTESIAN_POINT('',(-4.820672987395,-0.536755637321,
    -11.94373774705));
#1322 = ORIENTED_EDGE('',*,*,#1323,.F.);
#1323 = EDGE_CURVE('',#1324,#1312,#1326,.T.);
#1324 = VERTEX_POINT('',#1325);
#1325 = CARTESIAN_POINT('',(-4.75,-1.,-7.4));
#1326 = B_SPLINE_CURVE_WITH_KNOTS('',3,(#1327,#1328,#1329,#1330,#1331,
    #1332,#1333,#1334,#1335,#1336,#1337,#1338,#1339,#1340,#1341,#1342),
  .UNSPECIFIED.,.F.,.F.,(4,3,3,3,3,4),(0.,0.197898827063,0.346322947361,
    0.479073374364,0.667125878516,0.791595308253),.UNSPECIFIED.);
#1327 = CARTESIAN_POINT('',(-4.75,-1.,-7.4));
#1328 = CARTESIAN_POINT('',(-4.778814575097,-1.,-7.748152893446));
#1329 = CARTESIAN_POINT('',(-4.79830266144,-1.,-8.067420745437));
#1330 = CARTESIAN_POINT('',(-4.843894338106,-1.,-8.373803939752));
#1331 = CARTESIAN_POINT('',(-4.878088095605,-1.,-8.603591335489));
#1332 = CARTESIAN_POINT('',(-4.926965122662,-1.,-8.826131111283));
#1333 = CARTESIAN_POINT('',(-5.005472483887,-1.,-9.048173429042));
#1334 = CARTESIAN_POINT('',(-5.075689411598,-1.,-9.246767919183));
#1335 = CARTESIAN_POINT('',(-5.171604900778,-1.,-9.445021993945));
#1336 = CARTESIAN_POINT('',(-5.234081754951,-1.,-9.645752400779));
#1337 = CARTESIAN_POINT('',(-5.322585642614,-1.,-9.930104447826));
#1338 = CARTESIAN_POINT('',(-5.334450385116,-1.,-10.2198864348));
#1339 = CARTESIAN_POINT('',(-5.294636806744,-1.,-10.51354034574));
#1340 = CARTESIAN_POINT('',(-5.268284733326,-1.,-10.70790592996));
#1341 = CARTESIAN_POINT('',(-5.219527384426,-1.,-10.90395620473));
#1342 = CARTESIAN_POINT('',(-5.156077444907,-1.,-11.10121597344));
#1343 = ORIENTED_EDGE('',*,*,#1344,.F.);
#1344 = EDGE_CURVE('',#290,#1324,#1345,.T.);
#1345 = LINE('',#1346,#1347);
#1346 = CARTESIAN_POINT('',(-4.75,4.461683683115,-7.4));
#1347 = VECTOR('',#1348,1.);
#1348 = DIRECTION('',(0.,-1.,4.130293990421E-16));
#1349 = SURFACE_OF_LINEAR_EXTRUSION('',#1350,#1357);
#1350 = B_SPLINE_CURVE_WITH_KNOTS('',3,(#1351,#1352,#1353,#1354,#1355,
    #1356),.UNSPECIFIED.,.F.,.F.,(4,1,1,4),(0.,0.350346947455,
    0.48919996148,1.),.UNSPECIFIED.);
#1351 = CARTESIAN_POINT('',(-4.75,1.,-7.4));
#1352 = CARTESIAN_POINT('',(-4.80101141112,1.,-8.016346773129));
#1353 = CARTESIAN_POINT('',(-4.831425487868,1.,-8.750563224415));
#1354 = CARTESIAN_POINT('',(-5.560577362578,1.,-10.24443181888));
#1355 = CARTESIAN_POINT('',(-5.123566098121,1.,-11.2793272292));
#1356 = CARTESIAN_POINT('',(-4.75,1.,-12.1));
#1357 = VECTOR('',#1358,1.);
#1358 = DIRECTION('',(0.,-1.,2.930276141853E-16));
#1359 = ADVANCED_FACE('',(#1360),#1389,.T.);
#1360 = FACE_BOUND('',#1361,.T.);
#1361 = EDGE_LOOP('',(#1362,#1370,#1371,#1379));
#1362 = ORIENTED_EDGE('',*,*,#1363,.T.);
#1363 = EDGE_CURVE('',#1364,#1312,#1366,.T.);
#1364 = VERTEX_POINT('',#1365);
#1365 = CARTESIAN_POINT('',(-4.656077446977,-1.000000370468,
    -11.10121597349));
#1366 = LINE('',#1367,#1368);
#1367 = CARTESIAN_POINT('',(-4.34406639029,-1.000000370468,
    -11.10121597349));
#1368 = VECTOR('',#1369,1.);
#1369 = DIRECTION('',(-1.,0.,0.));
#1370 = ORIENTED_EDGE('',*,*,#1311,.T.);
#1371 = ORIENTED_EDGE('',*,*,#1372,.F.);
#1372 = EDGE_CURVE('',#1373,#1303,#1375,.T.);
#1373 = VERTEX_POINT('',#1374);
#1374 = CARTESIAN_POINT('',(-4.320672987395,-0.536755637321,
    -11.94373774705));
#1375 = LINE('',#1376,#1377);
#1376 = CARTESIAN_POINT('',(-4.34406639029,-0.536755637321,
    -11.94373774705));
#1377 = VECTOR('',#1378,1.);
#1378 = DIRECTION('',(-1.,0.,0.));
#1379 = ORIENTED_EDGE('',*,*,#1380,.F.);
#1380 = EDGE_CURVE('',#1364,#1373,#1381,.T.);
#1381 = B_SPLINE_CURVE_WITH_KNOTS('',3,(#1382,#1383,#1384,#1385,#1386,
    #1387,#1388),.UNSPECIFIED.,.F.,.F.,(4,3,4),(1.258793458034E-06,
    4.778979628243E-04,1.052263370362E-03),.UNSPECIFIED.);
#1382 = CARTESIAN_POINT('',(-4.656077426016,-1.000000740936,
    -11.10121603217));
#1383 = CARTESIAN_POINT('',(-4.606715906972,-1.000000731911,
    -11.2546762477));
#1384 = CARTESIAN_POINT('',(-4.55052642106,-0.965190162302,
    -11.40248783369));
#1385 = CARTESIAN_POINT('',(-4.495633430195,-0.899600122746,
    -11.53742278205));
#1386 = CARTESIAN_POINT('',(-4.429485624694,-0.820562032255,
    -11.70002370029));
#1387 = CARTESIAN_POINT('',(-4.366070226865,-0.696296606939,
    -11.84251641747));
#1388 = CARTESIAN_POINT('',(-4.320672987395,-0.536755637321,
    -11.94373774705));
#1389 = CYLINDRICAL_SURFACE('',#1390,0.997786007599);
#1390 = AXIS2_PLACEMENT_3D('',#1391,#1392,#1393);
#1391 = CARTESIAN_POINT('',(-4.34406639029,-2.214733337704E-03,
    -11.10121597349));
#1392 = DIRECTION('',(-1.,0.,0.));
#1393 = DIRECTION('',(0.,0.,1.));
#1394 = ADVANCED_FACE('',(#1395),#1455,.T.);
#1395 = FACE_BOUND('',#1396,.T.);
#1396 = EDGE_LOOP('',(#1397,#1398,#1406,#1415,#1431,#1439));
#1397 = ORIENTED_EDGE('',*,*,#1380,.T.);
#1398 = ORIENTED_EDGE('',*,*,#1399,.F.);
#1399 = EDGE_CURVE('',#1400,#1373,#1402,.T.);
#1400 = VERTEX_POINT('',#1401);
#1401 = CARTESIAN_POINT('',(-4.320672987395,0.536755637321,
    -11.94373774705));
#1402 = LINE('',#1403,#1404);
#1403 = CARTESIAN_POINT('',(-4.320672987395,1.,-11.94373774705));
#1404 = VECTOR('',#1405,1.);
#1405 = DIRECTION('',(0.,-1.,2.930276141853E-16));
#1406 = ORIENTED_EDGE('',*,*,#1407,.T.);
#1407 = EDGE_CURVE('',#1400,#1408,#1410,.T.);
#1408 = VERTEX_POINT('',#1409);
#1409 = CARTESIAN_POINT('',(-4.656468391785,1.,-11.1));
#1410 = B_SPLINE_CURVE_WITH_KNOTS('',3,(#1411,#1412,#1413,#1414),
  .UNSPECIFIED.,.F.,.F.,(4,4),(-9.274616610543E-05,9.590779347083E-04),
  .PIECEWISE_BEZIER_KNOTS.);
#1411 = CARTESIAN_POINT('',(-4.320672987395,0.536755637321,
    -11.94373774705));
#1412 = CARTESIAN_POINT('',(-4.40398557255,0.828756455255,
    -11.75797731891));
#1413 = CARTESIAN_POINT('',(-4.54764563417,1.,-11.4386333948));
#1414 = CARTESIAN_POINT('',(-4.65646838975,1.,-11.1));
#1415 = ORIENTED_EDGE('',*,*,#1416,.T.);
#1416 = EDGE_CURVE('',#1408,#301,#1417,.T.);
#1417 = B_SPLINE_CURVE_WITH_KNOTS('',3,(#1418,#1419,#1420,#1421,#1422,
    #1423,#1424,#1425,#1426,#1427,#1428,#1429,#1430),.UNSPECIFIED.,.F.,
  .F.,(4,3,3,3,4),(0.182129303259,0.386596977444,0.512542340675,
    0.645504763313,1.),.UNSPECIFIED.);
#1418 = CARTESIAN_POINT('',(-4.65646838994,1.,-11.0999999994));
#1419 = CARTESIAN_POINT('',(-4.757221320094,1.,-10.78647819408));
#1420 = CARTESIAN_POINT('',(-4.820816712061,1.,-10.47601436793));
#1421 = CARTESIAN_POINT('',(-4.816285641202,1.,-10.17051658905));
#1422 = CARTESIAN_POINT('',(-4.813494650559,1.,-9.982340003777));
#1423 = CARTESIAN_POINT('',(-4.783911686505,1.,-9.796094163572));
#1424 = CARTESIAN_POINT('',(-4.723289132154,1.,-9.612077514057));
#1425 = CARTESIAN_POINT('',(-4.659288985692,1.,-9.417808357197));
#1426 = CARTESIAN_POINT('',(-4.567139859176,1.,-9.225721108517));
#1427 = CARTESIAN_POINT('',(-4.500237188952,1.,-9.033239754108));
#1428 = CARTESIAN_POINT('',(-4.321865905957,1.,-8.520059248407));
#1429 = CARTESIAN_POINT('',(-4.299941045057,1.,-8.003414045824));
#1430 = CARTESIAN_POINT('',(-4.25,1.,-7.4));
#1431 = ORIENTED_EDGE('',*,*,#1432,.T.);
#1432 = EDGE_CURVE('',#301,#1433,#1435,.T.);
#1433 = VERTEX_POINT('',#1434);
#1434 = CARTESIAN_POINT('',(-4.25,-1.,-7.4));
#1435 = LINE('',#1436,#1437);
#1436 = CARTESIAN_POINT('',(-4.25,4.461683683115,-7.4));
#1437 = VECTOR('',#1438,1.);
#1438 = DIRECTION('',(0.,-1.,4.130293990421E-16));
#1439 = ORIENTED_EDGE('',*,*,#1440,.F.);
#1440 = EDGE_CURVE('',#1364,#1433,#1441,.T.);
#1441 = B_SPLINE_CURVE_WITH_KNOTS('',3,(#1442,#1443,#1444,#1445,#1446,
    #1447,#1448,#1449,#1450,#1451,#1452,#1453,#1454),.UNSPECIFIED.,.F.,
  .F.,(4,3,3,3,4),(0.181864968498,0.386398726374,0.512338546511,
    0.645317288709,1.),.UNSPECIFIED.);
#1442 = CARTESIAN_POINT('',(-4.656077445087,-1.,-11.10121597288));
#1443 = CARTESIAN_POINT('',(-4.756958991883,-1.,-10.78758493166));
#1444 = CARTESIAN_POINT('',(-4.820699040425,-1.,-10.47701137828));
#1445 = CARTESIAN_POINT('',(-4.816298629016,-1.,-10.17140523147));
#1446 = CARTESIAN_POINT('',(-4.813589115304,-1.,-9.983230997732));
#1447 = CARTESIAN_POINT('',(-4.78412067999,-1.,-9.796985685182));
#1448 = CARTESIAN_POINT('',(-4.723583215105,-1.,-9.61297081007));
#1449 = CARTESIAN_POINT('',(-4.659662241361,-1.,-9.418671130972));
#1450 = CARTESIAN_POINT('',(-4.567493288521,-1.,-9.226557550147));
#1451 = CARTESIAN_POINT('',(-4.500520314899,-1.,-9.034053936867));
#1452 = CARTESIAN_POINT('',(-4.321889088022,-1.,-8.520605679181));
#1453 = CARTESIAN_POINT('',(-4.29996745635,-1.,-8.003733160998));
#1454 = CARTESIAN_POINT('',(-4.25,-1.,-7.4));
#1455 = SURFACE_OF_LINEAR_EXTRUSION('',#1456,#1463);
#1456 = B_SPLINE_CURVE_WITH_KNOTS('',3,(#1457,#1458,#1459,#1460,#1461,
    #1462),.UNSPECIFIED.,.F.,.F.,(4,1,1,4),(0.,0.494398688594,
    0.63790701139,1.),.UNSPECIFIED.);
#1457 = CARTESIAN_POINT('',(-4.320672987395,1.,-11.94373774705));
#1458 = CARTESIAN_POINT('',(-4.664938198656,1.,-11.17613639465));
#1459 = CARTESIAN_POINT('',(-5.036924190055,1.,-10.19597177534));
#1460 = CARTESIAN_POINT('',(-4.331425487868,1.,-8.750563224415));
#1461 = CARTESIAN_POINT('',(-4.30101141112,1.,-8.016346773129));
#1462 = CARTESIAN_POINT('',(-4.25,1.,-7.4));
#1463 = VECTOR('',#1464,1.);
#1464 = DIRECTION('',(0.,-1.,2.930276141853E-16));
#1465 = ADVANCED_FACE('',(#1466),#1483,.T.);
#1466 = FACE_BOUND('',#1467,.T.);
#1467 = EDGE_LOOP('',(#1468,#1469,#1476));
#1468 = ORIENTED_EDGE('',*,*,#1399,.T.);
#1469 = ORIENTED_EDGE('',*,*,#1470,.T.);
#1470 = EDGE_CURVE('',#1373,#1288,#1471,.T.);
#1471 = ELLIPSE('',#1472,2.923804406919,1.);
#1472 = AXIS2_PLACEMENT_3D('',#1473,#1474,#1475);
#1473 = CARTESIAN_POINT('',(-2.002522573356,-8.066464163292E-14,-11.1));
#1474 = DIRECTION('',(0.342020142535,-2.753558868207E-16,-0.939692621074
    ));
#1475 = DIRECTION('',(-0.939692621074,-1.002213463704E-16,
    -0.342020142535));
#1476 = ORIENTED_EDGE('',*,*,#1477,.T.);
#1477 = EDGE_CURVE('',#1288,#1400,#1478,.T.);
#1478 = ELLIPSE('',#1479,2.923804406919,1.);
#1479 = AXIS2_PLACEMENT_3D('',#1480,#1481,#1482);
#1480 = CARTESIAN_POINT('',(-2.002522573356,-8.066464163292E-14,-11.1));
#1481 = DIRECTION('',(0.342020142535,-2.753558868207E-16,-0.939692621074
    ));
#1482 = DIRECTION('',(-0.939692621074,-1.002213463704E-16,
    -0.342020142535));
#1483 = PLANE('',#1484);
#1484 = AXIS2_PLACEMENT_3D('',#1485,#1486,#1487);
#1485 = CARTESIAN_POINT('',(-4.320672987395,1.,-11.94373774705));
#1486 = DIRECTION('',(0.342020142535,-2.753558868207E-16,-0.939692621074
    ));
#1487 = DIRECTION('',(-4.930380657631E-32,-1.,2.930276141853E-16));
#1488 = ADVANCED_FACE('',(#1489),#1500,.F.);
#1489 = FACE_BOUND('',#1490,.T.);
#1490 = EDGE_LOOP('',(#1491,#1492,#1493,#1494));
#1491 = ORIENTED_EDGE('',*,*,#1323,.T.);
#1492 = ORIENTED_EDGE('',*,*,#1363,.F.);
#1493 = ORIENTED_EDGE('',*,*,#1440,.T.);
#1494 = ORIENTED_EDGE('',*,*,#1495,.T.);
#1495 = EDGE_CURVE('',#1433,#1324,#1496,.T.);
#1496 = LINE('',#1497,#1498);
#1497 = CARTESIAN_POINT('',(-4.25,-1.,-7.4));
#1498 = VECTOR('',#1499,1.);
#1499 = DIRECTION('',(-1.,0.,0.));
#1500 = PLANE('',#1501);
#1501 = AXIS2_PLACEMENT_3D('',#1502,#1503,#1504);
#1502 = CARTESIAN_POINT('',(-5.260935176232,-1.,-9.740874801817));
#1503 = DIRECTION('',(3.261731859915E-31,1.,-2.387418685784E-16));
#1504 = DIRECTION('',(1.,-4.816963471117E-46,1.36621694357E-15));
#1505 = ADVANCED_FACE('',(#1506),#1563,.T.);
#1506 = FACE_BOUND('',#1507,.T.);
#1507 = EDGE_LOOP('',(#1508,#1519,#1531,#1539,#1548,#1557));
#1508 = ORIENTED_EDGE('',*,*,#1509,.T.);
#1509 = EDGE_CURVE('',#1510,#1512,#1514,.T.);
#1510 = VERTEX_POINT('',#1511);
#1511 = CARTESIAN_POINT('',(4.749999998806,1.,-10.75995691652));
#1512 = VERTEX_POINT('',#1513);
#1513 = CARTESIAN_POINT('',(4.65646838975,1.,-11.1));
#1514 = B_SPLINE_CURVE_WITH_KNOTS('',3,(#1515,#1516,#1517,#1518),
  .UNSPECIFIED.,.F.,.F.,(4,4),(0.,0.289481886338),
  .PIECEWISE_BEZIER_KNOTS.);
#1515 = CARTESIAN_POINT('',(4.749999998806,1.,-10.75995691652));
#1516 = CARTESIAN_POINT('',(4.724703458217,1.,-10.8728410589));
#1517 = CARTESIAN_POINT('',(4.693032843891,1.,-10.98621915362));
#1518 = CARTESIAN_POINT('',(4.656468389748,1.,-11.1));
#1519 = ORIENTED_EDGE('',*,*,#1520,.T.);
#1520 = EDGE_CURVE('',#1512,#1521,#1523,.T.);
#1521 = VERTEX_POINT('',#1522);
#1522 = CARTESIAN_POINT('',(4.320672987395,0.536755637321,
    -11.94373774705));
#1523 = B_SPLINE_CURVE_WITH_KNOTS('',3,(#1524,#1525,#1526,#1527,#1528,
    #1529,#1530),.UNSPECIFIED.,.F.,.F.,(4,3,4),(0.,4.901884605906E-04,
    1.053410514958E-03),.UNSPECIFIED.);
#1524 = CARTESIAN_POINT('',(4.65646838975,1.,-11.1));
#1525 = CARTESIAN_POINT('',(4.605735957403,1.,-11.25786859743));
#1526 = CARTESIAN_POINT('',(4.547701706296,0.96318192222,-11.40992225913
    ));
#1527 = CARTESIAN_POINT('',(4.491411953114,0.894143476888,
    -11.54778057432));
#1528 = CARTESIAN_POINT('',(4.426735541946,0.814818935131,-11.7061785166
    ));
#1529 = CARTESIAN_POINT('',(4.365287445805,0.693124069813,
    -11.84426176896));
#1530 = CARTESIAN_POINT('',(4.320672987395,0.536755637321,
    -11.94373774705));
#1531 = ORIENTED_EDGE('',*,*,#1532,.T.);
#1532 = EDGE_CURVE('',#1521,#1533,#1535,.T.);
#1533 = VERTEX_POINT('',#1534);
#1534 = CARTESIAN_POINT('',(4.320672987395,-0.536755637321,
    -11.94373774705));
#1535 = LINE('',#1536,#1537);
#1536 = CARTESIAN_POINT('',(4.320672987395,4.050073920608,
    -11.94373774705));
#1537 = VECTOR('',#1538,1.);
#1538 = DIRECTION('',(0.,-1.,4.130293990421E-16));
#1539 = ORIENTED_EDGE('',*,*,#1540,.T.);
#1540 = EDGE_CURVE('',#1533,#1541,#1543,.T.);
#1541 = VERTEX_POINT('',#1542);
#1542 = CARTESIAN_POINT('',(4.65646838975,-1.,-11.1));
#1543 = B_SPLINE_CURVE_WITH_KNOTS('',3,(#1544,#1545,#1546,#1547),
  .UNSPECIFIED.,.F.,.F.,(4,4),(2.963683562349E-18,1.053425005056E-03),
  .PIECEWISE_BEZIER_KNOTS.);
#1544 = CARTESIAN_POINT('',(4.320672987395,-0.536755637321,
    -11.94373774705));
#1545 = CARTESIAN_POINT('',(4.404124200611,-0.829242330315,
    -11.75766822266));
#1546 = CARTESIAN_POINT('',(4.547468020402,-1.,-11.43918609128));
#1547 = CARTESIAN_POINT('',(4.65646838975,-1.,-11.1));
#1548 = ORIENTED_EDGE('',*,*,#1549,.F.);
#1549 = EDGE_CURVE('',#1550,#1541,#1552,.T.);
#1550 = VERTEX_POINT('',#1551);
#1551 = CARTESIAN_POINT('',(4.750000006942,-1.,-10.75995688022));
#1552 = B_SPLINE_CURVE_WITH_KNOTS('',3,(#1553,#1554,#1555,#1556),
  .UNSPECIFIED.,.F.,.F.,(4,4),(0.,0.289481886338),
  .PIECEWISE_BEZIER_KNOTS.);
#1553 = CARTESIAN_POINT('',(4.749999998806,-1.,-10.75995691652));
#1554 = CARTESIAN_POINT('',(4.724703458217,-1.,-10.8728410589));
#1555 = CARTESIAN_POINT('',(4.693032843891,-1.,-10.98621915362));
#1556 = CARTESIAN_POINT('',(4.656468389748,-1.,-11.1));
#1557 = ORIENTED_EDGE('',*,*,#1558,.F.);
#1558 = EDGE_CURVE('',#1510,#1550,#1559,.T.);
#1559 = LINE('',#1560,#1561);
#1560 = CARTESIAN_POINT('',(4.75,1.,-10.7599569112));
#1561 = VECTOR('',#1562,1.);
#1562 = DIRECTION('',(0.,-1.,2.930276141853E-16));
#1563 = SURFACE_OF_LINEAR_EXTRUSION('',#1564,#1569);
#1564 = B_SPLINE_CURVE_WITH_KNOTS('',3,(#1565,#1566,#1567,#1568),
  .UNSPECIFIED.,.F.,.F.,(4,4),(0.,1.),.PIECEWISE_BEZIER_KNOTS.);
#1565 = CARTESIAN_POINT('',(4.749999998806,4.050073920608,
    -10.75995691652));
#1566 = CARTESIAN_POINT('',(4.662614425539,4.050073920608,
    -11.14990926828));
#1567 = CARTESIAN_POINT('',(4.499165704312,4.050073920608,
    -11.54575605614));
#1568 = CARTESIAN_POINT('',(4.320672987395,4.050073920608,
    -11.94373774705));
#1569 = VECTOR('',#1570,1.);
#1570 = DIRECTION('',(0.,-1.,4.130293990421E-16));
#1571 = ADVANCED_FACE('',(#1572),#1591,.T.);
#1572 = FACE_BOUND('',#1573,.T.);
#1573 = EDGE_LOOP('',(#1574,#1583,#1584));
#1574 = ORIENTED_EDGE('',*,*,#1575,.T.);
#1575 = EDGE_CURVE('',#1576,#1533,#1578,.T.);
#1576 = VERTEX_POINT('',#1577);
#1577 = CARTESIAN_POINT('',(4.75,0.,-12.1));
#1578 = ELLIPSE('',#1579,2.923804406919,1.);
#1579 = AXIS2_PLACEMENT_3D('',#1580,#1581,#1582);
#1580 = CARTESIAN_POINT('',(2.002522573355,6.437450399133E-16,-11.1));
#1581 = DIRECTION('',(-0.342020142535,-3.881206785663E-16,
    -0.939692621074));
#1582 = DIRECTION('',(0.939692621074,-1.412643739317E-16,-0.342020142535
    ));
#1583 = ORIENTED_EDGE('',*,*,#1532,.F.);
#1584 = ORIENTED_EDGE('',*,*,#1585,.T.);
#1585 = EDGE_CURVE('',#1521,#1576,#1586,.T.);
#1586 = ELLIPSE('',#1587,2.923804406919,1.);
#1587 = AXIS2_PLACEMENT_3D('',#1588,#1589,#1590);
#1588 = CARTESIAN_POINT('',(2.002522573355,6.437450399133E-16,-11.1));
#1589 = DIRECTION('',(-0.342020142535,-3.881206785663E-16,
    -0.939692621074));
#1590 = DIRECTION('',(0.939692621074,-1.412643739317E-16,-0.342020142535
    ));
#1591 = PLANE('',#1592);
#1592 = AXIS2_PLACEMENT_3D('',#1593,#1594,#1595);
#1593 = CARTESIAN_POINT('',(4.320672987395,4.050073920608,
    -11.94373774705));
#1594 = DIRECTION('',(-0.342020142535,-3.881206785663E-16,
    -0.939692621074));
#1595 = DIRECTION('',(-0.939692621074,2.465190328816E-32,0.342020142535)
  );
#1596 = ADVANCED_FACE('',(#1597),#1624,.T.);
#1597 = FACE_BOUND('',#1598,.T.);
#1598 = EDGE_LOOP('',(#1599,#1608,#1616,#1623));
#1599 = ORIENTED_EDGE('',*,*,#1600,.F.);
#1600 = EDGE_CURVE('',#1601,#1550,#1603,.T.);
#1601 = VERTEX_POINT('',#1602);
#1602 = CARTESIAN_POINT('',(4.749999998806,-1.,-9.699676360238));
#1603 = B_SPLINE_CURVE_WITH_KNOTS('',3,(#1604,#1605,#1606,#1607),
  .UNSPECIFIED.,.F.,.F.,(4,4),(0.507407069116,0.743666902669),
  .PIECEWISE_BEZIER_KNOTS.);
#1604 = CARTESIAN_POINT('',(4.749999999172,-1.,-9.699676360136));
#1605 = CARTESIAN_POINT('',(4.846468248439,-1.,-10.04613334647));
#1606 = CARTESIAN_POINT('',(4.830542475844,-1.,-10.40054141086));
#1607 = CARTESIAN_POINT('',(4.750000006942,-1.,-10.75995688022));
#1608 = ORIENTED_EDGE('',*,*,#1609,.F.);
#1609 = EDGE_CURVE('',#1610,#1601,#1612,.T.);
#1610 = VERTEX_POINT('',#1611);
#1611 = CARTESIAN_POINT('',(4.750000000702,1.,-9.699676365631));
#1612 = LINE('',#1613,#1614);
#1613 = CARTESIAN_POINT('',(4.75,1.,-9.699676363111));
#1614 = VECTOR('',#1615,1.);
#1615 = DIRECTION('',(0.,-1.,2.930276141853E-16));
#1616 = ORIENTED_EDGE('',*,*,#1617,.T.);
#1617 = EDGE_CURVE('',#1610,#1510,#1618,.T.);
#1618 = B_SPLINE_CURVE_WITH_KNOTS('',3,(#1619,#1620,#1621,#1622),
  .UNSPECIFIED.,.F.,.F.,(4,4),(0.507407070365,0.743666910623),
  .PIECEWISE_BEZIER_KNOTS.);
#1619 = CARTESIAN_POINT('',(4.750000000702,1.,-9.699676365631));
#1620 = CARTESIAN_POINT('',(4.846468251519,1.,-10.04613336188));
#1621 = CARTESIAN_POINT('',(4.830542474346,1.,-10.40054143662));
#1622 = CARTESIAN_POINT('',(4.749999998806,1.,-10.75995691652));
#1623 = ORIENTED_EDGE('',*,*,#1558,.T.);
#1624 = SURFACE_OF_LINEAR_EXTRUSION('',#1625,#1632);
#1625 = B_SPLINE_CURVE_WITH_KNOTS('',3,(#1626,#1627,#1628,#1629,#1630,
    #1631),.UNSPECIFIED.,.F.,.F.,(4,1,1,4),(0.,0.36209298861,
    0.505601311406,1.),.UNSPECIFIED.);
#1626 = CARTESIAN_POINT('',(4.25,1.,-7.4));
#1627 = CARTESIAN_POINT('',(4.30101141112,1.,-8.016346773129));
#1628 = CARTESIAN_POINT('',(4.331425487868,1.,-8.750563224415));
#1629 = CARTESIAN_POINT('',(5.036924190055,1.,-10.19597177534));
#1630 = CARTESIAN_POINT('',(4.664938198656,1.,-11.17613639465));
#1631 = CARTESIAN_POINT('',(4.320672987395,1.,-11.94373774705));
#1632 = VECTOR('',#1633,1.);
#1633 = DIRECTION('',(0.,-1.,2.930276141853E-16));
#1634 = ADVANCED_FACE('',(#1635),#1660,.T.);
#1635 = FACE_BOUND('',#1636,.T.);
#1636 = EDGE_LOOP('',(#1637,#1638,#1639,#1654));
#1637 = ORIENTED_EDGE('',*,*,#1540,.F.);
#1638 = ORIENTED_EDGE('',*,*,#1575,.F.);
#1639 = ORIENTED_EDGE('',*,*,#1640,.F.);
#1640 = EDGE_CURVE('',#1641,#1576,#1643,.T.);
#1641 = VERTEX_POINT('',#1642);
#1642 = CARTESIAN_POINT('',(5.156468389813,-1.,-11.1));
#1643 = B_SPLINE_CURVE_WITH_KNOTS('',3,(#1644,#1645,#1646,#1647,#1648,
    #1649,#1650,#1651,#1652,#1653),.UNSPECIFIED.,.F.,.F.,(4,3,3,4),(
    7.82508923944E-14,5.956370734876E-04,1.276283450056E-03,
    1.624002539318E-03),.UNSPECIFIED.);
#1644 = CARTESIAN_POINT('',(5.15646838975,-1.,-11.1));
#1645 = CARTESIAN_POINT('',(5.094822471978,-1.,-11.29182905541));
#1646 = CARTESIAN_POINT('',(5.022042950153,-0.945448548849,
    -11.47603964687));
#1647 = CARTESIAN_POINT('',(4.955377732586,-0.845007527642,
    -11.63475440926));
#1648 = CARTESIAN_POINT('',(4.879198057402,-0.730231567253,
    -11.81612093722));
#1649 = CARTESIAN_POINT('',(4.812030792187,-0.552719087069,
    -11.96327453572));
#1650 = CARTESIAN_POINT('',(4.777220956757,-0.340958622391,
    -12.04007830408));
#1651 = CARTESIAN_POINT('',(4.7594377955,-0.232777401637,-12.07931473773
    ));
#1652 = CARTESIAN_POINT('',(4.75,-0.11605974828,-12.1));
#1653 = CARTESIAN_POINT('',(4.75,0.,-12.1));
#1654 = ORIENTED_EDGE('',*,*,#1655,.F.);
#1655 = EDGE_CURVE('',#1541,#1641,#1656,.T.);
#1656 = LINE('',#1657,#1658);
#1657 = CARTESIAN_POINT('',(4.25,-1.,-11.1));
#1658 = VECTOR('',#1659,1.);
#1659 = DIRECTION('',(1.,0.,0.));
#1660 = CYLINDRICAL_SURFACE('',#1661,1.);
#1661 = AXIS2_PLACEMENT_3D('',#1662,#1663,#1664);
#1662 = CARTESIAN_POINT('',(4.25,6.437450399133E-16,-11.1));
#1663 = DIRECTION('',(1.,0.,0.));
#1664 = DIRECTION('',(0.,0.,-1.));
#1665 = ADVANCED_FACE('',(#1666),#1691,.T.);
#1666 = FACE_BOUND('',#1667,.T.);
#1667 = EDGE_LOOP('',(#1668,#1669,#1677,#1690));
#1668 = ORIENTED_EDGE('',*,*,#1520,.F.);
#1669 = ORIENTED_EDGE('',*,*,#1670,.T.);
#1670 = EDGE_CURVE('',#1512,#1671,#1673,.T.);
#1671 = VERTEX_POINT('',#1672);
#1672 = CARTESIAN_POINT('',(5.15646838975,1.,-11.1));
#1673 = LINE('',#1674,#1675);
#1674 = CARTESIAN_POINT('',(4.25,1.,-11.1));
#1675 = VECTOR('',#1676,1.);
#1676 = DIRECTION('',(1.,0.,0.));
#1677 = ORIENTED_EDGE('',*,*,#1678,.F.);
#1678 = EDGE_CURVE('',#1576,#1671,#1679,.T.);
#1679 = B_SPLINE_CURVE_WITH_KNOTS('',3,(#1680,#1681,#1682,#1683,#1684,
    #1685,#1686,#1687,#1688,#1689),.UNSPECIFIED.,.F.,.F.,(4,3,3,4),(
    1.624002539318E-03,2.245811577931E-03,2.948614483202E-03,
    3.243808902179E-03),.UNSPECIFIED.);
#1680 = CARTESIAN_POINT('',(4.75,0.,-12.1));
#1681 = CARTESIAN_POINT('',(4.75,0.207543970775,-12.1));
#1682 = CARTESIAN_POINT('',(4.781252251055,0.414983297999,-12.0320485683
    ));
#1683 = CARTESIAN_POINT('',(4.833646844773,0.579808547689,
    -11.91475275269));
#1684 = CARTESIAN_POINT('',(4.892866107277,0.766103144825,
    -11.78217854604));
#1685 = CARTESIAN_POINT('',(4.977711358971,0.899241942857,
    -11.59020935738));
#1686 = CARTESIAN_POINT('',(5.058599213701,0.960672815074,
    -11.37768280893));
#1687 = CARTESIAN_POINT('',(5.092574092148,0.986475284722,-11.2884164577
    ));
#1688 = CARTESIAN_POINT('',(5.125907478348,1.,-11.19509909137));
#1689 = CARTESIAN_POINT('',(5.15646838975,1.,-11.1));
#1690 = ORIENTED_EDGE('',*,*,#1585,.F.);
#1691 = CYLINDRICAL_SURFACE('',#1692,1.);
#1692 = AXIS2_PLACEMENT_3D('',#1693,#1694,#1695);
#1693 = CARTESIAN_POINT('',(4.25,6.437450399133E-16,-11.1));
#1694 = DIRECTION('',(1.,0.,0.));
#1695 = DIRECTION('',(0.,0.,-1.));
#1696 = ADVANCED_FACE('',(#1697),#1750,.F.);
#1697 = FACE_BOUND('',#1698,.T.);
#1698 = EDGE_LOOP('',(#1699,#1700,#1701,#1732,#1733,#1749));
#1699 = ORIENTED_EDGE('',*,*,#1509,.F.);
#1700 = ORIENTED_EDGE('',*,*,#1617,.F.);
#1701 = ORIENTED_EDGE('',*,*,#1702,.F.);
#1702 = EDGE_CURVE('',#704,#1610,#1703,.T.);
#1703 = B_SPLINE_CURVE_WITH_KNOTS('',3,(#1704,#1705,#1706,#1707,#1708,
    #1709,#1710,#1711,#1712,#1713,#1714,#1715,#1716,#1717,#1718,#1719,
    #1720,#1721,#1722,#1723,#1724,#1725,#1726,#1727,#1728,#1729,#1730,
    #1731),.UNSPECIFIED.,.F.,.F.,(4,3,3,3,3,3,3,3,3,4),(0.,0.5,0.75,
    0.875,0.9375,0.96875,0.984375,0.9921875,0.997176895961,1.),
  .UNSPECIFIED.);
#1704 = CARTESIAN_POINT('',(4.25,1.,-7.4));
#1705 = CARTESIAN_POINT('',(4.28574157913,1.,-7.831848612876));
#1706 = CARTESIAN_POINT('',(4.307133511668,1.,-8.219254976034));
#1707 = CARTESIAN_POINT('',(4.381792919482,1.,-8.592755287254));
#1708 = CARTESIAN_POINT('',(4.419122623389,1.,-8.779505442864));
#1709 = CARTESIAN_POINT('',(4.470835728553,1.,-8.96303865259));
#1710 = CARTESIAN_POINT('',(4.542003112102,1.,-9.146349026981));
#1711 = CARTESIAN_POINT('',(4.577586803877,1.,-9.238004214176));
#1712 = CARTESIAN_POINT('',(4.616468702513,1.,-9.32922272272));
#1713 = CARTESIAN_POINT('',(4.652339619389,1.,-9.418689053565));
#1714 = CARTESIAN_POINT('',(4.670275077828,1.,-9.463422218988));
#1715 = CARTESIAN_POINT('',(4.687457790826,1.,-9.507717339986));
#1716 = CARTESIAN_POINT('',(4.703099109808,1.,-9.551409979178));
#1717 = CARTESIAN_POINT('',(4.710919769299,1.,-9.573256298774));
#1718 = CARTESIAN_POINT('',(4.718355080285,1.,-9.594951997919));
#1719 = CARTESIAN_POINT('',(4.725306461695,1.,-9.616476521939));
#1720 = CARTESIAN_POINT('',(4.7287821524,1.,-9.627238783949));
#1721 = CARTESIAN_POINT('',(4.732136860711,1.,-9.637958252179));
#1722 = CARTESIAN_POINT('',(4.735358263993,1.,-9.648632357293));
#1723 = CARTESIAN_POINT('',(4.736968965635,1.,-9.65396940985));
#1724 = CARTESIAN_POINT('',(4.738546341019,1.,-9.659295121628));
#1725 = CARTESIAN_POINT('',(4.740088849817,1.,-9.664609171461));
#1726 = CARTESIAN_POINT('',(4.741073961774,1.,-9.668002950504));
#1727 = CARTESIAN_POINT('',(4.741769544829,1.,-9.670413266183));
#1728 = CARTESIAN_POINT('',(4.743048737288,1.,-9.67494542572));
#1729 = CARTESIAN_POINT('',(4.743772530994,1.,-9.677509815877));
#1730 = CARTESIAN_POINT('',(4.745192791742,1.,-9.682565204973));
#1731 = CARTESIAN_POINT('',(4.749999998806,1.,-9.699676360238));
#1732 = ORIENTED_EDGE('',*,*,#712,.T.);
#1733 = ORIENTED_EDGE('',*,*,#1734,.F.);
#1734 = EDGE_CURVE('',#1671,#713,#1735,.T.);
#1735 = B_SPLINE_CURVE_WITH_KNOTS('',3,(#1736,#1737,#1738,#1739,#1740,
    #1741,#1742,#1743,#1744,#1745,#1746,#1747,#1748),.UNSPECIFIED.,.F.,
  .F.,(4,3,3,3,4),(0.208660451668,0.406495338751,0.528355123228,
    0.657004338666,1.),.UNSPECIFIED.);
#1736 = CARTESIAN_POINT('',(5.15646838975,1.,-11.1));
#1737 = CARTESIAN_POINT('',(5.257221319966,1.,-10.78647819461));
#1738 = CARTESIAN_POINT('',(5.320816712004,1.,-10.47601436842));
#1739 = CARTESIAN_POINT('',(5.316285641208,1.,-10.17051658948));
#1740 = CARTESIAN_POINT('',(5.313494650605,1.,-9.982340004212));
#1741 = CARTESIAN_POINT('',(5.283911686607,1.,-9.796094164007));
#1742 = CARTESIAN_POINT('',(5.223289132298,1.,-9.612077514494));
#1743 = CARTESIAN_POINT('',(5.159288985875,1.,-9.417808357619));
#1744 = CARTESIAN_POINT('',(5.067139859349,1.,-9.225721108925));
#1745 = CARTESIAN_POINT('',(5.00023718909,1.,-9.033239754506));
#1746 = CARTESIAN_POINT('',(4.821865905969,1.,-8.520059248674));
#1747 = CARTESIAN_POINT('',(4.799941045069,1.,-8.00341404598));
#1748 = CARTESIAN_POINT('',(4.75,1.,-7.4));
#1749 = ORIENTED_EDGE('',*,*,#1670,.F.);
#1750 = PLANE('',#1751);
#1751 = AXIS2_PLACEMENT_3D('',#1752,#1753,#1754);
#1752 = CARTESIAN_POINT('',(4.25,1.,-7.4));
#1753 = DIRECTION('',(0.,-1.,2.930276141853E-16));
#1754 = DIRECTION('',(-1.,0.,0.));
#1755 = ADVANCED_FACE('',(#1756),#1818,.F.);
#1756 = FACE_BOUND('',#1757,.T.);
#1757 = EDGE_LOOP('',(#1758,#1759,#1760,#1778,#1786,#1817));
#1758 = ORIENTED_EDGE('',*,*,#1549,.T.);
#1759 = ORIENTED_EDGE('',*,*,#1655,.T.);
#1760 = ORIENTED_EDGE('',*,*,#1761,.T.);
#1761 = EDGE_CURVE('',#1641,#1762,#1764,.T.);
#1762 = VERTEX_POINT('',#1763);
#1763 = CARTESIAN_POINT('',(4.75,-1.,-7.4));
#1764 = B_SPLINE_CURVE_WITH_KNOTS('',3,(#1765,#1766,#1767,#1768,#1769,
    #1770,#1771,#1772,#1773,#1774,#1775,#1776,#1777),.UNSPECIFIED.,.F.,
  .F.,(4,3,3,3,4),(0.208660451672,0.406495338754,0.528355123231,
    0.657004338669,1.),.UNSPECIFIED.);
#1765 = CARTESIAN_POINT('',(5.156468389756,-1.,-11.09999999998));
#1766 = CARTESIAN_POINT('',(5.25722131997,-1.,-10.7864781946));
#1767 = CARTESIAN_POINT('',(5.320816712006,-1.,-10.47601436841));
#1768 = CARTESIAN_POINT('',(5.316285641208,-1.,-10.17051658947));
#1769 = CARTESIAN_POINT('',(5.313494650604,-1.,-9.982340004198));
#1770 = CARTESIAN_POINT('',(5.283911686604,-1.,-9.796094163994));
#1771 = CARTESIAN_POINT('',(5.223289132294,-1.,-9.61207751448));
#1772 = CARTESIAN_POINT('',(5.159288985869,-1.,-9.417808357606));
#1773 = CARTESIAN_POINT('',(5.067139859343,-1.,-9.225721108913));
#1774 = CARTESIAN_POINT('',(5.000237189086,-1.,-9.033239754494));
#1775 = CARTESIAN_POINT('',(4.821865905968,-1.,-8.520059248666));
#1776 = CARTESIAN_POINT('',(4.799941045069,-1.,-8.003414045975));
#1777 = CARTESIAN_POINT('',(4.75,-1.,-7.4));
#1778 = ORIENTED_EDGE('',*,*,#1779,.F.);
#1779 = EDGE_CURVE('',#1780,#1762,#1782,.T.);
#1780 = VERTEX_POINT('',#1781);
#1781 = CARTESIAN_POINT('',(4.25,-1.,-7.4));
#1782 = LINE('',#1783,#1784);
#1783 = CARTESIAN_POINT('',(4.25,-1.,-7.4));
#1784 = VECTOR('',#1785,1.);
#1785 = DIRECTION('',(1.,0.,0.));
#1786 = ORIENTED_EDGE('',*,*,#1787,.T.);
#1787 = EDGE_CURVE('',#1780,#1601,#1788,.T.);
#1788 = B_SPLINE_CURVE_WITH_KNOTS('',3,(#1789,#1790,#1791,#1792,#1793,
    #1794,#1795,#1796,#1797,#1798,#1799,#1800,#1801,#1802,#1803,#1804,
    #1805,#1806,#1807,#1808,#1809,#1810,#1811,#1812,#1813,#1814,#1815,
    #1816),.UNSPECIFIED.,.F.,.F.,(4,3,3,3,3,3,3,3,3,4),(0.,0.5,0.75,
    0.875,0.9375,0.96875,0.984375,0.9921875,0.997176895961,1.),
  .UNSPECIFIED.);
#1789 = CARTESIAN_POINT('',(4.25,-1.,-7.4));
#1790 = CARTESIAN_POINT('',(4.28574157913,-1.,-7.831848612876));
#1791 = CARTESIAN_POINT('',(4.307133511668,-1.,-8.219254976034));
#1792 = CARTESIAN_POINT('',(4.381792919482,-1.,-8.592755287254));
#1793 = CARTESIAN_POINT('',(4.419122623389,-1.,-8.779505442864));
#1794 = CARTESIAN_POINT('',(4.470835728553,-1.,-8.96303865259));
#1795 = CARTESIAN_POINT('',(4.542003112102,-1.,-9.146349026981));
#1796 = CARTESIAN_POINT('',(4.577586803877,-1.,-9.238004214176));
#1797 = CARTESIAN_POINT('',(4.616468702513,-1.,-9.32922272272));
#1798 = CARTESIAN_POINT('',(4.652339619389,-1.,-9.418689053565));
#1799 = CARTESIAN_POINT('',(4.670275077828,-1.,-9.463422218988));
#1800 = CARTESIAN_POINT('',(4.687457790826,-1.,-9.507717339986));
#1801 = CARTESIAN_POINT('',(4.703099109808,-1.,-9.551409979178));
#1802 = CARTESIAN_POINT('',(4.710919769299,-1.,-9.573256298774));
#1803 = CARTESIAN_POINT('',(4.718355080285,-1.,-9.594951997919));
#1804 = CARTESIAN_POINT('',(4.725306461695,-1.,-9.616476521939));
#1805 = CARTESIAN_POINT('',(4.7287821524,-1.,-9.627238783949));
#1806 = CARTESIAN_POINT('',(4.732136860711,-1.,-9.637958252179));
#1807 = CARTESIAN_POINT('',(4.735358263993,-1.,-9.648632357293));
#1808 = CARTESIAN_POINT('',(4.736968965635,-1.,-9.65396940985));
#1809 = CARTESIAN_POINT('',(4.738546341019,-1.,-9.659295121628));
#1810 = CARTESIAN_POINT('',(4.740088849817,-1.,-9.664609171461));
#1811 = CARTESIAN_POINT('',(4.741073961774,-1.,-9.668002950504));
#1812 = CARTESIAN_POINT('',(4.741769544829,-1.,-9.670413266183));
#1813 = CARTESIAN_POINT('',(4.743048737288,-1.,-9.67494542572));
#1814 = CARTESIAN_POINT('',(4.743772530994,-1.,-9.677509815877));
#1815 = CARTESIAN_POINT('',(4.745192791742,-1.,-9.682565204973));
#1816 = CARTESIAN_POINT('',(4.749999998806,-1.,-9.699676360238));
#1817 = ORIENTED_EDGE('',*,*,#1600,.T.);
#1818 = PLANE('',#1819);
#1819 = AXIS2_PLACEMENT_3D('',#1820,#1821,#1822);
#1820 = CARTESIAN_POINT('',(4.25,-1.,-11.1));
#1821 = DIRECTION('',(0.,1.,-2.930276141853E-16));
#1822 = DIRECTION('',(1.,0.,0.));
#1823 = ADVANCED_FACE('',(#1824),#1851,.F.);
#1824 = FACE_BOUND('',#1825,.F.);
#1825 = EDGE_LOOP('',(#1826,#1835,#1843,#1850));
#1826 = ORIENTED_EDGE('',*,*,#1827,.F.);
#1827 = EDGE_CURVE('',#1828,#721,#1830,.T.);
#1828 = VERTEX_POINT('',#1829);
#1829 = CARTESIAN_POINT('',(4.75,1.444495330286,-7.4));
#1830 = CIRCLE('',#1831,0.222247665143);
#1831 = AXIS2_PLACEMENT_3D('',#1832,#1833,#1834);
#1832 = CARTESIAN_POINT('',(4.75,1.222247665143,-7.4));
#1833 = DIRECTION('',(1.,0.,0.));
#1834 = DIRECTION('',(-0.,1.,0.));
#1835 = ORIENTED_EDGE('',*,*,#1836,.F.);
#1836 = EDGE_CURVE('',#1837,#1828,#1839,.T.);
#1837 = VERTEX_POINT('',#1838);
#1838 = CARTESIAN_POINT('',(4.25,1.444495330286,-7.4));
#1839 = LINE('',#1840,#1841);
#1840 = CARTESIAN_POINT('',(4.25,1.444495330286,-7.4));
#1841 = VECTOR('',#1842,1.);
#1842 = DIRECTION('',(1.,0.,0.));
#1843 = ORIENTED_EDGE('',*,*,#1844,.T.);
#1844 = EDGE_CURVE('',#1837,#702,#1845,.T.);
#1845 = CIRCLE('',#1846,0.222247665143);
#1846 = AXIS2_PLACEMENT_3D('',#1847,#1848,#1849);
#1847 = CARTESIAN_POINT('',(4.25,1.222247665143,-7.4));
#1848 = DIRECTION('',(1.,0.,0.));
#1849 = DIRECTION('',(-0.,1.,0.));
#1850 = ORIENTED_EDGE('',*,*,#729,.F.);
#1851 = CYLINDRICAL_SURFACE('',#1852,0.222247665143);
#1852 = AXIS2_PLACEMENT_3D('',#1853,#1854,#1855);
#1853 = CARTESIAN_POINT('',(4.25,1.222247665143,-7.4));
#1854 = DIRECTION('',(1.,0.,0.));
#1855 = DIRECTION('',(0.,0.,-1.));
#1856 = ADVANCED_FACE('',(#1857),#1875,.F.);
#1857 = FACE_BOUND('',#1858,.F.);
#1858 = EDGE_LOOP('',(#1859,#1866,#1867,#1874));
#1859 = ORIENTED_EDGE('',*,*,#1860,.F.);
#1860 = EDGE_CURVE('',#1762,#679,#1861,.T.);
#1861 = CIRCLE('',#1862,0.222247665143);
#1862 = AXIS2_PLACEMENT_3D('',#1863,#1864,#1865);
#1863 = CARTESIAN_POINT('',(4.75,-1.222247665143,-7.4));
#1864 = DIRECTION('',(1.,0.,0.));
#1865 = DIRECTION('',(-0.,1.,0.));
#1866 = ORIENTED_EDGE('',*,*,#1779,.F.);
#1867 = ORIENTED_EDGE('',*,*,#1868,.T.);
#1868 = EDGE_CURVE('',#1780,#660,#1869,.T.);
#1869 = CIRCLE('',#1870,0.222247665143);
#1870 = AXIS2_PLACEMENT_3D('',#1871,#1872,#1873);
#1871 = CARTESIAN_POINT('',(4.25,-1.222247665143,-7.4));
#1872 = DIRECTION('',(1.,0.,0.));
#1873 = DIRECTION('',(-0.,1.,0.));
#1874 = ORIENTED_EDGE('',*,*,#687,.F.);
#1875 = CYLINDRICAL_SURFACE('',#1876,0.222247665143);
#1876 = AXIS2_PLACEMENT_3D('',#1877,#1878,#1879);
#1877 = CARTESIAN_POINT('',(4.25,-1.222247665143,-7.4));
#1878 = DIRECTION('',(1.,0.,0.));
#1879 = DIRECTION('',(0.,0.,-1.));
#1880 = ADVANCED_FACE('',(#1881),#1906,.F.);
#1881 = FACE_BOUND('',#1882,.T.);
#1882 = EDGE_LOOP('',(#1883,#1884,#1892,#1900));
#1883 = ORIENTED_EDGE('',*,*,#1836,.F.);
#1884 = ORIENTED_EDGE('',*,*,#1885,.F.);
#1885 = EDGE_CURVE('',#1886,#1837,#1888,.T.);
#1886 = VERTEX_POINT('',#1887);
#1887 = CARTESIAN_POINT('',(4.25,3.15,-7.4));
#1888 = LINE('',#1889,#1890);
#1889 = CARTESIAN_POINT('',(4.25,3.15,-7.4));
#1890 = VECTOR('',#1891,1.);
#1891 = DIRECTION('',(0.,-1.,0.));
#1892 = ORIENTED_EDGE('',*,*,#1893,.T.);
#1893 = EDGE_CURVE('',#1886,#1894,#1896,.T.);
#1894 = VERTEX_POINT('',#1895);
#1895 = CARTESIAN_POINT('',(4.75,3.15,-7.4));
#1896 = LINE('',#1897,#1898);
#1897 = CARTESIAN_POINT('',(4.25,3.15,-7.4));
#1898 = VECTOR('',#1899,1.);
#1899 = DIRECTION('',(1.,0.,0.));
#1900 = ORIENTED_EDGE('',*,*,#1901,.T.);
#1901 = EDGE_CURVE('',#1894,#1828,#1902,.T.);
#1902 = LINE('',#1903,#1904);
#1903 = CARTESIAN_POINT('',(4.75,3.15,-7.4));
#1904 = VECTOR('',#1905,1.);
#1905 = DIRECTION('',(0.,-1.,0.));
#1906 = PLANE('',#1907);
#1907 = AXIS2_PLACEMENT_3D('',#1908,#1909,#1910);
#1908 = CARTESIAN_POINT('',(4.25,3.15,-7.4));
#1909 = DIRECTION('',(0.,0.,1.));
#1910 = DIRECTION('',(1.,-0.,0.));
#1911 = ADVANCED_FACE('',(#1912),#1937,.F.);
#1912 = FACE_BOUND('',#1913,.T.);
#1913 = EDGE_LOOP('',(#1914,#1922,#1923,#1931));
#1914 = ORIENTED_EDGE('',*,*,#1915,.T.);
#1915 = EDGE_CURVE('',#1916,#1894,#1918,.T.);
#1916 = VERTEX_POINT('',#1917);
#1917 = CARTESIAN_POINT('',(4.75,3.15,-5.3));
#1918 = LINE('',#1919,#1920);
#1919 = CARTESIAN_POINT('',(4.75,3.15,-5.3));
#1920 = VECTOR('',#1921,1.);
#1921 = DIRECTION('',(0.,4.130293990421E-16,-1.));
#1922 = ORIENTED_EDGE('',*,*,#1893,.F.);
#1923 = ORIENTED_EDGE('',*,*,#1924,.F.);
#1924 = EDGE_CURVE('',#1925,#1886,#1927,.T.);
#1925 = VERTEX_POINT('',#1926);
#1926 = CARTESIAN_POINT('',(4.25,3.15,-5.3));
#1927 = LINE('',#1928,#1929);
#1928 = CARTESIAN_POINT('',(4.25,3.15,-5.3));
#1929 = VECTOR('',#1930,1.);
#1930 = DIRECTION('',(0.,4.130293990421E-16,-1.));
#1931 = ORIENTED_EDGE('',*,*,#1932,.T.);
#1932 = EDGE_CURVE('',#1925,#1916,#1933,.T.);
#1933 = LINE('',#1934,#1935);
#1934 = CARTESIAN_POINT('',(4.25,3.15,-5.3));
#1935 = VECTOR('',#1936,1.);
#1936 = DIRECTION('',(1.,0.,0.));
#1937 = PLANE('',#1938);
#1938 = AXIS2_PLACEMENT_3D('',#1939,#1940,#1941);
#1939 = CARTESIAN_POINT('',(4.25,3.15,-5.3));
#1940 = DIRECTION('',(0.,-1.,-4.130293990421E-16));
#1941 = DIRECTION('',(0.,4.130293990421E-16,-1.));
#1942 = ADVANCED_FACE('',(#1943),#1955,.T.);
#1943 = FACE_BOUND('',#1944,.T.);
#1944 = EDGE_LOOP('',(#1945,#1946,#1947,#1948));
#1945 = ORIENTED_EDGE('',*,*,#619,.T.);
#1946 = ORIENTED_EDGE('',*,*,#564,.F.);
#1947 = ORIENTED_EDGE('',*,*,#637,.T.);
#1948 = ORIENTED_EDGE('',*,*,#1949,.T.);
#1949 = EDGE_CURVE('',#629,#620,#1950,.T.);
#1950 = CIRCLE('',#1951,0.6);
#1951 = AXIS2_PLACEMENT_3D('',#1952,#1953,#1954);
#1952 = CARTESIAN_POINT('',(2.5,4.3,1.1));
#1953 = DIRECTION('',(0.,0.,-1.));
#1954 = DIRECTION('',(-1.,0.,0.));
#1955 = TOROIDAL_SURFACE('',#1956,0.6,0.1);
#1956 = AXIS2_PLACEMENT_3D('',#1957,#1958,#1959);
#1957 = CARTESIAN_POINT('',(2.5,4.3,1.));
#1958 = DIRECTION('',(0.,0.,-1.));
#1959 = DIRECTION('',(-1.,0.,0.));
#1960 = ADVANCED_FACE('',(#1961),#2011,.F.);
#1961 = FACE_BOUND('',#1962,.T.);
#1962 = EDGE_LOOP('',(#1963,#1964,#1972,#1981,#1989,#1997,#2005));
#1963 = ORIENTED_EDGE('',*,*,#1932,.F.);
#1964 = ORIENTED_EDGE('',*,*,#1965,.F.);
#1965 = EDGE_CURVE('',#1966,#1925,#1968,.T.);
#1966 = VERTEX_POINT('',#1967);
#1967 = CARTESIAN_POINT('',(1.991023720021,3.15,-5.3));
#1968 = LINE('',#1969,#1970);
#1969 = CARTESIAN_POINT('',(4.75,3.15,-5.3));
#1970 = VECTOR('',#1971,1.);
#1971 = DIRECTION('',(1.,1.571890531069E-16,0.));
#1972 = ORIENTED_EDGE('',*,*,#1973,.F.);
#1973 = EDGE_CURVE('',#1974,#1966,#1976,.T.);
#1974 = VERTEX_POINT('',#1975);
#1975 = CARTESIAN_POINT('',(1.991023720021,5.187420288032,-5.3));
#1976 = CIRCLE('',#1977,1.018710144016);
#1977 = AXIS2_PLACEMENT_3D('',#1978,#1979,#1980);
#1978 = CARTESIAN_POINT('',(1.991023720021,4.168710144016,-5.3));
#1979 = DIRECTION('',(0.,-0.,1.));
#1980 = DIRECTION('',(0.,1.,0.));
#1981 = ORIENTED_EDGE('',*,*,#1982,.F.);
#1982 = EDGE_CURVE('',#1983,#1974,#1985,.T.);
#1983 = VERTEX_POINT('',#1984);
#1984 = CARTESIAN_POINT('',(4.25,5.187420288032,-5.3));
#1985 = LINE('',#1986,#1987);
#1986 = CARTESIAN_POINT('',(4.75,5.187420288032,-5.3));
#1987 = VECTOR('',#1988,1.);
#1988 = DIRECTION('',(-1.,0.,0.));
#1989 = ORIENTED_EDGE('',*,*,#1990,.F.);
#1990 = EDGE_CURVE('',#1991,#1983,#1993,.T.);
#1991 = VERTEX_POINT('',#1992);
#1992 = CARTESIAN_POINT('',(4.25,5.75,-5.3));
#1993 = LINE('',#1994,#1995);
#1994 = CARTESIAN_POINT('',(4.25,6.,-5.3));
#1995 = VECTOR('',#1996,1.);
#1996 = DIRECTION('',(0.,-1.,3.043374519258E-16));
#1997 = ORIENTED_EDGE('',*,*,#1998,.T.);
#1998 = EDGE_CURVE('',#1991,#1999,#2001,.T.);
#1999 = VERTEX_POINT('',#2000);
#2000 = CARTESIAN_POINT('',(4.75,5.75,-5.3));
#2001 = LINE('',#2002,#2003);
#2002 = CARTESIAN_POINT('',(1.35020505108,5.75,-5.3));
#2003 = VECTOR('',#2004,1.);
#2004 = DIRECTION('',(1.,0.,0.));
#2005 = ORIENTED_EDGE('',*,*,#2006,.T.);
#2006 = EDGE_CURVE('',#1999,#1916,#2007,.T.);
#2007 = LINE('',#2008,#2009);
#2008 = CARTESIAN_POINT('',(4.75,6.,-5.3));
#2009 = VECTOR('',#2010,1.);
#2010 = DIRECTION('',(0.,-1.,3.043374519258E-16));
#2011 = PLANE('',#2012);
#2012 = AXIS2_PLACEMENT_3D('',#2013,#2014,#2015);
#2013 = CARTESIAN_POINT('',(4.25,6.,-5.3));
#2014 = DIRECTION('',(0.,3.043374519258E-16,1.));
#2015 = DIRECTION('',(1.,-0.,0.));
#2016 = ADVANCED_FACE('',(#2017),#2076,.F.);
#2017 = FACE_BOUND('',#2018,.T.);
#2018 = EDGE_LOOP('',(#2019,#2029,#2037,#2045,#2053,#2062,#2070));
#2019 = ORIENTED_EDGE('',*,*,#2020,.T.);
#2020 = EDGE_CURVE('',#2021,#2023,#2025,.T.);
#2021 = VERTEX_POINT('',#2022);
#2022 = CARTESIAN_POINT('',(4.75,-3.15,-5.3));
#2023 = VERTEX_POINT('',#2024);
#2024 = CARTESIAN_POINT('',(4.75,-5.75,-5.3));
#2025 = LINE('',#2026,#2027);
#2026 = CARTESIAN_POINT('',(4.75,-3.15,-5.3));
#2027 = VECTOR('',#2028,1.);
#2028 = DIRECTION('',(0.,-1.,-6.086749038515E-16));
#2029 = ORIENTED_EDGE('',*,*,#2030,.F.);
#2030 = EDGE_CURVE('',#2031,#2023,#2033,.T.);
#2031 = VERTEX_POINT('',#2032);
#2032 = CARTESIAN_POINT('',(4.25,-5.75,-5.3));
#2033 = LINE('',#2034,#2035);
#2034 = CARTESIAN_POINT('',(4.104011256683,-5.75,-5.3));
#2035 = VECTOR('',#2036,1.);
#2036 = DIRECTION('',(1.,0.,0.));
#2037 = ORIENTED_EDGE('',*,*,#2038,.F.);
#2038 = EDGE_CURVE('',#2039,#2031,#2041,.T.);
#2039 = VERTEX_POINT('',#2040);
#2040 = CARTESIAN_POINT('',(4.25,-5.187420288032,-5.3));
#2041 = LINE('',#2042,#2043);
#2042 = CARTESIAN_POINT('',(4.25,-3.15,-5.3));
#2043 = VECTOR('',#2044,1.);
#2044 = DIRECTION('',(0.,-1.,-6.086749038515E-16));
#2045 = ORIENTED_EDGE('',*,*,#2046,.F.);
#2046 = EDGE_CURVE('',#2047,#2039,#2049,.T.);
#2047 = VERTEX_POINT('',#2048);
#2048 = CARTESIAN_POINT('',(1.991023720021,-5.187420288032,-5.3));
#2049 = LINE('',#2050,#2051);
#2050 = CARTESIAN_POINT('',(4.75,-5.187420288032,-5.3));
#2051 = VECTOR('',#2052,1.);
#2052 = DIRECTION('',(1.,0.,0.));
#2053 = ORIENTED_EDGE('',*,*,#2054,.F.);
#2054 = EDGE_CURVE('',#2055,#2047,#2057,.T.);
#2055 = VERTEX_POINT('',#2056);
#2056 = CARTESIAN_POINT('',(1.991023720021,-3.15,-5.3));
#2057 = CIRCLE('',#2058,1.018710144016);
#2058 = AXIS2_PLACEMENT_3D('',#2059,#2060,#2061);
#2059 = CARTESIAN_POINT('',(1.991023720021,-4.168710144016,-5.3));
#2060 = DIRECTION('',(0.,-0.,1.));
#2061 = DIRECTION('',(0.,1.,0.));
#2062 = ORIENTED_EDGE('',*,*,#2063,.F.);
#2063 = EDGE_CURVE('',#2064,#2055,#2066,.T.);
#2064 = VERTEX_POINT('',#2065);
#2065 = CARTESIAN_POINT('',(4.25,-3.15,-5.3));
#2066 = LINE('',#2067,#2068);
#2067 = CARTESIAN_POINT('',(4.75,-3.15,-5.3));
#2068 = VECTOR('',#2069,1.);
#2069 = DIRECTION('',(-1.,0.,0.));
#2070 = ORIENTED_EDGE('',*,*,#2071,.T.);
#2071 = EDGE_CURVE('',#2064,#2021,#2072,.T.);
#2072 = LINE('',#2073,#2074);
#2073 = CARTESIAN_POINT('',(4.25,-3.15,-5.3));
#2074 = VECTOR('',#2075,1.);
#2075 = DIRECTION('',(1.,0.,0.));
#2076 = PLANE('',#2077);
#2077 = AXIS2_PLACEMENT_3D('',#2078,#2079,#2080);
#2078 = CARTESIAN_POINT('',(4.25,-3.15,-5.3));
#2079 = DIRECTION('',(0.,-6.086749038515E-16,1.));
#2080 = DIRECTION('',(1.,0.,0.));
#2081 = ADVANCED_FACE('',(#2082),#2166,.T.);
#2082 = FACE_BOUND('',#2083,.T.);
#2083 = EDGE_LOOP('',(#2084,#2085,#2093,#2099,#2100,#2101,#2107,#2108,
    #2109,#2110,#2111,#2112,#2120,#2128,#2136,#2144,#2152,#2160));
#2084 = ORIENTED_EDGE('',*,*,#2020,.F.);
#2085 = ORIENTED_EDGE('',*,*,#2086,.F.);
#2086 = EDGE_CURVE('',#2087,#2021,#2089,.T.);
#2087 = VERTEX_POINT('',#2088);
#2088 = CARTESIAN_POINT('',(4.75,-3.15,-7.4));
#2089 = LINE('',#2090,#2091);
#2090 = CARTESIAN_POINT('',(4.75,-3.15,-5.3));
#2091 = VECTOR('',#2092,1.);
#2092 = DIRECTION('',(0.,4.130293990421E-16,1.));
#2093 = ORIENTED_EDGE('',*,*,#2094,.F.);
#2094 = EDGE_CURVE('',#671,#2087,#2095,.T.);
#2095 = LINE('',#2096,#2097);
#2096 = CARTESIAN_POINT('',(4.75,-1.444495330286,-7.4));
#2097 = VECTOR('',#2098,1.);
#2098 = DIRECTION('',(0.,-1.,0.));
#2099 = ORIENTED_EDGE('',*,*,#678,.F.);
#2100 = ORIENTED_EDGE('',*,*,#1860,.F.);
#2101 = ORIENTED_EDGE('',*,*,#2102,.F.);
#2102 = EDGE_CURVE('',#713,#1762,#2103,.T.);
#2103 = LINE('',#2104,#2105);
#2104 = CARTESIAN_POINT('',(4.75,1.,-7.4));
#2105 = VECTOR('',#2106,1.);
#2106 = DIRECTION('',(0.,-1.,2.930276141853E-16));
#2107 = ORIENTED_EDGE('',*,*,#720,.F.);
#2108 = ORIENTED_EDGE('',*,*,#1827,.F.);
#2109 = ORIENTED_EDGE('',*,*,#1901,.F.);
#2110 = ORIENTED_EDGE('',*,*,#1915,.F.);
#2111 = ORIENTED_EDGE('',*,*,#2006,.F.);
#2112 = ORIENTED_EDGE('',*,*,#2113,.T.);
#2113 = EDGE_CURVE('',#1999,#2114,#2116,.T.);
#2114 = VERTEX_POINT('',#2115);
#2115 = CARTESIAN_POINT('',(4.75,5.75,-0.75));
#2116 = LINE('',#2117,#2118);
#2117 = CARTESIAN_POINT('',(4.75,5.75,-5.3));
#2118 = VECTOR('',#2119,1.);
#2119 = DIRECTION('',(0.,0.,1.));
#2120 = ORIENTED_EDGE('',*,*,#2121,.T.);
#2121 = EDGE_CURVE('',#2114,#2122,#2124,.T.);
#2122 = VERTEX_POINT('',#2123);
#2123 = CARTESIAN_POINT('',(4.75,6.,-0.75));
#2124 = LINE('',#2125,#2126);
#2125 = CARTESIAN_POINT('',(4.75,6.,-0.75));
#2126 = VECTOR('',#2127,1.);
#2127 = DIRECTION('',(0.,1.,0.));
#2128 = ORIENTED_EDGE('',*,*,#2129,.T.);
#2129 = EDGE_CURVE('',#2122,#2130,#2132,.T.);
#2130 = VERTEX_POINT('',#2131);
#2131 = CARTESIAN_POINT('',(4.75,6.,-0.25));
#2132 = LINE('',#2133,#2134);
#2133 = CARTESIAN_POINT('',(4.75,6.,-0.5));
#2134 = VECTOR('',#2135,1.);
#2135 = DIRECTION('',(0.,0.,1.));
#2136 = ORIENTED_EDGE('',*,*,#2137,.F.);
#2137 = EDGE_CURVE('',#2138,#2130,#2140,.T.);
#2138 = VERTEX_POINT('',#2139);
#2139 = CARTESIAN_POINT('',(4.75,-6.,-0.25));
#2140 = LINE('',#2141,#2142);
#2141 = CARTESIAN_POINT('',(4.75,-6.,-0.25));
#2142 = VECTOR('',#2143,1.);
#2143 = DIRECTION('',(0.,1.,0.));
#2144 = ORIENTED_EDGE('',*,*,#2145,.F.);
#2145 = EDGE_CURVE('',#2146,#2138,#2148,.T.);
#2146 = VERTEX_POINT('',#2147);
#2147 = CARTESIAN_POINT('',(4.75,-6.,-0.75));
#2148 = LINE('',#2149,#2150);
#2149 = CARTESIAN_POINT('',(4.75,-6.,-0.5));
#2150 = VECTOR('',#2151,1.);
#2151 = DIRECTION('',(0.,0.,1.));
#2152 = ORIENTED_EDGE('',*,*,#2153,.T.);
#2153 = EDGE_CURVE('',#2146,#2154,#2156,.T.);
#2154 = VERTEX_POINT('',#2155);
#2155 = CARTESIAN_POINT('',(4.75,-5.75,-0.75));
#2156 = LINE('',#2157,#2158);
#2157 = CARTESIAN_POINT('',(4.75,-5.75,-0.75));
#2158 = VECTOR('',#2159,1.);
#2159 = DIRECTION('',(0.,1.,0.));
#2160 = ORIENTED_EDGE('',*,*,#2161,.T.);
#2161 = EDGE_CURVE('',#2154,#2023,#2162,.T.);
#2162 = LINE('',#2163,#2164);
#2163 = CARTESIAN_POINT('',(4.75,-5.75,-5.3));
#2164 = VECTOR('',#2165,1.);
#2165 = DIRECTION('',(0.,0.,-1.));
#2166 = PLANE('',#2167);
#2167 = AXIS2_PLACEMENT_3D('',#2168,#2169,#2170);
#2168 = CARTESIAN_POINT('',(4.75,-6.,-0.5));
#2169 = DIRECTION('',(1.,0.,0.));
#2170 = DIRECTION('',(0.,1.,-0.));
#2171 = ADVANCED_FACE('',(#2172),#2176,.F.);
#2172 = FACE_BOUND('',#2173,.T.);
#2173 = EDGE_LOOP('',(#2174,#2175));
#2174 = ORIENTED_EDGE('',*,*,#1949,.F.);
#2175 = ORIENTED_EDGE('',*,*,#628,.F.);
#2176 = PLANE('',#2177);
#2177 = AXIS2_PLACEMENT_3D('',#2178,#2179,#2180);
#2178 = CARTESIAN_POINT('',(2.5,4.3,1.1));
#2179 = DIRECTION('',(0.,0.,-1.));
#2180 = DIRECTION('',(0.,-1.,0.));
#2181 = ADVANCED_FACE('',(#2182),#2194,.T.);
#2182 = FACE_BOUND('',#2183,.T.);
#2183 = EDGE_LOOP('',(#2184,#2185,#2186,#2187));
#2184 = ORIENTED_EDGE('',*,*,#579,.T.);
#2185 = ORIENTED_EDGE('',*,*,#522,.F.);
#2186 = ORIENTED_EDGE('',*,*,#597,.T.);
#2187 = ORIENTED_EDGE('',*,*,#2188,.T.);
#2188 = EDGE_CURVE('',#589,#580,#2189,.T.);
#2189 = CIRCLE('',#2190,0.6);
#2190 = AXIS2_PLACEMENT_3D('',#2191,#2192,#2193);
#2191 = CARTESIAN_POINT('',(-2.5,-4.6,1.1));
#2192 = DIRECTION('',(0.,0.,-1.));
#2193 = DIRECTION('',(-1.,0.,0.));
#2194 = TOROIDAL_SURFACE('',#2195,0.6,0.1);
#2195 = AXIS2_PLACEMENT_3D('',#2196,#2197,#2198);
#2196 = CARTESIAN_POINT('',(-2.5,-4.6,1.));
#2197 = DIRECTION('',(0.,0.,-1.));
#2198 = DIRECTION('',(-1.,0.,0.));
#2199 = ADVANCED_FACE('',(#2200),#2212,.T.);
#2200 = FACE_BOUND('',#2201,.T.);
#2201 = EDGE_LOOP('',(#2202,#2203,#2204,#2205));
#2202 = ORIENTED_EDGE('',*,*,#537,.T.);
#2203 = ORIENTED_EDGE('',*,*,#644,.T.);
#2204 = ORIENTED_EDGE('',*,*,#556,.T.);
#2205 = ORIENTED_EDGE('',*,*,#2206,.T.);
#2206 = EDGE_CURVE('',#548,#538,#2207,.T.);
#2207 = CIRCLE('',#2208,0.7);
#2208 = AXIS2_PLACEMENT_3D('',#2209,#2210,#2211);
#2209 = CARTESIAN_POINT('',(2.5,4.3,0.));
#2210 = DIRECTION('',(0.,0.,1.));
#2211 = DIRECTION('',(1.,0.,-0.));
#2212 = CYLINDRICAL_SURFACE('',#2213,0.7);
#2213 = AXIS2_PLACEMENT_3D('',#2214,#2215,#2216);
#2214 = CARTESIAN_POINT('',(2.5,4.3,1.1));
#2215 = DIRECTION('',(0.,0.,-1.));
#2216 = DIRECTION('',(-1.,0.,0.));
#2217 = ADVANCED_FACE('',(#2218),#2222,.F.);
#2218 = FACE_BOUND('',#2219,.T.);
#2219 = EDGE_LOOP('',(#2220,#2221));
#2220 = ORIENTED_EDGE('',*,*,#2188,.F.);
#2221 = ORIENTED_EDGE('',*,*,#588,.F.);
#2222 = PLANE('',#2223);
#2223 = AXIS2_PLACEMENT_3D('',#2224,#2225,#2226);
#2224 = CARTESIAN_POINT('',(-2.5,-4.6,1.1));
#2225 = DIRECTION('',(0.,0.,-1.));
#2226 = DIRECTION('',(0.,-1.,0.));
#2227 = ADVANCED_FACE('',(#2228),#2240,.T.);
#2228 = FACE_BOUND('',#2229,.T.);
#2229 = EDGE_LOOP('',(#2230,#2231,#2232,#2233));
#2230 = ORIENTED_EDGE('',*,*,#495,.T.);
#2231 = ORIENTED_EDGE('',*,*,#604,.T.);
#2232 = ORIENTED_EDGE('',*,*,#514,.T.);
#2233 = ORIENTED_EDGE('',*,*,#2234,.T.);
#2234 = EDGE_CURVE('',#506,#496,#2235,.T.);
#2235 = CIRCLE('',#2236,0.7);
#2236 = AXIS2_PLACEMENT_3D('',#2237,#2238,#2239);
#2237 = CARTESIAN_POINT('',(-2.5,-4.6,0.));
#2238 = DIRECTION('',(0.,0.,1.));
#2239 = DIRECTION('',(1.,0.,-0.));
#2240 = CYLINDRICAL_SURFACE('',#2241,0.7);
#2241 = AXIS2_PLACEMENT_3D('',#2242,#2243,#2244);
#2242 = CARTESIAN_POINT('',(-2.5,-4.6,1.1));
#2243 = DIRECTION('',(0.,0.,-1.));
#2244 = DIRECTION('',(-1.,0.,0.));
#2245 = ADVANCED_FACE('',(#2246),#2258,.T.);
#2246 = FACE_BOUND('',#2247,.T.);
#2247 = EDGE_LOOP('',(#2248,#2249,#2250,#2251));
#2248 = ORIENTED_EDGE('',*,*,#455,.T.);
#2249 = ORIENTED_EDGE('',*,*,#400,.F.);
#2250 = ORIENTED_EDGE('',*,*,#473,.T.);
#2251 = ORIENTED_EDGE('',*,*,#2252,.T.);
#2252 = EDGE_CURVE('',#465,#456,#2253,.T.);
#2253 = CIRCLE('',#2254,3.36194622889);
#2254 = AXIS2_PLACEMENT_3D('',#2255,#2256,#2257);
#2255 = CARTESIAN_POINT('',(0.,0.,1.));
#2256 = DIRECTION('',(0.,0.,-1.));
#2257 = DIRECTION('',(-1.,0.,0.));
#2258 = TOROIDAL_SURFACE('',#2259,3.36194622889,0.25);
#2259 = AXIS2_PLACEMENT_3D('',#2260,#2261,#2262);
#2260 = CARTESIAN_POINT('',(0.,0.,0.75));
#2261 = DIRECTION('',(0.,0.,-1.));
#2262 = DIRECTION('',(-1.,0.,0.));
#2263 = ADVANCED_FACE('',(#2264,#2268),#2278,.F.);
#2264 = FACE_BOUND('',#2265,.T.);
#2265 = EDGE_LOOP('',(#2266,#2267));
#2266 = ORIENTED_EDGE('',*,*,#2252,.F.);
#2267 = ORIENTED_EDGE('',*,*,#464,.F.);
#2268 = FACE_BOUND('',#2269,.T.);
#2269 = EDGE_LOOP('',(#2270,#2271));
#2270 = ORIENTED_EDGE('',*,*,#331,.T.);
#2271 = ORIENTED_EDGE('',*,*,#2272,.T.);
#2272 = EDGE_CURVE('',#334,#332,#2273,.T.);
#2273 = CIRCLE('',#2274,3.15);
#2274 = AXIS2_PLACEMENT_3D('',#2275,#2276,#2277);
#2275 = CARTESIAN_POINT('',(0.,0.,1.));
#2276 = DIRECTION('',(0.,0.,-1.));
#2277 = DIRECTION('',(-1.,0.,0.));
#2278 = PLANE('',#2279);
#2279 = AXIS2_PLACEMENT_3D('',#2280,#2281,#2282);
#2280 = CARTESIAN_POINT('',(0.,0.,1.));
#2281 = DIRECTION('',(0.,0.,-1.));
#2282 = DIRECTION('',(0.,-1.,0.));
#2283 = ADVANCED_FACE('',(#2284),#2296,.F.);
#2284 = FACE_BOUND('',#2285,.F.);
#2285 = EDGE_LOOP('',(#2286,#2293,#2294,#2295));
#2286 = ORIENTED_EDGE('',*,*,#2287,.F.);
#2287 = EDGE_CURVE('',#423,#432,#2288,.T.);
#2288 = CIRCLE('',#2289,3.86194622889);
#2289 = AXIS2_PLACEMENT_3D('',#2290,#2291,#2292);
#2290 = CARTESIAN_POINT('',(0.,0.,0.));
#2291 = DIRECTION('',(0.,0.,1.));
#2292 = DIRECTION('',(1.,0.,-0.));
#2293 = ORIENTED_EDGE('',*,*,#422,.F.);
#2294 = ORIENTED_EDGE('',*,*,#383,.T.);
#2295 = ORIENTED_EDGE('',*,*,#440,.F.);
#2296 = TOROIDAL_SURFACE('',#2297,3.86194622889,0.25);
#2297 = AXIS2_PLACEMENT_3D('',#2298,#2299,#2300);
#2298 = CARTESIAN_POINT('',(0.,0.,0.25));
#2299 = DIRECTION('',(0.,0.,1.));
#2300 = DIRECTION('',(1.,0.,-0.));
#2301 = ADVANCED_FACE('',(#2302),#2308,.T.);
#2302 = FACE_BOUND('',#2303,.T.);
#2303 = EDGE_LOOP('',(#2304,#2305,#2306,#2307));
#2304 = ORIENTED_EDGE('',*,*,#373,.T.);
#2305 = ORIENTED_EDGE('',*,*,#480,.T.);
#2306 = ORIENTED_EDGE('',*,*,#392,.T.);
#2307 = ORIENTED_EDGE('',*,*,#415,.T.);
#2308 = CYLINDRICAL_SURFACE('',#2309,3.61194622889);
#2309 = AXIS2_PLACEMENT_3D('',#2310,#2311,#2312);
#2310 = CARTESIAN_POINT('',(0.,0.,1.));
#2311 = DIRECTION('',(0.,0.,-1.));
#2312 = DIRECTION('',(-1.,0.,0.));
#2313 = ADVANCED_FACE('',(#2314),#2348,.F.);
#2314 = FACE_BOUND('',#2315,.T.);
#2315 = EDGE_LOOP('',(#2316,#2326,#2334,#2342));
#2316 = ORIENTED_EDGE('',*,*,#2317,.F.);
#2317 = EDGE_CURVE('',#2318,#2320,#2322,.T.);
#2318 = VERTEX_POINT('',#2319);
#2319 = CARTESIAN_POINT('',(-4.,5.75,-0.5));
#2320 = VERTEX_POINT('',#2321);
#2321 = CARTESIAN_POINT('',(4.,5.75,-0.5));
#2322 = LINE('',#2323,#2324);
#2323 = CARTESIAN_POINT('',(0.,5.75,-0.5));
#2324 = VECTOR('',#2325,1.);
#2325 = DIRECTION('',(1.,0.,0.));
#2326 = ORIENTED_EDGE('',*,*,#2327,.F.);
#2327 = EDGE_CURVE('',#2328,#2318,#2330,.T.);
#2328 = VERTEX_POINT('',#2329);
#2329 = CARTESIAN_POINT('',(-4.,6.,-0.5));
#2330 = LINE('',#2331,#2332);
#2331 = CARTESIAN_POINT('',(-4.,6.,-0.5));
#2332 = VECTOR('',#2333,1.);
#2333 = DIRECTION('',(0.,-1.,0.));
#2334 = ORIENTED_EDGE('',*,*,#2335,.F.);
#2335 = EDGE_CURVE('',#2336,#2328,#2338,.T.);
#2336 = VERTEX_POINT('',#2337);
#2337 = CARTESIAN_POINT('',(4.,6.,-0.5));
#2338 = LINE('',#2339,#2340);
#2339 = CARTESIAN_POINT('',(4.75,6.,-0.5));
#2340 = VECTOR('',#2341,1.);
#2341 = DIRECTION('',(-1.,0.,0.));
#2342 = ORIENTED_EDGE('',*,*,#2343,.F.);
#2343 = EDGE_CURVE('',#2320,#2336,#2344,.T.);
#2344 = LINE('',#2345,#2346);
#2345 = CARTESIAN_POINT('',(4.,-6.,-0.5));
#2346 = VECTOR('',#2347,1.);
#2347 = DIRECTION('',(0.,1.,0.));
#2348 = PLANE('',#2349);
#2349 = AXIS2_PLACEMENT_3D('',#2350,#2351,#2352);
#2350 = CARTESIAN_POINT('',(0.,0.,-0.5));
#2351 = DIRECTION('',(0.,0.,1.));
#2352 = DIRECTION('',(1.,-0.,0.));
#2353 = ADVANCED_FACE('',(#2354),#2388,.F.);
#2354 = FACE_BOUND('',#2355,.T.);
#2355 = EDGE_LOOP('',(#2356,#2366,#2374,#2382));
#2356 = ORIENTED_EDGE('',*,*,#2357,.F.);
#2357 = EDGE_CURVE('',#2358,#2360,#2362,.T.);
#2358 = VERTEX_POINT('',#2359);
#2359 = CARTESIAN_POINT('',(4.,-5.75,-0.5));
#2360 = VERTEX_POINT('',#2361);
#2361 = CARTESIAN_POINT('',(-4.,-5.75,-0.5));
#2362 = LINE('',#2363,#2364);
#2363 = CARTESIAN_POINT('',(0.,-5.75,-0.5));
#2364 = VECTOR('',#2365,1.);
#2365 = DIRECTION('',(-1.,0.,0.));
#2366 = ORIENTED_EDGE('',*,*,#2367,.F.);
#2367 = EDGE_CURVE('',#2368,#2358,#2370,.T.);
#2368 = VERTEX_POINT('',#2369);
#2369 = CARTESIAN_POINT('',(4.,-6.,-0.5));
#2370 = LINE('',#2371,#2372);
#2371 = CARTESIAN_POINT('',(4.,-6.,-0.5));
#2372 = VECTOR('',#2373,1.);
#2373 = DIRECTION('',(0.,1.,0.));
#2374 = ORIENTED_EDGE('',*,*,#2375,.F.);
#2375 = EDGE_CURVE('',#2376,#2368,#2378,.T.);
#2376 = VERTEX_POINT('',#2377);
#2377 = CARTESIAN_POINT('',(-4.,-6.,-0.5));
#2378 = LINE('',#2379,#2380);
#2379 = CARTESIAN_POINT('',(-4.75,-6.,-0.5));
#2380 = VECTOR('',#2381,1.);
#2381 = DIRECTION('',(1.,0.,0.));
#2382 = ORIENTED_EDGE('',*,*,#2383,.F.);
#2383 = EDGE_CURVE('',#2360,#2376,#2384,.T.);
#2384 = LINE('',#2385,#2386);
#2385 = CARTESIAN_POINT('',(-4.,6.,-0.5));
#2386 = VECTOR('',#2387,1.);
#2387 = DIRECTION('',(0.,-1.,0.));
#2388 = PLANE('',#2389);
#2389 = AXIS2_PLACEMENT_3D('',#2390,#2391,#2392);
#2390 = CARTESIAN_POINT('',(0.,0.,-0.5));
#2391 = DIRECTION('',(0.,0.,1.));
#2392 = DIRECTION('',(1.,-0.,0.));
#2393 = ADVANCED_FACE('',(#2394,#2428,#2438,#2442,#2446,#2450),#2460,.T.
  );
#2394 = FACE_BOUND('',#2395,.T.);
#2395 = EDGE_LOOP('',(#2396,#2406,#2414,#2422));
#2396 = ORIENTED_EDGE('',*,*,#2397,.T.);
#2397 = EDGE_CURVE('',#2398,#2400,#2402,.T.);
#2398 = VERTEX_POINT('',#2399);
#2399 = CARTESIAN_POINT('',(-4.5,-6.,0.));
#2400 = VERTEX_POINT('',#2401);
#2401 = CARTESIAN_POINT('',(4.5,-6.,0.));
#2402 = LINE('',#2403,#2404);
#2403 = CARTESIAN_POINT('',(-4.75,-6.,0.));
#2404 = VECTOR('',#2405,1.);
#2405 = DIRECTION('',(1.,0.,0.));
#2406 = ORIENTED_EDGE('',*,*,#2407,.T.);
#2407 = EDGE_CURVE('',#2400,#2408,#2410,.T.);
#2408 = VERTEX_POINT('',#2409);
#2409 = CARTESIAN_POINT('',(4.5,6.,0.));
#2410 = LINE('',#2411,#2412);
#2411 = CARTESIAN_POINT('',(4.5,0.,0.));
#2412 = VECTOR('',#2413,1.);
#2413 = DIRECTION('',(0.,1.,0.));
#2414 = ORIENTED_EDGE('',*,*,#2415,.T.);
#2415 = EDGE_CURVE('',#2408,#2416,#2418,.T.);
#2416 = VERTEX_POINT('',#2417);
#2417 = CARTESIAN_POINT('',(-4.5,6.,0.));
#2418 = LINE('',#2419,#2420);
#2419 = CARTESIAN_POINT('',(4.75,6.,0.));
#2420 = VECTOR('',#2421,1.);
#2421 = DIRECTION('',(-1.,0.,0.));
#2422 = ORIENTED_EDGE('',*,*,#2423,.T.);
#2423 = EDGE_CURVE('',#2416,#2398,#2424,.T.);
#2424 = LINE('',#2425,#2426);
#2425 = CARTESIAN_POINT('',(-4.5,0.,0.));
#2426 = VECTOR('',#2427,1.);
#2427 = DIRECTION('',(0.,-1.,0.));
#2428 = FACE_BOUND('',#2429,.T.);
#2429 = EDGE_LOOP('',(#2430,#2431));
#2430 = ORIENTED_EDGE('',*,*,#39,.T.);
#2431 = ORIENTED_EDGE('',*,*,#2432,.T.);
#2432 = EDGE_CURVE('',#42,#40,#2433,.T.);
#2433 = CIRCLE('',#2434,0.7);
#2434 = AXIS2_PLACEMENT_3D('',#2435,#2436,#2437);
#2435 = CARTESIAN_POINT('',(2.5,-4.6,0.));
#2436 = DIRECTION('',(0.,0.,-1.));
#2437 = DIRECTION('',(1.,0.,0.));
#2438 = FACE_BOUND('',#2439,.T.);
#2439 = EDGE_LOOP('',(#2440,#2441));
#2440 = ORIENTED_EDGE('',*,*,#2287,.F.);
#2441 = ORIENTED_EDGE('',*,*,#431,.F.);
#2442 = FACE_BOUND('',#2443,.T.);
#2443 = EDGE_LOOP('',(#2444,#2445));
#2444 = ORIENTED_EDGE('',*,*,#2234,.F.);
#2445 = ORIENTED_EDGE('',*,*,#505,.F.);
#2446 = FACE_BOUND('',#2447,.T.);
#2447 = EDGE_LOOP('',(#2448,#2449));
#2448 = ORIENTED_EDGE('',*,*,#2206,.F.);
#2449 = ORIENTED_EDGE('',*,*,#547,.F.);
#2450 = FACE_BOUND('',#2451,.T.);
#2451 = EDGE_LOOP('',(#2452,#2453));
#2452 = ORIENTED_EDGE('',*,*,#81,.T.);
#2453 = ORIENTED_EDGE('',*,*,#2454,.T.);
#2454 = EDGE_CURVE('',#84,#82,#2455,.T.);
#2455 = CIRCLE('',#2456,0.7);
#2456 = AXIS2_PLACEMENT_3D('',#2457,#2458,#2459);
#2457 = CARTESIAN_POINT('',(-2.5,4.3,0.));
#2458 = DIRECTION('',(0.,0.,-1.));
#2459 = DIRECTION('',(1.,0.,0.));
#2460 = PLANE('',#2461);
#2461 = AXIS2_PLACEMENT_3D('',#2462,#2463,#2464);
#2462 = CARTESIAN_POINT('',(0.,0.,0.));
#2463 = DIRECTION('',(0.,0.,1.));
#2464 = DIRECTION('',(1.,-0.,0.));
#2465 = ADVANCED_FACE('',(#2466),#2473,.T.);
#2466 = FACE_BOUND('',#2467,.T.);
#2467 = EDGE_LOOP('',(#2468,#2469,#2470,#2471,#2472));
#2468 = ORIENTED_EDGE('',*,*,#1761,.F.);
#2469 = ORIENTED_EDGE('',*,*,#1640,.T.);
#2470 = ORIENTED_EDGE('',*,*,#1678,.T.);
#2471 = ORIENTED_EDGE('',*,*,#1734,.T.);
#2472 = ORIENTED_EDGE('',*,*,#2102,.T.);
#2473 = SURFACE_OF_LINEAR_EXTRUSION('',#2474,#2481);
#2474 = B_SPLINE_CURVE_WITH_KNOTS('',3,(#2475,#2476,#2477,#2478,#2479,
    #2480),.UNSPECIFIED.,.F.,.F.,(4,1,1,4),(0.,0.51080003852,
    0.649653052545,1.),.UNSPECIFIED.);
#2475 = CARTESIAN_POINT('',(4.75,1.,-12.1));
#2476 = CARTESIAN_POINT('',(5.123566098121,1.,-11.2793272292));
#2477 = CARTESIAN_POINT('',(5.560577362578,1.,-10.24443181888));
#2478 = CARTESIAN_POINT('',(4.831425487868,1.,-8.750563224415));
#2479 = CARTESIAN_POINT('',(4.80101141112,1.,-8.016346773129));
#2480 = CARTESIAN_POINT('',(4.75,1.,-7.4));
#2481 = VECTOR('',#2482,1.);
#2482 = DIRECTION('',(0.,-1.,2.930276141853E-16));
#2483 = ADVANCED_FACE('',(#2484),#2543,.T.);
#2484 = FACE_BOUND('',#2485,.T.);
#2485 = EDGE_LOOP('',(#2486,#2495,#2503,#2511,#2518,#2519,#2526,#2527,
    #2535,#2542));
#2486 = ORIENTED_EDGE('',*,*,#2487,.F.);
#2487 = EDGE_CURVE('',#2488,#2328,#2490,.T.);
#2488 = VERTEX_POINT('',#2489);
#2489 = CARTESIAN_POINT('',(-4.25,6.,-0.75));
#2490 = CIRCLE('',#2491,0.25);
#2491 = AXIS2_PLACEMENT_3D('',#2492,#2493,#2494);
#2492 = CARTESIAN_POINT('',(-4.,6.,-0.75));
#2493 = DIRECTION('',(0.,1.,0.));
#2494 = DIRECTION('',(0.,-0.,1.));
#2495 = ORIENTED_EDGE('',*,*,#2496,.T.);
#2496 = EDGE_CURVE('',#2488,#2497,#2499,.T.);
#2497 = VERTEX_POINT('',#2498);
#2498 = CARTESIAN_POINT('',(-4.75,6.,-0.75));
#2499 = LINE('',#2500,#2501);
#2500 = CARTESIAN_POINT('',(-3.042788362699,6.,-0.75));
#2501 = VECTOR('',#2502,1.);
#2502 = DIRECTION('',(-1.,0.,0.));
#2503 = ORIENTED_EDGE('',*,*,#2504,.T.);
#2504 = EDGE_CURVE('',#2497,#2505,#2507,.T.);
#2505 = VERTEX_POINT('',#2506);
#2506 = CARTESIAN_POINT('',(-4.75,6.,-0.25));
#2507 = LINE('',#2508,#2509);
#2508 = CARTESIAN_POINT('',(-4.75,6.,-0.5));
#2509 = VECTOR('',#2510,1.);
#2510 = DIRECTION('',(0.,0.,1.));
#2511 = ORIENTED_EDGE('',*,*,#2512,.T.);
#2512 = EDGE_CURVE('',#2505,#2416,#2513,.T.);
#2513 = CIRCLE('',#2514,0.25);
#2514 = AXIS2_PLACEMENT_3D('',#2515,#2516,#2517);
#2515 = CARTESIAN_POINT('',(-4.5,6.,-0.25));
#2516 = DIRECTION('',(0.,1.,0.));
#2517 = DIRECTION('',(0.,-0.,1.));
#2518 = ORIENTED_EDGE('',*,*,#2415,.F.);
#2519 = ORIENTED_EDGE('',*,*,#2520,.T.);
#2520 = EDGE_CURVE('',#2408,#2130,#2521,.T.);
#2521 = CIRCLE('',#2522,0.25);
#2522 = AXIS2_PLACEMENT_3D('',#2523,#2524,#2525);
#2523 = CARTESIAN_POINT('',(4.5,6.,-0.25));
#2524 = DIRECTION('',(0.,1.,0.));
#2525 = DIRECTION('',(0.,-0.,1.));
#2526 = ORIENTED_EDGE('',*,*,#2129,.F.);
#2527 = ORIENTED_EDGE('',*,*,#2528,.F.);
#2528 = EDGE_CURVE('',#2529,#2122,#2531,.T.);
#2529 = VERTEX_POINT('',#2530);
#2530 = CARTESIAN_POINT('',(4.25,6.,-0.75));
#2531 = LINE('',#2532,#2533);
#2532 = CARTESIAN_POINT('',(1.35020505108,6.,-0.75));
#2533 = VECTOR('',#2534,1.);
#2534 = DIRECTION('',(1.,0.,0.));
#2535 = ORIENTED_EDGE('',*,*,#2536,.F.);
#2536 = EDGE_CURVE('',#2336,#2529,#2537,.T.);
#2537 = CIRCLE('',#2538,0.25);
#2538 = AXIS2_PLACEMENT_3D('',#2539,#2540,#2541);
#2539 = CARTESIAN_POINT('',(4.,6.,-0.75));
#2540 = DIRECTION('',(0.,1.,0.));
#2541 = DIRECTION('',(0.,-0.,1.));
#2542 = ORIENTED_EDGE('',*,*,#2335,.T.);
#2543 = PLANE('',#2544);
#2544 = AXIS2_PLACEMENT_3D('',#2545,#2546,#2547);
#2545 = CARTESIAN_POINT('',(4.75,6.,-0.5));
#2546 = DIRECTION('',(0.,1.,0.));
#2547 = DIRECTION('',(1.,0.,-0.));
#2548 = ADVANCED_FACE('',(#2549),#2591,.F.);
#2549 = FACE_BOUND('',#2550,.T.);
#2550 = EDGE_LOOP('',(#2551,#2561,#2569,#2577,#2583,#2584,#2585));
#2551 = ORIENTED_EDGE('',*,*,#2552,.T.);
#2552 = EDGE_CURVE('',#2553,#2555,#2557,.T.);
#2553 = VERTEX_POINT('',#2554);
#2554 = CARTESIAN_POINT('',(-4.75,3.15,-5.3));
#2555 = VERTEX_POINT('',#2556);
#2556 = CARTESIAN_POINT('',(-4.75,5.75,-5.3));
#2557 = LINE('',#2558,#2559);
#2558 = CARTESIAN_POINT('',(-4.75,6.,-5.3));
#2559 = VECTOR('',#2560,1.);
#2560 = DIRECTION('',(0.,1.,3.043374519258E-16));
#2561 = ORIENTED_EDGE('',*,*,#2562,.F.);
#2562 = EDGE_CURVE('',#2563,#2555,#2565,.T.);
#2563 = VERTEX_POINT('',#2564);
#2564 = CARTESIAN_POINT('',(-4.25,5.75,-5.3));
#2565 = LINE('',#2566,#2567);
#2566 = CARTESIAN_POINT('',(-3.042788362699,5.75,-5.3));
#2567 = VECTOR('',#2568,1.);
#2568 = DIRECTION('',(-1.,0.,0.));
#2569 = ORIENTED_EDGE('',*,*,#2570,.F.);
#2570 = EDGE_CURVE('',#2571,#2563,#2573,.T.);
#2571 = VERTEX_POINT('',#2572);
#2572 = CARTESIAN_POINT('',(-4.25,5.187420288032,-5.3));
#2573 = LINE('',#2574,#2575);
#2574 = CARTESIAN_POINT('',(-4.25,6.,-5.3));
#2575 = VECTOR('',#2576,1.);
#2576 = DIRECTION('',(0.,1.,3.043374519258E-16));
#2577 = ORIENTED_EDGE('',*,*,#2578,.F.);
#2578 = EDGE_CURVE('',#1205,#2571,#2579,.T.);
#2579 = LINE('',#2580,#2581);
#2580 = CARTESIAN_POINT('',(-4.75,5.187420288032,-5.3));
#2581 = VECTOR('',#2582,1.);
#2582 = DIRECTION('',(-1.,0.,0.));
#2583 = ORIENTED_EDGE('',*,*,#1202,.F.);
#2584 = ORIENTED_EDGE('',*,*,#1250,.F.);
#2585 = ORIENTED_EDGE('',*,*,#2586,.T.);
#2586 = EDGE_CURVE('',#1243,#2553,#2587,.T.);
#2587 = LINE('',#2588,#2589);
#2588 = CARTESIAN_POINT('',(-4.25,3.15,-5.3));
#2589 = VECTOR('',#2590,1.);
#2590 = DIRECTION('',(-1.,0.,0.));
#2591 = PLANE('',#2592);
#2592 = AXIS2_PLACEMENT_3D('',#2593,#2594,#2595);
#2593 = CARTESIAN_POINT('',(-4.25,6.,-5.3));
#2594 = DIRECTION('',(0.,-3.043374519258E-16,1.));
#2595 = DIRECTION('',(1.,0.,0.));
#2596 = ADVANCED_FACE('',(#2597),#2656,.F.);
#2597 = FACE_BOUND('',#2598,.T.);
#2598 = EDGE_LOOP('',(#2599,#2609,#2617,#2625,#2634,#2642,#2650));
#2599 = ORIENTED_EDGE('',*,*,#2600,.T.);
#2600 = EDGE_CURVE('',#2601,#2603,#2605,.T.);
#2601 = VERTEX_POINT('',#2602);
#2602 = CARTESIAN_POINT('',(-4.75,-5.75,-5.3));
#2603 = VERTEX_POINT('',#2604);
#2604 = CARTESIAN_POINT('',(-4.75,-3.15,-5.3));
#2605 = LINE('',#2606,#2607);
#2606 = CARTESIAN_POINT('',(-4.75,-3.15,-5.3));
#2607 = VECTOR('',#2608,1.);
#2608 = DIRECTION('',(0.,1.,6.086749038515E-16));
#2609 = ORIENTED_EDGE('',*,*,#2610,.F.);
#2610 = EDGE_CURVE('',#2611,#2603,#2613,.T.);
#2611 = VERTEX_POINT('',#2612);
#2612 = CARTESIAN_POINT('',(-4.25,-3.15,-5.3));
#2613 = LINE('',#2614,#2615);
#2614 = CARTESIAN_POINT('',(-4.25,-3.15,-5.3));
#2615 = VECTOR('',#2616,1.);
#2616 = DIRECTION('',(-1.,0.,0.));
#2617 = ORIENTED_EDGE('',*,*,#2618,.T.);
#2618 = EDGE_CURVE('',#2611,#2619,#2621,.T.);
#2619 = VERTEX_POINT('',#2620);
#2620 = CARTESIAN_POINT('',(-1.991023720021,-3.15,-5.3));
#2621 = LINE('',#2622,#2623);
#2622 = CARTESIAN_POINT('',(-4.75,-3.15,-5.3));
#2623 = VECTOR('',#2624,1.);
#2624 = DIRECTION('',(1.,0.,0.));
#2625 = ORIENTED_EDGE('',*,*,#2626,.T.);
#2626 = EDGE_CURVE('',#2619,#2627,#2629,.T.);
#2627 = VERTEX_POINT('',#2628);
#2628 = CARTESIAN_POINT('',(-1.991023720021,-5.187420288032,-5.3));
#2629 = CIRCLE('',#2630,1.018710144016);
#2630 = AXIS2_PLACEMENT_3D('',#2631,#2632,#2633);
#2631 = CARTESIAN_POINT('',(-1.991023720021,-4.168710144016,-5.3));
#2632 = DIRECTION('',(0.,0.,-1.));
#2633 = DIRECTION('',(0.,1.,0.));
#2634 = ORIENTED_EDGE('',*,*,#2635,.T.);
#2635 = EDGE_CURVE('',#2627,#2636,#2638,.T.);
#2636 = VERTEX_POINT('',#2637);
#2637 = CARTESIAN_POINT('',(-4.25,-5.187420288032,-5.3));
#2638 = LINE('',#2639,#2640);
#2639 = CARTESIAN_POINT('',(-4.75,-5.187420288032,-5.3));
#2640 = VECTOR('',#2641,1.);
#2641 = DIRECTION('',(-1.,0.,0.));
#2642 = ORIENTED_EDGE('',*,*,#2643,.F.);
#2643 = EDGE_CURVE('',#2644,#2636,#2646,.T.);
#2644 = VERTEX_POINT('',#2645);
#2645 = CARTESIAN_POINT('',(-4.25,-5.75,-5.3));
#2646 = LINE('',#2647,#2648);
#2647 = CARTESIAN_POINT('',(-4.25,-3.15,-5.3));
#2648 = VECTOR('',#2649,1.);
#2649 = DIRECTION('',(0.,1.,6.086749038515E-16));
#2650 = ORIENTED_EDGE('',*,*,#2651,.T.);
#2651 = EDGE_CURVE('',#2644,#2601,#2652,.T.);
#2652 = LINE('',#2653,#2654);
#2653 = CARTESIAN_POINT('',(-3.475546968295,-5.75,-5.3));
#2654 = VECTOR('',#2655,1.);
#2655 = DIRECTION('',(-1.,0.,0.));
#2656 = PLANE('',#2657);
#2657 = AXIS2_PLACEMENT_3D('',#2658,#2659,#2660);
#2658 = CARTESIAN_POINT('',(-4.25,-3.15,-5.3));
#2659 = DIRECTION('',(0.,-6.086749038515E-16,1.));
#2660 = DIRECTION('',(1.,0.,0.));
#2661 = ADVANCED_FACE('',(#2662),#2721,.T.);
#2662 = FACE_BOUND('',#2663,.T.);
#2663 = EDGE_LOOP('',(#2664,#2674,#2682,#2689,#2690,#2699,#2705,#2706,
    #2713,#2714));
#2664 = ORIENTED_EDGE('',*,*,#2665,.F.);
#2665 = EDGE_CURVE('',#2666,#2668,#2670,.T.);
#2666 = VERTEX_POINT('',#2667);
#2667 = CARTESIAN_POINT('',(-4.75,-6.,-0.75));
#2668 = VERTEX_POINT('',#2669);
#2669 = CARTESIAN_POINT('',(-4.75,-6.,-0.25));
#2670 = LINE('',#2671,#2672);
#2671 = CARTESIAN_POINT('',(-4.75,-6.,-0.5));
#2672 = VECTOR('',#2673,1.);
#2673 = DIRECTION('',(0.,0.,1.));
#2674 = ORIENTED_EDGE('',*,*,#2675,.F.);
#2675 = EDGE_CURVE('',#2676,#2666,#2678,.T.);
#2676 = VERTEX_POINT('',#2677);
#2677 = CARTESIAN_POINT('',(-4.25,-6.,-0.75));
#2678 = LINE('',#2679,#2680);
#2679 = CARTESIAN_POINT('',(-3.475546968295,-6.,-0.75));
#2680 = VECTOR('',#2681,1.);
#2681 = DIRECTION('',(-1.,0.,0.));
#2682 = ORIENTED_EDGE('',*,*,#2683,.F.);
#2683 = EDGE_CURVE('',#2376,#2676,#2684,.T.);
#2684 = CIRCLE('',#2685,0.25);
#2685 = AXIS2_PLACEMENT_3D('',#2686,#2687,#2688);
#2686 = CARTESIAN_POINT('',(-4.,-6.,-0.75));
#2687 = DIRECTION('',(0.,-1.,0.));
#2688 = DIRECTION('',(0.,0.,-1.));
#2689 = ORIENTED_EDGE('',*,*,#2375,.T.);
#2690 = ORIENTED_EDGE('',*,*,#2691,.F.);
#2691 = EDGE_CURVE('',#2692,#2368,#2694,.T.);
#2692 = VERTEX_POINT('',#2693);
#2693 = CARTESIAN_POINT('',(4.25,-6.,-0.75));
#2694 = CIRCLE('',#2695,0.25);
#2695 = AXIS2_PLACEMENT_3D('',#2696,#2697,#2698);
#2696 = CARTESIAN_POINT('',(4.,-6.,-0.75));
#2697 = DIRECTION('',(0.,-1.,0.));
#2698 = DIRECTION('',(0.,0.,-1.));
#2699 = ORIENTED_EDGE('',*,*,#2700,.T.);
#2700 = EDGE_CURVE('',#2692,#2146,#2701,.T.);
#2701 = LINE('',#2702,#2703);
#2702 = CARTESIAN_POINT('',(4.104011256683,-6.,-0.75));
#2703 = VECTOR('',#2704,1.);
#2704 = DIRECTION('',(1.,0.,0.));
#2705 = ORIENTED_EDGE('',*,*,#2145,.T.);
#2706 = ORIENTED_EDGE('',*,*,#2707,.T.);
#2707 = EDGE_CURVE('',#2138,#2400,#2708,.T.);
#2708 = CIRCLE('',#2709,0.25);
#2709 = AXIS2_PLACEMENT_3D('',#2710,#2711,#2712);
#2710 = CARTESIAN_POINT('',(4.5,-6.,-0.25));
#2711 = DIRECTION('',(0.,-1.,0.));
#2712 = DIRECTION('',(0.,0.,-1.));
#2713 = ORIENTED_EDGE('',*,*,#2397,.F.);
#2714 = ORIENTED_EDGE('',*,*,#2715,.T.);
#2715 = EDGE_CURVE('',#2398,#2668,#2716,.T.);
#2716 = CIRCLE('',#2717,0.25);
#2717 = AXIS2_PLACEMENT_3D('',#2718,#2719,#2720);
#2718 = CARTESIAN_POINT('',(-4.5,-6.,-0.25));
#2719 = DIRECTION('',(0.,-1.,0.));
#2720 = DIRECTION('',(0.,0.,-1.));
#2721 = PLANE('',#2722);
#2722 = AXIS2_PLACEMENT_3D('',#2723,#2724,#2725);
#2723 = CARTESIAN_POINT('',(-4.75,-6.,-0.5));
#2724 = DIRECTION('',(0.,-1.,0.));
#2725 = DIRECTION('',(0.,0.,-1.));
#2726 = ADVANCED_FACE('',(#2727),#2814,.T.);
#2727 = FACE_BOUND('',#2728,.T.);
#2728 = EDGE_LOOP('',(#2729,#2730,#2738,#2746,#2753,#2754,#2755,#2762,
    #2763,#2771,#2777,#2778,#2786,#2792,#2793,#2799,#2800,#2808));
#2729 = ORIENTED_EDGE('',*,*,#2552,.F.);
#2730 = ORIENTED_EDGE('',*,*,#2731,.F.);
#2731 = EDGE_CURVE('',#2732,#2553,#2734,.T.);
#2732 = VERTEX_POINT('',#2733);
#2733 = CARTESIAN_POINT('',(-4.75,3.15,-7.4));
#2734 = LINE('',#2735,#2736);
#2735 = CARTESIAN_POINT('',(-4.75,3.15,-5.3));
#2736 = VECTOR('',#2737,1.);
#2737 = DIRECTION('',(0.,-4.130293990421E-16,1.));
#2738 = ORIENTED_EDGE('',*,*,#2739,.F.);
#2739 = EDGE_CURVE('',#2740,#2732,#2742,.T.);
#2740 = VERTEX_POINT('',#2741);
#2741 = CARTESIAN_POINT('',(-4.75,1.444495330286,-7.4));
#2742 = LINE('',#2743,#2744);
#2743 = CARTESIAN_POINT('',(-4.75,3.15,-7.4));
#2744 = VECTOR('',#2745,1.);
#2745 = DIRECTION('',(0.,1.,0.));
#2746 = ORIENTED_EDGE('',*,*,#2747,.F.);
#2747 = EDGE_CURVE('',#292,#2740,#2748,.T.);
#2748 = CIRCLE('',#2749,0.222247665143);
#2749 = AXIS2_PLACEMENT_3D('',#2750,#2751,#2752);
#2750 = CARTESIAN_POINT('',(-4.75,1.222247665143,-7.4));
#2751 = DIRECTION('',(-1.,0.,0.));
#2752 = DIRECTION('',(0.,-1.,0.));
#2753 = ORIENTED_EDGE('',*,*,#289,.F.);
#2754 = ORIENTED_EDGE('',*,*,#1344,.T.);
#2755 = ORIENTED_EDGE('',*,*,#2756,.F.);
#2756 = EDGE_CURVE('',#250,#1324,#2757,.T.);
#2757 = CIRCLE('',#2758,0.222247665143);
#2758 = AXIS2_PLACEMENT_3D('',#2759,#2760,#2761);
#2759 = CARTESIAN_POINT('',(-4.75,-1.222247665143,-7.4));
#2760 = DIRECTION('',(-1.,0.,0.));
#2761 = DIRECTION('',(0.,-1.,0.));
#2762 = ORIENTED_EDGE('',*,*,#247,.F.);
#2763 = ORIENTED_EDGE('',*,*,#2764,.F.);
#2764 = EDGE_CURVE('',#2765,#248,#2767,.T.);
#2765 = VERTEX_POINT('',#2766);
#2766 = CARTESIAN_POINT('',(-4.75,-3.15,-7.4));
#2767 = LINE('',#2768,#2769);
#2768 = CARTESIAN_POINT('',(-4.75,-1.444495330286,-7.4));
#2769 = VECTOR('',#2770,1.);
#2770 = DIRECTION('',(0.,1.,0.));
#2771 = ORIENTED_EDGE('',*,*,#2772,.F.);
#2772 = EDGE_CURVE('',#2603,#2765,#2773,.T.);
#2773 = LINE('',#2774,#2775);
#2774 = CARTESIAN_POINT('',(-4.75,-3.15,-5.3));
#2775 = VECTOR('',#2776,1.);
#2776 = DIRECTION('',(0.,-4.130293990421E-16,-1.));
#2777 = ORIENTED_EDGE('',*,*,#2600,.F.);
#2778 = ORIENTED_EDGE('',*,*,#2779,.T.);
#2779 = EDGE_CURVE('',#2601,#2780,#2782,.T.);
#2780 = VERTEX_POINT('',#2781);
#2781 = CARTESIAN_POINT('',(-4.75,-5.75,-0.75));
#2782 = LINE('',#2783,#2784);
#2783 = CARTESIAN_POINT('',(-4.75,-5.75,-5.3));
#2784 = VECTOR('',#2785,1.);
#2785 = DIRECTION('',(0.,0.,1.));
#2786 = ORIENTED_EDGE('',*,*,#2787,.T.);
#2787 = EDGE_CURVE('',#2780,#2666,#2788,.T.);
#2788 = LINE('',#2789,#2790);
#2789 = CARTESIAN_POINT('',(-4.75,-5.75,-0.75));
#2790 = VECTOR('',#2791,1.);
#2791 = DIRECTION('',(0.,-1.,0.));
#2792 = ORIENTED_EDGE('',*,*,#2665,.T.);
#2793 = ORIENTED_EDGE('',*,*,#2794,.F.);
#2794 = EDGE_CURVE('',#2505,#2668,#2795,.T.);
#2795 = LINE('',#2796,#2797);
#2796 = CARTESIAN_POINT('',(-4.75,6.,-0.25));
#2797 = VECTOR('',#2798,1.);
#2798 = DIRECTION('',(0.,-1.,0.));
#2799 = ORIENTED_EDGE('',*,*,#2504,.F.);
#2800 = ORIENTED_EDGE('',*,*,#2801,.T.);
#2801 = EDGE_CURVE('',#2497,#2802,#2804,.T.);
#2802 = VERTEX_POINT('',#2803);
#2803 = CARTESIAN_POINT('',(-4.75,5.75,-0.75));
#2804 = LINE('',#2805,#2806);
#2805 = CARTESIAN_POINT('',(-4.75,5.75,-0.75));
#2806 = VECTOR('',#2807,1.);
#2807 = DIRECTION('',(0.,-1.,0.));
#2808 = ORIENTED_EDGE('',*,*,#2809,.T.);
#2809 = EDGE_CURVE('',#2802,#2555,#2810,.T.);
#2810 = LINE('',#2811,#2812);
#2811 = CARTESIAN_POINT('',(-4.75,5.75,-5.3));
#2812 = VECTOR('',#2813,1.);
#2813 = DIRECTION('',(0.,0.,-1.));
#2814 = PLANE('',#2815);
#2815 = AXIS2_PLACEMENT_3D('',#2816,#2817,#2818);
#2816 = CARTESIAN_POINT('',(-4.75,6.,-0.5));
#2817 = DIRECTION('',(-1.,0.,0.));
#2818 = DIRECTION('',(0.,0.,1.));
#2819 = ADVANCED_FACE('',(#2820),#2831,.T.);
#2820 = FACE_BOUND('',#2821,.T.);
#2821 = EDGE_LOOP('',(#2822,#2828,#2829,#2830));
#2822 = ORIENTED_EDGE('',*,*,#2823,.T.);
#2823 = EDGE_CURVE('',#1408,#1267,#2824,.T.);
#2824 = LINE('',#2825,#2826);
#2825 = CARTESIAN_POINT('',(-4.34406639029,1.,-11.1));
#2826 = VECTOR('',#2827,1.);
#2827 = DIRECTION('',(-1.,0.,0.));
#2828 = ORIENTED_EDGE('',*,*,#1266,.F.);
#2829 = ORIENTED_EDGE('',*,*,#300,.F.);
#2830 = ORIENTED_EDGE('',*,*,#1416,.F.);
#2831 = PLANE('',#2832);
#2832 = AXIS2_PLACEMENT_3D('',#2833,#2834,#2835);
#2833 = CARTESIAN_POINT('',(-5.260935176232,1.,-9.740874801817));
#2834 = DIRECTION('',(3.261731859915E-31,1.,-2.387418685784E-16));
#2835 = DIRECTION('',(1.,-4.816963471117E-46,1.36621694357E-15));
#2836 = ADVANCED_FACE('',(#2837),#2843,.T.);
#2837 = FACE_BOUND('',#2838,.T.);
#2838 = EDGE_LOOP('',(#2839,#2840,#2841,#2842));
#2839 = ORIENTED_EDGE('',*,*,#2512,.F.);
#2840 = ORIENTED_EDGE('',*,*,#2794,.T.);
#2841 = ORIENTED_EDGE('',*,*,#2715,.F.);
#2842 = ORIENTED_EDGE('',*,*,#2423,.F.);
#2843 = CYLINDRICAL_SURFACE('',#2844,0.25);
#2844 = AXIS2_PLACEMENT_3D('',#2845,#2846,#2847);
#2845 = CARTESIAN_POINT('',(-4.5,0.,-0.25));
#2846 = DIRECTION('',(0.,-1.,0.));
#2847 = DIRECTION('',(0.,0.,-1.));
#2848 = ADVANCED_FACE('',(#2849),#2883,.F.);
#2849 = FACE_BOUND('',#2850,.F.);
#2850 = EDGE_LOOP('',(#2851,#2859,#2867,#2873,#2874,#2875,#2881,#2882));
#2851 = ORIENTED_EDGE('',*,*,#2852,.T.);
#2852 = EDGE_CURVE('',#2488,#2853,#2855,.T.);
#2853 = VERTEX_POINT('',#2854);
#2854 = CARTESIAN_POINT('',(-4.25,5.75,-0.75));
#2855 = LINE('',#2856,#2857);
#2856 = CARTESIAN_POINT('',(-4.25,-6.,-0.75));
#2857 = VECTOR('',#2858,1.);
#2858 = DIRECTION('',(0.,-1.,0.));
#2859 = ORIENTED_EDGE('',*,*,#2860,.T.);
#2860 = EDGE_CURVE('',#2853,#2861,#2863,.T.);
#2861 = VERTEX_POINT('',#2862);
#2862 = CARTESIAN_POINT('',(-4.25,-5.75,-0.75));
#2863 = LINE('',#2864,#2865);
#2864 = CARTESIAN_POINT('',(-4.25,-6.,-0.75));
#2865 = VECTOR('',#2866,1.);
#2866 = DIRECTION('',(0.,-1.,0.));
#2867 = ORIENTED_EDGE('',*,*,#2868,.T.);
#2868 = EDGE_CURVE('',#2861,#2676,#2869,.T.);
#2869 = LINE('',#2870,#2871);
#2870 = CARTESIAN_POINT('',(-4.25,-6.,-0.75));
#2871 = VECTOR('',#2872,1.);
#2872 = DIRECTION('',(0.,-1.,0.));
#2873 = ORIENTED_EDGE('',*,*,#2683,.F.);
#2874 = ORIENTED_EDGE('',*,*,#2383,.F.);
#2875 = ORIENTED_EDGE('',*,*,#2876,.F.);
#2876 = EDGE_CURVE('',#2318,#2360,#2877,.T.);
#2877 = LINE('',#2878,#2879);
#2878 = CARTESIAN_POINT('',(-4.,6.,-0.5));
#2879 = VECTOR('',#2880,1.);
#2880 = DIRECTION('',(0.,-1.,0.));
#2881 = ORIENTED_EDGE('',*,*,#2327,.F.);
#2882 = ORIENTED_EDGE('',*,*,#2487,.F.);
#2883 = CYLINDRICAL_SURFACE('',#2884,0.25);
#2884 = AXIS2_PLACEMENT_3D('',#2885,#2886,#2887);
#2885 = CARTESIAN_POINT('',(-4.,-1.222247665143,-0.75));
#2886 = DIRECTION('',(0.,1.,-0.));
#2887 = DIRECTION('',(0.,0.,1.));
#2888 = ADVANCED_FACE('',(#2889),#2907,.F.);
#2889 = FACE_BOUND('',#2890,.T.);
#2890 = EDGE_LOOP('',(#2891,#2892,#2893,#2901));
#2891 = ORIENTED_EDGE('',*,*,#2731,.T.);
#2892 = ORIENTED_EDGE('',*,*,#2586,.F.);
#2893 = ORIENTED_EDGE('',*,*,#2894,.F.);
#2894 = EDGE_CURVE('',#2895,#1243,#2897,.T.);
#2895 = VERTEX_POINT('',#2896);
#2896 = CARTESIAN_POINT('',(-4.25,3.15,-7.4));
#2897 = LINE('',#2898,#2899);
#2898 = CARTESIAN_POINT('',(-4.25,3.15,-5.3));
#2899 = VECTOR('',#2900,1.);
#2900 = DIRECTION('',(0.,-4.130293990421E-16,1.));
#2901 = ORIENTED_EDGE('',*,*,#2902,.T.);
#2902 = EDGE_CURVE('',#2895,#2732,#2903,.T.);
#2903 = LINE('',#2904,#2905);
#2904 = CARTESIAN_POINT('',(-4.25,3.15,-7.4));
#2905 = VECTOR('',#2906,1.);
#2906 = DIRECTION('',(-1.,0.,0.));
#2907 = PLANE('',#2908);
#2908 = AXIS2_PLACEMENT_3D('',#2909,#2910,#2911);
#2909 = CARTESIAN_POINT('',(-4.25,3.15,-5.3));
#2910 = DIRECTION('',(0.,-1.,-4.130293990421E-16));
#2911 = DIRECTION('',(0.,4.130293990421E-16,-1.));
#2912 = ADVANCED_FACE('',(#2913),#2919,.T.);
#2913 = FACE_BOUND('',#2914,.T.);
#2914 = EDGE_LOOP('',(#2915,#2916,#2917,#2918));
#2915 = ORIENTED_EDGE('',*,*,#2707,.F.);
#2916 = ORIENTED_EDGE('',*,*,#2137,.T.);
#2917 = ORIENTED_EDGE('',*,*,#2520,.F.);
#2918 = ORIENTED_EDGE('',*,*,#2407,.F.);
#2919 = CYLINDRICAL_SURFACE('',#2920,0.25);
#2920 = AXIS2_PLACEMENT_3D('',#2921,#2922,#2923);
#2921 = CARTESIAN_POINT('',(4.5,0.,-0.25));
#2922 = DIRECTION('',(0.,1.,-0.));
#2923 = DIRECTION('',(0.,0.,1.));
#2924 = ADVANCED_FACE('',(#2925),#2959,.F.);
#2925 = FACE_BOUND('',#2926,.F.);
#2926 = EDGE_LOOP('',(#2927,#2935,#2943,#2949,#2950,#2951,#2957,#2958));
#2927 = ORIENTED_EDGE('',*,*,#2928,.T.);
#2928 = EDGE_CURVE('',#2692,#2929,#2931,.T.);
#2929 = VERTEX_POINT('',#2930);
#2930 = CARTESIAN_POINT('',(4.25,-5.75,-0.75));
#2931 = LINE('',#2932,#2933);
#2932 = CARTESIAN_POINT('',(4.25,6.,-0.75));
#2933 = VECTOR('',#2934,1.);
#2934 = DIRECTION('',(0.,1.,0.));
#2935 = ORIENTED_EDGE('',*,*,#2936,.T.);
#2936 = EDGE_CURVE('',#2929,#2937,#2939,.T.);
#2937 = VERTEX_POINT('',#2938);
#2938 = CARTESIAN_POINT('',(4.25,5.75,-0.75));
#2939 = LINE('',#2940,#2941);
#2940 = CARTESIAN_POINT('',(4.25,6.,-0.75));
#2941 = VECTOR('',#2942,1.);
#2942 = DIRECTION('',(0.,1.,0.));
#2943 = ORIENTED_EDGE('',*,*,#2944,.T.);
#2944 = EDGE_CURVE('',#2937,#2529,#2945,.T.);
#2945 = LINE('',#2946,#2947);
#2946 = CARTESIAN_POINT('',(4.25,6.,-0.75));
#2947 = VECTOR('',#2948,1.);
#2948 = DIRECTION('',(0.,1.,0.));
#2949 = ORIENTED_EDGE('',*,*,#2536,.F.);
#2950 = ORIENTED_EDGE('',*,*,#2343,.F.);
#2951 = ORIENTED_EDGE('',*,*,#2952,.F.);
#2952 = EDGE_CURVE('',#2358,#2320,#2953,.T.);
#2953 = LINE('',#2954,#2955);
#2954 = CARTESIAN_POINT('',(4.,-6.,-0.5));
#2955 = VECTOR('',#2956,1.);
#2956 = DIRECTION('',(0.,1.,0.));
#2957 = ORIENTED_EDGE('',*,*,#2367,.F.);
#2958 = ORIENTED_EDGE('',*,*,#2691,.F.);
#2959 = CYLINDRICAL_SURFACE('',#2960,0.25);
#2960 = AXIS2_PLACEMENT_3D('',#2961,#2962,#2963);
#2961 = CARTESIAN_POINT('',(4.,1.222247665143,-0.75));
#2962 = DIRECTION('',(0.,-1.,0.));
#2963 = DIRECTION('',(0.,0.,-1.));
#2964 = ADVANCED_FACE('',(#2965),#2976,.T.);
#2965 = FACE_BOUND('',#2966,.T.);
#2966 = EDGE_LOOP('',(#2967,#2968,#2974,#2975));
#2967 = ORIENTED_EDGE('',*,*,#2928,.T.);
#2968 = ORIENTED_EDGE('',*,*,#2969,.T.);
#2969 = EDGE_CURVE('',#2929,#2154,#2970,.T.);
#2970 = LINE('',#2971,#2972);
#2971 = CARTESIAN_POINT('',(4.104011256683,-5.75,-0.75));
#2972 = VECTOR('',#2973,1.);
#2973 = DIRECTION('',(1.,0.,0.));
#2974 = ORIENTED_EDGE('',*,*,#2153,.F.);
#2975 = ORIENTED_EDGE('',*,*,#2700,.F.);
#2976 = PLANE('',#2977);
#2977 = AXIS2_PLACEMENT_3D('',#2978,#2979,#2980);
#2978 = CARTESIAN_POINT('',(4.104011256683,-5.75,-0.75));
#2979 = DIRECTION('',(0.,0.,-1.));
#2980 = DIRECTION('',(0.,-1.,0.));
#2981 = ADVANCED_FACE('',(#2982),#3024,.T.);
#2982 = FACE_BOUND('',#2983,.T.);
#2983 = EDGE_LOOP('',(#2984,#2994,#3007,#3015));
#2984 = ORIENTED_EDGE('',*,*,#2985,.F.);
#2985 = EDGE_CURVE('',#2986,#2988,#2990,.T.);
#2986 = VERTEX_POINT('',#2987);
#2987 = CARTESIAN_POINT('',(2.882239446896,-7.013095534056,
    -10.34278771051));
#2988 = VERTEX_POINT('',#2989);
#2989 = CARTESIAN_POINT('',(2.002861381678,-7.013095534056,
    -10.34278771051));
#2990 = LINE('',#2991,#2992);
#2991 = CARTESIAN_POINT('',(4.75,-7.013095534056,-10.34278771051));
#2992 = VECTOR('',#2993,1.);
#2993 = DIRECTION('',(-1.,0.,0.));
#2994 = ORIENTED_EDGE('',*,*,#2995,.T.);
#2995 = EDGE_CURVE('',#2986,#2996,#2998,.T.);
#2996 = VERTEX_POINT('',#2997);
#2997 = CARTESIAN_POINT('',(2.470564147868,-7.320307823538,-10.65));
#2998 = B_SPLINE_CURVE_WITH_KNOTS('',3,(#2999,#3000,#3001,#3002,#3003,
    #3004,#3005,#3006),.UNSPECIFIED.,.F.,.F.,(4,2,2,4),(0.,
    1.602305883274E-04,3.204611766549E-04,6.409223533097E-04),
  .UNSPECIFIED.);
#2999 = CARTESIAN_POINT('',(2.882239446896,-7.013095534056,
    -10.34278771051));
#3000 = CARTESIAN_POINT('',(2.866771179574,-7.013095534056,
    -10.39488816837));
#3001 = CARTESIAN_POINT('',(2.841755306048,-7.0262582374,-10.44217275982
    ));
#3002 = CARTESIAN_POINT('',(2.781214887385,-7.066325190838,
    -10.52121239889));
#3003 = CARTESIAN_POINT('',(2.745929049411,-7.093093591238,
    -10.55310113382));
#3004 = CARTESIAN_POINT('',(2.634540199834,-7.181363770641,
    -10.62737258584));
#3005 = CARTESIAN_POINT('',(2.552123821023,-7.251324447199,-10.65));
#3006 = CARTESIAN_POINT('',(2.470564147868,-7.320307823538,-10.65));
#3007 = ORIENTED_EDGE('',*,*,#3008,.T.);
#3008 = EDGE_CURVE('',#2996,#3009,#3011,.T.);
#3009 = VERTEX_POINT('',#3010);
#3010 = CARTESIAN_POINT('',(2.448963522438,-7.320307823538,-10.65));
#3011 = LINE('',#3012,#3013);
#3012 = CARTESIAN_POINT('',(4.75,-7.320307823538,-10.65));
#3013 = VECTOR('',#3014,1.);
#3014 = DIRECTION('',(-1.,0.,0.));
#3015 = ORIENTED_EDGE('',*,*,#3016,.F.);
#3016 = EDGE_CURVE('',#2988,#3009,#3017,.T.);
#3017 = B_SPLINE_CURVE_WITH_KNOTS('',3,(#3018,#3019,#3020,#3021,#3022,
    #3023),.UNSPECIFIED.,.F.,.F.,(4,2,4),(0.,3.314734077157E-04,
    6.629468154315E-04),.UNSPECIFIED.);
#3018 = CARTESIAN_POINT('',(2.002861381678,-7.013095534056,
    -10.34278771051));
#3019 = CARTESIAN_POINT('',(2.042949104998,-7.013095534056,
    -10.44780661428));
#3020 = CARTESIAN_POINT('',(2.117213064339,-7.06379051872,
    -10.52838601976));
#3021 = CARTESIAN_POINT('',(2.275598734595,-7.180965835029,-10.627096821
    ));
#3022 = CARTESIAN_POINT('',(2.362772738979,-7.251173645072,-10.65));
#3023 = CARTESIAN_POINT('',(2.448963522438,-7.320307823538,-10.65));
#3024 = CYLINDRICAL_SURFACE('',#3025,0.307212289482);
#3025 = AXIS2_PLACEMENT_3D('',#3026,#3027,#3028);
#3026 = CARTESIAN_POINT('',(4.75,-7.320307823538,-10.34278771051));
#3027 = DIRECTION('',(-1.,0.,0.));
#3028 = DIRECTION('',(0.,0.,1.));
#3029 = ADVANCED_FACE('',(#3030),#3065,.T.);
#3030 = FACE_BOUND('',#3031,.T.);
#3031 = EDGE_LOOP('',(#3032,#3042,#3051,#3057,#3058));
#3032 = ORIENTED_EDGE('',*,*,#3033,.T.);
#3033 = EDGE_CURVE('',#3034,#3036,#3038,.T.);
#3034 = VERTEX_POINT('',#3035);
#3035 = CARTESIAN_POINT('',(2.9,-7.013095534056,-10.22056414786));
#3036 = VERTEX_POINT('',#3037);
#3037 = CARTESIAN_POINT('',(2.9,-7.513095534056,-10.22056414786));
#3038 = LINE('',#3039,#3040);
#3039 = CARTESIAN_POINT('',(2.9,-6.,-10.22056414786));
#3040 = VECTOR('',#3041,1.);
#3041 = DIRECTION('',(0.,-1.,0.));
#3042 = ORIENTED_EDGE('',*,*,#3043,.F.);
#3043 = EDGE_CURVE('',#3044,#3036,#3046,.T.);
#3044 = VERTEX_POINT('',#3045);
#3045 = CARTESIAN_POINT('',(2.470564147868,-7.513095534056,-10.65));
#3046 = CIRCLE('',#3047,0.429435852132);
#3047 = AXIS2_PLACEMENT_3D('',#3048,#3049,#3050);
#3048 = CARTESIAN_POINT('',(2.470564147868,-7.513095534056,
    -10.22056414786));
#3049 = DIRECTION('',(0.,-1.,0.));
#3050 = DIRECTION('',(-1.,0.,0.));
#3051 = ORIENTED_EDGE('',*,*,#3052,.F.);
#3052 = EDGE_CURVE('',#2996,#3044,#3053,.T.);
#3053 = LINE('',#3054,#3055);
#3054 = CARTESIAN_POINT('',(2.470564147868,-6.,-10.65));
#3055 = VECTOR('',#3056,1.);
#3056 = DIRECTION('',(0.,-1.,0.));
#3057 = ORIENTED_EDGE('',*,*,#2995,.F.);
#3058 = ORIENTED_EDGE('',*,*,#3059,.F.);
#3059 = EDGE_CURVE('',#3034,#2986,#3060,.T.);
#3060 = CIRCLE('',#3061,0.429435852132);
#3061 = AXIS2_PLACEMENT_3D('',#3062,#3063,#3064);
#3062 = CARTESIAN_POINT('',(2.470564147868,-7.013095534056,
    -10.22056414786));
#3063 = DIRECTION('',(0.,1.,0.));
#3064 = DIRECTION('',(0.,-0.,1.));
#3065 = CYLINDRICAL_SURFACE('',#3066,0.429435852132);
#3066 = AXIS2_PLACEMENT_3D('',#3067,#3068,#3069);
#3067 = CARTESIAN_POINT('',(2.470564147868,-6.,-10.22056414786));
#3068 = DIRECTION('',(0.,-1.,0.));
#3069 = DIRECTION('',(0.,0.,-1.));
#3070 = ADVANCED_FACE('',(#3071),#3096,.T.);
#3071 = FACE_BOUND('',#3072,.T.);
#3072 = EDGE_LOOP('',(#3073,#3083,#3089,#3090));
#3073 = ORIENTED_EDGE('',*,*,#3074,.T.);
#3074 = EDGE_CURVE('',#3075,#3077,#3079,.T.);
#3075 = VERTEX_POINT('',#3076);
#3076 = CARTESIAN_POINT('',(2.9,-7.013095534056,-7.58188640099));
#3077 = VERTEX_POINT('',#3078);
#3078 = CARTESIAN_POINT('',(2.9,-7.513095534056,-7.58188640099));
#3079 = LINE('',#3080,#3081);
#3080 = CARTESIAN_POINT('',(2.9,-6.,-7.58188640099));
#3081 = VECTOR('',#3082,1.);
#3082 = DIRECTION('',(0.,-1.,0.));
#3083 = ORIENTED_EDGE('',*,*,#3084,.F.);
#3084 = EDGE_CURVE('',#3036,#3077,#3085,.T.);
#3085 = LINE('',#3086,#3087);
#3086 = CARTESIAN_POINT('',(2.9,-7.513095534056,-7.58188640099));
#3087 = VECTOR('',#3088,1.);
#3088 = DIRECTION('',(-4.930661231832E-16,0.,1.));
#3089 = ORIENTED_EDGE('',*,*,#3033,.F.);
#3090 = ORIENTED_EDGE('',*,*,#3091,.F.);
#3091 = EDGE_CURVE('',#3075,#3034,#3092,.T.);
#3092 = LINE('',#3093,#3094);
#3093 = CARTESIAN_POINT('',(2.9,-7.013095534056,-4.74800601978));
#3094 = VECTOR('',#3095,1.);
#3095 = DIRECTION('',(4.930661231832E-16,0.,-1.));
#3096 = PLANE('',#3097);
#3097 = AXIS2_PLACEMENT_3D('',#3098,#3099,#3100);
#3098 = CARTESIAN_POINT('',(2.9,-6.,-7.58188640099));
#3099 = DIRECTION('',(1.,2.431142018309E-31,1.198713769876E-46));
#3100 = DIRECTION('',(-5.445138368128E-61,-4.930661231832E-16,1.));
#3101 = ADVANCED_FACE('',(#3102),#3170,.T.);
#3102 = FACE_BOUND('',#3103,.T.);
#3103 = EDGE_LOOP('',(#3104,#3114,#3122,#3130,#3139,#3147,#3155,#3163));
#3104 = ORIENTED_EDGE('',*,*,#3105,.F.);
#3105 = EDGE_CURVE('',#3106,#3108,#3110,.T.);
#3106 = VERTEX_POINT('',#3107);
#3107 = CARTESIAN_POINT('',(3.135732758621,-7.513095534056,
    -7.396145876774));
#3108 = VERTEX_POINT('',#3109);
#3109 = CARTESIAN_POINT('',(3.135732758621,-7.513095534056,
    -4.461841947925));
#3110 = LINE('',#3111,#3112);
#3111 = CARTESIAN_POINT('',(3.135732758621,-7.513095534056,
    -4.046145876774));
#3112 = VECTOR('',#3113,1.);
#3113 = DIRECTION('',(-1.294569758192E-16,0.,1.));
#3114 = ORIENTED_EDGE('',*,*,#3115,.F.);
#3115 = EDGE_CURVE('',#3116,#3106,#3118,.T.);
#3116 = VERTEX_POINT('',#3117);
#3117 = CARTESIAN_POINT('',(3.135732758621,-7.013095534056,
    -7.396145876774));
#3118 = LINE('',#3119,#3120);
#3119 = CARTESIAN_POINT('',(3.135732758621,-6.,-7.396145876774));
#3120 = VECTOR('',#3121,1.);
#3121 = DIRECTION('',(0.,-1.,0.));
#3122 = ORIENTED_EDGE('',*,*,#3123,.F.);
#3123 = EDGE_CURVE('',#3124,#3116,#3126,.T.);
#3124 = VERTEX_POINT('',#3125);
#3125 = CARTESIAN_POINT('',(3.135732758621,-7.013095534056,
    -4.74800601978));
#3126 = LINE('',#3127,#3128);
#3127 = CARTESIAN_POINT('',(3.135732758621,-7.013095534056,
    -4.74800601978));
#3128 = VECTOR('',#3129,1.);
#3129 = DIRECTION('',(1.294569758192E-16,0.,-1.));
#3130 = ORIENTED_EDGE('',*,*,#3131,.F.);
#3131 = EDGE_CURVE('',#3132,#3124,#3134,.T.);
#3132 = VERTEX_POINT('',#3133);
#3133 = CARTESIAN_POINT('',(3.135732758621,-6.81123539105,
    -4.546145876774));
#3134 = CIRCLE('',#3135,0.201860143006);
#3135 = AXIS2_PLACEMENT_3D('',#3136,#3137,#3138);
#3136 = CARTESIAN_POINT('',(3.135732758621,-6.81123539105,-4.74800601978
    ));
#3137 = DIRECTION('',(1.,0.,1.294569758192E-16));
#3138 = DIRECTION('',(1.294569758192E-16,0.,-1.));
#3139 = ORIENTED_EDGE('',*,*,#3140,.F.);
#3140 = EDGE_CURVE('',#3141,#3132,#3143,.T.);
#3141 = VERTEX_POINT('',#3142);
#3142 = CARTESIAN_POINT('',(3.135732758621,-5.75,-4.546145876774));
#3143 = LINE('',#3144,#3145);
#3144 = CARTESIAN_POINT('',(3.135732758621,-6.,-4.546145876774));
#3145 = VECTOR('',#3146,1.);
#3146 = DIRECTION('',(0.,-1.,0.));
#3147 = ORIENTED_EDGE('',*,*,#3148,.F.);
#3148 = EDGE_CURVE('',#3149,#3141,#3151,.T.);
#3149 = VERTEX_POINT('',#3150);
#3150 = CARTESIAN_POINT('',(3.135732758621,-5.75,-4.046145876774));
#3151 = LINE('',#3152,#3153);
#3152 = CARTESIAN_POINT('',(3.135732758621,-5.75,-0.499041562842));
#3153 = VECTOR('',#3154,1.);
#3154 = DIRECTION('',(0.,-3.043374519258E-16,-1.));
#3155 = ORIENTED_EDGE('',*,*,#3156,.T.);
#3156 = EDGE_CURVE('',#3149,#3157,#3159,.T.);
#3157 = VERTEX_POINT('',#3158);
#3158 = CARTESIAN_POINT('',(3.135732758621,-7.097399462905,
    -4.046145876774));
#3159 = LINE('',#3160,#3161);
#3160 = CARTESIAN_POINT('',(3.135732758621,-6.,-4.046145876774));
#3161 = VECTOR('',#3162,1.);
#3162 = DIRECTION('',(0.,-1.,0.));
#3163 = ORIENTED_EDGE('',*,*,#3164,.T.);
#3164 = EDGE_CURVE('',#3157,#3108,#3165,.T.);
#3165 = CIRCLE('',#3166,0.415696071151);
#3166 = AXIS2_PLACEMENT_3D('',#3167,#3168,#3169);
#3167 = CARTESIAN_POINT('',(3.135732758621,-7.097399462905,
    -4.461841947925));
#3168 = DIRECTION('',(1.,0.,1.294569758192E-16));
#3169 = DIRECTION('',(1.294569758192E-16,0.,-1.));
#3170 = PLANE('',#3171);
#3171 = AXIS2_PLACEMENT_3D('',#3172,#3173,#3174);
#3172 = CARTESIAN_POINT('',(3.135732758621,-6.,-4.046145876774));
#3173 = DIRECTION('',(1.,1.675910858824E-32,2.169583515259E-48));
#3174 = DIRECTION('',(1.215432671457E-63,-1.294569758192E-16,1.));
#3175 = ADVANCED_FACE('',(#3176),#3194,.T.);
#3176 = FACE_BOUND('',#3177,.T.);
#3177 = EDGE_LOOP('',(#3178,#3179,#3180,#3188));
#3178 = ORIENTED_EDGE('',*,*,#3008,.F.);
#3179 = ORIENTED_EDGE('',*,*,#3052,.T.);
#3180 = ORIENTED_EDGE('',*,*,#3181,.T.);
#3181 = EDGE_CURVE('',#3044,#3182,#3184,.T.);
#3182 = VERTEX_POINT('',#3183);
#3183 = CARTESIAN_POINT('',(2.448963522438,-7.513095534056,-10.65));
#3184 = LINE('',#3185,#3186);
#3185 = CARTESIAN_POINT('',(4.75,-7.513095534056,-10.65));
#3186 = VECTOR('',#3187,1.);
#3187 = DIRECTION('',(-1.,0.,0.));
#3188 = ORIENTED_EDGE('',*,*,#3189,.F.);
#3189 = EDGE_CURVE('',#3009,#3182,#3190,.T.);
#3190 = LINE('',#3191,#3192);
#3191 = CARTESIAN_POINT('',(2.448963522438,12.578764295339,-10.65));
#3192 = VECTOR('',#3193,1.);
#3193 = DIRECTION('',(0.,-1.,0.));
#3194 = PLANE('',#3195);
#3195 = AXIS2_PLACEMENT_3D('',#3196,#3197,#3198);
#3196 = CARTESIAN_POINT('',(4.75,-7.320307823538,-10.65));
#3197 = DIRECTION('',(0.,0.,-1.));
#3198 = DIRECTION('',(0.,-1.,0.));
#3199 = ADVANCED_FACE('',(#3200),#3268,.F.);
#3200 = FACE_BOUND('',#3201,.T.);
#3201 = EDGE_LOOP('',(#3202,#3213,#3221,#3229,#3237,#3246,#3254,#3262));
#3202 = ORIENTED_EDGE('',*,*,#3203,.F.);
#3203 = EDGE_CURVE('',#3204,#3206,#3208,.T.);
#3204 = VERTEX_POINT('',#3205);
#3205 = CARTESIAN_POINT('',(1.735732758621,-7.097399462905,
    -4.046145876774));
#3206 = VERTEX_POINT('',#3207);
#3207 = CARTESIAN_POINT('',(1.735732758621,-7.513095534056,
    -4.461841947925));
#3208 = CIRCLE('',#3209,0.415696071151);
#3209 = AXIS2_PLACEMENT_3D('',#3210,#3211,#3212);
#3210 = CARTESIAN_POINT('',(1.735732758621,-7.097399462905,
    -4.461841947925));
#3211 = DIRECTION('',(1.,0.,-1.294569758192E-16));
#3212 = DIRECTION('',(-1.294569758192E-16,0.,-1.));
#3213 = ORIENTED_EDGE('',*,*,#3214,.F.);
#3214 = EDGE_CURVE('',#3215,#3204,#3217,.T.);
#3215 = VERTEX_POINT('',#3216);
#3216 = CARTESIAN_POINT('',(1.735732758621,-5.75,-4.046145876774));
#3217 = LINE('',#3218,#3219);
#3218 = CARTESIAN_POINT('',(1.735732758621,12.578764295339,
    -4.046145876774));
#3219 = VECTOR('',#3220,1.);
#3220 = DIRECTION('',(0.,-1.,0.));
#3221 = ORIENTED_EDGE('',*,*,#3222,.F.);
#3222 = EDGE_CURVE('',#3223,#3215,#3225,.T.);
#3223 = VERTEX_POINT('',#3224);
#3224 = CARTESIAN_POINT('',(1.735732758621,-5.75,-4.546145876774));
#3225 = LINE('',#3226,#3227);
#3226 = CARTESIAN_POINT('',(1.735732758621,-5.75,-0.499041562842));
#3227 = VECTOR('',#3228,1.);
#3228 = DIRECTION('',(0.,3.043374519258E-16,1.));
#3229 = ORIENTED_EDGE('',*,*,#3230,.T.);
#3230 = EDGE_CURVE('',#3223,#3231,#3233,.T.);
#3231 = VERTEX_POINT('',#3232);
#3232 = CARTESIAN_POINT('',(1.735732758621,-6.81123539105,
    -4.546145876774));
#3233 = LINE('',#3234,#3235);
#3234 = CARTESIAN_POINT('',(1.735732758621,-6.,-4.546145876774));
#3235 = VECTOR('',#3236,1.);
#3236 = DIRECTION('',(0.,-1.,0.));
#3237 = ORIENTED_EDGE('',*,*,#3238,.T.);
#3238 = EDGE_CURVE('',#3231,#3239,#3241,.T.);
#3239 = VERTEX_POINT('',#3240);
#3240 = CARTESIAN_POINT('',(1.735732758621,-7.013095534056,
    -4.74800601978));
#3241 = CIRCLE('',#3242,0.201860143006);
#3242 = AXIS2_PLACEMENT_3D('',#3243,#3244,#3245);
#3243 = CARTESIAN_POINT('',(1.735732758621,-6.81123539105,-4.74800601978
    ));
#3244 = DIRECTION('',(1.,0.,-1.294569758192E-16));
#3245 = DIRECTION('',(-1.294569758192E-16,0.,-1.));
#3246 = ORIENTED_EDGE('',*,*,#3247,.T.);
#3247 = EDGE_CURVE('',#3239,#3248,#3250,.T.);
#3248 = VERTEX_POINT('',#3249);
#3249 = CARTESIAN_POINT('',(1.735732758621,-7.013095534056,
    -7.396145876774));
#3250 = LINE('',#3251,#3252);
#3251 = CARTESIAN_POINT('',(1.735732758621,-7.013095534056,
    -4.74800601978));
#3252 = VECTOR('',#3253,1.);
#3253 = DIRECTION('',(-1.294569758192E-16,0.,-1.));
#3254 = ORIENTED_EDGE('',*,*,#3255,.T.);
#3255 = EDGE_CURVE('',#3248,#3256,#3258,.T.);
#3256 = VERTEX_POINT('',#3257);
#3257 = CARTESIAN_POINT('',(1.735732758621,-7.513095534056,
    -7.396145876774));
#3258 = LINE('',#3259,#3260);
#3259 = CARTESIAN_POINT('',(1.735732758621,12.578764295339,
    -7.396145876774));
#3260 = VECTOR('',#3261,1.);
#3261 = DIRECTION('',(0.,-1.,0.));
#3262 = ORIENTED_EDGE('',*,*,#3263,.T.);
#3263 = EDGE_CURVE('',#3256,#3206,#3264,.T.);
#3264 = LINE('',#3265,#3266);
#3265 = CARTESIAN_POINT('',(1.735732758621,-7.513095534056,
    -4.046145876774));
#3266 = VECTOR('',#3267,1.);
#3267 = DIRECTION('',(1.294569758192E-16,0.,1.));
#3268 = PLANE('',#3269);
#3269 = AXIS2_PLACEMENT_3D('',#3270,#3271,#3272);
#3270 = CARTESIAN_POINT('',(1.735732758621,12.578764295339,
    -4.046145876774));
#3271 = DIRECTION('',(1.,0.,-1.294569758192E-16));
#3272 = DIRECTION('',(0.,1.,0.));
#3273 = ADVANCED_FACE('',(#3274),#3299,.F.);
#3274 = FACE_BOUND('',#3275,.T.);
#3275 = EDGE_LOOP('',(#3276,#3284,#3292,#3298));
#3276 = ORIENTED_EDGE('',*,*,#3277,.T.);
#3277 = EDGE_CURVE('',#3248,#3278,#3280,.T.);
#3278 = VERTEX_POINT('',#3279);
#3279 = CARTESIAN_POINT('',(1.785724993025,-7.013095534056,
    -7.396145876774));
#3280 = LINE('',#3281,#3282);
#3281 = CARTESIAN_POINT('',(4.75,-7.013095534056,-7.396145876774));
#3282 = VECTOR('',#3283,1.);
#3283 = DIRECTION('',(1.,0.,0.));
#3284 = ORIENTED_EDGE('',*,*,#3285,.T.);
#3285 = EDGE_CURVE('',#3278,#3286,#3288,.T.);
#3286 = VERTEX_POINT('',#3287);
#3287 = CARTESIAN_POINT('',(1.785724993025,-7.513095534056,
    -7.396145876774));
#3288 = LINE('',#3289,#3290);
#3289 = CARTESIAN_POINT('',(1.785724993025,12.578764295339,
    -7.396145876774));
#3290 = VECTOR('',#3291,1.);
#3291 = DIRECTION('',(0.,-1.,0.));
#3292 = ORIENTED_EDGE('',*,*,#3293,.T.);
#3293 = EDGE_CURVE('',#3286,#3256,#3294,.T.);
#3294 = LINE('',#3295,#3296);
#3295 = CARTESIAN_POINT('',(1.735732758621,-7.513095534056,
    -7.396145876774));
#3296 = VECTOR('',#3297,1.);
#3297 = DIRECTION('',(-1.,0.,0.));
#3298 = ORIENTED_EDGE('',*,*,#3255,.F.);
#3299 = PLANE('',#3300);
#3300 = AXIS2_PLACEMENT_3D('',#3301,#3302,#3303);
#3301 = CARTESIAN_POINT('',(1.735732758621,12.578764295339,
    -7.396145876774));
#3302 = DIRECTION('',(0.,0.,1.));
#3303 = DIRECTION('',(1.,-0.,0.));
#3304 = ADVANCED_FACE('',(#3305),#3332,.F.);
#3305 = FACE_BOUND('',#3306,.F.);
#3306 = EDGE_LOOP('',(#3307,#3308,#3317,#3325));
#3307 = ORIENTED_EDGE('',*,*,#3285,.T.);
#3308 = ORIENTED_EDGE('',*,*,#3309,.F.);
#3309 = EDGE_CURVE('',#3310,#3286,#3312,.T.);
#3310 = VERTEX_POINT('',#3311);
#3311 = CARTESIAN_POINT('',(1.971465517241,-7.513095534056,
    -7.58188640099));
#3312 = CIRCLE('',#3313,0.185740524216);
#3313 = AXIS2_PLACEMENT_3D('',#3314,#3315,#3316);
#3314 = CARTESIAN_POINT('',(1.785724993025,-7.513095534056,
    -7.58188640099));
#3315 = DIRECTION('',(0.,-1.,0.));
#3316 = DIRECTION('',(1.,0.,0.));
#3317 = ORIENTED_EDGE('',*,*,#3318,.F.);
#3318 = EDGE_CURVE('',#3319,#3310,#3321,.T.);
#3319 = VERTEX_POINT('',#3320);
#3320 = CARTESIAN_POINT('',(1.971465517241,-7.013095534056,
    -7.58188640099));
#3321 = LINE('',#3322,#3323);
#3322 = CARTESIAN_POINT('',(1.971465517241,12.578764295339,
    -7.58188640099));
#3323 = VECTOR('',#3324,1.);
#3324 = DIRECTION('',(0.,-1.,0.));
#3325 = ORIENTED_EDGE('',*,*,#3326,.F.);
#3326 = EDGE_CURVE('',#3278,#3319,#3327,.T.);
#3327 = CIRCLE('',#3328,0.185740524216);
#3328 = AXIS2_PLACEMENT_3D('',#3329,#3330,#3331);
#3329 = CARTESIAN_POINT('',(1.785724993025,-7.013095534056,
    -7.58188640099));
#3330 = DIRECTION('',(0.,1.,0.));
#3331 = DIRECTION('',(0.,-0.,1.));
#3332 = CYLINDRICAL_SURFACE('',#3333,0.185740524216);
#3333 = AXIS2_PLACEMENT_3D('',#3334,#3335,#3336);
#3334 = CARTESIAN_POINT('',(1.785724993025,12.578764295339,
    -7.58188640099));
#3335 = DIRECTION('',(0.,-1.,0.));
#3336 = DIRECTION('',(0.,0.,-1.));
#3337 = ADVANCED_FACE('',(#3338),#3363,.F.);
#3338 = FACE_BOUND('',#3339,.T.);
#3339 = EDGE_LOOP('',(#3340,#3348,#3356,#3362));
#3340 = ORIENTED_EDGE('',*,*,#3341,.T.);
#3341 = EDGE_CURVE('',#3319,#3342,#3344,.T.);
#3342 = VERTEX_POINT('',#3343);
#3343 = CARTESIAN_POINT('',(1.971465517241,-7.013095534056,
    -10.1725019948));
#3344 = LINE('',#3345,#3346);
#3345 = CARTESIAN_POINT('',(1.971465517241,-7.013095534056,
    -4.74800601978));
#3346 = VECTOR('',#3347,1.);
#3347 = DIRECTION('',(1.674045620778E-16,0.,-1.));
#3348 = ORIENTED_EDGE('',*,*,#3349,.T.);
#3349 = EDGE_CURVE('',#3342,#3350,#3352,.T.);
#3350 = VERTEX_POINT('',#3351);
#3351 = CARTESIAN_POINT('',(1.971465517241,-7.513095534056,
    -10.1725019948));
#3352 = LINE('',#3353,#3354);
#3353 = CARTESIAN_POINT('',(1.971465517241,12.578764295339,
    -10.1725019948));
#3354 = VECTOR('',#3355,1.);
#3355 = DIRECTION('',(0.,-1.,0.));
#3356 = ORIENTED_EDGE('',*,*,#3357,.T.);
#3357 = EDGE_CURVE('',#3350,#3310,#3358,.T.);
#3358 = LINE('',#3359,#3360);
#3359 = CARTESIAN_POINT('',(1.971465517241,-7.513095534056,
    -10.1725019948));
#3360 = VECTOR('',#3361,1.);
#3361 = DIRECTION('',(-1.674045620778E-16,0.,1.));
#3362 = ORIENTED_EDGE('',*,*,#3318,.F.);
#3363 = PLANE('',#3364);
#3364 = AXIS2_PLACEMENT_3D('',#3365,#3366,#3367);
#3365 = CARTESIAN_POINT('',(1.971465517241,12.578764295339,
    -10.1725019948));
#3366 = DIRECTION('',(1.,2.802428740446E-32,4.691393560487E-48));
#3367 = DIRECTION('',(-4.2540143501E-63,-1.674045620778E-16,1.));
#3368 = ADVANCED_FACE('',(#3369),#3388,.T.);
#3369 = FACE_BOUND('',#3370,.T.);
#3370 = EDGE_LOOP('',(#3371,#3378,#3379,#3380,#3387));
#3371 = ORIENTED_EDGE('',*,*,#3372,.F.);
#3372 = EDGE_CURVE('',#2988,#3342,#3373,.T.);
#3373 = CIRCLE('',#3374,0.477498005197);
#3374 = AXIS2_PLACEMENT_3D('',#3375,#3376,#3377);
#3375 = CARTESIAN_POINT('',(2.448963522438,-7.013095534056,
    -10.1725019948));
#3376 = DIRECTION('',(0.,1.,0.));
#3377 = DIRECTION('',(0.,-0.,1.));
#3378 = ORIENTED_EDGE('',*,*,#3016,.T.);
#3379 = ORIENTED_EDGE('',*,*,#3189,.T.);
#3380 = ORIENTED_EDGE('',*,*,#3381,.T.);
#3381 = EDGE_CURVE('',#3182,#3350,#3382,.T.);
#3382 = CIRCLE('',#3383,0.477498005197);
#3383 = AXIS2_PLACEMENT_3D('',#3384,#3385,#3386);
#3384 = CARTESIAN_POINT('',(2.448963522438,-7.513095534056,
    -10.1725019948));
#3385 = DIRECTION('',(-0.,1.,0.));
#3386 = DIRECTION('',(1.,0.,0.));
#3387 = ORIENTED_EDGE('',*,*,#3349,.F.);
#3388 = CYLINDRICAL_SURFACE('',#3389,0.477498005197);
#3389 = AXIS2_PLACEMENT_3D('',#3390,#3391,#3392);
#3390 = CARTESIAN_POINT('',(2.448963522438,12.578764295339,
    -10.1725019948));
#3391 = DIRECTION('',(0.,-1.,0.));
#3392 = DIRECTION('',(0.,0.,-1.));
#3393 = ADVANCED_FACE('',(#3394),#3443,.T.);
#3394 = FACE_BOUND('',#3395,.T.);
#3395 = EDGE_LOOP('',(#3396,#3407,#3415,#3424,#3432));
#3396 = ORIENTED_EDGE('',*,*,#3397,.F.);
#3397 = EDGE_CURVE('',#3398,#3400,#3402,.T.);
#3398 = VERTEX_POINT('',#3399);
#3399 = CARTESIAN_POINT('',(0.464267241379,-7.013095534056,
    -10.22056414786));
#3400 = VERTEX_POINT('',#3401);
#3401 = CARTESIAN_POINT('',(0.446506688275,-7.013095534056,
    -10.34278771051));
#3402 = CIRCLE('',#3403,0.429435852132);
#3403 = AXIS2_PLACEMENT_3D('',#3404,#3405,#3406);
#3404 = CARTESIAN_POINT('',(3.4831389247E-02,-7.013095534056,
    -10.22056414786));
#3405 = DIRECTION('',(0.,1.,0.));
#3406 = DIRECTION('',(0.,-0.,1.));
#3407 = ORIENTED_EDGE('',*,*,#3408,.T.);
#3408 = EDGE_CURVE('',#3398,#3409,#3411,.T.);
#3409 = VERTEX_POINT('',#3410);
#3410 = CARTESIAN_POINT('',(0.464267241379,-7.513095534056,
    -10.22056414786));
#3411 = LINE('',#3412,#3413);
#3412 = CARTESIAN_POINT('',(0.464267241379,12.578764295339,
    -10.22056414786));
#3413 = VECTOR('',#3414,1.);
#3414 = DIRECTION('',(0.,-1.,0.));
#3415 = ORIENTED_EDGE('',*,*,#3416,.T.);
#3416 = EDGE_CURVE('',#3409,#3417,#3419,.T.);
#3417 = VERTEX_POINT('',#3418);
#3418 = CARTESIAN_POINT('',(3.4831389247E-02,-7.513095534056,-10.65));
#3419 = CIRCLE('',#3420,0.429435852132);
#3420 = AXIS2_PLACEMENT_3D('',#3421,#3422,#3423);
#3421 = CARTESIAN_POINT('',(3.4831389247E-02,-7.513095534056,
    -10.22056414786));
#3422 = DIRECTION('',(0.,1.,0.));
#3423 = DIRECTION('',(-1.,0.,0.));
#3424 = ORIENTED_EDGE('',*,*,#3425,.F.);
#3425 = EDGE_CURVE('',#3426,#3417,#3428,.T.);
#3426 = VERTEX_POINT('',#3427);
#3427 = CARTESIAN_POINT('',(3.4831389247E-02,-7.320307823538,-10.65));
#3428 = LINE('',#3429,#3430);
#3429 = CARTESIAN_POINT('',(3.4831389247E-02,12.578764295339,-10.65));
#3430 = VECTOR('',#3431,1.);
#3431 = DIRECTION('',(0.,-1.,0.));
#3432 = ORIENTED_EDGE('',*,*,#3433,.F.);
#3433 = EDGE_CURVE('',#3400,#3426,#3434,.T.);
#3434 = B_SPLINE_CURVE_WITH_KNOTS('',3,(#3435,#3436,#3437,#3438,#3439,
    #3440,#3441,#3442),.UNSPECIFIED.,.F.,.F.,(4,2,2,4),(
    6.673773688913E-19,1.602305883274E-04,3.204611766549E-04,
    6.409223533097E-04),.UNSPECIFIED.);
#3435 = CARTESIAN_POINT('',(0.446506688275,-7.013095534056,
    -10.34278771051));
#3436 = CARTESIAN_POINT('',(0.431038420953,-7.013095534056,
    -10.39488816837));
#3437 = CARTESIAN_POINT('',(0.406022547427,-7.0262582374,-10.44217275982
    ));
#3438 = CARTESIAN_POINT('',(0.345482128764,-7.066325190838,
    -10.52121239889));
#3439 = CARTESIAN_POINT('',(0.31019629079,-7.093093591238,
    -10.55310113382));
#3440 = CARTESIAN_POINT('',(0.198807441213,-7.181363770641,
    -10.62737258584));
#3441 = CARTESIAN_POINT('',(0.116391062402,-7.251324447199,-10.65));
#3442 = CARTESIAN_POINT('',(3.4831389247E-02,-7.320307823538,-10.65));
#3443 = CYLINDRICAL_SURFACE('',#3444,0.429435852132);
#3444 = AXIS2_PLACEMENT_3D('',#3445,#3446,#3447);
#3445 = CARTESIAN_POINT('',(3.4831389247E-02,12.578764295339,
    -10.22056414786));
#3446 = DIRECTION('',(0.,-1.,0.));
#3447 = DIRECTION('',(0.,0.,-1.));
#3448 = ADVANCED_FACE('',(#3449),#3496,.T.);
#3449 = FACE_BOUND('',#3450,.T.);
#3450 = EDGE_LOOP('',(#3451,#3462,#3473,#3481,#3490));
#3451 = ORIENTED_EDGE('',*,*,#3452,.F.);
#3452 = EDGE_CURVE('',#3453,#3455,#3457,.T.);
#3453 = VERTEX_POINT('',#3454);
#3454 = CARTESIAN_POINT('',(-0.432871376942,-7.013095534056,
    -10.34278771051));
#3455 = VERTEX_POINT('',#3456);
#3456 = CARTESIAN_POINT('',(-0.464267241379,-7.013095534056,
    -10.1725019948));
#3457 = CIRCLE('',#3458,0.477498005197);
#3458 = AXIS2_PLACEMENT_3D('',#3459,#3460,#3461);
#3459 = CARTESIAN_POINT('',(1.323076381731E-02,-7.013095534056,
    -10.1725019948));
#3460 = DIRECTION('',(0.,1.,0.));
#3461 = DIRECTION('',(0.,-0.,1.));
#3462 = ORIENTED_EDGE('',*,*,#3463,.T.);
#3463 = EDGE_CURVE('',#3453,#3464,#3466,.T.);
#3464 = VERTEX_POINT('',#3465);
#3465 = CARTESIAN_POINT('',(1.323076381731E-02,-7.320307823538,-10.65));
#3466 = B_SPLINE_CURVE_WITH_KNOTS('',3,(#3467,#3468,#3469,#3470,#3471,
    #3472),.UNSPECIFIED.,.F.,.F.,(4,2,4),(9.173468157448E-19,
    3.314734077157E-04,6.629468154315E-04),.UNSPECIFIED.);
#3467 = CARTESIAN_POINT('',(-0.432871376942,-7.013095534056,
    -10.34278771051));
#3468 = CARTESIAN_POINT('',(-0.392783653623,-7.013095534056,
    -10.44780661428));
#3469 = CARTESIAN_POINT('',(-0.318519694282,-7.06379051872,
    -10.52838601976));
#3470 = CARTESIAN_POINT('',(-0.160134024026,-7.180965835029,
    -10.627096821));
#3471 = CARTESIAN_POINT('',(-7.296001964218E-02,-7.251173645072,-10.65)
  );
#3472 = CARTESIAN_POINT('',(1.323076381731E-02,-7.320307823538,-10.65));
#3473 = ORIENTED_EDGE('',*,*,#3474,.T.);
#3474 = EDGE_CURVE('',#3464,#3475,#3477,.T.);
#3475 = VERTEX_POINT('',#3476);
#3476 = CARTESIAN_POINT('',(1.323076381731E-02,-7.513095534056,-10.65));
#3477 = LINE('',#3478,#3479);
#3478 = CARTESIAN_POINT('',(1.323076381731E-02,0.129312412348,-10.65));
#3479 = VECTOR('',#3480,1.);
#3480 = DIRECTION('',(0.,-1.,0.));
#3481 = ORIENTED_EDGE('',*,*,#3482,.T.);
#3482 = EDGE_CURVE('',#3475,#3483,#3485,.T.);
#3483 = VERTEX_POINT('',#3484);
#3484 = CARTESIAN_POINT('',(-0.464267241379,-7.513095534056,
    -10.1725019948));
#3485 = CIRCLE('',#3486,0.477498005197);
#3486 = AXIS2_PLACEMENT_3D('',#3487,#3488,#3489);
#3487 = CARTESIAN_POINT('',(1.323076381731E-02,-7.513095534056,
    -10.1725019948));
#3488 = DIRECTION('',(-0.,1.,0.));
#3489 = DIRECTION('',(1.,0.,0.));
#3490 = ORIENTED_EDGE('',*,*,#3491,.F.);
#3491 = EDGE_CURVE('',#3455,#3483,#3492,.T.);
#3492 = LINE('',#3493,#3494);
#3493 = CARTESIAN_POINT('',(-0.464267241379,0.129312412348,
    -10.1725019948));
#3494 = VECTOR('',#3495,1.);
#3495 = DIRECTION('',(0.,-1.,0.));
#3496 = CYLINDRICAL_SURFACE('',#3497,0.477498005197);
#3497 = AXIS2_PLACEMENT_3D('',#3498,#3499,#3500);
#3498 = CARTESIAN_POINT('',(1.323076381731E-02,0.129312412348,
    -10.1725019948));
#3499 = DIRECTION('',(0.,-1.,0.));
#3500 = DIRECTION('',(0.,0.,-1.));
#3501 = ADVANCED_FACE('',(#3502),#3527,.F.);
#3502 = FACE_BOUND('',#3503,.T.);
#3503 = EDGE_LOOP('',(#3504,#3512,#3513,#3521));
#3504 = ORIENTED_EDGE('',*,*,#3505,.T.);
#3505 = EDGE_CURVE('',#3506,#3455,#3508,.T.);
#3506 = VERTEX_POINT('',#3507);
#3507 = CARTESIAN_POINT('',(-0.464267241379,-7.013095534056,
    -7.58188640099));
#3508 = LINE('',#3509,#3510);
#3509 = CARTESIAN_POINT('',(-0.464267241379,-7.013095534056,
    -4.74800601978));
#3510 = VECTOR('',#3511,1.);
#3511 = DIRECTION('',(1.464789918181E-16,0.,-1.));
#3512 = ORIENTED_EDGE('',*,*,#3491,.T.);
#3513 = ORIENTED_EDGE('',*,*,#3514,.T.);
#3514 = EDGE_CURVE('',#3483,#3515,#3517,.T.);
#3515 = VERTEX_POINT('',#3516);
#3516 = CARTESIAN_POINT('',(-0.464267241379,-7.513095534056,
    -7.58188640099));
#3517 = LINE('',#3518,#3519);
#3518 = CARTESIAN_POINT('',(-0.464267241379,-7.513095534056,
    -10.1725019948));
#3519 = VECTOR('',#3520,1.);
#3520 = DIRECTION('',(-1.464789918181E-16,0.,1.));
#3521 = ORIENTED_EDGE('',*,*,#3522,.F.);
#3522 = EDGE_CURVE('',#3506,#3515,#3523,.T.);
#3523 = LINE('',#3524,#3525);
#3524 = CARTESIAN_POINT('',(-0.464267241379,0.129312412348,
    -7.58188640099));
#3525 = VECTOR('',#3526,1.);
#3526 = DIRECTION('',(0.,-1.,0.));
#3527 = PLANE('',#3528);
#3528 = AXIS2_PLACEMENT_3D('',#3529,#3530,#3531);
#3529 = CARTESIAN_POINT('',(-0.464267241379,0.129312412348,
    -10.1725019948));
#3530 = DIRECTION('',(1.,2.145609504404E-32,3.142867170404E-48));
#3531 = DIRECTION('',(-7.292596028744E-63,-1.464789918181E-16,1.));
#3532 = ADVANCED_FACE('',(#3533),#3620,.F.);
#3533 = FACE_BOUND('',#3534,.T.);
#3534 = EDGE_LOOP('',(#3535,#3543,#3551,#3557,#3558,#3564,#3565,#3571,
    #3572,#3580,#3588,#3594,#3595,#3596,#3597,#3598,#3604,#3605,#3606,
    #3614));
#3535 = ORIENTED_EDGE('',*,*,#3536,.F.);
#3536 = EDGE_CURVE('',#3537,#2064,#3539,.T.);
#3537 = VERTEX_POINT('',#3538);
#3538 = CARTESIAN_POINT('',(4.25,-3.15,-4.8));
#3539 = LINE('',#3540,#3541);
#3540 = CARTESIAN_POINT('',(4.25,-3.15,-7.4));
#3541 = VECTOR('',#3542,1.);
#3542 = DIRECTION('',(0.,-3.043374519258E-16,-1.));
#3543 = ORIENTED_EDGE('',*,*,#3544,.T.);
#3544 = EDGE_CURVE('',#3537,#3545,#3547,.T.);
#3545 = VERTEX_POINT('',#3546);
#3546 = CARTESIAN_POINT('',(4.25,-5.187420288032,-4.8));
#3547 = LINE('',#3548,#3549);
#3548 = CARTESIAN_POINT('',(4.25,1.222247665143,-4.8));
#3549 = VECTOR('',#3550,1.);
#3550 = DIRECTION('',(0.,-1.,0.));
#3551 = ORIENTED_EDGE('',*,*,#3552,.F.);
#3552 = EDGE_CURVE('',#2039,#3545,#3553,.T.);
#3553 = LINE('',#3554,#3555);
#3554 = CARTESIAN_POINT('',(4.25,-5.187420288032,-7.4));
#3555 = VECTOR('',#3556,1.);
#3556 = DIRECTION('',(0.,3.043374519258E-16,1.));
#3557 = ORIENTED_EDGE('',*,*,#2038,.T.);
#3558 = ORIENTED_EDGE('',*,*,#3559,.F.);
#3559 = EDGE_CURVE('',#2929,#2031,#3560,.T.);
#3560 = LINE('',#3561,#3562);
#3561 = CARTESIAN_POINT('',(4.25,-5.75,-7.4));
#3562 = VECTOR('',#3563,1.);
#3563 = DIRECTION('',(0.,0.,-1.));
#3564 = ORIENTED_EDGE('',*,*,#2936,.T.);
#3565 = ORIENTED_EDGE('',*,*,#3566,.F.);
#3566 = EDGE_CURVE('',#1991,#2937,#3567,.T.);
#3567 = LINE('',#3568,#3569);
#3568 = CARTESIAN_POINT('',(4.25,5.75,-7.4));
#3569 = VECTOR('',#3570,1.);
#3570 = DIRECTION('',(0.,0.,1.));
#3571 = ORIENTED_EDGE('',*,*,#1990,.T.);
#3572 = ORIENTED_EDGE('',*,*,#3573,.F.);
#3573 = EDGE_CURVE('',#3574,#1983,#3576,.T.);
#3574 = VERTEX_POINT('',#3575);
#3575 = CARTESIAN_POINT('',(4.25,5.187420288032,-4.8));
#3576 = LINE('',#3577,#3578);
#3577 = CARTESIAN_POINT('',(4.25,5.187420288032,-7.4));
#3578 = VECTOR('',#3579,1.);
#3579 = DIRECTION('',(0.,-3.043374519258E-16,-1.));
#3580 = ORIENTED_EDGE('',*,*,#3581,.T.);
#3581 = EDGE_CURVE('',#3574,#3582,#3584,.T.);
#3582 = VERTEX_POINT('',#3583);
#3583 = CARTESIAN_POINT('',(4.25,3.15,-4.8));
#3584 = LINE('',#3585,#3586);
#3585 = CARTESIAN_POINT('',(4.25,1.222247665143,-4.8));
#3586 = VECTOR('',#3587,1.);
#3587 = DIRECTION('',(0.,-1.,0.));
#3588 = ORIENTED_EDGE('',*,*,#3589,.F.);
#3589 = EDGE_CURVE('',#1925,#3582,#3590,.T.);
#3590 = LINE('',#3591,#3592);
#3591 = CARTESIAN_POINT('',(4.25,3.15,-7.4));
#3592 = VECTOR('',#3593,1.);
#3593 = DIRECTION('',(0.,3.043374519258E-16,1.));
#3594 = ORIENTED_EDGE('',*,*,#1924,.T.);
#3595 = ORIENTED_EDGE('',*,*,#1885,.T.);
#3596 = ORIENTED_EDGE('',*,*,#1844,.T.);
#3597 = ORIENTED_EDGE('',*,*,#701,.T.);
#3598 = ORIENTED_EDGE('',*,*,#3599,.T.);
#3599 = EDGE_CURVE('',#704,#1780,#3600,.T.);
#3600 = LINE('',#3601,#3602);
#3601 = CARTESIAN_POINT('',(4.25,4.050073920608,-7.4));
#3602 = VECTOR('',#3603,1.);
#3603 = DIRECTION('',(0.,-1.,4.130293990421E-16));
#3604 = ORIENTED_EDGE('',*,*,#1868,.T.);
#3605 = ORIENTED_EDGE('',*,*,#659,.T.);
#3606 = ORIENTED_EDGE('',*,*,#3607,.T.);
#3607 = EDGE_CURVE('',#662,#3608,#3610,.T.);
#3608 = VERTEX_POINT('',#3609);
#3609 = CARTESIAN_POINT('',(4.25,-3.15,-7.4));
#3610 = LINE('',#3611,#3612);
#3611 = CARTESIAN_POINT('',(4.25,-1.444495330286,-7.4));
#3612 = VECTOR('',#3613,1.);
#3613 = DIRECTION('',(0.,-1.,0.));
#3614 = ORIENTED_EDGE('',*,*,#3615,.T.);
#3615 = EDGE_CURVE('',#3608,#2064,#3616,.T.);
#3616 = LINE('',#3617,#3618);
#3617 = CARTESIAN_POINT('',(4.25,-3.15,-5.3));
#3618 = VECTOR('',#3619,1.);
#3619 = DIRECTION('',(0.,4.130293990421E-16,1.));
#3620 = PLANE('',#3621);
#3621 = AXIS2_PLACEMENT_3D('',#3622,#3623,#3624);
#3622 = CARTESIAN_POINT('',(4.25,1.222247665143,-7.4));
#3623 = DIRECTION('',(1.,0.,0.));
#3624 = DIRECTION('',(0.,1.,-0.));
#3625 = ADVANCED_FACE('',(#3626),#3673,.T.);
#3626 = FACE_BOUND('',#3627,.T.);
#3627 = EDGE_LOOP('',(#3628,#3639,#3647,#3656,#3664));
#3628 = ORIENTED_EDGE('',*,*,#3629,.F.);
#3629 = EDGE_CURVE('',#3630,#3632,#3634,.T.);
#3630 = VERTEX_POINT('',#3631);
#3631 = CARTESIAN_POINT('',(-1.971465517241,-7.013095534056,
    -10.1725019948));
#3632 = VERTEX_POINT('',#3633);
#3633 = CARTESIAN_POINT('',(-2.002861381678,-7.013095534056,
    -10.34278771051));
#3634 = CIRCLE('',#3635,0.477498005197);
#3635 = AXIS2_PLACEMENT_3D('',#3636,#3637,#3638);
#3636 = CARTESIAN_POINT('',(-2.448963522438,-7.013095534056,
    -10.1725019948));
#3637 = DIRECTION('',(0.,1.,0.));
#3638 = DIRECTION('',(0.,-0.,1.));
#3639 = ORIENTED_EDGE('',*,*,#3640,.T.);
#3640 = EDGE_CURVE('',#3630,#3641,#3643,.T.);
#3641 = VERTEX_POINT('',#3642);
#3642 = CARTESIAN_POINT('',(-1.971465517241,-7.513095534056,
    -10.1725019948));
#3643 = LINE('',#3644,#3645);
#3644 = CARTESIAN_POINT('',(-1.971465517241,0.129312412348,
    -10.1725019948));
#3645 = VECTOR('',#3646,1.);
#3646 = DIRECTION('',(0.,-1.,0.));
#3647 = ORIENTED_EDGE('',*,*,#3648,.T.);
#3648 = EDGE_CURVE('',#3641,#3649,#3651,.T.);
#3649 = VERTEX_POINT('',#3650);
#3650 = CARTESIAN_POINT('',(-2.448963522438,-7.513095534056,-10.65));
#3651 = CIRCLE('',#3652,0.477498005197);
#3652 = AXIS2_PLACEMENT_3D('',#3653,#3654,#3655);
#3653 = CARTESIAN_POINT('',(-2.448963522438,-7.513095534056,
    -10.1725019948));
#3654 = DIRECTION('',(0.,1.,0.));
#3655 = DIRECTION('',(-1.,0.,0.));
#3656 = ORIENTED_EDGE('',*,*,#3657,.F.);
#3657 = EDGE_CURVE('',#3658,#3649,#3660,.T.);
#3658 = VERTEX_POINT('',#3659);
#3659 = CARTESIAN_POINT('',(-2.448963522438,-7.320307823538,-10.65));
#3660 = LINE('',#3661,#3662);
#3661 = CARTESIAN_POINT('',(-2.448963522438,0.129312412348,-10.65));
#3662 = VECTOR('',#3663,1.);
#3663 = DIRECTION('',(0.,-1.,0.));
#3664 = ORIENTED_EDGE('',*,*,#3665,.F.);
#3665 = EDGE_CURVE('',#3632,#3658,#3666,.T.);
#3666 = B_SPLINE_CURVE_WITH_KNOTS('',3,(#3667,#3668,#3669,#3670,#3671,
    #3672),.UNSPECIFIED.,.F.,.F.,(4,2,4),(0.,3.314734077157E-04,
    6.629468154315E-04),.UNSPECIFIED.);
#3667 = CARTESIAN_POINT('',(-2.002861381678,-7.013095534056,
    -10.34278771051));
#3668 = CARTESIAN_POINT('',(-2.042949104998,-7.013095534056,
    -10.44780661428));
#3669 = CARTESIAN_POINT('',(-2.117213064339,-7.06379051872,
    -10.52838601976));
#3670 = CARTESIAN_POINT('',(-2.275598734595,-7.180965835029,
    -10.627096821));
#3671 = CARTESIAN_POINT('',(-2.362772738979,-7.251173645072,-10.65));
#3672 = CARTESIAN_POINT('',(-2.448963522438,-7.320307823538,-10.65));
#3673 = CYLINDRICAL_SURFACE('',#3674,0.477498005197);
#3674 = AXIS2_PLACEMENT_3D('',#3675,#3676,#3677);
#3675 = CARTESIAN_POINT('',(-2.448963522438,0.129312412348,
    -10.1725019948));
#3676 = DIRECTION('',(0.,-1.,0.));
#3677 = DIRECTION('',(0.,0.,-1.));
#3678 = ADVANCED_FACE('',(#3679),#3704,.F.);
#3679 = FACE_BOUND('',#3680,.T.);
#3680 = EDGE_LOOP('',(#3681,#3689,#3697,#3703));
#3681 = ORIENTED_EDGE('',*,*,#3682,.T.);
#3682 = EDGE_CURVE('',#3630,#3683,#3685,.T.);
#3683 = VERTEX_POINT('',#3684);
#3684 = CARTESIAN_POINT('',(-1.971465517241,-7.013095534056,
    -7.58188640099));
#3685 = LINE('',#3686,#3687);
#3686 = CARTESIAN_POINT('',(-1.971465517241,-7.013095534056,
    -4.74800601978));
#3687 = VECTOR('',#3688,1.);
#3688 = DIRECTION('',(1.674045620778E-16,0.,1.));
#3689 = ORIENTED_EDGE('',*,*,#3690,.T.);
#3690 = EDGE_CURVE('',#3683,#3691,#3693,.T.);
#3691 = VERTEX_POINT('',#3692);
#3692 = CARTESIAN_POINT('',(-1.971465517241,-7.513095534056,
    -7.58188640099));
#3693 = LINE('',#3694,#3695);
#3694 = CARTESIAN_POINT('',(-1.971465517241,0.129312412348,
    -7.58188640099));
#3695 = VECTOR('',#3696,1.);
#3696 = DIRECTION('',(0.,-1.,0.));
#3697 = ORIENTED_EDGE('',*,*,#3698,.T.);
#3698 = EDGE_CURVE('',#3691,#3641,#3699,.T.);
#3699 = LINE('',#3700,#3701);
#3700 = CARTESIAN_POINT('',(-1.971465517241,-7.513095534056,
    -10.1725019948));
#3701 = VECTOR('',#3702,1.);
#3702 = DIRECTION('',(-1.674045620778E-16,0.,-1.));
#3703 = ORIENTED_EDGE('',*,*,#3640,.F.);
#3704 = PLANE('',#3705);
#3705 = AXIS2_PLACEMENT_3D('',#3706,#3707,#3708);
#3706 = CARTESIAN_POINT('',(-1.971465517241,0.129312412348,
    -10.1725019948));
#3707 = DIRECTION('',(-1.,0.,1.674045620778E-16));
#3708 = DIRECTION('',(0.,1.,0.));
#3709 = ADVANCED_FACE('',(#3710),#3759,.T.);
#3710 = FACE_BOUND('',#3711,.T.);
#3711 = EDGE_LOOP('',(#3712,#3727,#3735,#3744,#3752));
#3712 = ORIENTED_EDGE('',*,*,#3713,.T.);
#3713 = EDGE_CURVE('',#3714,#3716,#3718,.T.);
#3714 = VERTEX_POINT('',#3715);
#3715 = CARTESIAN_POINT('',(-2.882239446896,-7.013095534056,
    -10.34278771051));
#3716 = VERTEX_POINT('',#3717);
#3717 = CARTESIAN_POINT('',(-2.470564147868,-7.320307823538,-10.65));
#3718 = B_SPLINE_CURVE_WITH_KNOTS('',3,(#3719,#3720,#3721,#3722,#3723,
    #3724,#3725,#3726),.UNSPECIFIED.,.F.,.F.,(4,2,2,4),(0.,
    1.602305883274E-04,3.204611766549E-04,6.409223533097E-04),
  .UNSPECIFIED.);
#3719 = CARTESIAN_POINT('',(-2.882239446896,-7.013095534056,
    -10.34278771051));
#3720 = CARTESIAN_POINT('',(-2.866771179574,-7.013095534056,
    -10.39488816837));
#3721 = CARTESIAN_POINT('',(-2.841755306048,-7.0262582374,
    -10.44217275982));
#3722 = CARTESIAN_POINT('',(-2.781214887385,-7.066325190838,
    -10.52121239889));
#3723 = CARTESIAN_POINT('',(-2.745929049411,-7.093093591238,
    -10.55310113382));
#3724 = CARTESIAN_POINT('',(-2.634540199834,-7.181363770641,
    -10.62737258584));
#3725 = CARTESIAN_POINT('',(-2.552123821023,-7.251324447199,-10.65));
#3726 = CARTESIAN_POINT('',(-2.470564147868,-7.320307823538,-10.65));
#3727 = ORIENTED_EDGE('',*,*,#3728,.T.);
#3728 = EDGE_CURVE('',#3716,#3729,#3731,.T.);
#3729 = VERTEX_POINT('',#3730);
#3730 = CARTESIAN_POINT('',(-2.470564147868,-7.513095534056,-10.65));
#3731 = LINE('',#3732,#3733);
#3732 = CARTESIAN_POINT('',(-2.470564147868,-6.,-10.65));
#3733 = VECTOR('',#3734,1.);
#3734 = DIRECTION('',(0.,-1.,0.));
#3735 = ORIENTED_EDGE('',*,*,#3736,.F.);
#3736 = EDGE_CURVE('',#3737,#3729,#3739,.T.);
#3737 = VERTEX_POINT('',#3738);
#3738 = CARTESIAN_POINT('',(-2.9,-7.513095534056,-10.22056414786));
#3739 = CIRCLE('',#3740,0.429435852132);
#3740 = AXIS2_PLACEMENT_3D('',#3741,#3742,#3743);
#3741 = CARTESIAN_POINT('',(-2.470564147868,-7.513095534056,
    -10.22056414786));
#3742 = DIRECTION('',(0.,-1.,0.));
#3743 = DIRECTION('',(1.,0.,0.));
#3744 = ORIENTED_EDGE('',*,*,#3745,.F.);
#3745 = EDGE_CURVE('',#3746,#3737,#3748,.T.);
#3746 = VERTEX_POINT('',#3747);
#3747 = CARTESIAN_POINT('',(-2.9,-7.013095534056,-10.22056414786));
#3748 = LINE('',#3749,#3750);
#3749 = CARTESIAN_POINT('',(-2.9,-6.,-10.22056414786));
#3750 = VECTOR('',#3751,1.);
#3751 = DIRECTION('',(0.,-1.,0.));
#3752 = ORIENTED_EDGE('',*,*,#3753,.F.);
#3753 = EDGE_CURVE('',#3714,#3746,#3754,.T.);
#3754 = CIRCLE('',#3755,0.429435852132);
#3755 = AXIS2_PLACEMENT_3D('',#3756,#3757,#3758);
#3756 = CARTESIAN_POINT('',(-2.470564147868,-7.013095534056,
    -10.22056414786));
#3757 = DIRECTION('',(0.,1.,0.));
#3758 = DIRECTION('',(0.,-0.,1.));
#3759 = CYLINDRICAL_SURFACE('',#3760,0.429435852132);
#3760 = AXIS2_PLACEMENT_3D('',#3761,#3762,#3763);
#3761 = CARTESIAN_POINT('',(-2.470564147868,-6.,-10.22056414786));
#3762 = DIRECTION('',(0.,-1.,0.));
#3763 = DIRECTION('',(0.,0.,-1.));
#3764 = ADVANCED_FACE('',(#3765),#3799,.T.);
#3765 = FACE_BOUND('',#3766,.T.);
#3766 = EDGE_LOOP('',(#3767,#3777,#3785,#3793));
#3767 = ORIENTED_EDGE('',*,*,#3768,.F.);
#3768 = EDGE_CURVE('',#3769,#3771,#3773,.T.);
#3769 = VERTEX_POINT('',#3770);
#3770 = CARTESIAN_POINT('',(-1.735732758621,-6.81123539105,
    -4.546145876774));
#3771 = VERTEX_POINT('',#3772);
#3772 = CARTESIAN_POINT('',(-1.735732758621,-5.75,-4.546145876774));
#3773 = LINE('',#3774,#3775);
#3774 = CARTESIAN_POINT('',(-1.735732758621,-6.,-4.546145876774));
#3775 = VECTOR('',#3776,1.);
#3776 = DIRECTION('',(0.,1.,0.));
#3777 = ORIENTED_EDGE('',*,*,#3778,.T.);
#3778 = EDGE_CURVE('',#3769,#3779,#3781,.T.);
#3779 = VERTEX_POINT('',#3780);
#3780 = CARTESIAN_POINT('',(-3.135732758621,-6.81123539105,
    -4.546145876774));
#3781 = LINE('',#3782,#3783);
#3782 = CARTESIAN_POINT('',(4.75,-6.81123539105,-4.546145876774));
#3783 = VECTOR('',#3784,1.);
#3784 = DIRECTION('',(-1.,0.,0.));
#3785 = ORIENTED_EDGE('',*,*,#3786,.T.);
#3786 = EDGE_CURVE('',#3779,#3787,#3789,.T.);
#3787 = VERTEX_POINT('',#3788);
#3788 = CARTESIAN_POINT('',(-3.135732758621,-5.75,-4.546145876774));
#3789 = LINE('',#3790,#3791);
#3790 = CARTESIAN_POINT('',(-3.135732758621,-6.,-4.546145876774));
#3791 = VECTOR('',#3792,1.);
#3792 = DIRECTION('',(0.,1.,0.));
#3793 = ORIENTED_EDGE('',*,*,#3794,.F.);
#3794 = EDGE_CURVE('',#3771,#3787,#3795,.T.);
#3795 = LINE('',#3796,#3797);
#3796 = CARTESIAN_POINT('',(-4.,-5.75,-4.546145876774));
#3797 = VECTOR('',#3798,1.);
#3798 = DIRECTION('',(-1.,0.,0.));
#3799 = PLANE('',#3800);
#3800 = AXIS2_PLACEMENT_3D('',#3801,#3802,#3803);
#3801 = CARTESIAN_POINT('',(4.75,-6.,-4.546145876774));
#3802 = DIRECTION('',(0.,0.,-1.));
#3803 = DIRECTION('',(0.,-1.,0.));
#3804 = ADVANCED_FACE('',(#3805),#3864,.T.);
#3805 = FACE_BOUND('',#3806,.T.);
#3806 = EDGE_LOOP('',(#3807,#3817,#3823,#3824,#3833,#3841,#3849,#3857));
#3807 = ORIENTED_EDGE('',*,*,#3808,.F.);
#3808 = EDGE_CURVE('',#3809,#3811,#3813,.T.);
#3809 = VERTEX_POINT('',#3810);
#3810 = CARTESIAN_POINT('',(-3.135732758621,-5.75,-4.046145876774));
#3811 = VERTEX_POINT('',#3812);
#3812 = CARTESIAN_POINT('',(-3.135732758621,-7.097399462905,
    -4.046145876774));
#3813 = LINE('',#3814,#3815);
#3814 = CARTESIAN_POINT('',(-3.135732758621,-6.,-4.046145876774));
#3815 = VECTOR('',#3816,1.);
#3816 = DIRECTION('',(0.,-1.,0.));
#3817 = ORIENTED_EDGE('',*,*,#3818,.F.);
#3818 = EDGE_CURVE('',#3787,#3809,#3819,.T.);
#3819 = LINE('',#3820,#3821);
#3820 = CARTESIAN_POINT('',(-3.135732758621,-5.75,-0.499041562842));
#3821 = VECTOR('',#3822,1.);
#3822 = DIRECTION('',(0.,3.043374519258E-16,1.));
#3823 = ORIENTED_EDGE('',*,*,#3786,.F.);
#3824 = ORIENTED_EDGE('',*,*,#3825,.F.);
#3825 = EDGE_CURVE('',#3826,#3779,#3828,.T.);
#3826 = VERTEX_POINT('',#3827);
#3827 = CARTESIAN_POINT('',(-3.135732758621,-7.013095534056,
    -4.74800601978));
#3828 = CIRCLE('',#3829,0.201860143006);
#3829 = AXIS2_PLACEMENT_3D('',#3830,#3831,#3832);
#3830 = CARTESIAN_POINT('',(-3.135732758621,-6.81123539105,
    -4.74800601978));
#3831 = DIRECTION('',(-1.,0.,1.294569758192E-16));
#3832 = DIRECTION('',(1.294569758192E-16,0.,1.));
#3833 = ORIENTED_EDGE('',*,*,#3834,.F.);
#3834 = EDGE_CURVE('',#3835,#3826,#3837,.T.);
#3835 = VERTEX_POINT('',#3836);
#3836 = CARTESIAN_POINT('',(-3.135732758621,-7.013095534056,
    -7.396145876774));
#3837 = LINE('',#3838,#3839);
#3838 = CARTESIAN_POINT('',(-3.135732758621,-7.013095534056,
    -4.74800601978));
#3839 = VECTOR('',#3840,1.);
#3840 = DIRECTION('',(1.294569758192E-16,0.,1.));
#3841 = ORIENTED_EDGE('',*,*,#3842,.T.);
#3842 = EDGE_CURVE('',#3835,#3843,#3845,.T.);
#3843 = VERTEX_POINT('',#3844);
#3844 = CARTESIAN_POINT('',(-3.135732758621,-7.513095534056,
    -7.396145876774));
#3845 = LINE('',#3846,#3847);
#3846 = CARTESIAN_POINT('',(-3.135732758621,-6.,-7.396145876774));
#3847 = VECTOR('',#3848,1.);
#3848 = DIRECTION('',(0.,-1.,0.));
#3849 = ORIENTED_EDGE('',*,*,#3850,.F.);
#3850 = EDGE_CURVE('',#3851,#3843,#3853,.T.);
#3851 = VERTEX_POINT('',#3852);
#3852 = CARTESIAN_POINT('',(-3.135732758621,-7.513095534056,
    -4.461841947925));
#3853 = LINE('',#3854,#3855);
#3854 = CARTESIAN_POINT('',(-3.135732758621,-7.513095534056,
    -4.046145876774));
#3855 = VECTOR('',#3856,1.);
#3856 = DIRECTION('',(-1.294569758192E-16,0.,-1.));
#3857 = ORIENTED_EDGE('',*,*,#3858,.T.);
#3858 = EDGE_CURVE('',#3851,#3811,#3859,.T.);
#3859 = CIRCLE('',#3860,0.415696071151);
#3860 = AXIS2_PLACEMENT_3D('',#3861,#3862,#3863);
#3861 = CARTESIAN_POINT('',(-3.135732758621,-7.097399462905,
    -4.461841947925));
#3862 = DIRECTION('',(-1.,0.,1.294569758192E-16));
#3863 = DIRECTION('',(1.294569758192E-16,0.,1.));
#3864 = PLANE('',#3865);
#3865 = AXIS2_PLACEMENT_3D('',#3866,#3867,#3868);
#3866 = CARTESIAN_POINT('',(-3.135732758621,-6.,-4.046145876774));
#3867 = DIRECTION('',(-1.,0.,1.294569758192E-16));
#3868 = DIRECTION('',(0.,1.,0.));
#3869 = ADVANCED_FACE('',(#3870),#3929,.F.);
#3870 = FACE_BOUND('',#3871,.T.);
#3871 = EDGE_LOOP('',(#3872,#3883,#3891,#3899,#3907,#3914,#3915,#3923));
#3872 = ORIENTED_EDGE('',*,*,#3873,.F.);
#3873 = EDGE_CURVE('',#3874,#3876,#3878,.T.);
#3874 = VERTEX_POINT('',#3875);
#3875 = CARTESIAN_POINT('',(-1.735732758621,-7.513095534056,
    -4.461841947925));
#3876 = VERTEX_POINT('',#3877);
#3877 = CARTESIAN_POINT('',(-1.735732758621,-7.097399462905,
    -4.046145876774));
#3878 = CIRCLE('',#3879,0.415696071151);
#3879 = AXIS2_PLACEMENT_3D('',#3880,#3881,#3882);
#3880 = CARTESIAN_POINT('',(-1.735732758621,-7.097399462905,
    -4.461841947925));
#3881 = DIRECTION('',(-1.,0.,-1.294569758192E-16));
#3882 = DIRECTION('',(-1.294569758192E-16,0.,1.));
#3883 = ORIENTED_EDGE('',*,*,#3884,.T.);
#3884 = EDGE_CURVE('',#3874,#3885,#3887,.T.);
#3885 = VERTEX_POINT('',#3886);
#3886 = CARTESIAN_POINT('',(-1.735732758621,-7.513095534056,
    -7.396145876774));
#3887 = LINE('',#3888,#3889);
#3888 = CARTESIAN_POINT('',(-1.735732758621,-7.513095534056,
    -4.046145876774));
#3889 = VECTOR('',#3890,1.);
#3890 = DIRECTION('',(1.294569758192E-16,0.,-1.));
#3891 = ORIENTED_EDGE('',*,*,#3892,.F.);
#3892 = EDGE_CURVE('',#3893,#3885,#3895,.T.);
#3893 = VERTEX_POINT('',#3894);
#3894 = CARTESIAN_POINT('',(-1.735732758621,-7.013095534056,
    -7.396145876774));
#3895 = LINE('',#3896,#3897);
#3896 = CARTESIAN_POINT('',(-1.735732758621,0.129312412348,
    -7.396145876774));
#3897 = VECTOR('',#3898,1.);
#3898 = DIRECTION('',(0.,-1.,0.));
#3899 = ORIENTED_EDGE('',*,*,#3900,.T.);
#3900 = EDGE_CURVE('',#3893,#3901,#3903,.T.);
#3901 = VERTEX_POINT('',#3902);
#3902 = CARTESIAN_POINT('',(-1.735732758621,-7.013095534056,
    -4.74800601978));
#3903 = LINE('',#3904,#3905);
#3904 = CARTESIAN_POINT('',(-1.735732758621,-7.013095534056,
    -4.74800601978));
#3905 = VECTOR('',#3906,1.);
#3906 = DIRECTION('',(-1.294569758192E-16,0.,1.));
#3907 = ORIENTED_EDGE('',*,*,#3908,.T.);
#3908 = EDGE_CURVE('',#3901,#3769,#3909,.T.);
#3909 = CIRCLE('',#3910,0.201860143006);
#3910 = AXIS2_PLACEMENT_3D('',#3911,#3912,#3913);
#3911 = CARTESIAN_POINT('',(-1.735732758621,-6.81123539105,
    -4.74800601978));
#3912 = DIRECTION('',(-1.,0.,-1.294569758192E-16));
#3913 = DIRECTION('',(-1.294569758192E-16,0.,1.));
#3914 = ORIENTED_EDGE('',*,*,#3768,.T.);
#3915 = ORIENTED_EDGE('',*,*,#3916,.F.);
#3916 = EDGE_CURVE('',#3917,#3771,#3919,.T.);
#3917 = VERTEX_POINT('',#3918);
#3918 = CARTESIAN_POINT('',(-1.735732758621,-5.75,-4.046145876774));
#3919 = LINE('',#3920,#3921);
#3920 = CARTESIAN_POINT('',(-1.735732758621,-5.75,-0.499041562842));
#3921 = VECTOR('',#3922,1.);
#3922 = DIRECTION('',(0.,-3.043374519258E-16,-1.));
#3923 = ORIENTED_EDGE('',*,*,#3924,.T.);
#3924 = EDGE_CURVE('',#3917,#3876,#3925,.T.);
#3925 = LINE('',#3926,#3927);
#3926 = CARTESIAN_POINT('',(-1.735732758621,0.129312412348,
    -4.046145876774));
#3927 = VECTOR('',#3928,1.);
#3928 = DIRECTION('',(0.,-1.,0.));
#3929 = PLANE('',#3930);
#3930 = AXIS2_PLACEMENT_3D('',#3931,#3932,#3933);
#3931 = CARTESIAN_POINT('',(-1.735732758621,0.129312412348,
    -4.046145876774));
#3932 = DIRECTION('',(-1.,0.,-1.294569758192E-16));
#3933 = DIRECTION('',(-1.294569758192E-16,0.,1.));
#3934 = ADVANCED_FACE('',(#3935),#3960,.T.);
#3935 = FACE_BOUND('',#3936,.T.);
#3936 = EDGE_LOOP('',(#3937,#3938,#3946,#3954));
#3937 = ORIENTED_EDGE('',*,*,#3745,.T.);
#3938 = ORIENTED_EDGE('',*,*,#3939,.F.);
#3939 = EDGE_CURVE('',#3940,#3737,#3942,.T.);
#3940 = VERTEX_POINT('',#3941);
#3941 = CARTESIAN_POINT('',(-2.9,-7.513095534056,-7.58188640099));
#3942 = LINE('',#3943,#3944);
#3943 = CARTESIAN_POINT('',(-2.9,-7.513095534056,-7.58188640099));
#3944 = VECTOR('',#3945,1.);
#3945 = DIRECTION('',(-4.930661231832E-16,0.,-1.));
#3946 = ORIENTED_EDGE('',*,*,#3947,.F.);
#3947 = EDGE_CURVE('',#3948,#3940,#3950,.T.);
#3948 = VERTEX_POINT('',#3949);
#3949 = CARTESIAN_POINT('',(-2.9,-7.013095534056,-7.58188640099));
#3950 = LINE('',#3951,#3952);
#3951 = CARTESIAN_POINT('',(-2.9,-6.,-7.58188640099));
#3952 = VECTOR('',#3953,1.);
#3953 = DIRECTION('',(0.,-1.,0.));
#3954 = ORIENTED_EDGE('',*,*,#3955,.F.);
#3955 = EDGE_CURVE('',#3746,#3948,#3956,.T.);
#3956 = LINE('',#3957,#3958);
#3957 = CARTESIAN_POINT('',(-2.9,-7.013095534056,-4.74800601978));
#3958 = VECTOR('',#3959,1.);
#3959 = DIRECTION('',(4.930661231832E-16,0.,1.));
#3960 = PLANE('',#3961);
#3961 = AXIS2_PLACEMENT_3D('',#3962,#3963,#3964);
#3962 = CARTESIAN_POINT('',(-2.9,-6.,-7.58188640099));
#3963 = DIRECTION('',(-1.,0.,4.930661231832E-16));
#3964 = DIRECTION('',(0.,1.,0.));
#3965 = ADVANCED_FACE('',(#3966),#3993,.F.);
#3966 = FACE_BOUND('',#3967,.F.);
#3967 = EDGE_LOOP('',(#3968,#3977,#3985,#3992));
#3968 = ORIENTED_EDGE('',*,*,#3969,.F.);
#3969 = EDGE_CURVE('',#3970,#3948,#3972,.T.);
#3970 = VERTEX_POINT('',#3971);
#3971 = CARTESIAN_POINT('',(-3.085740524216,-7.013095534056,
    -7.396145876774));
#3972 = CIRCLE('',#3973,0.185740524216);
#3973 = AXIS2_PLACEMENT_3D('',#3974,#3975,#3976);
#3974 = CARTESIAN_POINT('',(-3.085740524216,-7.013095534056,
    -7.58188640099));
#3975 = DIRECTION('',(0.,1.,0.));
#3976 = DIRECTION('',(0.,-0.,1.));
#3977 = ORIENTED_EDGE('',*,*,#3978,.T.);
#3978 = EDGE_CURVE('',#3970,#3979,#3981,.T.);
#3979 = VERTEX_POINT('',#3980);
#3980 = CARTESIAN_POINT('',(-3.085740524216,-7.513095534056,
    -7.396145876774));
#3981 = LINE('',#3982,#3983);
#3982 = CARTESIAN_POINT('',(-3.085740524216,-6.,-7.396145876774));
#3983 = VECTOR('',#3984,1.);
#3984 = DIRECTION('',(0.,-1.,0.));
#3985 = ORIENTED_EDGE('',*,*,#3986,.T.);
#3986 = EDGE_CURVE('',#3979,#3940,#3987,.T.);
#3987 = CIRCLE('',#3988,0.185740524216);
#3988 = AXIS2_PLACEMENT_3D('',#3989,#3990,#3991);
#3989 = CARTESIAN_POINT('',(-3.085740524216,-7.513095534056,
    -7.58188640099));
#3990 = DIRECTION('',(0.,1.,0.));
#3991 = DIRECTION('',(-1.,0.,0.));
#3992 = ORIENTED_EDGE('',*,*,#3947,.F.);
#3993 = CYLINDRICAL_SURFACE('',#3994,0.185740524216);
#3994 = AXIS2_PLACEMENT_3D('',#3995,#3996,#3997);
#3995 = CARTESIAN_POINT('',(-3.085740524216,-6.,-7.58188640099));
#3996 = DIRECTION('',(0.,-1.,0.));
#3997 = DIRECTION('',(0.,0.,-1.));
#3998 = ADVANCED_FACE('',(#3999),#4015,.T.);
#3999 = FACE_BOUND('',#4000,.T.);
#4000 = EDGE_LOOP('',(#4001,#4002,#4008,#4009));
#4001 = ORIENTED_EDGE('',*,*,#3978,.T.);
#4002 = ORIENTED_EDGE('',*,*,#4003,.F.);
#4003 = EDGE_CURVE('',#3843,#3979,#4004,.T.);
#4004 = LINE('',#4005,#4006);
#4005 = CARTESIAN_POINT('',(-3.135732758621,-7.513095534056,
    -7.396145876774));
#4006 = VECTOR('',#4007,1.);
#4007 = DIRECTION('',(1.,0.,0.));
#4008 = ORIENTED_EDGE('',*,*,#3842,.F.);
#4009 = ORIENTED_EDGE('',*,*,#4010,.F.);
#4010 = EDGE_CURVE('',#3970,#3835,#4011,.T.);
#4011 = LINE('',#4012,#4013);
#4012 = CARTESIAN_POINT('',(4.75,-7.013095534056,-7.396145876774));
#4013 = VECTOR('',#4014,1.);
#4014 = DIRECTION('',(-1.,0.,0.));
#4015 = PLANE('',#4016);
#4016 = AXIS2_PLACEMENT_3D('',#4017,#4018,#4019);
#4017 = CARTESIAN_POINT('',(-3.135732758621,-6.,-7.396145876774));
#4018 = DIRECTION('',(0.,0.,-1.));
#4019 = DIRECTION('',(0.,-1.,0.));
#4020 = ADVANCED_FACE('',(#4021),#4037,.T.);
#4021 = FACE_BOUND('',#4022,.T.);
#4022 = EDGE_LOOP('',(#4023,#4024,#4030,#4031));
#4023 = ORIENTED_EDGE('',*,*,#3230,.F.);
#4024 = ORIENTED_EDGE('',*,*,#4025,.F.);
#4025 = EDGE_CURVE('',#3141,#3223,#4026,.T.);
#4026 = LINE('',#4027,#4028);
#4027 = CARTESIAN_POINT('',(-4.,-5.75,-4.546145876774));
#4028 = VECTOR('',#4029,1.);
#4029 = DIRECTION('',(-1.,0.,0.));
#4030 = ORIENTED_EDGE('',*,*,#3140,.T.);
#4031 = ORIENTED_EDGE('',*,*,#4032,.T.);
#4032 = EDGE_CURVE('',#3132,#3231,#4033,.T.);
#4033 = LINE('',#4034,#4035);
#4034 = CARTESIAN_POINT('',(4.75,-6.81123539105,-4.546145876774));
#4035 = VECTOR('',#4036,1.);
#4036 = DIRECTION('',(-1.,0.,0.));
#4037 = PLANE('',#4038);
#4038 = AXIS2_PLACEMENT_3D('',#4039,#4040,#4041);
#4039 = CARTESIAN_POINT('',(4.75,-6.,-4.546145876774));
#4040 = DIRECTION('',(0.,0.,-1.));
#4041 = DIRECTION('',(0.,-1.,0.));
#4042 = ADVANCED_FACE('',(#4043),#4054,.F.);
#4043 = FACE_BOUND('',#4044,.F.);
#4044 = EDGE_LOOP('',(#4045,#4046,#4052,#4053));
#4045 = ORIENTED_EDGE('',*,*,#3238,.T.);
#4046 = ORIENTED_EDGE('',*,*,#4047,.F.);
#4047 = EDGE_CURVE('',#3124,#3239,#4048,.T.);
#4048 = LINE('',#4049,#4050);
#4049 = CARTESIAN_POINT('',(4.75,-7.013095534056,-4.74800601978));
#4050 = VECTOR('',#4051,1.);
#4051 = DIRECTION('',(-1.,0.,0.));
#4052 = ORIENTED_EDGE('',*,*,#3131,.F.);
#4053 = ORIENTED_EDGE('',*,*,#4032,.T.);
#4054 = CYLINDRICAL_SURFACE('',#4055,0.201860143006);
#4055 = AXIS2_PLACEMENT_3D('',#4056,#4057,#4058);
#4056 = CARTESIAN_POINT('',(4.75,-6.81123539105,-4.74800601978));
#4057 = DIRECTION('',(-1.,0.,0.));
#4058 = DIRECTION('',(0.,0.,1.));
#4059 = ADVANCED_FACE('',(#4060),#4087,.T.);
#4060 = FACE_BOUND('',#4061,.T.);
#4061 = EDGE_LOOP('',(#4062,#4063,#4064,#4072,#4079,#4080,#4081,#4082,
    #4083,#4084,#4085,#4086));
#4062 = ORIENTED_EDGE('',*,*,#4047,.F.);
#4063 = ORIENTED_EDGE('',*,*,#3123,.T.);
#4064 = ORIENTED_EDGE('',*,*,#4065,.T.);
#4065 = EDGE_CURVE('',#3116,#4066,#4068,.T.);
#4066 = VERTEX_POINT('',#4067);
#4067 = CARTESIAN_POINT('',(3.085740524216,-7.013095534056,
    -7.396145876774));
#4068 = LINE('',#4069,#4070);
#4069 = CARTESIAN_POINT('',(4.75,-7.013095534056,-7.396145876774));
#4070 = VECTOR('',#4071,1.);
#4071 = DIRECTION('',(-1.,0.,0.));
#4072 = ORIENTED_EDGE('',*,*,#4073,.F.);
#4073 = EDGE_CURVE('',#3075,#4066,#4074,.T.);
#4074 = CIRCLE('',#4075,0.185740524216);
#4075 = AXIS2_PLACEMENT_3D('',#4076,#4077,#4078);
#4076 = CARTESIAN_POINT('',(3.085740524216,-7.013095534056,
    -7.58188640099));
#4077 = DIRECTION('',(0.,1.,0.));
#4078 = DIRECTION('',(0.,-0.,1.));
#4079 = ORIENTED_EDGE('',*,*,#3091,.T.);
#4080 = ORIENTED_EDGE('',*,*,#3059,.T.);
#4081 = ORIENTED_EDGE('',*,*,#2985,.T.);
#4082 = ORIENTED_EDGE('',*,*,#3372,.T.);
#4083 = ORIENTED_EDGE('',*,*,#3341,.F.);
#4084 = ORIENTED_EDGE('',*,*,#3326,.F.);
#4085 = ORIENTED_EDGE('',*,*,#3277,.F.);
#4086 = ORIENTED_EDGE('',*,*,#3247,.F.);
#4087 = PLANE('',#4088);
#4088 = AXIS2_PLACEMENT_3D('',#4089,#4090,#4091);
#4089 = CARTESIAN_POINT('',(4.75,-7.013095534056,-4.74800601978));
#4090 = DIRECTION('',(0.,1.,0.));
#4091 = DIRECTION('',(1.,0.,-0.));
#4092 = ADVANCED_FACE('',(#4093),#4127,.T.);
#4093 = FACE_BOUND('',#4094,.T.);
#4094 = EDGE_LOOP('',(#4095,#4105,#4113,#4121));
#4095 = ORIENTED_EDGE('',*,*,#4096,.F.);
#4096 = EDGE_CURVE('',#4097,#4099,#4101,.T.);
#4097 = VERTEX_POINT('',#4098);
#4098 = CARTESIAN_POINT('',(0.7,-6.81123539105,-4.546145876774));
#4099 = VERTEX_POINT('',#4100);
#4100 = CARTESIAN_POINT('',(0.7,-5.75,-4.546145876774));
#4101 = LINE('',#4102,#4103);
#4102 = CARTESIAN_POINT('',(0.7,-6.,-4.546145876774));
#4103 = VECTOR('',#4104,1.);
#4104 = DIRECTION('',(0.,1.,0.));
#4105 = ORIENTED_EDGE('',*,*,#4106,.T.);
#4106 = EDGE_CURVE('',#4097,#4107,#4109,.T.);
#4107 = VERTEX_POINT('',#4108);
#4108 = CARTESIAN_POINT('',(-0.7,-6.81123539105,-4.546145876774));
#4109 = LINE('',#4110,#4111);
#4110 = CARTESIAN_POINT('',(4.75,-6.81123539105,-4.546145876774));
#4111 = VECTOR('',#4112,1.);
#4112 = DIRECTION('',(-1.,0.,0.));
#4113 = ORIENTED_EDGE('',*,*,#4114,.F.);
#4114 = EDGE_CURVE('',#4115,#4107,#4117,.T.);
#4115 = VERTEX_POINT('',#4116);
#4116 = CARTESIAN_POINT('',(-0.7,-5.75,-4.546145876774));
#4117 = LINE('',#4118,#4119);
#4118 = CARTESIAN_POINT('',(-0.7,-6.,-4.546145876774));
#4119 = VECTOR('',#4120,1.);
#4120 = DIRECTION('',(0.,-1.,0.));
#4121 = ORIENTED_EDGE('',*,*,#4122,.F.);
#4122 = EDGE_CURVE('',#4099,#4115,#4123,.T.);
#4123 = LINE('',#4124,#4125);
#4124 = CARTESIAN_POINT('',(-4.,-5.75,-4.546145876774));
#4125 = VECTOR('',#4126,1.);
#4126 = DIRECTION('',(-1.,0.,0.));
#4127 = PLANE('',#4128);
#4128 = AXIS2_PLACEMENT_3D('',#4129,#4130,#4131);
#4129 = CARTESIAN_POINT('',(4.75,-6.,-4.546145876774));
#4130 = DIRECTION('',(0.,0.,-1.));
#4131 = DIRECTION('',(0.,-1.,0.));
#4132 = ADVANCED_FACE('',(#4133),#4149,.T.);
#4133 = FACE_BOUND('',#4134,.T.);
#4134 = EDGE_LOOP('',(#4135,#4141,#4142,#4148));
#4135 = ORIENTED_EDGE('',*,*,#4136,.F.);
#4136 = EDGE_CURVE('',#3157,#3204,#4137,.T.);
#4137 = LINE('',#4138,#4139);
#4138 = CARTESIAN_POINT('',(4.75,-7.097399462905,-4.046145876774));
#4139 = VECTOR('',#4140,1.);
#4140 = DIRECTION('',(-1.,0.,0.));
#4141 = ORIENTED_EDGE('',*,*,#3156,.F.);
#4142 = ORIENTED_EDGE('',*,*,#4143,.F.);
#4143 = EDGE_CURVE('',#3215,#3149,#4144,.T.);
#4144 = LINE('',#4145,#4146);
#4145 = CARTESIAN_POINT('',(-4.,-5.75,-4.046145876774));
#4146 = VECTOR('',#4147,1.);
#4147 = DIRECTION('',(1.,0.,0.));
#4148 = ORIENTED_EDGE('',*,*,#3214,.T.);
#4149 = PLANE('',#4150);
#4150 = AXIS2_PLACEMENT_3D('',#4151,#4152,#4153);
#4151 = CARTESIAN_POINT('',(4.75,-6.,-4.046145876774));
#4152 = DIRECTION('',(0.,0.,1.));
#4153 = DIRECTION('',(1.,-0.,0.));
#4154 = ADVANCED_FACE('',(#4155),#4166,.T.);
#4155 = FACE_BOUND('',#4156,.T.);
#4156 = EDGE_LOOP('',(#4157,#4163,#4164,#4165));
#4157 = ORIENTED_EDGE('',*,*,#4158,.F.);
#4158 = EDGE_CURVE('',#3108,#3206,#4159,.T.);
#4159 = LINE('',#4160,#4161);
#4160 = CARTESIAN_POINT('',(4.75,-7.513095534056,-4.461841947925));
#4161 = VECTOR('',#4162,1.);
#4162 = DIRECTION('',(-1.,0.,0.));
#4163 = ORIENTED_EDGE('',*,*,#3164,.F.);
#4164 = ORIENTED_EDGE('',*,*,#4136,.T.);
#4165 = ORIENTED_EDGE('',*,*,#3203,.T.);
#4166 = CYLINDRICAL_SURFACE('',#4167,0.415696071151);
#4167 = AXIS2_PLACEMENT_3D('',#4168,#4169,#4170);
#4168 = CARTESIAN_POINT('',(4.75,-7.097399462905,-4.461841947925));
#4169 = DIRECTION('',(-1.,0.,0.));
#4170 = DIRECTION('',(0.,0.,1.));
#4171 = ADVANCED_FACE('',(#4172),#4206,.T.);
#4172 = FACE_BOUND('',#4173,.T.);
#4173 = EDGE_LOOP('',(#4174,#4184,#4192,#4200));
#4174 = ORIENTED_EDGE('',*,*,#4175,.F.);
#4175 = EDGE_CURVE('',#4176,#4178,#4180,.T.);
#4176 = VERTEX_POINT('',#4177);
#4177 = CARTESIAN_POINT('',(0.7,-5.75,-4.046145876774));
#4178 = VERTEX_POINT('',#4179);
#4179 = CARTESIAN_POINT('',(0.7,-7.097399462905,-4.046145876774));
#4180 = LINE('',#4181,#4182);
#4181 = CARTESIAN_POINT('',(0.7,12.578764295339,-4.046145876774));
#4182 = VECTOR('',#4183,1.);
#4183 = DIRECTION('',(0.,-1.,0.));
#4184 = ORIENTED_EDGE('',*,*,#4185,.F.);
#4185 = EDGE_CURVE('',#4186,#4176,#4188,.T.);
#4186 = VERTEX_POINT('',#4187);
#4187 = CARTESIAN_POINT('',(-0.7,-5.75,-4.046145876774));
#4188 = LINE('',#4189,#4190);
#4189 = CARTESIAN_POINT('',(-4.,-5.75,-4.046145876774));
#4190 = VECTOR('',#4191,1.);
#4191 = DIRECTION('',(1.,0.,0.));
#4192 = ORIENTED_EDGE('',*,*,#4193,.T.);
#4193 = EDGE_CURVE('',#4186,#4194,#4196,.T.);
#4194 = VERTEX_POINT('',#4195);
#4195 = CARTESIAN_POINT('',(-0.7,-7.097399462905,-4.046145876774));
#4196 = LINE('',#4197,#4198);
#4197 = CARTESIAN_POINT('',(-0.7,0.129312412348,-4.046145876774));
#4198 = VECTOR('',#4199,1.);
#4199 = DIRECTION('',(0.,-1.,0.));
#4200 = ORIENTED_EDGE('',*,*,#4201,.F.);
#4201 = EDGE_CURVE('',#4178,#4194,#4202,.T.);
#4202 = LINE('',#4203,#4204);
#4203 = CARTESIAN_POINT('',(4.75,-7.097399462905,-4.046145876774));
#4204 = VECTOR('',#4205,1.);
#4205 = DIRECTION('',(-1.,0.,0.));
#4206 = PLANE('',#4207);
#4207 = AXIS2_PLACEMENT_3D('',#4208,#4209,#4210);
#4208 = CARTESIAN_POINT('',(4.75,-6.,-4.046145876774));
#4209 = DIRECTION('',(0.,0.,1.));
#4210 = DIRECTION('',(1.,-0.,0.));
#4211 = ADVANCED_FACE('',(#4212),#4228,.T.);
#4212 = FACE_BOUND('',#4213,.T.);
#4213 = EDGE_LOOP('',(#4214,#4215,#4221,#4222));
#4214 = ORIENTED_EDGE('',*,*,#3924,.F.);
#4215 = ORIENTED_EDGE('',*,*,#4216,.F.);
#4216 = EDGE_CURVE('',#3809,#3917,#4217,.T.);
#4217 = LINE('',#4218,#4219);
#4218 = CARTESIAN_POINT('',(-4.,-5.75,-4.046145876774));
#4219 = VECTOR('',#4220,1.);
#4220 = DIRECTION('',(1.,1.885504723123E-31,6.195440985631E-16));
#4221 = ORIENTED_EDGE('',*,*,#3808,.T.);
#4222 = ORIENTED_EDGE('',*,*,#4223,.F.);
#4223 = EDGE_CURVE('',#3876,#3811,#4224,.T.);
#4224 = LINE('',#4225,#4226);
#4225 = CARTESIAN_POINT('',(4.75,-7.097399462905,-4.046145876774));
#4226 = VECTOR('',#4227,1.);
#4227 = DIRECTION('',(-1.,0.,0.));
#4228 = PLANE('',#4229);
#4229 = AXIS2_PLACEMENT_3D('',#4230,#4231,#4232);
#4230 = CARTESIAN_POINT('',(4.75,-6.,-4.046145876774));
#4231 = DIRECTION('',(0.,0.,1.));
#4232 = DIRECTION('',(1.,-0.,0.));
#4233 = ADVANCED_FACE('',(#4234),#4261,.T.);
#4234 = FACE_BOUND('',#4235,.T.);
#4235 = EDGE_LOOP('',(#4236,#4244,#4245,#4246,#4247,#4248,#4249,#4250,
    #4251,#4252,#4253,#4254));
#4236 = ORIENTED_EDGE('',*,*,#4237,.T.);
#4237 = EDGE_CURVE('',#4238,#3106,#4240,.T.);
#4238 = VERTEX_POINT('',#4239);
#4239 = CARTESIAN_POINT('',(3.085740524216,-7.513095534056,
    -7.396145876774));
#4240 = LINE('',#4241,#4242);
#4241 = CARTESIAN_POINT('',(3.135732758621,-7.513095534056,
    -7.396145876774));
#4242 = VECTOR('',#4243,1.);
#4243 = DIRECTION('',(1.,0.,0.));
#4244 = ORIENTED_EDGE('',*,*,#3105,.T.);
#4245 = ORIENTED_EDGE('',*,*,#4158,.T.);
#4246 = ORIENTED_EDGE('',*,*,#3263,.F.);
#4247 = ORIENTED_EDGE('',*,*,#3293,.F.);
#4248 = ORIENTED_EDGE('',*,*,#3309,.F.);
#4249 = ORIENTED_EDGE('',*,*,#3357,.F.);
#4250 = ORIENTED_EDGE('',*,*,#3381,.F.);
#4251 = ORIENTED_EDGE('',*,*,#3181,.F.);
#4252 = ORIENTED_EDGE('',*,*,#3043,.T.);
#4253 = ORIENTED_EDGE('',*,*,#3084,.T.);
#4254 = ORIENTED_EDGE('',*,*,#4255,.T.);
#4255 = EDGE_CURVE('',#3077,#4238,#4256,.T.);
#4256 = CIRCLE('',#4257,0.185740524216);
#4257 = AXIS2_PLACEMENT_3D('',#4258,#4259,#4260);
#4258 = CARTESIAN_POINT('',(3.085740524216,-7.513095534056,
    -7.58188640099));
#4259 = DIRECTION('',(-0.,1.,0.));
#4260 = DIRECTION('',(1.,0.,0.));
#4261 = PLANE('',#4262);
#4262 = AXIS2_PLACEMENT_3D('',#4263,#4264,#4265);
#4263 = CARTESIAN_POINT('',(4.75,-7.513095534056,-4.461841947925));
#4264 = DIRECTION('',(0.,-1.,0.));
#4265 = DIRECTION('',(0.,0.,-1.));
#4266 = ADVANCED_FACE('',(#4267),#4294,.T.);
#4267 = FACE_BOUND('',#4268,.T.);
#4268 = EDGE_LOOP('',(#4269,#4278,#4279,#4288));
#4269 = ORIENTED_EDGE('',*,*,#4270,.T.);
#4270 = EDGE_CURVE('',#4271,#4178,#4273,.T.);
#4271 = VERTEX_POINT('',#4272);
#4272 = CARTESIAN_POINT('',(0.7,-7.513095534056,-4.461841947925));
#4273 = CIRCLE('',#4274,0.415696071151);
#4274 = AXIS2_PLACEMENT_3D('',#4275,#4276,#4277);
#4275 = CARTESIAN_POINT('',(0.7,-7.097399462905,-4.461841947925));
#4276 = DIRECTION('',(-1.,0.,-1.294569758192E-16));
#4277 = DIRECTION('',(-1.294569758192E-16,0.,1.));
#4278 = ORIENTED_EDGE('',*,*,#4201,.T.);
#4279 = ORIENTED_EDGE('',*,*,#4280,.T.);
#4280 = EDGE_CURVE('',#4194,#4281,#4283,.T.);
#4281 = VERTEX_POINT('',#4282);
#4282 = CARTESIAN_POINT('',(-0.7,-7.513095534056,-4.461841947925));
#4283 = CIRCLE('',#4284,0.415696071151);
#4284 = AXIS2_PLACEMENT_3D('',#4285,#4286,#4287);
#4285 = CARTESIAN_POINT('',(-0.7,-7.097399462905,-4.461841947925));
#4286 = DIRECTION('',(1.,0.,-1.294569758192E-16));
#4287 = DIRECTION('',(-1.294569758192E-16,0.,-1.));
#4288 = ORIENTED_EDGE('',*,*,#4289,.F.);
#4289 = EDGE_CURVE('',#4271,#4281,#4290,.T.);
#4290 = LINE('',#4291,#4292);
#4291 = CARTESIAN_POINT('',(4.75,-7.513095534056,-4.461841947925));
#4292 = VECTOR('',#4293,1.);
#4293 = DIRECTION('',(-1.,0.,0.));
#4294 = CYLINDRICAL_SURFACE('',#4295,0.415696071151);
#4295 = AXIS2_PLACEMENT_3D('',#4296,#4297,#4298);
#4296 = CARTESIAN_POINT('',(4.75,-7.097399462905,-4.461841947925));
#4297 = DIRECTION('',(-1.,0.,0.));
#4298 = DIRECTION('',(0.,0.,1.));
#4299 = ADVANCED_FACE('',(#4300),#4311,.T.);
#4300 = FACE_BOUND('',#4301,.T.);
#4301 = EDGE_LOOP('',(#4302,#4303,#4304,#4305));
#4302 = ORIENTED_EDGE('',*,*,#3873,.T.);
#4303 = ORIENTED_EDGE('',*,*,#4223,.T.);
#4304 = ORIENTED_EDGE('',*,*,#3858,.F.);
#4305 = ORIENTED_EDGE('',*,*,#4306,.F.);
#4306 = EDGE_CURVE('',#3874,#3851,#4307,.T.);
#4307 = LINE('',#4308,#4309);
#4308 = CARTESIAN_POINT('',(4.75,-7.513095534056,-4.461841947925));
#4309 = VECTOR('',#4310,1.);
#4310 = DIRECTION('',(-1.,0.,0.));
#4311 = CYLINDRICAL_SURFACE('',#4312,0.415696071151);
#4312 = AXIS2_PLACEMENT_3D('',#4313,#4314,#4315);
#4313 = CARTESIAN_POINT('',(4.75,-7.097399462905,-4.461841947925));
#4314 = DIRECTION('',(-1.,0.,0.));
#4315 = DIRECTION('',(0.,0.,1.));
#4316 = ADVANCED_FACE('',(#4317),#4383,.T.);
#4317 = FACE_BOUND('',#4318,.T.);
#4318 = EDGE_LOOP('',(#4319,#4327,#4328,#4336,#4344,#4351,#4352,#4353,
    #4359,#4360,#4368,#4377));
#4319 = ORIENTED_EDGE('',*,*,#4320,.F.);
#4320 = EDGE_CURVE('',#4271,#4321,#4323,.T.);
#4321 = VERTEX_POINT('',#4322);
#4322 = CARTESIAN_POINT('',(0.7,-7.513095534056,-7.396145876774));
#4323 = LINE('',#4324,#4325);
#4324 = CARTESIAN_POINT('',(0.7,-7.513095534056,-4.046145876774));
#4325 = VECTOR('',#4326,1.);
#4326 = DIRECTION('',(1.294569758192E-16,0.,-1.));
#4327 = ORIENTED_EDGE('',*,*,#4289,.T.);
#4328 = ORIENTED_EDGE('',*,*,#4329,.F.);
#4329 = EDGE_CURVE('',#4330,#4281,#4332,.T.);
#4330 = VERTEX_POINT('',#4331);
#4331 = CARTESIAN_POINT('',(-0.7,-7.513095534056,-7.396145876774));
#4332 = LINE('',#4333,#4334);
#4333 = CARTESIAN_POINT('',(-0.7,-7.513095534056,-4.046145876774));
#4334 = VECTOR('',#4335,1.);
#4335 = DIRECTION('',(1.294569758192E-16,0.,1.));
#4336 = ORIENTED_EDGE('',*,*,#4337,.F.);
#4337 = EDGE_CURVE('',#4338,#4330,#4340,.T.);
#4338 = VERTEX_POINT('',#4339);
#4339 = CARTESIAN_POINT('',(-0.650007765595,-7.513095534056,
    -7.396145876774));
#4340 = LINE('',#4341,#4342);
#4341 = CARTESIAN_POINT('',(-0.7,-7.513095534056,-7.396145876774));
#4342 = VECTOR('',#4343,1.);
#4343 = DIRECTION('',(-1.,0.,0.));
#4344 = ORIENTED_EDGE('',*,*,#4345,.F.);
#4345 = EDGE_CURVE('',#3515,#4338,#4346,.T.);
#4346 = CIRCLE('',#4347,0.185740524216);
#4347 = AXIS2_PLACEMENT_3D('',#4348,#4349,#4350);
#4348 = CARTESIAN_POINT('',(-0.650007765595,-7.513095534056,
    -7.58188640099));
#4349 = DIRECTION('',(0.,-1.,0.));
#4350 = DIRECTION('',(1.,0.,0.));
#4351 = ORIENTED_EDGE('',*,*,#3514,.F.);
#4352 = ORIENTED_EDGE('',*,*,#3482,.F.);
#4353 = ORIENTED_EDGE('',*,*,#4354,.F.);
#4354 = EDGE_CURVE('',#3417,#3475,#4355,.T.);
#4355 = LINE('',#4356,#4357);
#4356 = CARTESIAN_POINT('',(4.75,-7.513095534056,-10.65));
#4357 = VECTOR('',#4358,1.);
#4358 = DIRECTION('',(-1.,0.,0.));
#4359 = ORIENTED_EDGE('',*,*,#3416,.F.);
#4360 = ORIENTED_EDGE('',*,*,#4361,.F.);
#4361 = EDGE_CURVE('',#4362,#3409,#4364,.T.);
#4362 = VERTEX_POINT('',#4363);
#4363 = CARTESIAN_POINT('',(0.464267241379,-7.513095534056,
    -7.58188640099));
#4364 = LINE('',#4365,#4366);
#4365 = CARTESIAN_POINT('',(0.464267241379,-7.513095534056,
    -7.58188640099));
#4366 = VECTOR('',#4367,1.);
#4367 = DIRECTION('',(2.876219051902E-16,0.,-1.));
#4368 = ORIENTED_EDGE('',*,*,#4369,.F.);
#4369 = EDGE_CURVE('',#4370,#4362,#4372,.T.);
#4370 = VERTEX_POINT('',#4371);
#4371 = CARTESIAN_POINT('',(0.650007765595,-7.513095534056,
    -7.396145876774));
#4372 = CIRCLE('',#4373,0.185740524216);
#4373 = AXIS2_PLACEMENT_3D('',#4374,#4375,#4376);
#4374 = CARTESIAN_POINT('',(0.650007765595,-7.513095534056,
    -7.58188640099));
#4375 = DIRECTION('',(0.,-1.,0.));
#4376 = DIRECTION('',(1.,0.,0.));
#4377 = ORIENTED_EDGE('',*,*,#4378,.F.);
#4378 = EDGE_CURVE('',#4321,#4370,#4379,.T.);
#4379 = LINE('',#4380,#4381);
#4380 = CARTESIAN_POINT('',(0.7,-7.513095534056,-7.396145876774));
#4381 = VECTOR('',#4382,1.);
#4382 = DIRECTION('',(-1.,0.,0.));
#4383 = PLANE('',#4384);
#4384 = AXIS2_PLACEMENT_3D('',#4385,#4386,#4387);
#4385 = CARTESIAN_POINT('',(4.75,-7.513095534056,-4.461841947925));
#4386 = DIRECTION('',(0.,-1.,0.));
#4387 = DIRECTION('',(0.,0.,-1.));
#4388 = ADVANCED_FACE('',(#4389),#4421,.T.);
#4389 = FACE_BOUND('',#4390,.T.);
#4390 = EDGE_LOOP('',(#4391,#4392,#4393,#4394,#4395,#4396,#4397,#4398,
    #4404,#4405,#4406,#4415));
#4391 = ORIENTED_EDGE('',*,*,#3884,.F.);
#4392 = ORIENTED_EDGE('',*,*,#4306,.T.);
#4393 = ORIENTED_EDGE('',*,*,#3850,.T.);
#4394 = ORIENTED_EDGE('',*,*,#4003,.T.);
#4395 = ORIENTED_EDGE('',*,*,#3986,.T.);
#4396 = ORIENTED_EDGE('',*,*,#3939,.T.);
#4397 = ORIENTED_EDGE('',*,*,#3736,.T.);
#4398 = ORIENTED_EDGE('',*,*,#4399,.F.);
#4399 = EDGE_CURVE('',#3649,#3729,#4400,.T.);
#4400 = LINE('',#4401,#4402);
#4401 = CARTESIAN_POINT('',(4.75,-7.513095534056,-10.65));
#4402 = VECTOR('',#4403,1.);
#4403 = DIRECTION('',(-1.,0.,0.));
#4404 = ORIENTED_EDGE('',*,*,#3648,.F.);
#4405 = ORIENTED_EDGE('',*,*,#3698,.F.);
#4406 = ORIENTED_EDGE('',*,*,#4407,.F.);
#4407 = EDGE_CURVE('',#4408,#3691,#4410,.T.);
#4408 = VERTEX_POINT('',#4409);
#4409 = CARTESIAN_POINT('',(-1.785724993025,-7.513095534056,
    -7.396145876774));
#4410 = CIRCLE('',#4411,0.185740524216);
#4411 = AXIS2_PLACEMENT_3D('',#4412,#4413,#4414);
#4412 = CARTESIAN_POINT('',(-1.785724993025,-7.513095534056,
    -7.58188640099));
#4413 = DIRECTION('',(0.,-1.,0.));
#4414 = DIRECTION('',(1.,0.,0.));
#4415 = ORIENTED_EDGE('',*,*,#4416,.F.);
#4416 = EDGE_CURVE('',#3885,#4408,#4417,.T.);
#4417 = LINE('',#4418,#4419);
#4418 = CARTESIAN_POINT('',(-1.735732758621,-7.513095534056,
    -7.396145876774));
#4419 = VECTOR('',#4420,1.);
#4420 = DIRECTION('',(-1.,0.,0.));
#4421 = PLANE('',#4422);
#4422 = AXIS2_PLACEMENT_3D('',#4423,#4424,#4425);
#4423 = CARTESIAN_POINT('',(4.75,-7.513095534056,-4.461841947925));
#4424 = DIRECTION('',(0.,-1.,0.));
#4425 = DIRECTION('',(0.,0.,-1.));
#4426 = ADVANCED_FACE('',(#4427),#4438,.T.);
#4427 = FACE_BOUND('',#4428,.T.);
#4428 = EDGE_LOOP('',(#4429,#4430,#4431,#4432));
#4429 = ORIENTED_EDGE('',*,*,#3657,.T.);
#4430 = ORIENTED_EDGE('',*,*,#4399,.T.);
#4431 = ORIENTED_EDGE('',*,*,#3728,.F.);
#4432 = ORIENTED_EDGE('',*,*,#4433,.F.);
#4433 = EDGE_CURVE('',#3658,#3716,#4434,.T.);
#4434 = LINE('',#4435,#4436);
#4435 = CARTESIAN_POINT('',(4.75,-7.320307823538,-10.65));
#4436 = VECTOR('',#4437,1.);
#4437 = DIRECTION('',(-1.,0.,0.));
#4438 = PLANE('',#4439);
#4439 = AXIS2_PLACEMENT_3D('',#4440,#4441,#4442);
#4440 = CARTESIAN_POINT('',(4.75,-7.320307823538,-10.65));
#4441 = DIRECTION('',(0.,0.,-1.));
#4442 = DIRECTION('',(0.,-1.,0.));
#4443 = ADVANCED_FACE('',(#4444),#4455,.T.);
#4444 = FACE_BOUND('',#4445,.T.);
#4445 = EDGE_LOOP('',(#4446,#4447,#4448,#4449));
#4446 = ORIENTED_EDGE('',*,*,#3425,.T.);
#4447 = ORIENTED_EDGE('',*,*,#4354,.T.);
#4448 = ORIENTED_EDGE('',*,*,#3474,.F.);
#4449 = ORIENTED_EDGE('',*,*,#4450,.F.);
#4450 = EDGE_CURVE('',#3426,#3464,#4451,.T.);
#4451 = LINE('',#4452,#4453);
#4452 = CARTESIAN_POINT('',(4.75,-7.320307823538,-10.65));
#4453 = VECTOR('',#4454,1.);
#4454 = DIRECTION('',(-1.,0.,0.));
#4455 = PLANE('',#4456);
#4456 = AXIS2_PLACEMENT_3D('',#4457,#4458,#4459);
#4457 = CARTESIAN_POINT('',(4.75,-7.320307823538,-10.65));
#4458 = DIRECTION('',(0.,0.,-1.));
#4459 = DIRECTION('',(0.,-1.,0.));
#4460 = ADVANCED_FACE('',(#4461),#4496,.F.);
#4461 = FACE_BOUND('',#4462,.T.);
#4462 = EDGE_LOOP('',(#4463,#4464,#4465,#4473,#4481,#4488,#4489,#4495));
#4463 = ORIENTED_EDGE('',*,*,#4270,.F.);
#4464 = ORIENTED_EDGE('',*,*,#4320,.T.);
#4465 = ORIENTED_EDGE('',*,*,#4466,.F.);
#4466 = EDGE_CURVE('',#4467,#4321,#4469,.T.);
#4467 = VERTEX_POINT('',#4468);
#4468 = CARTESIAN_POINT('',(0.7,-7.013095534056,-7.396145876774));
#4469 = LINE('',#4470,#4471);
#4470 = CARTESIAN_POINT('',(0.7,12.578764295339,-7.396145876774));
#4471 = VECTOR('',#4472,1.);
#4472 = DIRECTION('',(0.,-1.,0.));
#4473 = ORIENTED_EDGE('',*,*,#4474,.T.);
#4474 = EDGE_CURVE('',#4467,#4475,#4477,.T.);
#4475 = VERTEX_POINT('',#4476);
#4476 = CARTESIAN_POINT('',(0.7,-7.013095534056,-4.74800601978));
#4477 = LINE('',#4478,#4479);
#4478 = CARTESIAN_POINT('',(0.7,-7.013095534056,-4.74800601978));
#4479 = VECTOR('',#4480,1.);
#4480 = DIRECTION('',(-1.294569758192E-16,0.,1.));
#4481 = ORIENTED_EDGE('',*,*,#4482,.T.);
#4482 = EDGE_CURVE('',#4475,#4097,#4483,.T.);
#4483 = CIRCLE('',#4484,0.201860143006);
#4484 = AXIS2_PLACEMENT_3D('',#4485,#4486,#4487);
#4485 = CARTESIAN_POINT('',(0.7,-6.81123539105,-4.74800601978));
#4486 = DIRECTION('',(-1.,0.,-1.294569758192E-16));
#4487 = DIRECTION('',(-1.294569758192E-16,0.,1.));
#4488 = ORIENTED_EDGE('',*,*,#4096,.T.);
#4489 = ORIENTED_EDGE('',*,*,#4490,.F.);
#4490 = EDGE_CURVE('',#4176,#4099,#4491,.T.);
#4491 = LINE('',#4492,#4493);
#4492 = CARTESIAN_POINT('',(0.7,-5.75,-0.499041562842));
#4493 = VECTOR('',#4494,1.);
#4494 = DIRECTION('',(0.,-3.043374519258E-16,-1.));
#4495 = ORIENTED_EDGE('',*,*,#4175,.T.);
#4496 = PLANE('',#4497);
#4497 = AXIS2_PLACEMENT_3D('',#4498,#4499,#4500);
#4498 = CARTESIAN_POINT('',(0.7,12.578764295339,-4.046145876774));
#4499 = DIRECTION('',(-1.,0.,-1.294569758192E-16));
#4500 = DIRECTION('',(-1.294569758192E-16,0.,1.));
#4501 = ADVANCED_FACE('',(#4502),#4521,.F.);
#4502 = FACE_BOUND('',#4503,.F.);
#4503 = EDGE_LOOP('',(#4504,#4505,#4514,#4520));
#4504 = ORIENTED_EDGE('',*,*,#4106,.T.);
#4505 = ORIENTED_EDGE('',*,*,#4506,.T.);
#4506 = EDGE_CURVE('',#4107,#4507,#4509,.T.);
#4507 = VERTEX_POINT('',#4508);
#4508 = CARTESIAN_POINT('',(-0.7,-7.013095534056,-4.74800601978));
#4509 = CIRCLE('',#4510,0.201860143006);
#4510 = AXIS2_PLACEMENT_3D('',#4511,#4512,#4513);
#4511 = CARTESIAN_POINT('',(-0.7,-6.81123539105,-4.74800601978));
#4512 = DIRECTION('',(1.,0.,-1.294569758192E-16));
#4513 = DIRECTION('',(-1.294569758192E-16,0.,-1.));
#4514 = ORIENTED_EDGE('',*,*,#4515,.F.);
#4515 = EDGE_CURVE('',#4475,#4507,#4516,.T.);
#4516 = LINE('',#4517,#4518);
#4517 = CARTESIAN_POINT('',(4.75,-7.013095534056,-4.74800601978));
#4518 = VECTOR('',#4519,1.);
#4519 = DIRECTION('',(-1.,0.,0.));
#4520 = ORIENTED_EDGE('',*,*,#4482,.T.);
#4521 = CYLINDRICAL_SURFACE('',#4522,0.201860143006);
#4522 = AXIS2_PLACEMENT_3D('',#4523,#4524,#4525);
#4523 = CARTESIAN_POINT('',(4.75,-6.81123539105,-4.74800601978));
#4524 = DIRECTION('',(-1.,0.,0.));
#4525 = DIRECTION('',(0.,0.,1.));
#4526 = ADVANCED_FACE('',(#4527),#4621,.F.);
#4527 = FACE_BOUND('',#4528,.T.);
#4528 = EDGE_LOOP('',(#4529,#4530,#4538,#4544,#4545,#4551,#4552,#4558,
    #4559,#4567,#4575,#4581,#4589,#4595,#4596,#4603,#4604,#4605,#4614,
    #4620));
#4529 = ORIENTED_EDGE('',*,*,#1242,.F.);
#4530 = ORIENTED_EDGE('',*,*,#4531,.T.);
#4531 = EDGE_CURVE('',#1235,#4532,#4534,.T.);
#4532 = VERTEX_POINT('',#4533);
#4533 = CARTESIAN_POINT('',(-4.25,5.187420288032,-4.8));
#4534 = LINE('',#4535,#4536);
#4535 = CARTESIAN_POINT('',(-4.25,-1.222247665143,-4.8));
#4536 = VECTOR('',#4537,1.);
#4537 = DIRECTION('',(0.,1.,0.));
#4538 = ORIENTED_EDGE('',*,*,#4539,.F.);
#4539 = EDGE_CURVE('',#2571,#4532,#4540,.T.);
#4540 = LINE('',#4541,#4542);
#4541 = CARTESIAN_POINT('',(-4.25,5.187420288032,-7.4));
#4542 = VECTOR('',#4543,1.);
#4543 = DIRECTION('',(0.,3.043374519258E-16,1.));
#4544 = ORIENTED_EDGE('',*,*,#2570,.T.);
#4545 = ORIENTED_EDGE('',*,*,#4546,.F.);
#4546 = EDGE_CURVE('',#2853,#2563,#4547,.T.);
#4547 = LINE('',#4548,#4549);
#4548 = CARTESIAN_POINT('',(-4.25,5.75,-7.4));
#4549 = VECTOR('',#4550,1.);
#4550 = DIRECTION('',(0.,0.,-1.));
#4551 = ORIENTED_EDGE('',*,*,#2860,.T.);
#4552 = ORIENTED_EDGE('',*,*,#4553,.F.);
#4553 = EDGE_CURVE('',#2644,#2861,#4554,.T.);
#4554 = LINE('',#4555,#4556);
#4555 = CARTESIAN_POINT('',(-4.25,-5.75,-7.4));
#4556 = VECTOR('',#4557,1.);
#4557 = DIRECTION('',(0.,0.,1.));
#4558 = ORIENTED_EDGE('',*,*,#2643,.T.);
#4559 = ORIENTED_EDGE('',*,*,#4560,.T.);
#4560 = EDGE_CURVE('',#2636,#4561,#4563,.T.);
#4561 = VERTEX_POINT('',#4562);
#4562 = CARTESIAN_POINT('',(-4.25,-5.187420288032,-4.8));
#4563 = LINE('',#4564,#4565);
#4564 = CARTESIAN_POINT('',(-4.25,-5.187420288032,-7.4));
#4565 = VECTOR('',#4566,1.);
#4566 = DIRECTION('',(0.,3.043374519258E-16,1.));
#4567 = ORIENTED_EDGE('',*,*,#4568,.F.);
#4568 = EDGE_CURVE('',#4569,#4561,#4571,.T.);
#4569 = VERTEX_POINT('',#4570);
#4570 = CARTESIAN_POINT('',(-4.25,-3.15,-4.8));
#4571 = LINE('',#4572,#4573);
#4572 = CARTESIAN_POINT('',(-4.25,-1.222247665143,-4.8));
#4573 = VECTOR('',#4574,1.);
#4574 = DIRECTION('',(0.,-1.,0.));
#4575 = ORIENTED_EDGE('',*,*,#4576,.T.);
#4576 = EDGE_CURVE('',#4569,#2611,#4577,.T.);
#4577 = LINE('',#4578,#4579);
#4578 = CARTESIAN_POINT('',(-4.25,-3.15,-7.4));
#4579 = VECTOR('',#4580,1.);
#4580 = DIRECTION('',(0.,-3.043374519258E-16,-1.));
#4581 = ORIENTED_EDGE('',*,*,#4582,.T.);
#4582 = EDGE_CURVE('',#2611,#4583,#4585,.T.);
#4583 = VERTEX_POINT('',#4584);
#4584 = CARTESIAN_POINT('',(-4.25,-3.15,-7.4));
#4585 = LINE('',#4586,#4587);
#4586 = CARTESIAN_POINT('',(-4.25,-3.15,-5.3));
#4587 = VECTOR('',#4588,1.);
#4588 = DIRECTION('',(0.,-4.130293990421E-16,-1.));
#4589 = ORIENTED_EDGE('',*,*,#4590,.T.);
#4590 = EDGE_CURVE('',#4583,#259,#4591,.T.);
#4591 = LINE('',#4592,#4593);
#4592 = CARTESIAN_POINT('',(-4.25,-1.444495330286,-7.4));
#4593 = VECTOR('',#4594,1.);
#4594 = DIRECTION('',(0.,1.,0.));
#4595 = ORIENTED_EDGE('',*,*,#266,.T.);
#4596 = ORIENTED_EDGE('',*,*,#4597,.T.);
#4597 = EDGE_CURVE('',#267,#1433,#4598,.T.);
#4598 = CIRCLE('',#4599,0.222247665143);
#4599 = AXIS2_PLACEMENT_3D('',#4600,#4601,#4602);
#4600 = CARTESIAN_POINT('',(-4.25,-1.222247665143,-7.4));
#4601 = DIRECTION('',(-1.,0.,0.));
#4602 = DIRECTION('',(0.,-1.,0.));
#4603 = ORIENTED_EDGE('',*,*,#1432,.F.);
#4604 = ORIENTED_EDGE('',*,*,#308,.T.);
#4605 = ORIENTED_EDGE('',*,*,#4606,.T.);
#4606 = EDGE_CURVE('',#309,#4607,#4609,.T.);
#4607 = VERTEX_POINT('',#4608);
#4608 = CARTESIAN_POINT('',(-4.25,1.444495330286,-7.4));
#4609 = CIRCLE('',#4610,0.222247665143);
#4610 = AXIS2_PLACEMENT_3D('',#4611,#4612,#4613);
#4611 = CARTESIAN_POINT('',(-4.25,1.222247665143,-7.4));
#4612 = DIRECTION('',(-1.,0.,0.));
#4613 = DIRECTION('',(0.,-1.,0.));
#4614 = ORIENTED_EDGE('',*,*,#4615,.T.);
#4615 = EDGE_CURVE('',#4607,#2895,#4616,.T.);
#4616 = LINE('',#4617,#4618);
#4617 = CARTESIAN_POINT('',(-4.25,3.15,-7.4));
#4618 = VECTOR('',#4619,1.);
#4619 = DIRECTION('',(0.,1.,0.));
#4620 = ORIENTED_EDGE('',*,*,#2894,.T.);
#4621 = PLANE('',#4622);
#4622 = AXIS2_PLACEMENT_3D('',#4623,#4624,#4625);
#4623 = CARTESIAN_POINT('',(-4.25,-1.222247665143,-7.4));
#4624 = DIRECTION('',(-1.,0.,0.));
#4625 = DIRECTION('',(0.,0.,1.));
#4626 = ADVANCED_FACE('',(#4627),#4644,.F.);
#4627 = FACE_BOUND('',#4628,.T.);
#4628 = EDGE_LOOP('',(#4629,#4635,#4636,#4637,#4643));
#4629 = ORIENTED_EDGE('',*,*,#4630,.F.);
#4630 = EDGE_CURVE('',#3574,#1036,#4631,.T.);
#4631 = LINE('',#4632,#4633);
#4632 = CARTESIAN_POINT('',(4.75,5.187420288032,-4.8));
#4633 = VECTOR('',#4634,1.);
#4634 = DIRECTION('',(-1.,0.,0.));
#4635 = ORIENTED_EDGE('',*,*,#3573,.T.);
#4636 = ORIENTED_EDGE('',*,*,#1982,.T.);
#4637 = ORIENTED_EDGE('',*,*,#4638,.F.);
#4638 = EDGE_CURVE('',#1044,#1974,#4639,.T.);
#4639 = LINE('',#4640,#4641);
#4640 = CARTESIAN_POINT('',(1.991023720021,5.187420288032,-4.8));
#4641 = VECTOR('',#4642,1.);
#4642 = DIRECTION('',(0.,-3.043374519258E-16,-1.));
#4643 = ORIENTED_EDGE('',*,*,#1043,.F.);
#4644 = PLANE('',#4645);
#4645 = AXIS2_PLACEMENT_3D('',#4646,#4647,#4648);
#4646 = CARTESIAN_POINT('',(4.75,5.187420288032,-4.8));
#4647 = DIRECTION('',(0.,-1.,3.043374519258E-16));
#4648 = DIRECTION('',(-1.,0.,0.));
#4649 = ADVANCED_FACE('',(#4650,#4660),#4664,.F.);
#4650 = FACE_BOUND('',#4651,.T.);
#4651 = EDGE_LOOP('',(#4652,#4653));
#4652 = ORIENTED_EDGE('',*,*,#350,.F.);
#4653 = ORIENTED_EDGE('',*,*,#4654,.F.);
#4654 = EDGE_CURVE('',#343,#351,#4655,.T.);
#4655 = CIRCLE('',#4656,3.15);
#4656 = AXIS2_PLACEMENT_3D('',#4657,#4658,#4659);
#4657 = CARTESIAN_POINT('',(0.,0.,0.));
#4658 = DIRECTION('',(0.,0.,-1.));
#4659 = DIRECTION('',(1.,0.,0.));
#4660 = FACE_BOUND('',#4661,.T.);
#4661 = EDGE_LOOP('',(#4662,#4663));
#4662 = ORIENTED_EDGE('',*,*,#827,.T.);
#4663 = ORIENTED_EDGE('',*,*,#967,.T.);
#4664 = PLANE('',#4665);
#4665 = AXIS2_PLACEMENT_3D('',#4666,#4667,#4668);
#4666 = CARTESIAN_POINT('',(0.,0.,0.));
#4667 = DIRECTION('',(0.,0.,-1.));
#4668 = DIRECTION('',(0.,-1.,0.));
#4669 = ADVANCED_FACE('',(#4670),#4676,.F.);
#4670 = FACE_BOUND('',#4671,.F.);
#4671 = EDGE_LOOP('',(#4672,#4673,#4674,#4675));
#4672 = ORIENTED_EDGE('',*,*,#4654,.F.);
#4673 = ORIENTED_EDGE('',*,*,#342,.F.);
#4674 = ORIENTED_EDGE('',*,*,#2272,.T.);
#4675 = ORIENTED_EDGE('',*,*,#359,.F.);
#4676 = CYLINDRICAL_SURFACE('',#4677,3.15);
#4677 = AXIS2_PLACEMENT_3D('',#4678,#4679,#4680);
#4678 = CARTESIAN_POINT('',(0.,0.,0.));
#4679 = DIRECTION('',(-0.,0.,1.));
#4680 = DIRECTION('',(1.,0.,0.));
#4681 = ADVANCED_FACE('',(#4682),#4688,.T.);
#4682 = FACE_BOUND('',#4683,.T.);
#4683 = EDGE_LOOP('',(#4684,#4685,#4686,#4687));
#4684 = ORIENTED_EDGE('',*,*,#1477,.F.);
#4685 = ORIENTED_EDGE('',*,*,#1287,.F.);
#4686 = ORIENTED_EDGE('',*,*,#2823,.F.);
#4687 = ORIENTED_EDGE('',*,*,#1407,.F.);
#4688 = CYLINDRICAL_SURFACE('',#4689,1.);
#4689 = AXIS2_PLACEMENT_3D('',#4690,#4691,#4692);
#4690 = CARTESIAN_POINT('',(-4.34406639029,-8.066464163292E-14,-11.1));
#4691 = DIRECTION('',(-1.,0.,0.));
#4692 = DIRECTION('',(0.,0.,1.));
#4693 = ADVANCED_FACE('',(#4694),#4699,.T.);
#4694 = FACE_BOUND('',#4695,.T.);
#4695 = EDGE_LOOP('',(#4696,#4697,#4698));
#4696 = ORIENTED_EDGE('',*,*,#1470,.F.);
#4697 = ORIENTED_EDGE('',*,*,#1372,.T.);
#4698 = ORIENTED_EDGE('',*,*,#1302,.T.);
#4699 = CYLINDRICAL_SURFACE('',#4700,1.);
#4700 = AXIS2_PLACEMENT_3D('',#4701,#4702,#4703);
#4701 = CARTESIAN_POINT('',(-4.34406639029,-8.066464163292E-14,-11.1));
#4702 = DIRECTION('',(-1.,0.,0.));
#4703 = DIRECTION('',(0.,0.,1.));
#4704 = ADVANCED_FACE('',(#4705),#4716,.F.);
#4705 = FACE_BOUND('',#4706,.T.);
#4706 = EDGE_LOOP('',(#4707,#4708,#4709,#4710));
#4707 = ORIENTED_EDGE('',*,*,#2739,.T.);
#4708 = ORIENTED_EDGE('',*,*,#2902,.F.);
#4709 = ORIENTED_EDGE('',*,*,#4615,.F.);
#4710 = ORIENTED_EDGE('',*,*,#4711,.T.);
#4711 = EDGE_CURVE('',#4607,#2740,#4712,.T.);
#4712 = LINE('',#4713,#4714);
#4713 = CARTESIAN_POINT('',(-4.25,1.444495330286,-7.4));
#4714 = VECTOR('',#4715,1.);
#4715 = DIRECTION('',(-1.,0.,0.));
#4716 = PLANE('',#4717);
#4717 = AXIS2_PLACEMENT_3D('',#4718,#4719,#4720);
#4718 = CARTESIAN_POINT('',(-4.25,3.15,-7.4));
#4719 = DIRECTION('',(0.,0.,1.));
#4720 = DIRECTION('',(1.,-0.,0.));
#4721 = ADVANCED_FACE('',(#4722),#4728,.F.);
#4722 = FACE_BOUND('',#4723,.F.);
#4723 = EDGE_LOOP('',(#4724,#4725,#4726,#4727));
#4724 = ORIENTED_EDGE('',*,*,#4606,.T.);
#4725 = ORIENTED_EDGE('',*,*,#4711,.T.);
#4726 = ORIENTED_EDGE('',*,*,#2747,.F.);
#4727 = ORIENTED_EDGE('',*,*,#317,.F.);
#4728 = CYLINDRICAL_SURFACE('',#4729,0.222247665143);
#4729 = AXIS2_PLACEMENT_3D('',#4730,#4731,#4732);
#4730 = CARTESIAN_POINT('',(-4.25,1.222247665143,-7.4));
#4731 = DIRECTION('',(-1.,0.,0.));
#4732 = DIRECTION('',(0.,0.,1.));
#4733 = ADVANCED_FACE('',(#4734),#4745,.F.);
#4734 = FACE_BOUND('',#4735,.T.);
#4735 = EDGE_LOOP('',(#4736,#4737,#4738,#4739));
#4736 = ORIENTED_EDGE('',*,*,#2764,.T.);
#4737 = ORIENTED_EDGE('',*,*,#258,.F.);
#4738 = ORIENTED_EDGE('',*,*,#4590,.F.);
#4739 = ORIENTED_EDGE('',*,*,#4740,.T.);
#4740 = EDGE_CURVE('',#4583,#2765,#4741,.T.);
#4741 = LINE('',#4742,#4743);
#4742 = CARTESIAN_POINT('',(-4.25,-3.15,-7.4));
#4743 = VECTOR('',#4744,1.);
#4744 = DIRECTION('',(-1.,0.,0.));
#4745 = PLANE('',#4746);
#4746 = AXIS2_PLACEMENT_3D('',#4747,#4748,#4749);
#4747 = CARTESIAN_POINT('',(-4.25,-1.444495330286,-7.4));
#4748 = DIRECTION('',(0.,0.,1.));
#4749 = DIRECTION('',(1.,-0.,0.));
#4750 = ADVANCED_FACE('',(#4751),#4757,.F.);
#4751 = FACE_BOUND('',#4752,.F.);
#4752 = EDGE_LOOP('',(#4753,#4754,#4755,#4756));
#4753 = ORIENTED_EDGE('',*,*,#4597,.T.);
#4754 = ORIENTED_EDGE('',*,*,#1495,.T.);
#4755 = ORIENTED_EDGE('',*,*,#2756,.F.);
#4756 = ORIENTED_EDGE('',*,*,#275,.F.);
#4757 = CYLINDRICAL_SURFACE('',#4758,0.222247665143);
#4758 = AXIS2_PLACEMENT_3D('',#4759,#4760,#4761);
#4759 = CARTESIAN_POINT('',(-4.25,-1.222247665143,-7.4));
#4760 = DIRECTION('',(-1.,0.,0.));
#4761 = DIRECTION('',(0.,0.,1.));
#4762 = ADVANCED_FACE('',(#4763),#4800,.T.);
#4763 = FACE_BOUND('',#4764,.T.);
#4764 = EDGE_LOOP('',(#4765,#4766,#4774,#4781,#4782,#4783,#4789,#4790,
    #4791,#4792,#4793,#4794));
#4765 = ORIENTED_EDGE('',*,*,#3900,.F.);
#4766 = ORIENTED_EDGE('',*,*,#4767,.F.);
#4767 = EDGE_CURVE('',#4768,#3893,#4770,.T.);
#4768 = VERTEX_POINT('',#4769);
#4769 = CARTESIAN_POINT('',(-1.785724993025,-7.013095534056,
    -7.396145876774));
#4770 = LINE('',#4771,#4772);
#4771 = CARTESIAN_POINT('',(4.75,-7.013095534056,-7.396145876774));
#4772 = VECTOR('',#4773,1.);
#4773 = DIRECTION('',(1.,0.,0.));
#4774 = ORIENTED_EDGE('',*,*,#4775,.F.);
#4775 = EDGE_CURVE('',#3683,#4768,#4776,.T.);
#4776 = CIRCLE('',#4777,0.185740524216);
#4777 = AXIS2_PLACEMENT_3D('',#4778,#4779,#4780);
#4778 = CARTESIAN_POINT('',(-1.785724993025,-7.013095534056,
    -7.58188640099));
#4779 = DIRECTION('',(0.,1.,0.));
#4780 = DIRECTION('',(0.,-0.,1.));
#4781 = ORIENTED_EDGE('',*,*,#3682,.F.);
#4782 = ORIENTED_EDGE('',*,*,#3629,.T.);
#4783 = ORIENTED_EDGE('',*,*,#4784,.T.);
#4784 = EDGE_CURVE('',#3632,#3714,#4785,.T.);
#4785 = LINE('',#4786,#4787);
#4786 = CARTESIAN_POINT('',(4.75,-7.013095534056,-10.34278771051));
#4787 = VECTOR('',#4788,1.);
#4788 = DIRECTION('',(-1.,0.,0.));
#4789 = ORIENTED_EDGE('',*,*,#3753,.T.);
#4790 = ORIENTED_EDGE('',*,*,#3955,.T.);
#4791 = ORIENTED_EDGE('',*,*,#3969,.F.);
#4792 = ORIENTED_EDGE('',*,*,#4010,.T.);
#4793 = ORIENTED_EDGE('',*,*,#3834,.T.);
#4794 = ORIENTED_EDGE('',*,*,#4795,.F.);
#4795 = EDGE_CURVE('',#3901,#3826,#4796,.T.);
#4796 = LINE('',#4797,#4798);
#4797 = CARTESIAN_POINT('',(4.75,-7.013095534056,-4.74800601978));
#4798 = VECTOR('',#4799,1.);
#4799 = DIRECTION('',(-1.,0.,0.));
#4800 = PLANE('',#4801);
#4801 = AXIS2_PLACEMENT_3D('',#4802,#4803,#4804);
#4802 = CARTESIAN_POINT('',(4.75,-7.013095534056,-4.74800601978));
#4803 = DIRECTION('',(0.,1.,0.));
#4804 = DIRECTION('',(1.,0.,-0.));
#4805 = ADVANCED_FACE('',(#4806),#4812,.T.);
#4806 = FACE_BOUND('',#4807,.T.);
#4807 = EDGE_LOOP('',(#4808,#4809,#4810,#4811));
#4808 = ORIENTED_EDGE('',*,*,#3665,.T.);
#4809 = ORIENTED_EDGE('',*,*,#4433,.T.);
#4810 = ORIENTED_EDGE('',*,*,#3713,.F.);
#4811 = ORIENTED_EDGE('',*,*,#4784,.F.);
#4812 = CYLINDRICAL_SURFACE('',#4813,0.307212289482);
#4813 = AXIS2_PLACEMENT_3D('',#4814,#4815,#4816);
#4814 = CARTESIAN_POINT('',(4.75,-7.320307823538,-10.34278771051));
#4815 = DIRECTION('',(-1.,0.,0.));
#4816 = DIRECTION('',(0.,0.,1.));
#4817 = ADVANCED_FACE('',(#4818),#4829,.T.);
#4818 = FACE_BOUND('',#4819,.T.);
#4819 = EDGE_LOOP('',(#4820,#4821,#4822,#4823));
#4820 = ORIENTED_EDGE('',*,*,#3433,.T.);
#4821 = ORIENTED_EDGE('',*,*,#4450,.T.);
#4822 = ORIENTED_EDGE('',*,*,#3463,.F.);
#4823 = ORIENTED_EDGE('',*,*,#4824,.F.);
#4824 = EDGE_CURVE('',#3400,#3453,#4825,.T.);
#4825 = LINE('',#4826,#4827);
#4826 = CARTESIAN_POINT('',(4.75,-7.013095534056,-10.34278771051));
#4827 = VECTOR('',#4828,1.);
#4828 = DIRECTION('',(-1.,0.,0.));
#4829 = CYLINDRICAL_SURFACE('',#4830,0.307212289482);
#4830 = AXIS2_PLACEMENT_3D('',#4831,#4832,#4833);
#4831 = CARTESIAN_POINT('',(4.75,-7.320307823538,-10.34278771051));
#4832 = DIRECTION('',(-1.,0.,0.));
#4833 = DIRECTION('',(0.,0.,1.));
#4834 = ADVANCED_FACE('',(#4835),#4841,.F.);
#4835 = FACE_BOUND('',#4836,.F.);
#4836 = EDGE_LOOP('',(#4837,#4838,#4839,#4840));
#4837 = ORIENTED_EDGE('',*,*,#3778,.T.);
#4838 = ORIENTED_EDGE('',*,*,#3825,.F.);
#4839 = ORIENTED_EDGE('',*,*,#4795,.F.);
#4840 = ORIENTED_EDGE('',*,*,#3908,.T.);
#4841 = CYLINDRICAL_SURFACE('',#4842,0.201860143006);
#4842 = AXIS2_PLACEMENT_3D('',#4843,#4844,#4845);
#4843 = CARTESIAN_POINT('',(4.75,-6.81123539105,-4.74800601978));
#4844 = DIRECTION('',(-1.,0.,0.));
#4845 = DIRECTION('',(0.,0.,1.));
#4846 = ADVANCED_FACE('',(#4847),#4874,.F.);
#4847 = FACE_BOUND('',#4848,.T.);
#4848 = EDGE_LOOP('',(#4849,#4850,#4851,#4857,#4858,#4859,#4867,#4873));
#4849 = ORIENTED_EDGE('',*,*,#4280,.F.);
#4850 = ORIENTED_EDGE('',*,*,#4193,.F.);
#4851 = ORIENTED_EDGE('',*,*,#4852,.F.);
#4852 = EDGE_CURVE('',#4115,#4186,#4853,.T.);
#4853 = LINE('',#4854,#4855);
#4854 = CARTESIAN_POINT('',(-0.7,-5.75,-0.499041562842));
#4855 = VECTOR('',#4856,1.);
#4856 = DIRECTION('',(0.,3.043374519258E-16,1.));
#4857 = ORIENTED_EDGE('',*,*,#4114,.T.);
#4858 = ORIENTED_EDGE('',*,*,#4506,.T.);
#4859 = ORIENTED_EDGE('',*,*,#4860,.T.);
#4860 = EDGE_CURVE('',#4507,#4861,#4863,.T.);
#4861 = VERTEX_POINT('',#4862);
#4862 = CARTESIAN_POINT('',(-0.7,-7.013095534056,-7.396145876774));
#4863 = LINE('',#4864,#4865);
#4864 = CARTESIAN_POINT('',(-0.7,-7.013095534056,-4.74800601978));
#4865 = VECTOR('',#4866,1.);
#4866 = DIRECTION('',(-1.294569758192E-16,0.,-1.));
#4867 = ORIENTED_EDGE('',*,*,#4868,.T.);
#4868 = EDGE_CURVE('',#4861,#4330,#4869,.T.);
#4869 = LINE('',#4870,#4871);
#4870 = CARTESIAN_POINT('',(-0.7,0.129312412348,-7.396145876774));
#4871 = VECTOR('',#4872,1.);
#4872 = DIRECTION('',(0.,-1.,0.));
#4873 = ORIENTED_EDGE('',*,*,#4329,.T.);
#4874 = PLANE('',#4875);
#4875 = AXIS2_PLACEMENT_3D('',#4876,#4877,#4878);
#4876 = CARTESIAN_POINT('',(-0.7,0.129312412348,-4.046145876774));
#4877 = DIRECTION('',(1.,0.,-1.294569758192E-16));
#4878 = DIRECTION('',(0.,1.,0.));
#4879 = ADVANCED_FACE('',(#4880),#4927,.T.);
#4880 = FACE_BOUND('',#4881,.T.);
#4881 = EDGE_LOOP('',(#4882,#4883,#4891,#4900,#4906,#4907,#4908,#4909,
    #4910,#4919,#4925,#4926));
#4882 = ORIENTED_EDGE('',*,*,#4474,.F.);
#4883 = ORIENTED_EDGE('',*,*,#4884,.F.);
#4884 = EDGE_CURVE('',#4885,#4467,#4887,.T.);
#4885 = VERTEX_POINT('',#4886);
#4886 = CARTESIAN_POINT('',(0.650007765595,-7.013095534056,
    -7.396145876774));
#4887 = LINE('',#4888,#4889);
#4888 = CARTESIAN_POINT('',(4.75,-7.013095534056,-7.396145876774));
#4889 = VECTOR('',#4890,1.);
#4890 = DIRECTION('',(1.,0.,0.));
#4891 = ORIENTED_EDGE('',*,*,#4892,.F.);
#4892 = EDGE_CURVE('',#4893,#4885,#4895,.T.);
#4893 = VERTEX_POINT('',#4894);
#4894 = CARTESIAN_POINT('',(0.464267241379,-7.013095534056,
    -7.58188640099));
#4895 = CIRCLE('',#4896,0.185740524216);
#4896 = AXIS2_PLACEMENT_3D('',#4897,#4898,#4899);
#4897 = CARTESIAN_POINT('',(0.650007765595,-7.013095534056,
    -7.58188640099));
#4898 = DIRECTION('',(0.,1.,0.));
#4899 = DIRECTION('',(0.,-0.,1.));
#4900 = ORIENTED_EDGE('',*,*,#4901,.F.);
#4901 = EDGE_CURVE('',#3398,#4893,#4902,.T.);
#4902 = LINE('',#4903,#4904);
#4903 = CARTESIAN_POINT('',(0.464267241379,-7.013095534056,
    -4.74800601978));
#4904 = VECTOR('',#4905,1.);
#4905 = DIRECTION('',(-2.876219051902E-16,0.,1.));
#4906 = ORIENTED_EDGE('',*,*,#3397,.T.);
#4907 = ORIENTED_EDGE('',*,*,#4824,.T.);
#4908 = ORIENTED_EDGE('',*,*,#3452,.T.);
#4909 = ORIENTED_EDGE('',*,*,#3505,.F.);
#4910 = ORIENTED_EDGE('',*,*,#4911,.F.);
#4911 = EDGE_CURVE('',#4912,#3506,#4914,.T.);
#4912 = VERTEX_POINT('',#4913);
#4913 = CARTESIAN_POINT('',(-0.650007765595,-7.013095534056,
    -7.396145876774));
#4914 = CIRCLE('',#4915,0.185740524216);
#4915 = AXIS2_PLACEMENT_3D('',#4916,#4917,#4918);
#4916 = CARTESIAN_POINT('',(-0.650007765595,-7.013095534056,
    -7.58188640099));
#4917 = DIRECTION('',(0.,1.,0.));
#4918 = DIRECTION('',(0.,-0.,1.));
#4919 = ORIENTED_EDGE('',*,*,#4920,.F.);
#4920 = EDGE_CURVE('',#4861,#4912,#4921,.T.);
#4921 = LINE('',#4922,#4923);
#4922 = CARTESIAN_POINT('',(4.75,-7.013095534056,-7.396145876774));
#4923 = VECTOR('',#4924,1.);
#4924 = DIRECTION('',(1.,0.,0.));
#4925 = ORIENTED_EDGE('',*,*,#4860,.F.);
#4926 = ORIENTED_EDGE('',*,*,#4515,.F.);
#4927 = PLANE('',#4928);
#4928 = AXIS2_PLACEMENT_3D('',#4929,#4930,#4931);
#4929 = CARTESIAN_POINT('',(4.75,-7.013095534056,-4.74800601978));
#4930 = DIRECTION('',(0.,1.,0.));
#4931 = DIRECTION('',(1.,0.,-0.));
#4932 = ADVANCED_FACE('',(#4933),#4944,.F.);
#4933 = FACE_BOUND('',#4934,.T.);
#4934 = EDGE_LOOP('',(#4935,#4936,#4942,#4943));
#4935 = ORIENTED_EDGE('',*,*,#4920,.T.);
#4936 = ORIENTED_EDGE('',*,*,#4937,.T.);
#4937 = EDGE_CURVE('',#4912,#4338,#4938,.T.);
#4938 = LINE('',#4939,#4940);
#4939 = CARTESIAN_POINT('',(-0.650007765595,0.129312412348,
    -7.396145876774));
#4940 = VECTOR('',#4941,1.);
#4941 = DIRECTION('',(0.,-1.,0.));
#4942 = ORIENTED_EDGE('',*,*,#4337,.T.);
#4943 = ORIENTED_EDGE('',*,*,#4868,.F.);
#4944 = PLANE('',#4945);
#4945 = AXIS2_PLACEMENT_3D('',#4946,#4947,#4948);
#4946 = CARTESIAN_POINT('',(-0.7,0.129312412348,-7.396145876774));
#4947 = DIRECTION('',(0.,0.,1.));
#4948 = DIRECTION('',(1.,-0.,0.));
#4949 = ADVANCED_FACE('',(#4950),#4956,.F.);
#4950 = FACE_BOUND('',#4951,.F.);
#4951 = EDGE_LOOP('',(#4952,#4953,#4954,#4955));
#4952 = ORIENTED_EDGE('',*,*,#4937,.T.);
#4953 = ORIENTED_EDGE('',*,*,#4345,.F.);
#4954 = ORIENTED_EDGE('',*,*,#3522,.F.);
#4955 = ORIENTED_EDGE('',*,*,#4911,.F.);
#4956 = CYLINDRICAL_SURFACE('',#4957,0.185740524216);
#4957 = AXIS2_PLACEMENT_3D('',#4958,#4959,#4960);
#4958 = CARTESIAN_POINT('',(-0.650007765595,0.129312412348,
    -7.58188640099));
#4959 = DIRECTION('',(0.,-1.,0.));
#4960 = DIRECTION('',(0.,0.,-1.));
#4961 = ADVANCED_FACE('',(#4962,#4978,#4984,#4990),#4996,.F.);
#4962 = FACE_BOUND('',#4963,.T.);
#4963 = EDGE_LOOP('',(#4964,#4970,#4971,#4977));
#4964 = ORIENTED_EDGE('',*,*,#4965,.T.);
#4965 = EDGE_CURVE('',#2360,#1110,#4966,.T.);
#4966 = LINE('',#4967,#4968);
#4967 = CARTESIAN_POINT('',(-4.,-5.75,-0.499041562842));
#4968 = VECTOR('',#4969,1.);
#4969 = DIRECTION('',(0.,-3.043374519258E-16,-1.));
#4970 = ORIENTED_EDGE('',*,*,#1109,.T.);
#4971 = ORIENTED_EDGE('',*,*,#4972,.F.);
#4972 = EDGE_CURVE('',#2358,#1102,#4973,.T.);
#4973 = LINE('',#4974,#4975);
#4974 = CARTESIAN_POINT('',(4.,-5.75,-0.499041562842));
#4975 = VECTOR('',#4976,1.);
#4976 = DIRECTION('',(0.,-3.043374519258E-16,-1.));
#4977 = ORIENTED_EDGE('',*,*,#2357,.T.);
#4978 = FACE_BOUND('',#4979,.T.);
#4979 = EDGE_LOOP('',(#4980,#4981,#4982,#4983));
#4980 = ORIENTED_EDGE('',*,*,#4143,.T.);
#4981 = ORIENTED_EDGE('',*,*,#3148,.T.);
#4982 = ORIENTED_EDGE('',*,*,#4025,.T.);
#4983 = ORIENTED_EDGE('',*,*,#3222,.T.);
#4984 = FACE_BOUND('',#4985,.T.);
#4985 = EDGE_LOOP('',(#4986,#4987,#4988,#4989));
#4986 = ORIENTED_EDGE('',*,*,#4490,.T.);
#4987 = ORIENTED_EDGE('',*,*,#4122,.T.);
#4988 = ORIENTED_EDGE('',*,*,#4852,.T.);
#4989 = ORIENTED_EDGE('',*,*,#4185,.T.);
#4990 = FACE_BOUND('',#4991,.T.);
#4991 = EDGE_LOOP('',(#4992,#4993,#4994,#4995));
#4992 = ORIENTED_EDGE('',*,*,#3916,.T.);
#4993 = ORIENTED_EDGE('',*,*,#3794,.T.);
#4994 = ORIENTED_EDGE('',*,*,#3818,.T.);
#4995 = ORIENTED_EDGE('',*,*,#4216,.T.);
#4996 = PLANE('',#4997);
#4997 = AXIS2_PLACEMENT_3D('',#4998,#4999,#5000);
#4998 = CARTESIAN_POINT('',(-4.,-5.75,-0.499041562842));
#4999 = DIRECTION('',(0.,1.,-3.043374519258E-16));
#5000 = DIRECTION('',(1.,0.,0.));
#5001 = ADVANCED_FACE('',(#5002),#5008,.T.);
#5002 = FACE_BOUND('',#5003,.T.);
#5003 = EDGE_LOOP('',(#5004,#5005,#5006,#5007));
#5004 = ORIENTED_EDGE('',*,*,#205,.T.);
#5005 = ORIENTED_EDGE('',*,*,#768,.T.);
#5006 = ORIENTED_EDGE('',*,*,#224,.T.);
#5007 = ORIENTED_EDGE('',*,*,#1169,.F.);
#5008 = CYLINDRICAL_SURFACE('',#5009,0.7);
#5009 = AXIS2_PLACEMENT_3D('',#5010,#5011,#5012);
#5010 = CARTESIAN_POINT('',(0.,3.5,-7.4));
#5011 = DIRECTION('',(-0.,0.,1.));
#5012 = DIRECTION('',(1.,0.,0.));
#5013 = ADVANCED_FACE('',(#5014),#5026,.T.);
#5014 = FACE_BOUND('',#5015,.T.);
#5015 = EDGE_LOOP('',(#5016,#5017,#5018,#5019));
#5016 = ORIENTED_EDGE('',*,*,#165,.T.);
#5017 = ORIENTED_EDGE('',*,*,#150,.F.);
#5018 = ORIENTED_EDGE('',*,*,#183,.T.);
#5019 = ORIENTED_EDGE('',*,*,#5020,.T.);
#5020 = EDGE_CURVE('',#175,#166,#5021,.T.);
#5021 = CIRCLE('',#5022,0.5);
#5022 = AXIS2_PLACEMENT_3D('',#5023,#5024,#5025);
#5023 = CARTESIAN_POINT('',(0.,-4.,-7.4));
#5024 = DIRECTION('',(0.,0.,1.));
#5025 = DIRECTION('',(1.,0.,-0.));
#5026 = TOROIDAL_SURFACE('',#5027,0.5,0.2);
#5027 = AXIS2_PLACEMENT_3D('',#5028,#5029,#5030);
#5028 = CARTESIAN_POINT('',(0.,-4.,-7.2));
#5029 = DIRECTION('',(0.,0.,1.));
#5030 = DIRECTION('',(1.,0.,-0.));
#5031 = ADVANCED_FACE('',(#5032),#5036,.F.);
#5032 = FACE_BOUND('',#5033,.T.);
#5033 = EDGE_LOOP('',(#5034,#5035));
#5034 = ORIENTED_EDGE('',*,*,#5020,.F.);
#5035 = ORIENTED_EDGE('',*,*,#174,.F.);
#5036 = PLANE('',#5037);
#5037 = AXIS2_PLACEMENT_3D('',#5038,#5039,#5040);
#5038 = CARTESIAN_POINT('',(0.,-4.,-7.4));
#5039 = DIRECTION('',(0.,0.,1.));
#5040 = DIRECTION('',(1.,-0.,0.));
#5041 = ADVANCED_FACE('',(#5042),#5046,.F.);
#5042 = FACE_BOUND('',#5043,.T.);
#5043 = EDGE_LOOP('',(#5044,#5045));
#5044 = ORIENTED_EDGE('',*,*,#1187,.F.);
#5045 = ORIENTED_EDGE('',*,*,#752,.F.);
#5046 = PLANE('',#5047);
#5047 = AXIS2_PLACEMENT_3D('',#5048,#5049,#5050);
#5048 = CARTESIAN_POINT('',(0.,3.5,-7.4));
#5049 = DIRECTION('',(0.,0.,1.));
#5050 = DIRECTION('',(1.,-0.,0.));
#5051 = ADVANCED_FACE('',(#5052),#5058,.T.);
#5052 = FACE_BOUND('',#5053,.T.);
#5053 = EDGE_LOOP('',(#5054,#5055,#5056,#5057));
#5054 = ORIENTED_EDGE('',*,*,#123,.T.);
#5055 = ORIENTED_EDGE('',*,*,#190,.T.);
#5056 = ORIENTED_EDGE('',*,*,#142,.T.);
#5057 = ORIENTED_EDGE('',*,*,#1159,.F.);
#5058 = CYLINDRICAL_SURFACE('',#5059,0.7);
#5059 = AXIS2_PLACEMENT_3D('',#5060,#5061,#5062);
#5060 = CARTESIAN_POINT('',(0.,-4.,-7.4));
#5061 = DIRECTION('',(-0.,0.,1.));
#5062 = DIRECTION('',(1.,0.,0.));
#5063 = ADVANCED_FACE('',(#5064),#5080,.T.);
#5064 = FACE_BOUND('',#5065,.T.);
#5065 = EDGE_LOOP('',(#5066,#5067,#5068,#5074));
#5066 = ORIENTED_EDGE('',*,*,#4531,.F.);
#5067 = ORIENTED_EDGE('',*,*,#1234,.T.);
#5068 = ORIENTED_EDGE('',*,*,#5069,.F.);
#5069 = EDGE_CURVE('',#1012,#993,#5070,.T.);
#5070 = LINE('',#5071,#5072);
#5071 = CARTESIAN_POINT('',(-4.,5.75,-4.8));
#5072 = VECTOR('',#5073,1.);
#5073 = DIRECTION('',(0.,-1.,0.));
#5074 = ORIENTED_EDGE('',*,*,#5075,.T.);
#5075 = EDGE_CURVE('',#1012,#4532,#5076,.T.);
#5076 = LINE('',#5077,#5078);
#5077 = CARTESIAN_POINT('',(-4.75,5.187420288032,-4.8));
#5078 = VECTOR('',#5079,1.);
#5079 = DIRECTION('',(-1.,0.,0.));
#5080 = PLANE('',#5081);
#5081 = AXIS2_PLACEMENT_3D('',#5082,#5083,#5084);
#5082 = CARTESIAN_POINT('',(-1.991023720021,4.168710144016,-4.8));
#5083 = DIRECTION('',(0.,0.,1.));
#5084 = DIRECTION('',(1.,-0.,0.));
#5085 = ADVANCED_FACE('',(#5086),#5093,.F.);
#5086 = FACE_BOUND('',#5087,.T.);
#5087 = EDGE_LOOP('',(#5088,#5089,#5090,#5091,#5092));
#5088 = ORIENTED_EDGE('',*,*,#2578,.T.);
#5089 = ORIENTED_EDGE('',*,*,#4539,.T.);
#5090 = ORIENTED_EDGE('',*,*,#5075,.F.);
#5091 = ORIENTED_EDGE('',*,*,#1011,.F.);
#5092 = ORIENTED_EDGE('',*,*,#1213,.T.);
#5093 = PLANE('',#5094);
#5094 = AXIS2_PLACEMENT_3D('',#5095,#5096,#5097);
#5095 = CARTESIAN_POINT('',(-4.75,5.187420288032,-4.8));
#5096 = DIRECTION('',(0.,-1.,3.043374519258E-16));
#5097 = DIRECTION('',(-1.,0.,0.));
#5098 = ADVANCED_FACE('',(#5099),#5115,.T.);
#5099 = FACE_BOUND('',#5100,.T.);
#5100 = EDGE_LOOP('',(#5101,#5102,#5108,#5109));
#5101 = ORIENTED_EDGE('',*,*,#2054,.T.);
#5102 = ORIENTED_EDGE('',*,*,#5103,.F.);
#5103 = EDGE_CURVE('',#1085,#2047,#5104,.T.);
#5104 = LINE('',#5105,#5106);
#5105 = CARTESIAN_POINT('',(1.991023720021,-5.187420288032,-4.8));
#5106 = VECTOR('',#5107,1.);
#5107 = DIRECTION('',(0.,-3.043374519258E-16,-1.));
#5108 = ORIENTED_EDGE('',*,*,#1084,.F.);
#5109 = ORIENTED_EDGE('',*,*,#5110,.T.);
#5110 = EDGE_CURVE('',#1077,#2055,#5111,.T.);
#5111 = LINE('',#5112,#5113);
#5112 = CARTESIAN_POINT('',(1.991023720021,-3.15,-4.8));
#5113 = VECTOR('',#5114,1.);
#5114 = DIRECTION('',(0.,-3.043374519258E-16,-1.));
#5115 = CYLINDRICAL_SURFACE('',#5116,1.018710144016);
#5116 = AXIS2_PLACEMENT_3D('',#5117,#5118,#5119);
#5117 = CARTESIAN_POINT('',(1.991023720021,-4.168710144016,-4.8));
#5118 = DIRECTION('',(0.,-3.043374519258E-16,-1.));
#5119 = DIRECTION('',(0.,1.,-3.043374519258E-16));
#5120 = ADVANCED_FACE('',(#5121),#5142,.T.);
#5121 = FACE_BOUND('',#5122,.T.);
#5122 = EDGE_LOOP('',(#5123,#5124,#5130,#5136));
#5123 = ORIENTED_EDGE('',*,*,#3544,.F.);
#5124 = ORIENTED_EDGE('',*,*,#5125,.T.);
#5125 = EDGE_CURVE('',#3537,#1069,#5126,.T.);
#5126 = LINE('',#5127,#5128);
#5127 = CARTESIAN_POINT('',(4.75,-3.15,-4.8));
#5128 = VECTOR('',#5129,1.);
#5129 = DIRECTION('',(-1.,0.,0.));
#5130 = ORIENTED_EDGE('',*,*,#5131,.F.);
#5131 = EDGE_CURVE('',#1094,#1069,#5132,.T.);
#5132 = LINE('',#5133,#5134);
#5133 = CARTESIAN_POINT('',(4.,-5.75,-4.8));
#5134 = VECTOR('',#5135,1.);
#5135 = DIRECTION('',(1.508455196502E-16,1.,0.));
#5136 = ORIENTED_EDGE('',*,*,#5137,.T.);
#5137 = EDGE_CURVE('',#1094,#3545,#5138,.T.);
#5138 = LINE('',#5139,#5140);
#5139 = CARTESIAN_POINT('',(4.75,-5.187420288032,-4.8));
#5140 = VECTOR('',#5141,1.);
#5141 = DIRECTION('',(1.,0.,0.));
#5142 = PLANE('',#5143);
#5143 = AXIS2_PLACEMENT_3D('',#5144,#5145,#5146);
#5144 = CARTESIAN_POINT('',(1.991023720021,-4.168710144016,-4.8));
#5145 = DIRECTION('',(0.,0.,1.));
#5146 = DIRECTION('',(1.,-0.,0.));
#5147 = ADVANCED_FACE('',(#5148),#5155,.F.);
#5148 = FACE_BOUND('',#5149,.T.);
#5149 = EDGE_LOOP('',(#5150,#5151,#5152,#5153,#5154));
#5150 = ORIENTED_EDGE('',*,*,#5125,.F.);
#5151 = ORIENTED_EDGE('',*,*,#3536,.T.);
#5152 = ORIENTED_EDGE('',*,*,#2063,.T.);
#5153 = ORIENTED_EDGE('',*,*,#5110,.F.);
#5154 = ORIENTED_EDGE('',*,*,#1076,.T.);
#5155 = PLANE('',#5156);
#5156 = AXIS2_PLACEMENT_3D('',#5157,#5158,#5159);
#5157 = CARTESIAN_POINT('',(4.75,-3.15,-4.8));
#5158 = DIRECTION('',(0.,-1.,3.043374519258E-16));
#5159 = DIRECTION('',(-1.,0.,0.));
#5160 = ADVANCED_FACE('',(#5161),#5177,.T.);
#5161 = FACE_BOUND('',#5162,.T.);
#5162 = EDGE_LOOP('',(#5163,#5164,#5170,#5171));
#5163 = ORIENTED_EDGE('',*,*,#2626,.F.);
#5164 = ORIENTED_EDGE('',*,*,#5165,.F.);
#5165 = EDGE_CURVE('',#1134,#2619,#5166,.T.);
#5166 = LINE('',#5167,#5168);
#5167 = CARTESIAN_POINT('',(-1.991023720021,-3.15,-4.8));
#5168 = VECTOR('',#5169,1.);
#5169 = DIRECTION('',(0.,-3.043374519258E-16,-1.));
#5170 = ORIENTED_EDGE('',*,*,#1133,.T.);
#5171 = ORIENTED_EDGE('',*,*,#5172,.T.);
#5172 = EDGE_CURVE('',#1126,#2627,#5173,.T.);
#5173 = LINE('',#5174,#5175);
#5174 = CARTESIAN_POINT('',(-1.991023720021,-5.187420288032,-4.8));
#5175 = VECTOR('',#5176,1.);
#5176 = DIRECTION('',(0.,-3.043374519258E-16,-1.));
#5177 = CYLINDRICAL_SURFACE('',#5178,1.018710144016);
#5178 = AXIS2_PLACEMENT_3D('',#5179,#5180,#5181);
#5179 = CARTESIAN_POINT('',(-1.991023720021,-4.168710144016,-4.8));
#5180 = DIRECTION('',(0.,-3.043374519258E-16,-1.));
#5181 = DIRECTION('',(0.,1.,-3.043374519258E-16));
#5182 = ADVANCED_FACE('',(#5183),#5190,.F.);
#5183 = FACE_BOUND('',#5184,.T.);
#5184 = EDGE_LOOP('',(#5185,#5186,#5187,#5188,#5189));
#5185 = ORIENTED_EDGE('',*,*,#2046,.T.);
#5186 = ORIENTED_EDGE('',*,*,#3552,.T.);
#5187 = ORIENTED_EDGE('',*,*,#5137,.F.);
#5188 = ORIENTED_EDGE('',*,*,#1093,.F.);
#5189 = ORIENTED_EDGE('',*,*,#5103,.T.);
#5190 = PLANE('',#5191);
#5191 = AXIS2_PLACEMENT_3D('',#5192,#5193,#5194);
#5192 = CARTESIAN_POINT('',(4.75,-5.187420288032,-4.8));
#5193 = DIRECTION('',(0.,1.,-3.043374519258E-16));
#5194 = DIRECTION('',(1.,0.,0.));
#5195 = ADVANCED_FACE('',(#5196),#5217,.F.);
#5196 = FACE_BOUND('',#5197,.T.);
#5197 = EDGE_LOOP('',(#5198,#5204,#5205,#5211));
#5198 = ORIENTED_EDGE('',*,*,#5199,.F.);
#5199 = EDGE_CURVE('',#4569,#1143,#5200,.T.);
#5200 = LINE('',#5201,#5202);
#5201 = CARTESIAN_POINT('',(-4.75,-3.15,-4.8));
#5202 = VECTOR('',#5203,1.);
#5203 = DIRECTION('',(1.,0.,0.));
#5204 = ORIENTED_EDGE('',*,*,#4568,.T.);
#5205 = ORIENTED_EDGE('',*,*,#5206,.F.);
#5206 = EDGE_CURVE('',#1118,#4561,#5207,.T.);
#5207 = LINE('',#5208,#5209);
#5208 = CARTESIAN_POINT('',(-4.75,-5.187420288032,-4.8));
#5209 = VECTOR('',#5210,1.);
#5210 = DIRECTION('',(-1.,0.,0.));
#5211 = ORIENTED_EDGE('',*,*,#5212,.F.);
#5212 = EDGE_CURVE('',#1143,#1118,#5213,.T.);
#5213 = LINE('',#5214,#5215);
#5214 = CARTESIAN_POINT('',(-4.,5.75,-4.8));
#5215 = VECTOR('',#5216,1.);
#5216 = DIRECTION('',(0.,-1.,0.));
#5217 = PLANE('',#5218);
#5218 = AXIS2_PLACEMENT_3D('',#5219,#5220,#5221);
#5219 = CARTESIAN_POINT('',(-1.991023720021,-4.168710144016,-4.8));
#5220 = DIRECTION('',(0.,0.,-1.));
#5221 = DIRECTION('',(0.,-1.,0.));
#5222 = ADVANCED_FACE('',(#5223),#5230,.T.);
#5223 = FACE_BOUND('',#5224,.T.);
#5224 = EDGE_LOOP('',(#5225,#5226,#5227,#5228,#5229));
#5225 = ORIENTED_EDGE('',*,*,#4576,.F.);
#5226 = ORIENTED_EDGE('',*,*,#5199,.T.);
#5227 = ORIENTED_EDGE('',*,*,#1142,.F.);
#5228 = ORIENTED_EDGE('',*,*,#5165,.T.);
#5229 = ORIENTED_EDGE('',*,*,#2618,.F.);
#5230 = PLANE('',#5231);
#5231 = AXIS2_PLACEMENT_3D('',#5232,#5233,#5234);
#5232 = CARTESIAN_POINT('',(-4.75,-3.15,-4.8));
#5233 = DIRECTION('',(0.,1.,-3.043374519258E-16));
#5234 = DIRECTION('',(1.,0.,0.));
#5235 = ADVANCED_FACE('',(#5236),#5247,.T.);
#5236 = FACE_BOUND('',#5237,.T.);
#5237 = EDGE_LOOP('',(#5238,#5239,#5245,#5246));
#5238 = ORIENTED_EDGE('',*,*,#1973,.T.);
#5239 = ORIENTED_EDGE('',*,*,#5240,.F.);
#5240 = EDGE_CURVE('',#1052,#1966,#5241,.T.);
#5241 = LINE('',#5242,#5243);
#5242 = CARTESIAN_POINT('',(1.991023720021,3.15,-4.8));
#5243 = VECTOR('',#5244,1.);
#5244 = DIRECTION('',(0.,-3.043374519258E-16,-1.));
#5245 = ORIENTED_EDGE('',*,*,#1051,.F.);
#5246 = ORIENTED_EDGE('',*,*,#4638,.T.);
#5247 = CYLINDRICAL_SURFACE('',#5248,1.018710144016);
#5248 = AXIS2_PLACEMENT_3D('',#5249,#5250,#5251);
#5249 = CARTESIAN_POINT('',(1.991023720021,4.168710144016,-4.8));
#5250 = DIRECTION('',(0.,-3.043374519258E-16,-1.));
#5251 = DIRECTION('',(0.,1.,-3.043374519258E-16));
#5252 = ADVANCED_FACE('',(#5253),#5260,.T.);
#5253 = FACE_BOUND('',#5254,.T.);
#5254 = EDGE_LOOP('',(#5255,#5256,#5257,#5258,#5259));
#5255 = ORIENTED_EDGE('',*,*,#4560,.F.);
#5256 = ORIENTED_EDGE('',*,*,#2635,.F.);
#5257 = ORIENTED_EDGE('',*,*,#5172,.F.);
#5258 = ORIENTED_EDGE('',*,*,#1125,.T.);
#5259 = ORIENTED_EDGE('',*,*,#5206,.T.);
#5260 = PLANE('',#5261);
#5261 = AXIS2_PLACEMENT_3D('',#5262,#5263,#5264);
#5262 = CARTESIAN_POINT('',(-4.75,-5.187420288032,-4.8));
#5263 = DIRECTION('',(0.,-1.,3.043374519258E-16));
#5264 = DIRECTION('',(-1.,0.,0.));
#5265 = ADVANCED_FACE('',(#5266),#5282,.T.);
#5266 = FACE_BOUND('',#5267,.T.);
#5267 = EDGE_LOOP('',(#5268,#5274,#5280,#5281));
#5268 = ORIENTED_EDGE('',*,*,#5269,.F.);
#5269 = EDGE_CURVE('',#1061,#1036,#5270,.T.);
#5270 = LINE('',#5271,#5272);
#5271 = CARTESIAN_POINT('',(4.,-5.75,-4.8));
#5272 = VECTOR('',#5273,1.);
#5273 = DIRECTION('',(1.508455196502E-16,1.,0.));
#5274 = ORIENTED_EDGE('',*,*,#5275,.T.);
#5275 = EDGE_CURVE('',#1061,#3582,#5276,.T.);
#5276 = LINE('',#5277,#5278);
#5277 = CARTESIAN_POINT('',(4.75,3.15,-4.8));
#5278 = VECTOR('',#5279,1.);
#5279 = DIRECTION('',(1.,1.571890531069E-16,0.));
#5280 = ORIENTED_EDGE('',*,*,#3581,.F.);
#5281 = ORIENTED_EDGE('',*,*,#4630,.T.);
#5282 = PLANE('',#5283);
#5283 = AXIS2_PLACEMENT_3D('',#5284,#5285,#5286);
#5284 = CARTESIAN_POINT('',(1.991023720021,4.168710144016,-4.8));
#5285 = DIRECTION('',(0.,0.,1.));
#5286 = DIRECTION('',(1.,-0.,0.));
#5287 = ADVANCED_FACE('',(#5288),#5299,.T.);
#5288 = FACE_BOUND('',#5289,.T.);
#5289 = EDGE_LOOP('',(#5290,#5291,#5292,#5298));
#5290 = ORIENTED_EDGE('',*,*,#3115,.T.);
#5291 = ORIENTED_EDGE('',*,*,#4237,.F.);
#5292 = ORIENTED_EDGE('',*,*,#5293,.F.);
#5293 = EDGE_CURVE('',#4066,#4238,#5294,.T.);
#5294 = LINE('',#5295,#5296);
#5295 = CARTESIAN_POINT('',(3.085740524216,-6.,-7.396145876774));
#5296 = VECTOR('',#5297,1.);
#5297 = DIRECTION('',(0.,-1.,0.));
#5298 = ORIENTED_EDGE('',*,*,#4065,.F.);
#5299 = PLANE('',#5300);
#5300 = AXIS2_PLACEMENT_3D('',#5301,#5302,#5303);
#5301 = CARTESIAN_POINT('',(3.135732758621,-6.,-7.396145876774));
#5302 = DIRECTION('',(0.,0.,-1.));
#5303 = DIRECTION('',(0.,-1.,0.));
#5304 = ADVANCED_FACE('',(#5305),#5312,.F.);
#5305 = FACE_BOUND('',#5306,.T.);
#5306 = EDGE_LOOP('',(#5307,#5308,#5309,#5310,#5311));
#5307 = ORIENTED_EDGE('',*,*,#1965,.T.);
#5308 = ORIENTED_EDGE('',*,*,#3589,.T.);
#5309 = ORIENTED_EDGE('',*,*,#5275,.F.);
#5310 = ORIENTED_EDGE('',*,*,#1060,.F.);
#5311 = ORIENTED_EDGE('',*,*,#5240,.T.);
#5312 = PLANE('',#5313);
#5313 = AXIS2_PLACEMENT_3D('',#5314,#5315,#5316);
#5314 = CARTESIAN_POINT('',(4.75,3.15,-4.8));
#5315 = DIRECTION('',(4.783851589316E-32,1.,-3.043374519258E-16));
#5316 = DIRECTION('',(1.,-2.189528850508E-47,1.571890531069E-16));
#5317 = ADVANCED_FACE('',(#5318),#5329,.T.);
#5318 = FACE_BOUND('',#5319,.T.);
#5319 = EDGE_LOOP('',(#5320,#5321,#5327,#5328));
#5320 = ORIENTED_EDGE('',*,*,#3566,.T.);
#5321 = ORIENTED_EDGE('',*,*,#5322,.T.);
#5322 = EDGE_CURVE('',#2937,#2114,#5323,.T.);
#5323 = LINE('',#5324,#5325);
#5324 = CARTESIAN_POINT('',(1.35020505108,5.75,-0.75));
#5325 = VECTOR('',#5326,1.);
#5326 = DIRECTION('',(1.,0.,0.));
#5327 = ORIENTED_EDGE('',*,*,#2113,.F.);
#5328 = ORIENTED_EDGE('',*,*,#1998,.F.);
#5329 = PLANE('',#5330);
#5330 = AXIS2_PLACEMENT_3D('',#5331,#5332,#5333);
#5331 = CARTESIAN_POINT('',(1.35020505108,5.75,-5.3));
#5332 = DIRECTION('',(0.,1.,0.));
#5333 = DIRECTION('',(1.,0.,-0.));
#5334 = ADVANCED_FACE('',(#5335),#5341,.T.);
#5335 = FACE_BOUND('',#5336,.T.);
#5336 = EDGE_LOOP('',(#5337,#5338,#5339,#5340));
#5337 = ORIENTED_EDGE('',*,*,#1787,.F.);
#5338 = ORIENTED_EDGE('',*,*,#3599,.F.);
#5339 = ORIENTED_EDGE('',*,*,#1702,.T.);
#5340 = ORIENTED_EDGE('',*,*,#1609,.T.);
#5341 = SURFACE_OF_LINEAR_EXTRUSION('',#5342,#5349);
#5342 = B_SPLINE_CURVE_WITH_KNOTS('',3,(#5343,#5344,#5345,#5346,#5347,
    #5348),.UNSPECIFIED.,.F.,.F.,(4,1,1,4),(0.,0.713614394896,
    0.996441205014,1.),.UNSPECIFIED.);
#5343 = CARTESIAN_POINT('',(4.25,4.050073920608,-7.4));
#5344 = CARTESIAN_POINT('',(4.301011410727,4.050073920608,
    -8.016346773129));
#5345 = CARTESIAN_POINT('',(4.331425487475,4.050073920608,
    -8.750563224415));
#5346 = CARTESIAN_POINT('',(4.689400516233,4.050073920608,
    -9.483973740953));
#5347 = CARTESIAN_POINT('',(4.743940050549,4.050073920608,-9.67810609831
    ));
#5348 = CARTESIAN_POINT('',(4.749999998806,4.050073920608,
    -9.699676360238));
#5349 = VECTOR('',#5350,1.);
#5350 = DIRECTION('',(0.,-1.,4.130293990421E-16));
#5351 = ADVANCED_FACE('',(#5352),#5362,.F.);
#5352 = FACE_BOUND('',#5353,.T.);
#5353 = EDGE_LOOP('',(#5354,#5355));
#5354 = ORIENTED_EDGE('',*,*,#100,.F.);
#5355 = ORIENTED_EDGE('',*,*,#5356,.F.);
#5356 = EDGE_CURVE('',#93,#101,#5357,.T.);
#5357 = CIRCLE('',#5358,0.7);
#5358 = AXIS2_PLACEMENT_3D('',#5359,#5360,#5361);
#5359 = CARTESIAN_POINT('',(-2.5,4.3,-0.5));
#5360 = DIRECTION('',(0.,0.,-1.));
#5361 = DIRECTION('',(1.,0.,0.));
#5362 = PLANE('',#5363);
#5363 = AXIS2_PLACEMENT_3D('',#5364,#5365,#5366);
#5364 = CARTESIAN_POINT('',(-2.5,4.3,-0.5));
#5365 = DIRECTION('',(0.,0.,-1.));
#5366 = DIRECTION('',(0.,-1.,0.));
#5367 = ADVANCED_FACE('',(#5368),#5374,.F.);
#5368 = FACE_BOUND('',#5369,.F.);
#5369 = EDGE_LOOP('',(#5370,#5371,#5372,#5373));
#5370 = ORIENTED_EDGE('',*,*,#5356,.F.);
#5371 = ORIENTED_EDGE('',*,*,#92,.F.);
#5372 = ORIENTED_EDGE('',*,*,#2454,.T.);
#5373 = ORIENTED_EDGE('',*,*,#109,.F.);
#5374 = CYLINDRICAL_SURFACE('',#5375,0.7);
#5375 = AXIS2_PLACEMENT_3D('',#5376,#5377,#5378);
#5376 = CARTESIAN_POINT('',(-2.5,4.3,-0.5));
#5377 = DIRECTION('',(-0.,0.,1.));
#5378 = DIRECTION('',(1.,0.,0.));
#5379 = ADVANCED_FACE('',(#5380),#5390,.F.);
#5380 = FACE_BOUND('',#5381,.T.);
#5381 = EDGE_LOOP('',(#5382,#5383));
#5382 = ORIENTED_EDGE('',*,*,#58,.F.);
#5383 = ORIENTED_EDGE('',*,*,#5384,.F.);
#5384 = EDGE_CURVE('',#51,#59,#5385,.T.);
#5385 = CIRCLE('',#5386,0.7);
#5386 = AXIS2_PLACEMENT_3D('',#5387,#5388,#5389);
#5387 = CARTESIAN_POINT('',(2.5,-4.6,-0.5));
#5388 = DIRECTION('',(0.,0.,-1.));
#5389 = DIRECTION('',(1.,0.,0.));
#5390 = PLANE('',#5391);
#5391 = AXIS2_PLACEMENT_3D('',#5392,#5393,#5394);
#5392 = CARTESIAN_POINT('',(2.5,-4.6,-0.5));
#5393 = DIRECTION('',(0.,0.,-1.));
#5394 = DIRECTION('',(0.,-1.,0.));
#5395 = ADVANCED_FACE('',(#5396),#5402,.F.);
#5396 = FACE_BOUND('',#5397,.F.);
#5397 = EDGE_LOOP('',(#5398,#5399,#5400,#5401));
#5398 = ORIENTED_EDGE('',*,*,#5384,.F.);
#5399 = ORIENTED_EDGE('',*,*,#50,.F.);
#5400 = ORIENTED_EDGE('',*,*,#2432,.T.);
#5401 = ORIENTED_EDGE('',*,*,#67,.F.);
#5402 = CYLINDRICAL_SURFACE('',#5403,0.7);
#5403 = AXIS2_PLACEMENT_3D('',#5404,#5405,#5406);
#5404 = CARTESIAN_POINT('',(2.5,-4.6,-0.5));
#5405 = DIRECTION('',(-0.,0.,1.));
#5406 = DIRECTION('',(1.,0.,0.));
#5407 = ADVANCED_FACE('',(#5408),#5423,.F.);
#5408 = FACE_BOUND('',#5409,.T.);
#5409 = EDGE_LOOP('',(#5410,#5411,#5412,#5413,#5414,#5415,#5416,#5422));
#5410 = ORIENTED_EDGE('',*,*,#4972,.T.);
#5411 = ORIENTED_EDGE('',*,*,#1101,.T.);
#5412 = ORIENTED_EDGE('',*,*,#5131,.T.);
#5413 = ORIENTED_EDGE('',*,*,#1068,.T.);
#5414 = ORIENTED_EDGE('',*,*,#5269,.T.);
#5415 = ORIENTED_EDGE('',*,*,#1035,.T.);
#5416 = ORIENTED_EDGE('',*,*,#5417,.F.);
#5417 = EDGE_CURVE('',#2320,#1028,#5418,.T.);
#5418 = LINE('',#5419,#5420);
#5419 = CARTESIAN_POINT('',(4.,5.75,-0.499041562842));
#5420 = VECTOR('',#5421,1.);
#5421 = DIRECTION('',(0.,-3.043374519258E-16,-1.));
#5422 = ORIENTED_EDGE('',*,*,#2952,.F.);
#5423 = PLANE('',#5424);
#5424 = AXIS2_PLACEMENT_3D('',#5425,#5426,#5427);
#5425 = CARTESIAN_POINT('',(4.,-5.75,-0.499041562842));
#5426 = DIRECTION('',(-1.,0.,0.));
#5427 = DIRECTION('',(0.,0.,1.));
#5428 = ADVANCED_FACE('',(#5429),#5440,.F.);
#5429 = FACE_BOUND('',#5430,.T.);
#5430 = EDGE_LOOP('',(#5431,#5432,#5433,#5439));
#5431 = ORIENTED_EDGE('',*,*,#5417,.T.);
#5432 = ORIENTED_EDGE('',*,*,#1027,.T.);
#5433 = ORIENTED_EDGE('',*,*,#5434,.F.);
#5434 = EDGE_CURVE('',#2318,#1020,#5435,.T.);
#5435 = LINE('',#5436,#5437);
#5436 = CARTESIAN_POINT('',(-4.,5.75,-0.499041562842));
#5437 = VECTOR('',#5438,1.);
#5438 = DIRECTION('',(0.,-3.043374519258E-16,-1.));
#5439 = ORIENTED_EDGE('',*,*,#2317,.T.);
#5440 = PLANE('',#5441);
#5441 = AXIS2_PLACEMENT_3D('',#5442,#5443,#5444);
#5442 = CARTESIAN_POINT('',(4.,5.75,-0.499041562842));
#5443 = DIRECTION('',(0.,-1.,3.043374519258E-16));
#5444 = DIRECTION('',(-1.,0.,0.));
#5445 = ADVANCED_FACE('',(#5446),#5456,.F.);
#5446 = FACE_BOUND('',#5447,.T.);
#5447 = EDGE_LOOP('',(#5448,#5449,#5450,#5451,#5452,#5453,#5454,#5455));
#5448 = ORIENTED_EDGE('',*,*,#5434,.T.);
#5449 = ORIENTED_EDGE('',*,*,#1019,.T.);
#5450 = ORIENTED_EDGE('',*,*,#5069,.T.);
#5451 = ORIENTED_EDGE('',*,*,#1150,.T.);
#5452 = ORIENTED_EDGE('',*,*,#5212,.T.);
#5453 = ORIENTED_EDGE('',*,*,#1117,.T.);
#5454 = ORIENTED_EDGE('',*,*,#4965,.F.);
#5455 = ORIENTED_EDGE('',*,*,#2876,.F.);
#5456 = PLANE('',#5457);
#5457 = AXIS2_PLACEMENT_3D('',#5458,#5459,#5460);
#5458 = CARTESIAN_POINT('',(-4.,5.75,-0.499041562842));
#5459 = DIRECTION('',(1.,0.,0.));
#5460 = DIRECTION('',(0.,1.,-0.));
#5461 = ADVANCED_FACE('',(#5462),#5473,.T.);
#5462 = FACE_BOUND('',#5463,.T.);
#5463 = EDGE_LOOP('',(#5464,#5465,#5471,#5472));
#5464 = ORIENTED_EDGE('',*,*,#2852,.T.);
#5465 = ORIENTED_EDGE('',*,*,#5466,.T.);
#5466 = EDGE_CURVE('',#2853,#2802,#5467,.T.);
#5467 = LINE('',#5468,#5469);
#5468 = CARTESIAN_POINT('',(-3.042788362699,5.75,-0.75));
#5469 = VECTOR('',#5470,1.);
#5470 = DIRECTION('',(-1.,0.,0.));
#5471 = ORIENTED_EDGE('',*,*,#2801,.F.);
#5472 = ORIENTED_EDGE('',*,*,#2496,.F.);
#5473 = PLANE('',#5474);
#5474 = AXIS2_PLACEMENT_3D('',#5475,#5476,#5477);
#5475 = CARTESIAN_POINT('',(-3.042788362699,5.75,-0.75));
#5476 = DIRECTION('',(0.,0.,-1.));
#5477 = DIRECTION('',(0.,-1.,0.));
#5478 = ADVANCED_FACE('',(#5479),#5485,.T.);
#5479 = FACE_BOUND('',#5480,.T.);
#5480 = EDGE_LOOP('',(#5481,#5482,#5483,#5484));
#5481 = ORIENTED_EDGE('',*,*,#4546,.T.);
#5482 = ORIENTED_EDGE('',*,*,#2562,.T.);
#5483 = ORIENTED_EDGE('',*,*,#2809,.F.);
#5484 = ORIENTED_EDGE('',*,*,#5466,.F.);
#5485 = PLANE('',#5486);
#5486 = AXIS2_PLACEMENT_3D('',#5487,#5488,#5489);
#5487 = CARTESIAN_POINT('',(-3.042788362699,5.75,-5.3));
#5488 = DIRECTION('',(0.,1.,0.));
#5489 = DIRECTION('',(1.,0.,-0.));
#5490 = ADVANCED_FACE('',(#5491),#5502,.T.);
#5491 = FACE_BOUND('',#5492,.T.);
#5492 = EDGE_LOOP('',(#5493,#5494,#5495,#5496));
#5493 = ORIENTED_EDGE('',*,*,#2868,.T.);
#5494 = ORIENTED_EDGE('',*,*,#2675,.T.);
#5495 = ORIENTED_EDGE('',*,*,#2787,.F.);
#5496 = ORIENTED_EDGE('',*,*,#5497,.F.);
#5497 = EDGE_CURVE('',#2861,#2780,#5498,.T.);
#5498 = LINE('',#5499,#5500);
#5499 = CARTESIAN_POINT('',(-3.475546968295,-5.75,-0.75));
#5500 = VECTOR('',#5501,1.);
#5501 = DIRECTION('',(-1.,0.,0.));
#5502 = PLANE('',#5503);
#5503 = AXIS2_PLACEMENT_3D('',#5504,#5505,#5506);
#5504 = CARTESIAN_POINT('',(-3.475546968295,-5.75,-0.75));
#5505 = DIRECTION('',(0.,0.,-1.));
#5506 = DIRECTION('',(0.,-1.,0.));
#5507 = ADVANCED_FACE('',(#5508),#5514,.T.);
#5508 = FACE_BOUND('',#5509,.T.);
#5509 = EDGE_LOOP('',(#5510,#5511,#5512,#5513));
#5510 = ORIENTED_EDGE('',*,*,#4553,.T.);
#5511 = ORIENTED_EDGE('',*,*,#5497,.T.);
#5512 = ORIENTED_EDGE('',*,*,#2779,.F.);
#5513 = ORIENTED_EDGE('',*,*,#2651,.F.);
#5514 = PLANE('',#5515);
#5515 = AXIS2_PLACEMENT_3D('',#5516,#5517,#5518);
#5516 = CARTESIAN_POINT('',(-3.475546968295,-5.75,-5.3));
#5517 = DIRECTION('',(0.,-1.,0.));
#5518 = DIRECTION('',(0.,0.,-1.));
#5519 = ADVANCED_FACE('',(#5520),#5526,.T.);
#5520 = FACE_BOUND('',#5521,.T.);
#5521 = EDGE_LOOP('',(#5522,#5523,#5524,#5525));
#5522 = ORIENTED_EDGE('',*,*,#2944,.T.);
#5523 = ORIENTED_EDGE('',*,*,#2528,.T.);
#5524 = ORIENTED_EDGE('',*,*,#2121,.F.);
#5525 = ORIENTED_EDGE('',*,*,#5322,.F.);
#5526 = PLANE('',#5527);
#5527 = AXIS2_PLACEMENT_3D('',#5528,#5529,#5530);
#5528 = CARTESIAN_POINT('',(1.35020505108,6.,-0.75));
#5529 = DIRECTION('',(0.,0.,-1.));
#5530 = DIRECTION('',(0.,-1.,0.));
#5531 = ADVANCED_FACE('',(#5532),#5538,.T.);
#5532 = FACE_BOUND('',#5533,.T.);
#5533 = EDGE_LOOP('',(#5534,#5535,#5536,#5537));
#5534 = ORIENTED_EDGE('',*,*,#3559,.T.);
#5535 = ORIENTED_EDGE('',*,*,#2030,.T.);
#5536 = ORIENTED_EDGE('',*,*,#2161,.F.);
#5537 = ORIENTED_EDGE('',*,*,#2969,.F.);
#5538 = PLANE('',#5539);
#5539 = AXIS2_PLACEMENT_3D('',#5540,#5541,#5542);
#5540 = CARTESIAN_POINT('',(4.104011256683,-5.75,-5.3));
#5541 = DIRECTION('',(0.,-1.,0.));
#5542 = DIRECTION('',(0.,0.,-1.));
#5543 = ADVANCED_FACE('',(#5544),#5550,.F.);
#5544 = FACE_BOUND('',#5545,.F.);
#5545 = EDGE_LOOP('',(#5546,#5547,#5548,#5549));
#5546 = ORIENTED_EDGE('',*,*,#4073,.F.);
#5547 = ORIENTED_EDGE('',*,*,#3074,.T.);
#5548 = ORIENTED_EDGE('',*,*,#4255,.T.);
#5549 = ORIENTED_EDGE('',*,*,#5293,.F.);
#5550 = CYLINDRICAL_SURFACE('',#5551,0.185740524216);
#5551 = AXIS2_PLACEMENT_3D('',#5552,#5553,#5554);
#5552 = CARTESIAN_POINT('',(3.085740524216,-6.,-7.58188640099));
#5553 = DIRECTION('',(0.,-1.,0.));
#5554 = DIRECTION('',(0.,0.,-1.));
#5555 = ADVANCED_FACE('',(#5556),#5567,.F.);
#5556 = FACE_BOUND('',#5557,.T.);
#5557 = EDGE_LOOP('',(#5558,#5559,#5560,#5561));
#5558 = ORIENTED_EDGE('',*,*,#4884,.T.);
#5559 = ORIENTED_EDGE('',*,*,#4466,.T.);
#5560 = ORIENTED_EDGE('',*,*,#4378,.T.);
#5561 = ORIENTED_EDGE('',*,*,#5562,.F.);
#5562 = EDGE_CURVE('',#4885,#4370,#5563,.T.);
#5563 = LINE('',#5564,#5565);
#5564 = CARTESIAN_POINT('',(0.650007765595,12.578764295339,
    -7.396145876774));
#5565 = VECTOR('',#5566,1.);
#5566 = DIRECTION('',(0.,-1.,0.));
#5567 = PLANE('',#5568);
#5568 = AXIS2_PLACEMENT_3D('',#5569,#5570,#5571);
#5569 = CARTESIAN_POINT('',(0.7,12.578764295339,-7.396145876774));
#5570 = DIRECTION('',(0.,0.,1.));
#5571 = DIRECTION('',(1.,-0.,0.));
#5572 = ADVANCED_FACE('',(#5573),#5584,.F.);
#5573 = FACE_BOUND('',#5574,.T.);
#5574 = EDGE_LOOP('',(#5575,#5576,#5577,#5578));
#5575 = ORIENTED_EDGE('',*,*,#4767,.T.);
#5576 = ORIENTED_EDGE('',*,*,#3892,.T.);
#5577 = ORIENTED_EDGE('',*,*,#4416,.T.);
#5578 = ORIENTED_EDGE('',*,*,#5579,.F.);
#5579 = EDGE_CURVE('',#4768,#4408,#5580,.T.);
#5580 = LINE('',#5581,#5582);
#5581 = CARTESIAN_POINT('',(-1.785724993025,0.129312412348,
    -7.396145876774));
#5582 = VECTOR('',#5583,1.);
#5583 = DIRECTION('',(0.,-1.,0.));
#5584 = PLANE('',#5585);
#5585 = AXIS2_PLACEMENT_3D('',#5586,#5587,#5588);
#5586 = CARTESIAN_POINT('',(-1.735732758621,0.129312412348,
    -7.396145876774));
#5587 = DIRECTION('',(0.,0.,1.));
#5588 = DIRECTION('',(1.,-0.,0.));
#5589 = ADVANCED_FACE('',(#5590),#5596,.F.);
#5590 = FACE_BOUND('',#5591,.F.);
#5591 = EDGE_LOOP('',(#5592,#5593,#5594,#5595));
#5592 = ORIENTED_EDGE('',*,*,#3690,.T.);
#5593 = ORIENTED_EDGE('',*,*,#4407,.F.);
#5594 = ORIENTED_EDGE('',*,*,#5579,.F.);
#5595 = ORIENTED_EDGE('',*,*,#4775,.F.);
#5596 = CYLINDRICAL_SURFACE('',#5597,0.185740524216);
#5597 = AXIS2_PLACEMENT_3D('',#5598,#5599,#5600);
#5598 = CARTESIAN_POINT('',(-1.785724993025,0.129312412348,
    -7.58188640099));
#5599 = DIRECTION('',(0.,-1.,0.));
#5600 = DIRECTION('',(0.,0.,-1.));
#5601 = ADVANCED_FACE('',(#5602),#5613,.F.);
#5602 = FACE_BOUND('',#5603,.T.);
#5603 = EDGE_LOOP('',(#5604,#5605,#5611,#5612));
#5604 = ORIENTED_EDGE('',*,*,#4901,.T.);
#5605 = ORIENTED_EDGE('',*,*,#5606,.T.);
#5606 = EDGE_CURVE('',#4893,#4362,#5607,.T.);
#5607 = LINE('',#5608,#5609);
#5608 = CARTESIAN_POINT('',(0.464267241379,12.578764295339,
    -7.58188640099));
#5609 = VECTOR('',#5610,1.);
#5610 = DIRECTION('',(0.,-1.,0.));
#5611 = ORIENTED_EDGE('',*,*,#4361,.T.);
#5612 = ORIENTED_EDGE('',*,*,#3408,.F.);
#5613 = PLANE('',#5614);
#5614 = AXIS2_PLACEMENT_3D('',#5615,#5616,#5617);
#5615 = CARTESIAN_POINT('',(0.464267241379,12.578764295339,
    -7.58188640099));
#5616 = DIRECTION('',(-1.,0.,-2.876219051902E-16));
#5617 = DIRECTION('',(-2.876219051902E-16,0.,1.));
#5618 = ADVANCED_FACE('',(#5619),#5625,.F.);
#5619 = FACE_BOUND('',#5620,.F.);
#5620 = EDGE_LOOP('',(#5621,#5622,#5623,#5624));
#5621 = ORIENTED_EDGE('',*,*,#5606,.T.);
#5622 = ORIENTED_EDGE('',*,*,#4369,.F.);
#5623 = ORIENTED_EDGE('',*,*,#5562,.F.);
#5624 = ORIENTED_EDGE('',*,*,#4892,.F.);
#5625 = CYLINDRICAL_SURFACE('',#5626,0.185740524216);
#5626 = AXIS2_PLACEMENT_3D('',#5627,#5628,#5629);
#5627 = CARTESIAN_POINT('',(0.650007765595,12.578764295339,
    -7.58188640099));
#5628 = DIRECTION('',(0.,-1.,0.));
#5629 = DIRECTION('',(0.,0.,-1.));
#5630 = ADVANCED_FACE('',(#5631),#5637,.F.);
#5631 = FACE_BOUND('',#5632,.T.);
#5632 = EDGE_LOOP('',(#5633,#5634,#5635,#5636));
#5633 = ORIENTED_EDGE('',*,*,#2772,.T.);
#5634 = ORIENTED_EDGE('',*,*,#4740,.F.);
#5635 = ORIENTED_EDGE('',*,*,#4582,.F.);
#5636 = ORIENTED_EDGE('',*,*,#2610,.T.);
#5637 = PLANE('',#5638);
#5638 = AXIS2_PLACEMENT_3D('',#5639,#5640,#5641);
#5639 = CARTESIAN_POINT('',(-4.25,-3.15,-5.3));
#5640 = DIRECTION('',(0.,1.,-4.130293990421E-16));
#5641 = DIRECTION('',(1.,0.,0.));
#5642 = ADVANCED_FACE('',(#5643),#5654,.F.);
#5643 = FACE_BOUND('',#5644,.T.);
#5644 = EDGE_LOOP('',(#5645,#5646,#5647,#5648));
#5645 = ORIENTED_EDGE('',*,*,#2086,.T.);
#5646 = ORIENTED_EDGE('',*,*,#2071,.F.);
#5647 = ORIENTED_EDGE('',*,*,#3615,.F.);
#5648 = ORIENTED_EDGE('',*,*,#5649,.T.);
#5649 = EDGE_CURVE('',#3608,#2087,#5650,.T.);
#5650 = LINE('',#5651,#5652);
#5651 = CARTESIAN_POINT('',(4.25,-3.15,-7.4));
#5652 = VECTOR('',#5653,1.);
#5653 = DIRECTION('',(1.,0.,0.));
#5654 = PLANE('',#5655);
#5655 = AXIS2_PLACEMENT_3D('',#5656,#5657,#5658);
#5656 = CARTESIAN_POINT('',(4.25,-3.15,-5.3));
#5657 = DIRECTION('',(0.,1.,-4.130293990421E-16));
#5658 = DIRECTION('',(1.,0.,0.));
#5659 = ADVANCED_FACE('',(#5660),#5666,.F.);
#5660 = FACE_BOUND('',#5661,.T.);
#5661 = EDGE_LOOP('',(#5662,#5663,#5664,#5665));
#5662 = ORIENTED_EDGE('',*,*,#2094,.T.);
#5663 = ORIENTED_EDGE('',*,*,#5649,.F.);
#5664 = ORIENTED_EDGE('',*,*,#3607,.F.);
#5665 = ORIENTED_EDGE('',*,*,#670,.T.);
#5666 = PLANE('',#5667);
#5667 = AXIS2_PLACEMENT_3D('',#5668,#5669,#5670);
#5668 = CARTESIAN_POINT('',(4.25,-1.444495330286,-7.4));
#5669 = DIRECTION('',(0.,0.,1.));
#5670 = DIRECTION('',(1.,-0.,0.));
#5671 = ADVANCED_FACE('',(#5672),#5677,.F.);
#5672 = FACE_BOUND('',#5673,.T.);
#5673 = EDGE_LOOP('',(#5674,#5675,#5676));
#5674 = ORIENTED_EDGE('',*,*,#810,.F.);
#5675 = ORIENTED_EDGE('',*,*,#898,.T.);
#5676 = ORIENTED_EDGE('',*,*,#975,.F.);
#5677 = PLANE('',#5678);
#5678 = AXIS2_PLACEMENT_3D('',#5679,#5680,#5681);
#5679 = CARTESIAN_POINT('',(0.,0.,6.));
#5680 = DIRECTION('',(0.,0.,-1.));
#5681 = DIRECTION('',(0.,-1.,0.));
#5682 = ( GEOMETRIC_REPRESENTATION_CONTEXT(3) 
GLOBAL_UNCERTAINTY_ASSIGNED_CONTEXT((#5686)) 
GLOBAL_UNIT_ASSIGNED_CONTEXT((#5683,#5684,#5685)) REPRESENTATION_CONTEXT
('Context #1','3D Context with UNIT and UNCERTAINTY') );
#5683 = ( LENGTH_UNIT() NAMED_UNIT(*) SI_UNIT(.MILLI.,.METRE.) );
#5684 = ( NAMED_UNIT(*) PLANE_ANGLE_UNIT() SI_UNIT($,.RADIAN.) );
#5685 = ( NAMED_UNIT(*) SI_UNIT($,.STERADIAN.) SOLID_ANGLE_UNIT() );
#5686 = UNCERTAINTY_MEASURE_WITH_UNIT(LENGTH_MEASURE(2.E-05),#5683,
  'distance_accuracy_value','confusion accuracy');
#5687 = CONTEXT_DEPENDENT_SHAPE_REPRESENTATION(#5688,#5690);
#5688 = ( REPRESENTATION_RELATIONSHIP('','',#32,#10) 
REPRESENTATION_RELATIONSHIP_WITH_TRANSFORMATION(#5689) 
SHAPE_REPRESENTATION_RELATIONSHIP() );
#5689 = ITEM_DEFINED_TRANSFORMATION('','',#11,#15);
#5690 = PRODUCT_DEFINITION_SHAPE('Placement','Placement of an item',
  #5691);
#5691 = NEXT_ASSEMBLY_USAGE_OCCURRENCE('1','Potenciómetro','',#5,#27,$
  );
#5692 = PRODUCT_RELATED_PRODUCT_CATEGORY('part',$,(#29));
#5693 = MECHANICAL_DESIGN_GEOMETRIC_PRESENTATION_REPRESENTATION('',(
    #5694,#5705,#5713,#5720,#5727,#5734,#5741,#5748,#5755,#5762,#5770,
    #5777,#5784,#5791,#5798,#5805,#5812,#5819,#5826,#5833,#5840,#5847,
    #5854,#5861,#5868,#5875,#5882,#5889,#5896,#5903,#5910,#5917,#5924,
    #5931,#5938,#5945),#5682);
#5694 = STYLED_ITEM('color',(#5695),#33);
#5695 = PRESENTATION_STYLE_ASSIGNMENT((#5696,#5702));
#5696 = SURFACE_STYLE_USAGE(.BOTH.,#5697);
#5697 = SURFACE_SIDE_STYLE('',(#5698));
#5698 = SURFACE_STYLE_FILL_AREA(#5699);
#5699 = FILL_AREA_STYLE('',(#5700));
#5700 = FILL_AREA_STYLE_COLOUR('',#5701);
#5701 = COLOUR_RGB('',0.819607860991,0.819607860991,0.819607860991);
#5702 = CURVE_STYLE('',#5703,POSITIVE_LENGTH_MEASURE(0.1),#5704);
#5703 = DRAUGHTING_PRE_DEFINED_CURVE_FONT('continuous');
#5704 = COLOUR_RGB('',0.176470590079,0.176470590079,0.176470590079);
#5705 = OVER_RIDING_STYLED_ITEM('overriding color',(#5706),#119,#5694);
#5706 = PRESENTATION_STYLE_ASSIGNMENT((#5707));
#5707 = SURFACE_STYLE_USAGE(.BOTH.,#5708);
#5708 = SURFACE_SIDE_STYLE('',(#5709));
#5709 = SURFACE_STYLE_FILL_AREA(#5710);
#5710 = FILL_AREA_STYLE('',(#5711));
#5711 = FILL_AREA_STYLE_COLOUR('',#5712);
#5712 = COLOUR_RGB('',0.11764705971,0.11764705971,0.11764705971);
#5713 = OVER_RIDING_STYLED_ITEM('overriding color',(#5714),#161,#5694);
#5714 = PRESENTATION_STYLE_ASSIGNMENT((#5715));
#5715 = SURFACE_STYLE_USAGE(.BOTH.,#5716);
#5716 = SURFACE_SIDE_STYLE('',(#5717));
#5717 = SURFACE_STYLE_FILL_AREA(#5718);
#5718 = FILL_AREA_STYLE('',(#5719));
#5719 = FILL_AREA_STYLE_COLOUR('',#5712);
#5720 = OVER_RIDING_STYLED_ITEM('overriding color',(#5721),#201,#5694);
#5721 = PRESENTATION_STYLE_ASSIGNMENT((#5722));
#5722 = SURFACE_STYLE_USAGE(.BOTH.,#5723);
#5723 = SURFACE_SIDE_STYLE('',(#5724));
#5724 = SURFACE_STYLE_FILL_AREA(#5725);
#5725 = FILL_AREA_STYLE('',(#5726));
#5726 = FILL_AREA_STYLE_COLOUR('',#5712);
#5727 = OVER_RIDING_STYLED_ITEM('overriding color',(#5728),#491,#5694);
#5728 = PRESENTATION_STYLE_ASSIGNMENT((#5729));
#5729 = SURFACE_STYLE_USAGE(.BOTH.,#5730);
#5730 = SURFACE_SIDE_STYLE('',(#5731));
#5731 = SURFACE_STYLE_FILL_AREA(#5732);
#5732 = FILL_AREA_STYLE('',(#5733));
#5733 = FILL_AREA_STYLE_COLOUR('',#5712);
#5734 = OVER_RIDING_STYLED_ITEM('overriding color',(#5735),#533,#5694);
#5735 = PRESENTATION_STYLE_ASSIGNMENT((#5736));
#5736 = SURFACE_STYLE_USAGE(.BOTH.,#5737);
#5737 = SURFACE_SIDE_STYLE('',(#5738));
#5738 = SURFACE_STYLE_FILL_AREA(#5739);
#5739 = FILL_AREA_STYLE('',(#5740));
#5740 = FILL_AREA_STYLE_COLOUR('',#5712);
#5741 = OVER_RIDING_STYLED_ITEM('overriding color',(#5742),#575,#5694);
#5742 = PRESENTATION_STYLE_ASSIGNMENT((#5743));
#5743 = SURFACE_STYLE_USAGE(.BOTH.,#5744);
#5744 = SURFACE_SIDE_STYLE('',(#5745));
#5745 = SURFACE_STYLE_FILL_AREA(#5746);
#5746 = FILL_AREA_STYLE('',(#5747));
#5747 = FILL_AREA_STYLE_COLOUR('',#5712);
#5748 = OVER_RIDING_STYLED_ITEM('overriding color',(#5749),#615,#5694);
#5749 = PRESENTATION_STYLE_ASSIGNMENT((#5750));
#5750 = SURFACE_STYLE_USAGE(.BOTH.,#5751);
#5751 = SURFACE_SIDE_STYLE('',(#5752));
#5752 = SURFACE_STYLE_FILL_AREA(#5753);
#5753 = FILL_AREA_STYLE('',(#5754));
#5754 = FILL_AREA_STYLE_COLOUR('',#5712);
#5755 = OVER_RIDING_STYLED_ITEM('overriding color',(#5756),#739,#5694);
#5756 = PRESENTATION_STYLE_ASSIGNMENT((#5757));
#5757 = SURFACE_STYLE_USAGE(.BOTH.,#5758);
#5758 = SURFACE_SIDE_STYLE('',(#5759));
#5759 = SURFACE_STYLE_FILL_AREA(#5760);
#5760 = FILL_AREA_STYLE('',(#5761));
#5761 = FILL_AREA_STYLE_COLOUR('',#5712);
#5762 = OVER_RIDING_STYLED_ITEM('overriding color',(#5763),#779,#5694);
#5763 = PRESENTATION_STYLE_ASSIGNMENT((#5764));
#5764 = SURFACE_STYLE_USAGE(.BOTH.,#5765);
#5765 = SURFACE_SIDE_STYLE('',(#5766));
#5766 = SURFACE_STYLE_FILL_AREA(#5767);
#5767 = FILL_AREA_STYLE('',(#5768));
#5768 = FILL_AREA_STYLE_COLOUR('',#5769);
#5769 = COLOUR_RGB('',0.199999998682,0.199999998682,0.199999998682);
#5770 = OVER_RIDING_STYLED_ITEM('overriding color',(#5771),#838,#5694);
#5771 = PRESENTATION_STYLE_ASSIGNMENT((#5772));
#5772 = SURFACE_STYLE_USAGE(.BOTH.,#5773);
#5773 = SURFACE_SIDE_STYLE('',(#5774));
#5774 = SURFACE_STYLE_FILL_AREA(#5775);
#5775 = FILL_AREA_STYLE('',(#5776));
#5776 = FILL_AREA_STYLE_COLOUR('',#5712);
#5777 = OVER_RIDING_STYLED_ITEM('overriding color',(#5778),#879,#5694);
#5778 = PRESENTATION_STYLE_ASSIGNMENT((#5779));
#5779 = SURFACE_STYLE_USAGE(.BOTH.,#5780);
#5780 = SURFACE_SIDE_STYLE('',(#5781));
#5781 = SURFACE_STYLE_FILL_AREA(#5782);
#5782 = FILL_AREA_STYLE('',(#5783));
#5783 = FILL_AREA_STYLE_COLOUR('',#5712);
#5784 = OVER_RIDING_STYLED_ITEM('overriding color',(#5785),#908,#5694);
#5785 = PRESENTATION_STYLE_ASSIGNMENT((#5786));
#5786 = SURFACE_STYLE_USAGE(.BOTH.,#5787);
#5787 = SURFACE_SIDE_STYLE('',(#5788));
#5788 = SURFACE_STYLE_FILL_AREA(#5789);
#5789 = FILL_AREA_STYLE('',(#5790));
#5790 = FILL_AREA_STYLE_COLOUR('',#5712);
#5791 = OVER_RIDING_STYLED_ITEM('overriding color',(#5792),#933,#5694);
#5792 = PRESENTATION_STYLE_ASSIGNMENT((#5793));
#5793 = SURFACE_STYLE_USAGE(.BOTH.,#5794);
#5794 = SURFACE_SIDE_STYLE('',(#5795));
#5795 = SURFACE_STYLE_FILL_AREA(#5796);
#5796 = FILL_AREA_STYLE('',(#5797));
#5797 = FILL_AREA_STYLE_COLOUR('',#5712);
#5798 = OVER_RIDING_STYLED_ITEM('overriding color',(#5799),#951,#5694);
#5799 = PRESENTATION_STYLE_ASSIGNMENT((#5800));
#5800 = SURFACE_STYLE_USAGE(.BOTH.,#5801);
#5801 = SURFACE_SIDE_STYLE('',(#5802));
#5802 = SURFACE_STYLE_FILL_AREA(#5803);
#5803 = FILL_AREA_STYLE('',(#5804));
#5804 = FILL_AREA_STYLE_COLOUR('',#5769);
#5805 = OVER_RIDING_STYLED_ITEM('overriding color',(#5806),#962,#5694);
#5806 = PRESENTATION_STYLE_ASSIGNMENT((#5807));
#5807 = SURFACE_STYLE_USAGE(.BOTH.,#5808);
#5808 = SURFACE_SIDE_STYLE('',(#5809));
#5809 = SURFACE_STYLE_FILL_AREA(#5810);
#5810 = FILL_AREA_STYLE('',(#5811));
#5811 = FILL_AREA_STYLE_COLOUR('',#5769);
#5812 = OVER_RIDING_STYLED_ITEM('overriding color',(#5813),#988,#5694);
#5813 = PRESENTATION_STYLE_ASSIGNMENT((#5814));
#5814 = SURFACE_STYLE_USAGE(.BOTH.,#5815);
#5815 = SURFACE_SIDE_STYLE('',(#5816));
#5816 = SURFACE_STYLE_FILL_AREA(#5817);
#5817 = FILL_AREA_STYLE('',(#5818));
#5818 = FILL_AREA_STYLE_COLOUR('',#5712);
#5819 = OVER_RIDING_STYLED_ITEM('overriding color',(#5820),#1180,#5694);
#5820 = PRESENTATION_STYLE_ASSIGNMENT((#5821));
#5821 = SURFACE_STYLE_USAGE(.BOTH.,#5822);
#5822 = SURFACE_SIDE_STYLE('',(#5823));
#5823 = SURFACE_STYLE_FILL_AREA(#5824);
#5824 = FILL_AREA_STYLE('',(#5825));
#5825 = FILL_AREA_STYLE_COLOUR('',#5712);
#5826 = OVER_RIDING_STYLED_ITEM('overriding color',(#5827),#1942,#5694);
#5827 = PRESENTATION_STYLE_ASSIGNMENT((#5828));
#5828 = SURFACE_STYLE_USAGE(.BOTH.,#5829);
#5829 = SURFACE_SIDE_STYLE('',(#5830));
#5830 = SURFACE_STYLE_FILL_AREA(#5831);
#5831 = FILL_AREA_STYLE('',(#5832));
#5832 = FILL_AREA_STYLE_COLOUR('',#5712);
#5833 = OVER_RIDING_STYLED_ITEM('overriding color',(#5834),#2171,#5694);
#5834 = PRESENTATION_STYLE_ASSIGNMENT((#5835));
#5835 = SURFACE_STYLE_USAGE(.BOTH.,#5836);
#5836 = SURFACE_SIDE_STYLE('',(#5837));
#5837 = SURFACE_STYLE_FILL_AREA(#5838);
#5838 = FILL_AREA_STYLE('',(#5839));
#5839 = FILL_AREA_STYLE_COLOUR('',#5712);
#5840 = OVER_RIDING_STYLED_ITEM('overriding color',(#5841),#2181,#5694);
#5841 = PRESENTATION_STYLE_ASSIGNMENT((#5842));
#5842 = SURFACE_STYLE_USAGE(.BOTH.,#5843);
#5843 = SURFACE_SIDE_STYLE('',(#5844));
#5844 = SURFACE_STYLE_FILL_AREA(#5845);
#5845 = FILL_AREA_STYLE('',(#5846));
#5846 = FILL_AREA_STYLE_COLOUR('',#5712);
#5847 = OVER_RIDING_STYLED_ITEM('overriding color',(#5848),#2199,#5694);
#5848 = PRESENTATION_STYLE_ASSIGNMENT((#5849));
#5849 = SURFACE_STYLE_USAGE(.BOTH.,#5850);
#5850 = SURFACE_SIDE_STYLE('',(#5851));
#5851 = SURFACE_STYLE_FILL_AREA(#5852);
#5852 = FILL_AREA_STYLE('',(#5853));
#5853 = FILL_AREA_STYLE_COLOUR('',#5712);
#5854 = OVER_RIDING_STYLED_ITEM('overriding color',(#5855),#2217,#5694);
#5855 = PRESENTATION_STYLE_ASSIGNMENT((#5856));
#5856 = SURFACE_STYLE_USAGE(.BOTH.,#5857);
#5857 = SURFACE_SIDE_STYLE('',(#5858));
#5858 = SURFACE_STYLE_FILL_AREA(#5859);
#5859 = FILL_AREA_STYLE('',(#5860));
#5860 = FILL_AREA_STYLE_COLOUR('',#5712);
#5861 = OVER_RIDING_STYLED_ITEM('overriding color',(#5862),#2227,#5694);
#5862 = PRESENTATION_STYLE_ASSIGNMENT((#5863));
#5863 = SURFACE_STYLE_USAGE(.BOTH.,#5864);
#5864 = SURFACE_SIDE_STYLE('',(#5865));
#5865 = SURFACE_STYLE_FILL_AREA(#5866);
#5866 = FILL_AREA_STYLE('',(#5867));
#5867 = FILL_AREA_STYLE_COLOUR('',#5712);
#5868 = OVER_RIDING_STYLED_ITEM('overriding color',(#5869),#4961,#5694);
#5869 = PRESENTATION_STYLE_ASSIGNMENT((#5870));
#5870 = SURFACE_STYLE_USAGE(.BOTH.,#5871);
#5871 = SURFACE_SIDE_STYLE('',(#5872));
#5872 = SURFACE_STYLE_FILL_AREA(#5873);
#5873 = FILL_AREA_STYLE('',(#5874));
#5874 = FILL_AREA_STYLE_COLOUR('',#5712);
#5875 = OVER_RIDING_STYLED_ITEM('overriding color',(#5876),#5001,#5694);
#5876 = PRESENTATION_STYLE_ASSIGNMENT((#5877));
#5877 = SURFACE_STYLE_USAGE(.BOTH.,#5878);
#5878 = SURFACE_SIDE_STYLE('',(#5879));
#5879 = SURFACE_STYLE_FILL_AREA(#5880);
#5880 = FILL_AREA_STYLE('',(#5881));
#5881 = FILL_AREA_STYLE_COLOUR('',#5712);
#5882 = OVER_RIDING_STYLED_ITEM('overriding color',(#5883),#5013,#5694);
#5883 = PRESENTATION_STYLE_ASSIGNMENT((#5884));
#5884 = SURFACE_STYLE_USAGE(.BOTH.,#5885);
#5885 = SURFACE_SIDE_STYLE('',(#5886));
#5886 = SURFACE_STYLE_FILL_AREA(#5887);
#5887 = FILL_AREA_STYLE('',(#5888));
#5888 = FILL_AREA_STYLE_COLOUR('',#5712);
#5889 = OVER_RIDING_STYLED_ITEM('overriding color',(#5890),#5031,#5694);
#5890 = PRESENTATION_STYLE_ASSIGNMENT((#5891));
#5891 = SURFACE_STYLE_USAGE(.BOTH.,#5892);
#5892 = SURFACE_SIDE_STYLE('',(#5893));
#5893 = SURFACE_STYLE_FILL_AREA(#5894);
#5894 = FILL_AREA_STYLE('',(#5895));
#5895 = FILL_AREA_STYLE_COLOUR('',#5712);
#5896 = OVER_RIDING_STYLED_ITEM('overriding color',(#5897),#5041,#5694);
#5897 = PRESENTATION_STYLE_ASSIGNMENT((#5898));
#5898 = SURFACE_STYLE_USAGE(.BOTH.,#5899);
#5899 = SURFACE_SIDE_STYLE('',(#5900));
#5900 = SURFACE_STYLE_FILL_AREA(#5901);
#5901 = FILL_AREA_STYLE('',(#5902));
#5902 = FILL_AREA_STYLE_COLOUR('',#5712);
#5903 = OVER_RIDING_STYLED_ITEM('overriding color',(#5904),#5051,#5694);
#5904 = PRESENTATION_STYLE_ASSIGNMENT((#5905));
#5905 = SURFACE_STYLE_USAGE(.BOTH.,#5906);
#5906 = SURFACE_SIDE_STYLE('',(#5907));
#5907 = SURFACE_STYLE_FILL_AREA(#5908);
#5908 = FILL_AREA_STYLE('',(#5909));
#5909 = FILL_AREA_STYLE_COLOUR('',#5712);
#5910 = OVER_RIDING_STYLED_ITEM('overriding color',(#5911),#5351,#5694);
#5911 = PRESENTATION_STYLE_ASSIGNMENT((#5912));
#5912 = SURFACE_STYLE_USAGE(.BOTH.,#5913);
#5913 = SURFACE_SIDE_STYLE('',(#5914));
#5914 = SURFACE_STYLE_FILL_AREA(#5915);
#5915 = FILL_AREA_STYLE('',(#5916));
#5916 = FILL_AREA_STYLE_COLOUR('',#5712);
#5917 = OVER_RIDING_STYLED_ITEM('overriding color',(#5918),#5379,#5694);
#5918 = PRESENTATION_STYLE_ASSIGNMENT((#5919));
#5919 = SURFACE_STYLE_USAGE(.BOTH.,#5920);
#5920 = SURFACE_SIDE_STYLE('',(#5921));
#5921 = SURFACE_STYLE_FILL_AREA(#5922);
#5922 = FILL_AREA_STYLE('',(#5923));
#5923 = FILL_AREA_STYLE_COLOUR('',#5712);
#5924 = OVER_RIDING_STYLED_ITEM('overriding color',(#5925),#5407,#5694);
#5925 = PRESENTATION_STYLE_ASSIGNMENT((#5926));
#5926 = SURFACE_STYLE_USAGE(.BOTH.,#5927);
#5927 = SURFACE_SIDE_STYLE('',(#5928));
#5928 = SURFACE_STYLE_FILL_AREA(#5929);
#5929 = FILL_AREA_STYLE('',(#5930));
#5930 = FILL_AREA_STYLE_COLOUR('',#5712);
#5931 = OVER_RIDING_STYLED_ITEM('overriding color',(#5932),#5428,#5694);
#5932 = PRESENTATION_STYLE_ASSIGNMENT((#5933));
#5933 = SURFACE_STYLE_USAGE(.BOTH.,#5934);
#5934 = SURFACE_SIDE_STYLE('',(#5935));
#5935 = SURFACE_STYLE_FILL_AREA(#5936);
#5936 = FILL_AREA_STYLE('',(#5937));
#5937 = FILL_AREA_STYLE_COLOUR('',#5712);
#5938 = OVER_RIDING_STYLED_ITEM('overriding color',(#5939),#5445,#5694);
#5939 = PRESENTATION_STYLE_ASSIGNMENT((#5940));
#5940 = SURFACE_STYLE_USAGE(.BOTH.,#5941);
#5941 = SURFACE_SIDE_STYLE('',(#5942));
#5942 = SURFACE_STYLE_FILL_AREA(#5943);
#5943 = FILL_AREA_STYLE('',(#5944));
#5944 = FILL_AREA_STYLE_COLOUR('',#5712);
#5945 = OVER_RIDING_STYLED_ITEM('overriding color',(#5946),#5671,#5694);
#5946 = PRESENTATION_STYLE_ASSIGNMENT((#5947));
#5947 = SURFACE_STYLE_USAGE(.BOTH.,#5948);
#5948 = SURFACE_SIDE_STYLE('',(#5949));
#5949 = SURFACE_STYLE_FILL_AREA(#5950);
#5950 = FILL_AREA_STYLE('',(#5951));
#5951 = FILL_AREA_STYLE_COLOUR('',#5712);
ENDSEC;
END-ISO-10303-21;
