ISO-10303-21;
HEADER;
FILE_DESCRIPTION(('KiCad electronic assembly'),'2;1');
FILE_NAME('Encoders-LCD.step','2025-08-23T00:16:12',('Pcbnew'),('Kicad')
  ,'Open CASCADE STEP processor 7.6','KiCad to STEP converter','Unknown'
  );
FILE_SCHEMA(('AUTOMOTIVE_DESIGN { 1 0 10303 214 1 1 1 1 }'));
ENDSEC;
DATA;
#1 = APPLICATION_PROTOCOL_DEFINITION('international standard',
  'automotive_design',2000,#2);
#2 = APPLICATION_CONTEXT(
  'core data for automotive mechanical design processes');
#3 = SHAPE_DEFINITION_REPRESENTATION(#4,#10);
#4 = PRODUCT_DEFINITION_SHAPE('','',#5);
#5 = PRODUCT_DEFINITION('design','',#6,#9);
#6 = PRODUCT_DEFINITION_FORMATION('','',#7);
#7 = PRODUCT('Encoders-LCD 1','Encoders-LCD 1','',(#8));
#8 = PRODUCT_CONTEXT('',#2,'mechanical');
#9 = PRODUCT_DEFINITION_CONTEXT('part definition',#2,'design');
#10 = SHAPE_REPRESENTATION('',(#11,#15,#19,#23,#27,#31,#35,#39,#43,#47,
    #51,#55,#59,#63,#67,#71),#75);
#11 = AXIS2_PLACEMENT_3D('',#12,#13,#14);
#12 = CARTESIAN_POINT('',(0.,0.,0.));
#13 = DIRECTION('',(0.,0.,1.));
#14 = DIRECTION('',(1.,0.,-0.));
#15 = AXIS2_PLACEMENT_3D('',#16,#17,#18);
#16 = CARTESIAN_POINT('',(-19.2676,19.0704,1.595));
#17 = DIRECTION('',(-0.,0.,1.));
#18 = DIRECTION('',(1.110223024625E-16,-1.,0.));
#19 = AXIS2_PLACEMENT_3D('',#20,#21,#22);
#20 = CARTESIAN_POINT('',(29.8625,25.6546,1.595));
#21 = DIRECTION('',(0.,0.,1.));
#22 = DIRECTION('',(1.,0.,0.));
#23 = AXIS2_PLACEMENT_3D('',#24,#25,#26);
#24 = CARTESIAN_POINT('',(-22.4172,19.934,1.595));
#25 = DIRECTION('',(0.,0.,1.));
#26 = DIRECTION('',(-1.,1.224646799147E-16,0.));
#27 = AXIS2_PLACEMENT_3D('',#28,#29,#30);
#28 = CARTESIAN_POINT('',(-22.4172,17.648,1.595));
#29 = DIRECTION('',(0.,0.,1.));
#30 = DIRECTION('',(-1.,1.224646799147E-16,0.));
#31 = AXIS2_PLACEMENT_3D('',#32,#33,#34);
#32 = CARTESIAN_POINT('',(-17.1848,19.0704,1.595));
#33 = DIRECTION('',(-0.,0.,1.));
#34 = DIRECTION('',(1.110223024625E-16,-1.,0.));
#35 = AXIS2_PLACEMENT_3D('',#36,#37,#38);
#36 = CARTESIAN_POINT('',(-35.86,25.65,1.595));
#37 = DIRECTION('',(0.,0.,1.));
#38 = DIRECTION('',(1.,0.,0.));
#39 = AXIS2_PLACEMENT_3D('',#40,#41,#42);
#40 = CARTESIAN_POINT('',(-3.08,-20.398,1.595));
#41 = DIRECTION('',(0.,0.,1.));
#42 = DIRECTION('',(1.,0.,0.));
#43 = AXIS2_PLACEMENT_3D('',#44,#45,#46);
#44 = CARTESIAN_POINT('',(-29.,-22.8,-8.5E-02));
#45 = DIRECTION('',(-1.224646799147E-16,-1.359631073447E-32,-1.));
#46 = DIRECTION('',(1.110223024625E-16,-1.,0.));
#47 = AXIS2_PLACEMENT_3D('',#48,#49,#50);
#48 = CARTESIAN_POINT('',(30.,-22.75,-8.5E-02));
#49 = DIRECTION('',(-1.224646799147E-16,-1.359631073447E-32,-1.));
#50 = DIRECTION('',(1.110223024625E-16,-1.,0.));
#51 = AXIS2_PLACEMENT_3D('',#52,#53,#54);
#52 = CARTESIAN_POINT('',(7.2312,-23.5116,-8.5E-02));
#53 = DIRECTION('',(1.224646799147E-16,-1.359631073447E-32,-1.));
#54 = DIRECTION('',(1.110223024625E-16,1.,0.));
#55 = AXIS2_PLACEMENT_3D('',#56,#57,#58);
#56 = CARTESIAN_POINT('',(-30.9196,15.5028,-8.5E-02));
#57 = DIRECTION('',(1.499759782662E-32,1.224646799147E-16,-1.));
#58 = DIRECTION('',(-1.,1.224646799147E-16,0.));
#59 = AXIS2_PLACEMENT_3D('',#60,#61,#62);
#60 = CARTESIAN_POINT('',(-5.E-02,22.85,-8.5E-02));
#61 = DIRECTION('',(1.224646799147E-16,-1.359631073447E-32,-1.));
#62 = DIRECTION('',(1.110223024625E-16,1.,0.));
#63 = AXIS2_PLACEMENT_3D('',#64,#65,#66);
#64 = CARTESIAN_POINT('',(-23.388,14.9948,-8.5E-02));
#65 = DIRECTION('',(0.,-1.224646799147E-16,-1.));
#66 = DIRECTION('',(1.,0.,0.));
#67 = AXIS2_PLACEMENT_3D('',#68,#69,#70);
#68 = CARTESIAN_POINT('',(28.4148,17.2808,-8.5E-02));
#69 = DIRECTION('',(1.499759782662E-32,1.224646799147E-16,-1.));
#70 = DIRECTION('',(-1.,1.224646799147E-16,0.));
#71 = AXIS2_PLACEMENT_3D('',#72,#73,#74);
#72 = CARTESIAN_POINT('',(0.,0.,0.));
#73 = DIRECTION('',(0.,0.,1.));
#74 = DIRECTION('',(1.,0.,-0.));
#75 = ( GEOMETRIC_REPRESENTATION_CONTEXT(3) 
GLOBAL_UNCERTAINTY_ASSIGNED_CONTEXT((#79)) GLOBAL_UNIT_ASSIGNED_CONTEXT(
(#76,#77,#78)) REPRESENTATION_CONTEXT('Context #1',
  '3D Context with UNIT and UNCERTAINTY') );
#76 = ( LENGTH_UNIT() NAMED_UNIT(*) SI_UNIT(.MILLI.,.METRE.) );
#77 = ( NAMED_UNIT(*) PLANE_ANGLE_UNIT() SI_UNIT($,.RADIAN.) );
#78 = ( NAMED_UNIT(*) SI_UNIT($,.STERADIAN.) SOLID_ANGLE_UNIT() );
#79 = UNCERTAINTY_MEASURE_WITH_UNIT(LENGTH_MEASURE(1.E-07),#76,
  'distance_accuracy_value','confusion accuracy');
#80 = PRODUCT_RELATED_PRODUCT_CATEGORY('part',$,(#7));
#81 = SHAPE_DEFINITION_REPRESENTATION(#82,#88);
#82 = PRODUCT_DEFINITION_SHAPE('','',#83);
#83 = PRODUCT_DEFINITION('design','',#84,#87);
#84 = PRODUCT_DEFINITION_FORMATION('','',#85);
#85 = PRODUCT('C_0805_2012Metric','C_0805_2012Metric','',(#86));
#86 = PRODUCT_CONTEXT('',#2,'mechanical');
#87 = PRODUCT_DEFINITION_CONTEXT('part definition',#2,'design');
#88 = ADVANCED_BREP_SHAPE_REPRESENTATION('',(#11,#89),#943);
#89 = MANIFOLD_SOLID_BREP('',#90);
#90 = CLOSED_SHELL('',(#91,#167,#198,#223,#248,#272,#296,#321,#346,#363,
    #449,#481,#505,#530,#554,#579,#603,#628,#645,#731,#762,#787,#812,
    #836,#860,#885,#910,#927));
#91 = ADVANCED_FACE('',(#92),#162,.F.);
#92 = FACE_BOUND('',#93,.F.);
#93 = EDGE_LOOP('',(#94,#104,#113,#121,#130,#138,#147,#155));
#94 = ORIENTED_EDGE('',*,*,#95,.F.);
#95 = EDGE_CURVE('',#96,#98,#100,.T.);
#96 = VERTEX_POINT('',#97);
#97 = CARTESIAN_POINT('',(-1.,-0.625,4.E-02));
#98 = VERTEX_POINT('',#99);
#99 = CARTESIAN_POINT('',(-1.,-0.625,1.21));
#100 = LINE('',#101,#102);
#101 = CARTESIAN_POINT('',(-1.,-0.625,0.));
#102 = VECTOR('',#103,1.);
#103 = DIRECTION('',(0.,0.,1.));
#104 = ORIENTED_EDGE('',*,*,#105,.T.);
#105 = EDGE_CURVE('',#96,#106,#108,.T.);
#106 = VERTEX_POINT('',#107);
#107 = CARTESIAN_POINT('',(-1.,-0.585,0.));
#108 = CIRCLE('',#109,4.E-02);
#109 = AXIS2_PLACEMENT_3D('',#110,#111,#112);
#110 = CARTESIAN_POINT('',(-1.,-0.585,4.E-02));
#111 = DIRECTION('',(1.,0.,-0.));
#112 = DIRECTION('',(0.,0.,1.));
#113 = ORIENTED_EDGE('',*,*,#114,.T.);
#114 = EDGE_CURVE('',#106,#115,#117,.T.);
#115 = VERTEX_POINT('',#116);
#116 = CARTESIAN_POINT('',(-1.,0.585,0.));
#117 = LINE('',#118,#119);
#118 = CARTESIAN_POINT('',(-1.,-0.625,0.));
#119 = VECTOR('',#120,1.);
#120 = DIRECTION('',(0.,1.,0.));
#121 = ORIENTED_EDGE('',*,*,#122,.F.);
#122 = EDGE_CURVE('',#123,#115,#125,.T.);
#123 = VERTEX_POINT('',#124);
#124 = CARTESIAN_POINT('',(-1.,0.625,4.E-02));
#125 = CIRCLE('',#126,4.E-02);
#126 = AXIS2_PLACEMENT_3D('',#127,#128,#129);
#127 = CARTESIAN_POINT('',(-1.,0.585,4.E-02));
#128 = DIRECTION('',(-1.,0.,0.));
#129 = DIRECTION('',(0.,0.,1.));
#130 = ORIENTED_EDGE('',*,*,#131,.T.);
#131 = EDGE_CURVE('',#123,#132,#134,.T.);
#132 = VERTEX_POINT('',#133);
#133 = CARTESIAN_POINT('',(-1.,0.625,1.21));
#134 = LINE('',#135,#136);
#135 = CARTESIAN_POINT('',(-1.,0.625,0.));
#136 = VECTOR('',#137,1.);
#137 = DIRECTION('',(0.,0.,1.));
#138 = ORIENTED_EDGE('',*,*,#139,.T.);
#139 = EDGE_CURVE('',#132,#140,#142,.T.);
#140 = VERTEX_POINT('',#141);
#141 = CARTESIAN_POINT('',(-1.,0.585,1.25));
#142 = CIRCLE('',#143,4.E-02);
#143 = AXIS2_PLACEMENT_3D('',#144,#145,#146);
#144 = CARTESIAN_POINT('',(-1.,0.585,1.21));
#145 = DIRECTION('',(1.,0.,-0.));
#146 = DIRECTION('',(0.,0.,1.));
#147 = ORIENTED_EDGE('',*,*,#148,.F.);
#148 = EDGE_CURVE('',#149,#140,#151,.T.);
#149 = VERTEX_POINT('',#150);
#150 = CARTESIAN_POINT('',(-1.,-0.585,1.25));
#151 = LINE('',#152,#153);
#152 = CARTESIAN_POINT('',(-1.,-0.625,1.25));
#153 = VECTOR('',#154,1.);
#154 = DIRECTION('',(0.,1.,0.));
#155 = ORIENTED_EDGE('',*,*,#156,.F.);
#156 = EDGE_CURVE('',#98,#149,#157,.T.);
#157 = CIRCLE('',#158,4.E-02);
#158 = AXIS2_PLACEMENT_3D('',#159,#160,#161);
#159 = CARTESIAN_POINT('',(-1.,-0.585,1.21));
#160 = DIRECTION('',(-1.,0.,0.));
#161 = DIRECTION('',(0.,0.,1.));
#162 = PLANE('',#163);
#163 = AXIS2_PLACEMENT_3D('',#164,#165,#166);
#164 = CARTESIAN_POINT('',(-1.,-0.625,0.));
#165 = DIRECTION('',(1.,0.,0.));
#166 = DIRECTION('',(0.,0.,1.));
#167 = ADVANCED_FACE('',(#168),#193,.F.);
#168 = FACE_BOUND('',#169,.F.);
#169 = EDGE_LOOP('',(#170,#180,#186,#187));
#170 = ORIENTED_EDGE('',*,*,#171,.F.);
#171 = EDGE_CURVE('',#172,#174,#176,.T.);
#172 = VERTEX_POINT('',#173);
#173 = CARTESIAN_POINT('',(-0.6,-0.625,4.E-02));
#174 = VERTEX_POINT('',#175);
#175 = CARTESIAN_POINT('',(-0.6,-0.625,1.21));
#176 = LINE('',#177,#178);
#177 = CARTESIAN_POINT('',(-0.6,-0.625,0.));
#178 = VECTOR('',#179,1.);
#179 = DIRECTION('',(0.,0.,1.));
#180 = ORIENTED_EDGE('',*,*,#181,.F.);
#181 = EDGE_CURVE('',#96,#172,#182,.T.);
#182 = LINE('',#183,#184);
#183 = CARTESIAN_POINT('',(-1.,-0.625,4.E-02));
#184 = VECTOR('',#185,1.);
#185 = DIRECTION('',(1.,0.,0.));
#186 = ORIENTED_EDGE('',*,*,#95,.T.);
#187 = ORIENTED_EDGE('',*,*,#188,.T.);
#188 = EDGE_CURVE('',#98,#174,#189,.T.);
#189 = LINE('',#190,#191);
#190 = CARTESIAN_POINT('',(-1.,-0.625,1.21));
#191 = VECTOR('',#192,1.);
#192 = DIRECTION('',(1.,0.,0.));
#193 = PLANE('',#194);
#194 = AXIS2_PLACEMENT_3D('',#195,#196,#197);
#195 = CARTESIAN_POINT('',(-1.,-0.625,0.));
#196 = DIRECTION('',(0.,1.,0.));
#197 = DIRECTION('',(0.,-0.,1.));
#198 = ADVANCED_FACE('',(#199),#218,.T.);
#199 = FACE_BOUND('',#200,.T.);
#200 = EDGE_LOOP('',(#201,#202,#210,#217));
#201 = ORIENTED_EDGE('',*,*,#105,.T.);
#202 = ORIENTED_EDGE('',*,*,#203,.T.);
#203 = EDGE_CURVE('',#106,#204,#206,.T.);
#204 = VERTEX_POINT('',#205);
#205 = CARTESIAN_POINT('',(-0.6,-0.585,0.));
#206 = LINE('',#207,#208);
#207 = CARTESIAN_POINT('',(-1.,-0.585,0.));
#208 = VECTOR('',#209,1.);
#209 = DIRECTION('',(1.,0.,0.));
#210 = ORIENTED_EDGE('',*,*,#211,.F.);
#211 = EDGE_CURVE('',#172,#204,#212,.T.);
#212 = CIRCLE('',#213,4.E-02);
#213 = AXIS2_PLACEMENT_3D('',#214,#215,#216);
#214 = CARTESIAN_POINT('',(-0.6,-0.585,4.E-02));
#215 = DIRECTION('',(1.,0.,-0.));
#216 = DIRECTION('',(0.,0.,1.));
#217 = ORIENTED_EDGE('',*,*,#181,.F.);
#218 = CYLINDRICAL_SURFACE('',#219,4.E-02);
#219 = AXIS2_PLACEMENT_3D('',#220,#221,#222);
#220 = CARTESIAN_POINT('',(-1.,-0.585,4.E-02));
#221 = DIRECTION('',(1.,0.,0.));
#222 = DIRECTION('',(0.,-1.,0.));
#223 = ADVANCED_FACE('',(#224),#243,.T.);
#224 = FACE_BOUND('',#225,.T.);
#225 = EDGE_LOOP('',(#226,#227,#236,#242));
#226 = ORIENTED_EDGE('',*,*,#188,.T.);
#227 = ORIENTED_EDGE('',*,*,#228,.T.);
#228 = EDGE_CURVE('',#174,#229,#231,.T.);
#229 = VERTEX_POINT('',#230);
#230 = CARTESIAN_POINT('',(-0.6,-0.585,1.25));
#231 = CIRCLE('',#232,4.E-02);
#232 = AXIS2_PLACEMENT_3D('',#233,#234,#235);
#233 = CARTESIAN_POINT('',(-0.6,-0.585,1.21));
#234 = DIRECTION('',(-1.,0.,0.));
#235 = DIRECTION('',(0.,0.,1.));
#236 = ORIENTED_EDGE('',*,*,#237,.F.);
#237 = EDGE_CURVE('',#149,#229,#238,.T.);
#238 = LINE('',#239,#240);
#239 = CARTESIAN_POINT('',(-1.,-0.585,1.25));
#240 = VECTOR('',#241,1.);
#241 = DIRECTION('',(1.,0.,0.));
#242 = ORIENTED_EDGE('',*,*,#156,.F.);
#243 = CYLINDRICAL_SURFACE('',#244,4.E-02);
#244 = AXIS2_PLACEMENT_3D('',#245,#246,#247);
#245 = CARTESIAN_POINT('',(-1.,-0.585,1.21));
#246 = DIRECTION('',(1.,0.,0.));
#247 = DIRECTION('',(0.,-1.,0.));
#248 = ADVANCED_FACE('',(#249),#267,.F.);
#249 = FACE_BOUND('',#250,.F.);
#250 = EDGE_LOOP('',(#251,#252,#253,#261));
#251 = ORIENTED_EDGE('',*,*,#114,.F.);
#252 = ORIENTED_EDGE('',*,*,#203,.T.);
#253 = ORIENTED_EDGE('',*,*,#254,.T.);
#254 = EDGE_CURVE('',#204,#255,#257,.T.);
#255 = VERTEX_POINT('',#256);
#256 = CARTESIAN_POINT('',(-0.6,0.585,0.));
#257 = LINE('',#258,#259);
#258 = CARTESIAN_POINT('',(-0.6,-0.625,0.));
#259 = VECTOR('',#260,1.);
#260 = DIRECTION('',(0.,1.,0.));
#261 = ORIENTED_EDGE('',*,*,#262,.F.);
#262 = EDGE_CURVE('',#115,#255,#263,.T.);
#263 = LINE('',#264,#265);
#264 = CARTESIAN_POINT('',(-1.,0.585,0.));
#265 = VECTOR('',#266,1.);
#266 = DIRECTION('',(1.,0.,0.));
#267 = PLANE('',#268);
#268 = AXIS2_PLACEMENT_3D('',#269,#270,#271);
#269 = CARTESIAN_POINT('',(-1.,-0.625,0.));
#270 = DIRECTION('',(0.,0.,1.));
#271 = DIRECTION('',(1.,0.,-0.));
#272 = ADVANCED_FACE('',(#273),#291,.T.);
#273 = FACE_BOUND('',#274,.T.);
#274 = EDGE_LOOP('',(#275,#276,#277,#285));
#275 = ORIENTED_EDGE('',*,*,#148,.F.);
#276 = ORIENTED_EDGE('',*,*,#237,.T.);
#277 = ORIENTED_EDGE('',*,*,#278,.T.);
#278 = EDGE_CURVE('',#229,#279,#281,.T.);
#279 = VERTEX_POINT('',#280);
#280 = CARTESIAN_POINT('',(-0.6,0.585,1.25));
#281 = LINE('',#282,#283);
#282 = CARTESIAN_POINT('',(-0.6,-0.625,1.25));
#283 = VECTOR('',#284,1.);
#284 = DIRECTION('',(0.,1.,0.));
#285 = ORIENTED_EDGE('',*,*,#286,.F.);
#286 = EDGE_CURVE('',#140,#279,#287,.T.);
#287 = LINE('',#288,#289);
#288 = CARTESIAN_POINT('',(-1.,0.585,1.25));
#289 = VECTOR('',#290,1.);
#290 = DIRECTION('',(1.,0.,0.));
#291 = PLANE('',#292);
#292 = AXIS2_PLACEMENT_3D('',#293,#294,#295);
#293 = CARTESIAN_POINT('',(-1.,-0.625,1.25));
#294 = DIRECTION('',(0.,0.,1.));
#295 = DIRECTION('',(1.,0.,-0.));
#296 = ADVANCED_FACE('',(#297),#316,.T.);
#297 = FACE_BOUND('',#298,.T.);
#298 = EDGE_LOOP('',(#299,#307,#314,#315));
#299 = ORIENTED_EDGE('',*,*,#300,.T.);
#300 = EDGE_CURVE('',#123,#301,#303,.T.);
#301 = VERTEX_POINT('',#302);
#302 = CARTESIAN_POINT('',(-0.6,0.625,4.E-02));
#303 = LINE('',#304,#305);
#304 = CARTESIAN_POINT('',(-1.,0.625,4.E-02));
#305 = VECTOR('',#306,1.);
#306 = DIRECTION('',(1.,0.,0.));
#307 = ORIENTED_EDGE('',*,*,#308,.T.);
#308 = EDGE_CURVE('',#301,#255,#309,.T.);
#309 = CIRCLE('',#310,4.E-02);
#310 = AXIS2_PLACEMENT_3D('',#311,#312,#313);
#311 = CARTESIAN_POINT('',(-0.6,0.585,4.E-02));
#312 = DIRECTION('',(-1.,0.,0.));
#313 = DIRECTION('',(0.,0.,1.));
#314 = ORIENTED_EDGE('',*,*,#262,.F.);
#315 = ORIENTED_EDGE('',*,*,#122,.F.);
#316 = CYLINDRICAL_SURFACE('',#317,4.E-02);
#317 = AXIS2_PLACEMENT_3D('',#318,#319,#320);
#318 = CARTESIAN_POINT('',(-1.,0.585,4.E-02));
#319 = DIRECTION('',(1.,0.,0.));
#320 = DIRECTION('',(-0.,1.,0.));
#321 = ADVANCED_FACE('',(#322),#341,.T.);
#322 = FACE_BOUND('',#323,.T.);
#323 = EDGE_LOOP('',(#324,#325,#326,#335));
#324 = ORIENTED_EDGE('',*,*,#139,.T.);
#325 = ORIENTED_EDGE('',*,*,#286,.T.);
#326 = ORIENTED_EDGE('',*,*,#327,.F.);
#327 = EDGE_CURVE('',#328,#279,#330,.T.);
#328 = VERTEX_POINT('',#329);
#329 = CARTESIAN_POINT('',(-0.6,0.625,1.21));
#330 = CIRCLE('',#331,4.E-02);
#331 = AXIS2_PLACEMENT_3D('',#332,#333,#334);
#332 = CARTESIAN_POINT('',(-0.6,0.585,1.21));
#333 = DIRECTION('',(1.,0.,-0.));
#334 = DIRECTION('',(0.,0.,1.));
#335 = ORIENTED_EDGE('',*,*,#336,.F.);
#336 = EDGE_CURVE('',#132,#328,#337,.T.);
#337 = LINE('',#338,#339);
#338 = CARTESIAN_POINT('',(-1.,0.625,1.21));
#339 = VECTOR('',#340,1.);
#340 = DIRECTION('',(1.,0.,0.));
#341 = CYLINDRICAL_SURFACE('',#342,4.E-02);
#342 = AXIS2_PLACEMENT_3D('',#343,#344,#345);
#343 = CARTESIAN_POINT('',(-1.,0.585,1.21));
#344 = DIRECTION('',(1.,0.,0.));
#345 = DIRECTION('',(-0.,1.,0.));
#346 = ADVANCED_FACE('',(#347),#358,.T.);
#347 = FACE_BOUND('',#348,.T.);
#348 = EDGE_LOOP('',(#349,#355,#356,#357));
#349 = ORIENTED_EDGE('',*,*,#350,.F.);
#350 = EDGE_CURVE('',#301,#328,#351,.T.);
#351 = LINE('',#352,#353);
#352 = CARTESIAN_POINT('',(-0.6,0.625,0.));
#353 = VECTOR('',#354,1.);
#354 = DIRECTION('',(0.,0.,1.));
#355 = ORIENTED_EDGE('',*,*,#300,.F.);
#356 = ORIENTED_EDGE('',*,*,#131,.T.);
#357 = ORIENTED_EDGE('',*,*,#336,.T.);
#358 = PLANE('',#359);
#359 = AXIS2_PLACEMENT_3D('',#360,#361,#362);
#360 = CARTESIAN_POINT('',(-1.,0.625,0.));
#361 = DIRECTION('',(0.,1.,0.));
#362 = DIRECTION('',(0.,-0.,1.));
#363 = ADVANCED_FACE('',(#364,#374),#444,.T.);
#364 = FACE_BOUND('',#365,.T.);
#365 = EDGE_LOOP('',(#366,#367,#368,#369,#370,#371,#372,#373));
#366 = ORIENTED_EDGE('',*,*,#171,.F.);
#367 = ORIENTED_EDGE('',*,*,#211,.T.);
#368 = ORIENTED_EDGE('',*,*,#254,.T.);
#369 = ORIENTED_EDGE('',*,*,#308,.F.);
#370 = ORIENTED_EDGE('',*,*,#350,.T.);
#371 = ORIENTED_EDGE('',*,*,#327,.T.);
#372 = ORIENTED_EDGE('',*,*,#278,.F.);
#373 = ORIENTED_EDGE('',*,*,#228,.F.);
#374 = FACE_BOUND('',#375,.T.);
#375 = EDGE_LOOP('',(#376,#387,#395,#404,#412,#421,#429,#438));
#376 = ORIENTED_EDGE('',*,*,#377,.F.);
#377 = EDGE_CURVE('',#378,#380,#382,.T.);
#378 = VERTEX_POINT('',#379);
#379 = CARTESIAN_POINT('',(-0.6,-0.585,8.E-02));
#380 = VERTEX_POINT('',#381);
#381 = CARTESIAN_POINT('',(-0.6,-0.545,4.E-02));
#382 = CIRCLE('',#383,4.E-02);
#383 = AXIS2_PLACEMENT_3D('',#384,#385,#386);
#384 = CARTESIAN_POINT('',(-0.6,-0.545,8.E-02));
#385 = DIRECTION('',(1.,0.,-0.));
#386 = DIRECTION('',(0.,0.,1.));
#387 = ORIENTED_EDGE('',*,*,#388,.T.);
#388 = EDGE_CURVE('',#378,#389,#391,.T.);
#389 = VERTEX_POINT('',#390);
#390 = CARTESIAN_POINT('',(-0.6,-0.585,1.17));
#391 = LINE('',#392,#393);
#392 = CARTESIAN_POINT('',(-0.6,-0.585,4.E-02));
#393 = VECTOR('',#394,1.);
#394 = DIRECTION('',(0.,0.,1.));
#395 = ORIENTED_EDGE('',*,*,#396,.T.);
#396 = EDGE_CURVE('',#389,#397,#399,.T.);
#397 = VERTEX_POINT('',#398);
#398 = CARTESIAN_POINT('',(-0.6,-0.545,1.21));
#399 = CIRCLE('',#400,4.E-02);
#400 = AXIS2_PLACEMENT_3D('',#401,#402,#403);
#401 = CARTESIAN_POINT('',(-0.6,-0.545,1.17));
#402 = DIRECTION('',(-1.,0.,0.));
#403 = DIRECTION('',(0.,0.,1.));
#404 = ORIENTED_EDGE('',*,*,#405,.T.);
#405 = EDGE_CURVE('',#397,#406,#408,.T.);
#406 = VERTEX_POINT('',#407);
#407 = CARTESIAN_POINT('',(-0.6,0.545,1.21));
#408 = LINE('',#409,#410);
#409 = CARTESIAN_POINT('',(-0.6,-0.585,1.21));
#410 = VECTOR('',#411,1.);
#411 = DIRECTION('',(0.,1.,0.));
#412 = ORIENTED_EDGE('',*,*,#413,.F.);
#413 = EDGE_CURVE('',#414,#406,#416,.T.);
#414 = VERTEX_POINT('',#415);
#415 = CARTESIAN_POINT('',(-0.6,0.585,1.17));
#416 = CIRCLE('',#417,4.E-02);
#417 = AXIS2_PLACEMENT_3D('',#418,#419,#420);
#418 = CARTESIAN_POINT('',(-0.6,0.545,1.17));
#419 = DIRECTION('',(1.,0.,-0.));
#420 = DIRECTION('',(0.,0.,1.));
#421 = ORIENTED_EDGE('',*,*,#422,.F.);
#422 = EDGE_CURVE('',#423,#414,#425,.T.);
#423 = VERTEX_POINT('',#424);
#424 = CARTESIAN_POINT('',(-0.6,0.585,8.E-02));
#425 = LINE('',#426,#427);
#426 = CARTESIAN_POINT('',(-0.6,0.585,4.E-02));
#427 = VECTOR('',#428,1.);
#428 = DIRECTION('',(0.,0.,1.));
#429 = ORIENTED_EDGE('',*,*,#430,.T.);
#430 = EDGE_CURVE('',#423,#431,#433,.T.);
#431 = VERTEX_POINT('',#432);
#432 = CARTESIAN_POINT('',(-0.6,0.545,4.E-02));
#433 = CIRCLE('',#434,4.E-02);
#434 = AXIS2_PLACEMENT_3D('',#435,#436,#437);
#435 = CARTESIAN_POINT('',(-0.6,0.545,8.E-02));
#436 = DIRECTION('',(-1.,0.,0.));
#437 = DIRECTION('',(0.,0.,1.));
#438 = ORIENTED_EDGE('',*,*,#439,.F.);
#439 = EDGE_CURVE('',#380,#431,#440,.T.);
#440 = LINE('',#441,#442);
#441 = CARTESIAN_POINT('',(-0.6,-0.585,4.E-02));
#442 = VECTOR('',#443,1.);
#443 = DIRECTION('',(0.,1.,0.));
#444 = PLANE('',#445);
#445 = AXIS2_PLACEMENT_3D('',#446,#447,#448);
#446 = CARTESIAN_POINT('',(-0.6,-0.625,0.));
#447 = DIRECTION('',(1.,0.,0.));
#448 = DIRECTION('',(0.,0.,1.));
#449 = ADVANCED_FACE('',(#450),#476,.T.);
#450 = FACE_BOUND('',#451,.T.);
#451 = EDGE_LOOP('',(#452,#453,#461,#470));
#452 = ORIENTED_EDGE('',*,*,#377,.T.);
#453 = ORIENTED_EDGE('',*,*,#454,.T.);
#454 = EDGE_CURVE('',#380,#455,#457,.T.);
#455 = VERTEX_POINT('',#456);
#456 = CARTESIAN_POINT('',(0.6,-0.545,4.E-02));
#457 = LINE('',#458,#459);
#458 = CARTESIAN_POINT('',(-0.6,-0.545,4.E-02));
#459 = VECTOR('',#460,1.);
#460 = DIRECTION('',(1.,0.,0.));
#461 = ORIENTED_EDGE('',*,*,#462,.F.);
#462 = EDGE_CURVE('',#463,#455,#465,.T.);
#463 = VERTEX_POINT('',#464);
#464 = CARTESIAN_POINT('',(0.6,-0.585,8.E-02));
#465 = CIRCLE('',#466,4.E-02);
#466 = AXIS2_PLACEMENT_3D('',#467,#468,#469);
#467 = CARTESIAN_POINT('',(0.6,-0.545,8.E-02));
#468 = DIRECTION('',(1.,0.,-0.));
#469 = DIRECTION('',(0.,0.,1.));
#470 = ORIENTED_EDGE('',*,*,#471,.F.);
#471 = EDGE_CURVE('',#378,#463,#472,.T.);
#472 = LINE('',#473,#474);
#473 = CARTESIAN_POINT('',(-0.6,-0.585,8.E-02));
#474 = VECTOR('',#475,1.);
#475 = DIRECTION('',(1.,0.,0.));
#476 = CYLINDRICAL_SURFACE('',#477,4.E-02);
#477 = AXIS2_PLACEMENT_3D('',#478,#479,#480);
#478 = CARTESIAN_POINT('',(-0.6,-0.545,8.E-02));
#479 = DIRECTION('',(1.,0.,0.));
#480 = DIRECTION('',(0.,-1.,0.));
#481 = ADVANCED_FACE('',(#482),#500,.F.);
#482 = FACE_BOUND('',#483,.F.);
#483 = EDGE_LOOP('',(#484,#485,#486,#494));
#484 = ORIENTED_EDGE('',*,*,#439,.F.);
#485 = ORIENTED_EDGE('',*,*,#454,.T.);
#486 = ORIENTED_EDGE('',*,*,#487,.T.);
#487 = EDGE_CURVE('',#455,#488,#490,.T.);
#488 = VERTEX_POINT('',#489);
#489 = CARTESIAN_POINT('',(0.6,0.545,4.E-02));
#490 = LINE('',#491,#492);
#491 = CARTESIAN_POINT('',(0.6,-0.585,4.E-02));
#492 = VECTOR('',#493,1.);
#493 = DIRECTION('',(0.,1.,0.));
#494 = ORIENTED_EDGE('',*,*,#495,.F.);
#495 = EDGE_CURVE('',#431,#488,#496,.T.);
#496 = LINE('',#497,#498);
#497 = CARTESIAN_POINT('',(-0.6,0.545,4.E-02));
#498 = VECTOR('',#499,1.);
#499 = DIRECTION('',(1.,0.,0.));
#500 = PLANE('',#501);
#501 = AXIS2_PLACEMENT_3D('',#502,#503,#504);
#502 = CARTESIAN_POINT('',(-0.6,-0.585,4.E-02));
#503 = DIRECTION('',(0.,0.,1.));
#504 = DIRECTION('',(1.,0.,-0.));
#505 = ADVANCED_FACE('',(#506),#525,.T.);
#506 = FACE_BOUND('',#507,.T.);
#507 = EDGE_LOOP('',(#508,#516,#523,#524));
#508 = ORIENTED_EDGE('',*,*,#509,.T.);
#509 = EDGE_CURVE('',#423,#510,#512,.T.);
#510 = VERTEX_POINT('',#511);
#511 = CARTESIAN_POINT('',(0.6,0.585,8.E-02));
#512 = LINE('',#513,#514);
#513 = CARTESIAN_POINT('',(-0.6,0.585,8.E-02));
#514 = VECTOR('',#515,1.);
#515 = DIRECTION('',(1.,0.,0.));
#516 = ORIENTED_EDGE('',*,*,#517,.T.);
#517 = EDGE_CURVE('',#510,#488,#518,.T.);
#518 = CIRCLE('',#519,4.E-02);
#519 = AXIS2_PLACEMENT_3D('',#520,#521,#522);
#520 = CARTESIAN_POINT('',(0.6,0.545,8.E-02));
#521 = DIRECTION('',(-1.,0.,0.));
#522 = DIRECTION('',(0.,0.,1.));
#523 = ORIENTED_EDGE('',*,*,#495,.F.);
#524 = ORIENTED_EDGE('',*,*,#430,.F.);
#525 = CYLINDRICAL_SURFACE('',#526,4.E-02);
#526 = AXIS2_PLACEMENT_3D('',#527,#528,#529);
#527 = CARTESIAN_POINT('',(-0.6,0.545,8.E-02));
#528 = DIRECTION('',(1.,0.,0.));
#529 = DIRECTION('',(-0.,1.,0.));
#530 = ADVANCED_FACE('',(#531),#549,.T.);
#531 = FACE_BOUND('',#532,.T.);
#532 = EDGE_LOOP('',(#533,#541,#542,#543));
#533 = ORIENTED_EDGE('',*,*,#534,.F.);
#534 = EDGE_CURVE('',#510,#535,#537,.T.);
#535 = VERTEX_POINT('',#536);
#536 = CARTESIAN_POINT('',(0.6,0.585,1.17));
#537 = LINE('',#538,#539);
#538 = CARTESIAN_POINT('',(0.6,0.585,4.E-02));
#539 = VECTOR('',#540,1.);
#540 = DIRECTION('',(0.,0.,1.));
#541 = ORIENTED_EDGE('',*,*,#509,.F.);
#542 = ORIENTED_EDGE('',*,*,#422,.T.);
#543 = ORIENTED_EDGE('',*,*,#544,.T.);
#544 = EDGE_CURVE('',#414,#535,#545,.T.);
#545 = LINE('',#546,#547);
#546 = CARTESIAN_POINT('',(-0.6,0.585,1.17));
#547 = VECTOR('',#548,1.);
#548 = DIRECTION('',(1.,0.,0.));
#549 = PLANE('',#550);
#550 = AXIS2_PLACEMENT_3D('',#551,#552,#553);
#551 = CARTESIAN_POINT('',(-0.6,0.585,4.E-02));
#552 = DIRECTION('',(0.,1.,0.));
#553 = DIRECTION('',(0.,-0.,1.));
#554 = ADVANCED_FACE('',(#555),#574,.T.);
#555 = FACE_BOUND('',#556,.T.);
#556 = EDGE_LOOP('',(#557,#558,#566,#573));
#557 = ORIENTED_EDGE('',*,*,#413,.T.);
#558 = ORIENTED_EDGE('',*,*,#559,.T.);
#559 = EDGE_CURVE('',#406,#560,#562,.T.);
#560 = VERTEX_POINT('',#561);
#561 = CARTESIAN_POINT('',(0.6,0.545,1.21));
#562 = LINE('',#563,#564);
#563 = CARTESIAN_POINT('',(-0.6,0.545,1.21));
#564 = VECTOR('',#565,1.);
#565 = DIRECTION('',(1.,0.,0.));
#566 = ORIENTED_EDGE('',*,*,#567,.F.);
#567 = EDGE_CURVE('',#535,#560,#568,.T.);
#568 = CIRCLE('',#569,4.E-02);
#569 = AXIS2_PLACEMENT_3D('',#570,#571,#572);
#570 = CARTESIAN_POINT('',(0.6,0.545,1.17));
#571 = DIRECTION('',(1.,0.,-0.));
#572 = DIRECTION('',(0.,0.,1.));
#573 = ORIENTED_EDGE('',*,*,#544,.F.);
#574 = CYLINDRICAL_SURFACE('',#575,4.E-02);
#575 = AXIS2_PLACEMENT_3D('',#576,#577,#578);
#576 = CARTESIAN_POINT('',(-0.6,0.545,1.17));
#577 = DIRECTION('',(1.,0.,0.));
#578 = DIRECTION('',(-0.,1.,0.));
#579 = ADVANCED_FACE('',(#580),#598,.T.);
#580 = FACE_BOUND('',#581,.T.);
#581 = EDGE_LOOP('',(#582,#583,#591,#597));
#582 = ORIENTED_EDGE('',*,*,#405,.F.);
#583 = ORIENTED_EDGE('',*,*,#584,.T.);
#584 = EDGE_CURVE('',#397,#585,#587,.T.);
#585 = VERTEX_POINT('',#586);
#586 = CARTESIAN_POINT('',(0.6,-0.545,1.21));
#587 = LINE('',#588,#589);
#588 = CARTESIAN_POINT('',(-0.6,-0.545,1.21));
#589 = VECTOR('',#590,1.);
#590 = DIRECTION('',(1.,0.,0.));
#591 = ORIENTED_EDGE('',*,*,#592,.T.);
#592 = EDGE_CURVE('',#585,#560,#593,.T.);
#593 = LINE('',#594,#595);
#594 = CARTESIAN_POINT('',(0.6,-0.585,1.21));
#595 = VECTOR('',#596,1.);
#596 = DIRECTION('',(0.,1.,0.));
#597 = ORIENTED_EDGE('',*,*,#559,.F.);
#598 = PLANE('',#599);
#599 = AXIS2_PLACEMENT_3D('',#600,#601,#602);
#600 = CARTESIAN_POINT('',(-0.6,-0.585,1.21));
#601 = DIRECTION('',(0.,0.,1.));
#602 = DIRECTION('',(1.,0.,-0.));
#603 = ADVANCED_FACE('',(#604),#623,.T.);
#604 = FACE_BOUND('',#605,.T.);
#605 = EDGE_LOOP('',(#606,#614,#621,#622));
#606 = ORIENTED_EDGE('',*,*,#607,.T.);
#607 = EDGE_CURVE('',#389,#608,#610,.T.);
#608 = VERTEX_POINT('',#609);
#609 = CARTESIAN_POINT('',(0.6,-0.585,1.17));
#610 = LINE('',#611,#612);
#611 = CARTESIAN_POINT('',(-0.6,-0.585,1.17));
#612 = VECTOR('',#613,1.);
#613 = DIRECTION('',(1.,0.,0.));
#614 = ORIENTED_EDGE('',*,*,#615,.T.);
#615 = EDGE_CURVE('',#608,#585,#616,.T.);
#616 = CIRCLE('',#617,4.E-02);
#617 = AXIS2_PLACEMENT_3D('',#618,#619,#620);
#618 = CARTESIAN_POINT('',(0.6,-0.545,1.17));
#619 = DIRECTION('',(-1.,0.,0.));
#620 = DIRECTION('',(0.,0.,1.));
#621 = ORIENTED_EDGE('',*,*,#584,.F.);
#622 = ORIENTED_EDGE('',*,*,#396,.F.);
#623 = CYLINDRICAL_SURFACE('',#624,4.E-02);
#624 = AXIS2_PLACEMENT_3D('',#625,#626,#627);
#625 = CARTESIAN_POINT('',(-0.6,-0.545,1.17));
#626 = DIRECTION('',(1.,0.,0.));
#627 = DIRECTION('',(0.,-1.,0.));
#628 = ADVANCED_FACE('',(#629),#640,.F.);
#629 = FACE_BOUND('',#630,.F.);
#630 = EDGE_LOOP('',(#631,#637,#638,#639));
#631 = ORIENTED_EDGE('',*,*,#632,.F.);
#632 = EDGE_CURVE('',#463,#608,#633,.T.);
#633 = LINE('',#634,#635);
#634 = CARTESIAN_POINT('',(0.6,-0.585,4.E-02));
#635 = VECTOR('',#636,1.);
#636 = DIRECTION('',(0.,0.,1.));
#637 = ORIENTED_EDGE('',*,*,#471,.F.);
#638 = ORIENTED_EDGE('',*,*,#388,.T.);
#639 = ORIENTED_EDGE('',*,*,#607,.T.);
#640 = PLANE('',#641);
#641 = AXIS2_PLACEMENT_3D('',#642,#643,#644);
#642 = CARTESIAN_POINT('',(-0.6,-0.585,4.E-02));
#643 = DIRECTION('',(0.,1.,0.));
#644 = DIRECTION('',(0.,-0.,1.));
#645 = ADVANCED_FACE('',(#646,#716),#726,.F.);
#646 = FACE_BOUND('',#647,.F.);
#647 = EDGE_LOOP('',(#648,#658,#667,#675,#684,#692,#701,#709));
#648 = ORIENTED_EDGE('',*,*,#649,.F.);
#649 = EDGE_CURVE('',#650,#652,#654,.T.);
#650 = VERTEX_POINT('',#651);
#651 = CARTESIAN_POINT('',(0.6,-0.625,4.E-02));
#652 = VERTEX_POINT('',#653);
#653 = CARTESIAN_POINT('',(0.6,-0.625,1.21));
#654 = LINE('',#655,#656);
#655 = CARTESIAN_POINT('',(0.6,-0.625,0.));
#656 = VECTOR('',#657,1.);
#657 = DIRECTION('',(0.,0.,1.));
#658 = ORIENTED_EDGE('',*,*,#659,.T.);
#659 = EDGE_CURVE('',#650,#660,#662,.T.);
#660 = VERTEX_POINT('',#661);
#661 = CARTESIAN_POINT('',(0.6,-0.585,0.));
#662 = CIRCLE('',#663,4.E-02);
#663 = AXIS2_PLACEMENT_3D('',#664,#665,#666);
#664 = CARTESIAN_POINT('',(0.6,-0.585,4.E-02));
#665 = DIRECTION('',(1.,0.,-0.));
#666 = DIRECTION('',(0.,0.,1.));
#667 = ORIENTED_EDGE('',*,*,#668,.T.);
#668 = EDGE_CURVE('',#660,#669,#671,.T.);
#669 = VERTEX_POINT('',#670);
#670 = CARTESIAN_POINT('',(0.6,0.585,0.));
#671 = LINE('',#672,#673);
#672 = CARTESIAN_POINT('',(0.6,-0.625,0.));
#673 = VECTOR('',#674,1.);
#674 = DIRECTION('',(0.,1.,0.));
#675 = ORIENTED_EDGE('',*,*,#676,.F.);
#676 = EDGE_CURVE('',#677,#669,#679,.T.);
#677 = VERTEX_POINT('',#678);
#678 = CARTESIAN_POINT('',(0.6,0.625,4.E-02));
#679 = CIRCLE('',#680,4.E-02);
#680 = AXIS2_PLACEMENT_3D('',#681,#682,#683);
#681 = CARTESIAN_POINT('',(0.6,0.585,4.E-02));
#682 = DIRECTION('',(-1.,0.,0.));
#683 = DIRECTION('',(0.,0.,1.));
#684 = ORIENTED_EDGE('',*,*,#685,.T.);
#685 = EDGE_CURVE('',#677,#686,#688,.T.);
#686 = VERTEX_POINT('',#687);
#687 = CARTESIAN_POINT('',(0.6,0.625,1.21));
#688 = LINE('',#689,#690);
#689 = CARTESIAN_POINT('',(0.6,0.625,0.));
#690 = VECTOR('',#691,1.);
#691 = DIRECTION('',(0.,0.,1.));
#692 = ORIENTED_EDGE('',*,*,#693,.T.);
#693 = EDGE_CURVE('',#686,#694,#696,.T.);
#694 = VERTEX_POINT('',#695);
#695 = CARTESIAN_POINT('',(0.6,0.585,1.25));
#696 = CIRCLE('',#697,4.E-02);
#697 = AXIS2_PLACEMENT_3D('',#698,#699,#700);
#698 = CARTESIAN_POINT('',(0.6,0.585,1.21));
#699 = DIRECTION('',(1.,0.,-0.));
#700 = DIRECTION('',(0.,0.,1.));
#701 = ORIENTED_EDGE('',*,*,#702,.F.);
#702 = EDGE_CURVE('',#703,#694,#705,.T.);
#703 = VERTEX_POINT('',#704);
#704 = CARTESIAN_POINT('',(0.6,-0.585,1.25));
#705 = LINE('',#706,#707);
#706 = CARTESIAN_POINT('',(0.6,-0.625,1.25));
#707 = VECTOR('',#708,1.);
#708 = DIRECTION('',(0.,1.,0.));
#709 = ORIENTED_EDGE('',*,*,#710,.F.);
#710 = EDGE_CURVE('',#652,#703,#711,.T.);
#711 = CIRCLE('',#712,4.E-02);
#712 = AXIS2_PLACEMENT_3D('',#713,#714,#715);
#713 = CARTESIAN_POINT('',(0.6,-0.585,1.21));
#714 = DIRECTION('',(-1.,0.,0.));
#715 = DIRECTION('',(0.,0.,1.));
#716 = FACE_BOUND('',#717,.F.);
#717 = EDGE_LOOP('',(#718,#719,#720,#721,#722,#723,#724,#725));
#718 = ORIENTED_EDGE('',*,*,#462,.F.);
#719 = ORIENTED_EDGE('',*,*,#632,.T.);
#720 = ORIENTED_EDGE('',*,*,#615,.T.);
#721 = ORIENTED_EDGE('',*,*,#592,.T.);
#722 = ORIENTED_EDGE('',*,*,#567,.F.);
#723 = ORIENTED_EDGE('',*,*,#534,.F.);
#724 = ORIENTED_EDGE('',*,*,#517,.T.);
#725 = ORIENTED_EDGE('',*,*,#487,.F.);
#726 = PLANE('',#727);
#727 = AXIS2_PLACEMENT_3D('',#728,#729,#730);
#728 = CARTESIAN_POINT('',(0.6,-0.625,0.));
#729 = DIRECTION('',(1.,0.,0.));
#730 = DIRECTION('',(0.,0.,1.));
#731 = ADVANCED_FACE('',(#732),#757,.F.);
#732 = FACE_BOUND('',#733,.F.);
#733 = EDGE_LOOP('',(#734,#744,#750,#751));
#734 = ORIENTED_EDGE('',*,*,#735,.F.);
#735 = EDGE_CURVE('',#736,#738,#740,.T.);
#736 = VERTEX_POINT('',#737);
#737 = CARTESIAN_POINT('',(1.,-0.625,4.E-02));
#738 = VERTEX_POINT('',#739);
#739 = CARTESIAN_POINT('',(1.,-0.625,1.21));
#740 = LINE('',#741,#742);
#741 = CARTESIAN_POINT('',(1.,-0.625,0.));
#742 = VECTOR('',#743,1.);
#743 = DIRECTION('',(0.,0.,1.));
#744 = ORIENTED_EDGE('',*,*,#745,.F.);
#745 = EDGE_CURVE('',#650,#736,#746,.T.);
#746 = LINE('',#747,#748);
#747 = CARTESIAN_POINT('',(0.6,-0.625,4.E-02));
#748 = VECTOR('',#749,1.);
#749 = DIRECTION('',(1.,0.,0.));
#750 = ORIENTED_EDGE('',*,*,#649,.T.);
#751 = ORIENTED_EDGE('',*,*,#752,.T.);
#752 = EDGE_CURVE('',#652,#738,#753,.T.);
#753 = LINE('',#754,#755);
#754 = CARTESIAN_POINT('',(0.6,-0.625,1.21));
#755 = VECTOR('',#756,1.);
#756 = DIRECTION('',(1.,0.,0.));
#757 = PLANE('',#758);
#758 = AXIS2_PLACEMENT_3D('',#759,#760,#761);
#759 = CARTESIAN_POINT('',(0.6,-0.625,0.));
#760 = DIRECTION('',(0.,1.,0.));
#761 = DIRECTION('',(0.,-0.,1.));
#762 = ADVANCED_FACE('',(#763),#782,.T.);
#763 = FACE_BOUND('',#764,.T.);
#764 = EDGE_LOOP('',(#765,#766,#774,#781));
#765 = ORIENTED_EDGE('',*,*,#659,.T.);
#766 = ORIENTED_EDGE('',*,*,#767,.T.);
#767 = EDGE_CURVE('',#660,#768,#770,.T.);
#768 = VERTEX_POINT('',#769);
#769 = CARTESIAN_POINT('',(1.,-0.585,0.));
#770 = LINE('',#771,#772);
#771 = CARTESIAN_POINT('',(0.6,-0.585,0.));
#772 = VECTOR('',#773,1.);
#773 = DIRECTION('',(1.,0.,0.));
#774 = ORIENTED_EDGE('',*,*,#775,.F.);
#775 = EDGE_CURVE('',#736,#768,#776,.T.);
#776 = CIRCLE('',#777,4.E-02);
#777 = AXIS2_PLACEMENT_3D('',#778,#779,#780);
#778 = CARTESIAN_POINT('',(1.,-0.585,4.E-02));
#779 = DIRECTION('',(1.,0.,-0.));
#780 = DIRECTION('',(0.,0.,1.));
#781 = ORIENTED_EDGE('',*,*,#745,.F.);
#782 = CYLINDRICAL_SURFACE('',#783,4.E-02);
#783 = AXIS2_PLACEMENT_3D('',#784,#785,#786);
#784 = CARTESIAN_POINT('',(0.6,-0.585,4.E-02));
#785 = DIRECTION('',(1.,0.,0.));
#786 = DIRECTION('',(0.,-1.,0.));
#787 = ADVANCED_FACE('',(#788),#807,.T.);
#788 = FACE_BOUND('',#789,.T.);
#789 = EDGE_LOOP('',(#790,#791,#800,#806));
#790 = ORIENTED_EDGE('',*,*,#752,.T.);
#791 = ORIENTED_EDGE('',*,*,#792,.T.);
#792 = EDGE_CURVE('',#738,#793,#795,.T.);
#793 = VERTEX_POINT('',#794);
#794 = CARTESIAN_POINT('',(1.,-0.585,1.25));
#795 = CIRCLE('',#796,4.E-02);
#796 = AXIS2_PLACEMENT_3D('',#797,#798,#799);
#797 = CARTESIAN_POINT('',(1.,-0.585,1.21));
#798 = DIRECTION('',(-1.,0.,0.));
#799 = DIRECTION('',(0.,0.,1.));
#800 = ORIENTED_EDGE('',*,*,#801,.F.);
#801 = EDGE_CURVE('',#703,#793,#802,.T.);
#802 = LINE('',#803,#804);
#803 = CARTESIAN_POINT('',(0.6,-0.585,1.25));
#804 = VECTOR('',#805,1.);
#805 = DIRECTION('',(1.,0.,0.));
#806 = ORIENTED_EDGE('',*,*,#710,.F.);
#807 = CYLINDRICAL_SURFACE('',#808,4.E-02);
#808 = AXIS2_PLACEMENT_3D('',#809,#810,#811);
#809 = CARTESIAN_POINT('',(0.6,-0.585,1.21));
#810 = DIRECTION('',(1.,0.,0.));
#811 = DIRECTION('',(0.,-1.,0.));
#812 = ADVANCED_FACE('',(#813),#831,.F.);
#813 = FACE_BOUND('',#814,.F.);
#814 = EDGE_LOOP('',(#815,#816,#817,#825));
#815 = ORIENTED_EDGE('',*,*,#668,.F.);
#816 = ORIENTED_EDGE('',*,*,#767,.T.);
#817 = ORIENTED_EDGE('',*,*,#818,.T.);
#818 = EDGE_CURVE('',#768,#819,#821,.T.);
#819 = VERTEX_POINT('',#820);
#820 = CARTESIAN_POINT('',(1.,0.585,0.));
#821 = LINE('',#822,#823);
#822 = CARTESIAN_POINT('',(1.,-0.625,0.));
#823 = VECTOR('',#824,1.);
#824 = DIRECTION('',(0.,1.,0.));
#825 = ORIENTED_EDGE('',*,*,#826,.F.);
#826 = EDGE_CURVE('',#669,#819,#827,.T.);
#827 = LINE('',#828,#829);
#828 = CARTESIAN_POINT('',(0.6,0.585,0.));
#829 = VECTOR('',#830,1.);
#830 = DIRECTION('',(1.,0.,0.));
#831 = PLANE('',#832);
#832 = AXIS2_PLACEMENT_3D('',#833,#834,#835);
#833 = CARTESIAN_POINT('',(0.6,-0.625,0.));
#834 = DIRECTION('',(0.,0.,1.));
#835 = DIRECTION('',(1.,0.,-0.));
#836 = ADVANCED_FACE('',(#837),#855,.T.);
#837 = FACE_BOUND('',#838,.T.);
#838 = EDGE_LOOP('',(#839,#840,#841,#849));
#839 = ORIENTED_EDGE('',*,*,#702,.F.);
#840 = ORIENTED_EDGE('',*,*,#801,.T.);
#841 = ORIENTED_EDGE('',*,*,#842,.T.);
#842 = EDGE_CURVE('',#793,#843,#845,.T.);
#843 = VERTEX_POINT('',#844);
#844 = CARTESIAN_POINT('',(1.,0.585,1.25));
#845 = LINE('',#846,#847);
#846 = CARTESIAN_POINT('',(1.,-0.625,1.25));
#847 = VECTOR('',#848,1.);
#848 = DIRECTION('',(0.,1.,0.));
#849 = ORIENTED_EDGE('',*,*,#850,.F.);
#850 = EDGE_CURVE('',#694,#843,#851,.T.);
#851 = LINE('',#852,#853);
#852 = CARTESIAN_POINT('',(0.6,0.585,1.25));
#853 = VECTOR('',#854,1.);
#854 = DIRECTION('',(1.,0.,0.));
#855 = PLANE('',#856);
#856 = AXIS2_PLACEMENT_3D('',#857,#858,#859);
#857 = CARTESIAN_POINT('',(0.6,-0.625,1.25));
#858 = DIRECTION('',(0.,0.,1.));
#859 = DIRECTION('',(1.,0.,-0.));
#860 = ADVANCED_FACE('',(#861),#880,.T.);
#861 = FACE_BOUND('',#862,.T.);
#862 = EDGE_LOOP('',(#863,#871,#878,#879));
#863 = ORIENTED_EDGE('',*,*,#864,.T.);
#864 = EDGE_CURVE('',#677,#865,#867,.T.);
#865 = VERTEX_POINT('',#866);
#866 = CARTESIAN_POINT('',(1.,0.625,4.E-02));
#867 = LINE('',#868,#869);
#868 = CARTESIAN_POINT('',(0.6,0.625,4.E-02));
#869 = VECTOR('',#870,1.);
#870 = DIRECTION('',(1.,0.,0.));
#871 = ORIENTED_EDGE('',*,*,#872,.T.);
#872 = EDGE_CURVE('',#865,#819,#873,.T.);
#873 = CIRCLE('',#874,4.E-02);
#874 = AXIS2_PLACEMENT_3D('',#875,#876,#877);
#875 = CARTESIAN_POINT('',(1.,0.585,4.E-02));
#876 = DIRECTION('',(-1.,0.,0.));
#877 = DIRECTION('',(0.,0.,1.));
#878 = ORIENTED_EDGE('',*,*,#826,.F.);
#879 = ORIENTED_EDGE('',*,*,#676,.F.);
#880 = CYLINDRICAL_SURFACE('',#881,4.E-02);
#881 = AXIS2_PLACEMENT_3D('',#882,#883,#884);
#882 = CARTESIAN_POINT('',(0.6,0.585,4.E-02));
#883 = DIRECTION('',(1.,0.,0.));
#884 = DIRECTION('',(-0.,1.,0.));
#885 = ADVANCED_FACE('',(#886),#905,.T.);
#886 = FACE_BOUND('',#887,.T.);
#887 = EDGE_LOOP('',(#888,#889,#890,#899));
#888 = ORIENTED_EDGE('',*,*,#693,.T.);
#889 = ORIENTED_EDGE('',*,*,#850,.T.);
#890 = ORIENTED_EDGE('',*,*,#891,.F.);
#891 = EDGE_CURVE('',#892,#843,#894,.T.);
#892 = VERTEX_POINT('',#893);
#893 = CARTESIAN_POINT('',(1.,0.625,1.21));
#894 = CIRCLE('',#895,4.E-02);
#895 = AXIS2_PLACEMENT_3D('',#896,#897,#898);
#896 = CARTESIAN_POINT('',(1.,0.585,1.21));
#897 = DIRECTION('',(1.,0.,-0.));
#898 = DIRECTION('',(0.,0.,1.));
#899 = ORIENTED_EDGE('',*,*,#900,.F.);
#900 = EDGE_CURVE('',#686,#892,#901,.T.);
#901 = LINE('',#902,#903);
#902 = CARTESIAN_POINT('',(0.6,0.625,1.21));
#903 = VECTOR('',#904,1.);
#904 = DIRECTION('',(1.,0.,0.));
#905 = CYLINDRICAL_SURFACE('',#906,4.E-02);
#906 = AXIS2_PLACEMENT_3D('',#907,#908,#909);
#907 = CARTESIAN_POINT('',(0.6,0.585,1.21));
#908 = DIRECTION('',(1.,0.,0.));
#909 = DIRECTION('',(-0.,1.,0.));
#910 = ADVANCED_FACE('',(#911),#922,.T.);
#911 = FACE_BOUND('',#912,.T.);
#912 = EDGE_LOOP('',(#913,#919,#920,#921));
#913 = ORIENTED_EDGE('',*,*,#914,.F.);
#914 = EDGE_CURVE('',#865,#892,#915,.T.);
#915 = LINE('',#916,#917);
#916 = CARTESIAN_POINT('',(1.,0.625,0.));
#917 = VECTOR('',#918,1.);
#918 = DIRECTION('',(0.,0.,1.));
#919 = ORIENTED_EDGE('',*,*,#864,.F.);
#920 = ORIENTED_EDGE('',*,*,#685,.T.);
#921 = ORIENTED_EDGE('',*,*,#900,.T.);
#922 = PLANE('',#923);
#923 = AXIS2_PLACEMENT_3D('',#924,#925,#926);
#924 = CARTESIAN_POINT('',(0.6,0.625,0.));
#925 = DIRECTION('',(0.,1.,0.));
#926 = DIRECTION('',(0.,-0.,1.));
#927 = ADVANCED_FACE('',(#928),#938,.T.);
#928 = FACE_BOUND('',#929,.T.);
#929 = EDGE_LOOP('',(#930,#931,#932,#933,#934,#935,#936,#937));
#930 = ORIENTED_EDGE('',*,*,#735,.F.);
#931 = ORIENTED_EDGE('',*,*,#775,.T.);
#932 = ORIENTED_EDGE('',*,*,#818,.T.);
#933 = ORIENTED_EDGE('',*,*,#872,.F.);
#934 = ORIENTED_EDGE('',*,*,#914,.T.);
#935 = ORIENTED_EDGE('',*,*,#891,.T.);
#936 = ORIENTED_EDGE('',*,*,#842,.F.);
#937 = ORIENTED_EDGE('',*,*,#792,.F.);
#938 = PLANE('',#939);
#939 = AXIS2_PLACEMENT_3D('',#940,#941,#942);
#940 = CARTESIAN_POINT('',(1.,-0.625,0.));
#941 = DIRECTION('',(1.,0.,0.));
#942 = DIRECTION('',(0.,0.,1.));
#943 = ( GEOMETRIC_REPRESENTATION_CONTEXT(3) 
GLOBAL_UNCERTAINTY_ASSIGNED_CONTEXT((#947)) GLOBAL_UNIT_ASSIGNED_CONTEXT
((#944,#945,#946)) REPRESENTATION_CONTEXT('Context #1',
  '3D Context with UNIT and UNCERTAINTY') );
#944 = ( LENGTH_UNIT() NAMED_UNIT(*) SI_UNIT(.MILLI.,.METRE.) );
#945 = ( NAMED_UNIT(*) PLANE_ANGLE_UNIT() SI_UNIT($,.RADIAN.) );
#946 = ( NAMED_UNIT(*) SI_UNIT($,.STERADIAN.) SOLID_ANGLE_UNIT() );
#947 = UNCERTAINTY_MEASURE_WITH_UNIT(LENGTH_MEASURE(1.E-07),#944,
  'distance_accuracy_value','confusion accuracy');
#948 = CONTEXT_DEPENDENT_SHAPE_REPRESENTATION(#949,#951);
#949 = ( REPRESENTATION_RELATIONSHIP('','',#88,#10) 
REPRESENTATION_RELATIONSHIP_WITH_TRANSFORMATION(#950) 
SHAPE_REPRESENTATION_RELATIONSHIP() );
#950 = ITEM_DEFINED_TRANSFORMATION('','',#11,#15);
#951 = PRODUCT_DEFINITION_SHAPE('Placement','Placement of an item',#952
  );
#952 = NEXT_ASSEMBLY_USAGE_OCCURRENCE('1','R1','',#5,#83,$);
#953 = PRODUCT_RELATED_PRODUCT_CATEGORY('part',$,(#85));
#954 = SHAPE_DEFINITION_REPRESENTATION(#955,#961);
#955 = PRODUCT_DEFINITION_SHAPE('','',#956);
#956 = PRODUCT_DEFINITION('design','',#957,#960);
#957 = PRODUCT_DEFINITION_FORMATION('','',#958);
#958 = PRODUCT('SW_PUSH_6mm_H4.3mm','SW_PUSH_6mm_H4.3mm','',(#959));
#959 = PRODUCT_CONTEXT('',#2,'mechanical');
#960 = PRODUCT_DEFINITION_CONTEXT('part definition',#2,'design');
#961 = ADVANCED_BREP_SHAPE_REPRESENTATION('',(#11,#962),#4191);
#962 = MANIFOLD_SOLID_BREP('',#963);
#963 = CLOSED_SHELL('',(#964,#981,#1006,#1129,#1160,#1185,#1210,#1234,
    #1258,#1283,#1308,#1325,#1350,#1375,#1400,#1425,#1456,#1481,#1506,
    #1594,#1682,#1707,#1732,#1749,#1758,#1784,#1793,#1802,#1846,#1996,
    #2020,#2163,#2313,#2463,#2480,#2630,#2654,#2797,#2947,#3097,#3114,
    #3123,#3140,#3157,#3174,#3191,#3213,#3230,#3247,#3264,#3281,#3293,
    #3310,#3327,#3344,#3361,#3378,#3395,#3412,#3429,#3441,#3463,#3480,
    #3497,#3514,#3531,#3543,#3560,#3577,#3594,#3611,#3628,#3645,#3662,
    #3679,#3691,#3713,#3730,#3747,#3764,#3781,#3793,#3810,#3827,#3844,
    #3861,#3878,#3895,#3912,#3929,#3941,#3963,#3980,#3997,#4014,#4031,
    #4043,#4060,#4077,#4094,#4111,#4128,#4145,#4162,#4179));
#964 = ADVANCED_FACE('',(#965),#976,.F.);
#965 = FACE_BOUND('',#966,.T.);
#966 = EDGE_LOOP('',(#967));
#967 = ORIENTED_EDGE('',*,*,#968,.T.);
#968 = EDGE_CURVE('',#969,#969,#971,.T.);
#969 = VERTEX_POINT('',#970);
#970 = CARTESIAN_POINT('',(1.65,-4.25,4.1));
#971 = CIRCLE('',#972,0.5);
#972 = AXIS2_PLACEMENT_3D('',#973,#974,#975);
#973 = CARTESIAN_POINT('',(1.15,-4.25,4.1));
#974 = DIRECTION('',(0.,0.,1.));
#975 = DIRECTION('',(1.,0.,-0.));
#976 = PLANE('',#977);
#977 = AXIS2_PLACEMENT_3D('',#978,#979,#980);
#978 = CARTESIAN_POINT('',(1.65,-4.25,4.1));
#979 = DIRECTION('',(0.,0.,-1.));
#980 = DIRECTION('',(-1.,0.,0.));
#981 = ADVANCED_FACE('',(#982),#1001,.T.);
#982 = FACE_BOUND('',#983,.T.);
#983 = EDGE_LOOP('',(#984,#992,#993,#994));
#984 = ORIENTED_EDGE('',*,*,#985,.T.);
#985 = EDGE_CURVE('',#986,#969,#988,.T.);
#986 = VERTEX_POINT('',#987);
#987 = CARTESIAN_POINT('',(1.65,-4.25,3.6));
#988 = LINE('',#989,#990);
#989 = CARTESIAN_POINT('',(1.65,-4.25,3.5));
#990 = VECTOR('',#991,1.);
#991 = DIRECTION('',(0.,0.,1.));
#992 = ORIENTED_EDGE('',*,*,#968,.F.);
#993 = ORIENTED_EDGE('',*,*,#985,.F.);
#994 = ORIENTED_EDGE('',*,*,#995,.F.);
#995 = EDGE_CURVE('',#986,#986,#996,.T.);
#996 = CIRCLE('',#997,0.5);
#997 = AXIS2_PLACEMENT_3D('',#998,#999,#1000);
#998 = CARTESIAN_POINT('',(1.15,-4.25,3.6));
#999 = DIRECTION('',(0.,0.,-1.));
#1000 = DIRECTION('',(1.,0.,0.));
#1001 = CYLINDRICAL_SURFACE('',#1002,0.5);
#1002 = AXIS2_PLACEMENT_3D('',#1003,#1004,#1005);
#1003 = CARTESIAN_POINT('',(1.15,-4.25,3.5));
#1004 = DIRECTION('',(-0.,-0.,-1.));
#1005 = DIRECTION('',(1.,0.,0.));
#1006 = ADVANCED_FACE('',(#1007,#1077,#1088,#1099,#1110,#1121),#1124,.F.
  );
#1007 = FACE_BOUND('',#1008,.F.);
#1008 = EDGE_LOOP('',(#1009,#1019,#1028,#1036,#1045,#1053,#1062,#1070));
#1009 = ORIENTED_EDGE('',*,*,#1010,.F.);
#1010 = EDGE_CURVE('',#1011,#1013,#1015,.T.);
#1011 = VERTEX_POINT('',#1012);
#1012 = CARTESIAN_POINT('',(0.45,-5.25,3.6));
#1013 = VERTEX_POINT('',#1014);
#1014 = CARTESIAN_POINT('',(5.85,-5.25,3.6));
#1015 = LINE('',#1016,#1017);
#1016 = CARTESIAN_POINT('',(0.15,-5.25,3.6));
#1017 = VECTOR('',#1018,1.);
#1018 = DIRECTION('',(1.,0.,0.));
#1019 = ORIENTED_EDGE('',*,*,#1020,.T.);
#1020 = EDGE_CURVE('',#1011,#1021,#1023,.T.);
#1021 = VERTEX_POINT('',#1022);
#1022 = CARTESIAN_POINT('',(0.15,-4.95,3.6));
#1023 = CIRCLE('',#1024,0.3);
#1024 = AXIS2_PLACEMENT_3D('',#1025,#1026,#1027);
#1025 = CARTESIAN_POINT('',(0.45,-4.95,3.6));
#1026 = DIRECTION('',(-0.,-0.,-1.));
#1027 = DIRECTION('',(0.,-1.,0.));
#1028 = ORIENTED_EDGE('',*,*,#1029,.F.);
#1029 = EDGE_CURVE('',#1030,#1021,#1032,.T.);
#1030 = VERTEX_POINT('',#1031);
#1031 = CARTESIAN_POINT('',(0.15,0.45,3.6));
#1032 = LINE('',#1033,#1034);
#1033 = CARTESIAN_POINT('',(0.15,0.75,3.6));
#1034 = VECTOR('',#1035,1.);
#1035 = DIRECTION('',(0.,-1.,0.));
#1036 = ORIENTED_EDGE('',*,*,#1037,.F.);
#1037 = EDGE_CURVE('',#1038,#1030,#1040,.T.);
#1038 = VERTEX_POINT('',#1039);
#1039 = CARTESIAN_POINT('',(0.45,0.75,3.6));
#1040 = CIRCLE('',#1041,0.3);
#1041 = AXIS2_PLACEMENT_3D('',#1042,#1043,#1044);
#1042 = CARTESIAN_POINT('',(0.45,0.45,3.6));
#1043 = DIRECTION('',(-0.,0.,1.));
#1044 = DIRECTION('',(0.,-1.,0.));
#1045 = ORIENTED_EDGE('',*,*,#1046,.F.);
#1046 = EDGE_CURVE('',#1047,#1038,#1049,.T.);
#1047 = VERTEX_POINT('',#1048);
#1048 = CARTESIAN_POINT('',(5.85,0.75,3.6));
#1049 = LINE('',#1050,#1051);
#1050 = CARTESIAN_POINT('',(6.15,0.75,3.6));
#1051 = VECTOR('',#1052,1.);
#1052 = DIRECTION('',(-1.,0.,0.));
#1053 = ORIENTED_EDGE('',*,*,#1054,.F.);
#1054 = EDGE_CURVE('',#1055,#1047,#1057,.T.);
#1055 = VERTEX_POINT('',#1056);
#1056 = CARTESIAN_POINT('',(6.15,0.45,3.6));
#1057 = CIRCLE('',#1058,0.3);
#1058 = AXIS2_PLACEMENT_3D('',#1059,#1060,#1061);
#1059 = CARTESIAN_POINT('',(5.85,0.45,3.6));
#1060 = DIRECTION('',(-0.,0.,1.));
#1061 = DIRECTION('',(0.,-1.,0.));
#1062 = ORIENTED_EDGE('',*,*,#1063,.F.);
#1063 = EDGE_CURVE('',#1064,#1055,#1066,.T.);
#1064 = VERTEX_POINT('',#1065);
#1065 = CARTESIAN_POINT('',(6.15,-4.95,3.6));
#1066 = LINE('',#1067,#1068);
#1067 = CARTESIAN_POINT('',(6.15,-5.25,3.6));
#1068 = VECTOR('',#1069,1.);
#1069 = DIRECTION('',(0.,1.,0.));
#1070 = ORIENTED_EDGE('',*,*,#1071,.F.);
#1071 = EDGE_CURVE('',#1013,#1064,#1072,.T.);
#1072 = CIRCLE('',#1073,0.3);
#1073 = AXIS2_PLACEMENT_3D('',#1074,#1075,#1076);
#1074 = CARTESIAN_POINT('',(5.85,-4.95,3.6));
#1075 = DIRECTION('',(-0.,0.,1.));
#1076 = DIRECTION('',(0.,-1.,0.));
#1077 = FACE_BOUND('',#1078,.F.);
#1078 = EDGE_LOOP('',(#1079));
#1079 = ORIENTED_EDGE('',*,*,#1080,.F.);
#1080 = EDGE_CURVE('',#1081,#1081,#1083,.T.);
#1081 = VERTEX_POINT('',#1082);
#1082 = CARTESIAN_POINT('',(5.65,-4.25,3.6));
#1083 = CIRCLE('',#1084,0.5);
#1084 = AXIS2_PLACEMENT_3D('',#1085,#1086,#1087);
#1085 = CARTESIAN_POINT('',(5.15,-4.25,3.6));
#1086 = DIRECTION('',(0.,0.,-1.));
#1087 = DIRECTION('',(1.,0.,0.));
#1088 = FACE_BOUND('',#1089,.F.);
#1089 = EDGE_LOOP('',(#1090));
#1090 = ORIENTED_EDGE('',*,*,#1091,.F.);
#1091 = EDGE_CURVE('',#1092,#1092,#1094,.T.);
#1092 = VERTEX_POINT('',#1093);
#1093 = CARTESIAN_POINT('',(4.9,-2.25,3.6));
#1094 = CIRCLE('',#1095,1.75);
#1095 = AXIS2_PLACEMENT_3D('',#1096,#1097,#1098);
#1096 = CARTESIAN_POINT('',(3.15,-2.25,3.6));
#1097 = DIRECTION('',(0.,0.,-1.));
#1098 = DIRECTION('',(1.,0.,0.));
#1099 = FACE_BOUND('',#1100,.F.);
#1100 = EDGE_LOOP('',(#1101));
#1101 = ORIENTED_EDGE('',*,*,#1102,.F.);
#1102 = EDGE_CURVE('',#1103,#1103,#1105,.T.);
#1103 = VERTEX_POINT('',#1104);
#1104 = CARTESIAN_POINT('',(1.65,-0.25,3.6));
#1105 = CIRCLE('',#1106,0.5);
#1106 = AXIS2_PLACEMENT_3D('',#1107,#1108,#1109);
#1107 = CARTESIAN_POINT('',(1.15,-0.25,3.6));
#1108 = DIRECTION('',(0.,0.,-1.));
#1109 = DIRECTION('',(1.,0.,0.));
#1110 = FACE_BOUND('',#1111,.F.);
#1111 = EDGE_LOOP('',(#1112));
#1112 = ORIENTED_EDGE('',*,*,#1113,.F.);
#1113 = EDGE_CURVE('',#1114,#1114,#1116,.T.);
#1114 = VERTEX_POINT('',#1115);
#1115 = CARTESIAN_POINT('',(5.65,-0.25,3.6));
#1116 = CIRCLE('',#1117,0.5);
#1117 = AXIS2_PLACEMENT_3D('',#1118,#1119,#1120);
#1118 = CARTESIAN_POINT('',(5.15,-0.25,3.6));
#1119 = DIRECTION('',(0.,0.,-1.));
#1120 = DIRECTION('',(1.,0.,0.));
#1121 = FACE_BOUND('',#1122,.F.);
#1122 = EDGE_LOOP('',(#1123));
#1123 = ORIENTED_EDGE('',*,*,#995,.F.);
#1124 = PLANE('',#1125);
#1125 = AXIS2_PLACEMENT_3D('',#1126,#1127,#1128);
#1126 = CARTESIAN_POINT('',(0.15,-5.25,3.6));
#1127 = DIRECTION('',(0.,0.,-1.));
#1128 = DIRECTION('',(-1.,0.,0.));
#1129 = ADVANCED_FACE('',(#1130),#1155,.F.);
#1130 = FACE_BOUND('',#1131,.F.);
#1131 = EDGE_LOOP('',(#1132,#1142,#1148,#1149));
#1132 = ORIENTED_EDGE('',*,*,#1133,.F.);
#1133 = EDGE_CURVE('',#1134,#1136,#1138,.T.);
#1134 = VERTEX_POINT('',#1135);
#1135 = CARTESIAN_POINT('',(0.45,-5.25,3.5));
#1136 = VERTEX_POINT('',#1137);
#1137 = CARTESIAN_POINT('',(5.85,-5.25,3.5));
#1138 = LINE('',#1139,#1140);
#1139 = CARTESIAN_POINT('',(0.15,-5.25,3.5));
#1140 = VECTOR('',#1141,1.);
#1141 = DIRECTION('',(1.,0.,0.));
#1142 = ORIENTED_EDGE('',*,*,#1143,.T.);
#1143 = EDGE_CURVE('',#1134,#1011,#1144,.T.);
#1144 = LINE('',#1145,#1146);
#1145 = CARTESIAN_POINT('',(0.45,-5.25,3.5));
#1146 = VECTOR('',#1147,1.);
#1147 = DIRECTION('',(0.,0.,1.));
#1148 = ORIENTED_EDGE('',*,*,#1010,.T.);
#1149 = ORIENTED_EDGE('',*,*,#1150,.F.);
#1150 = EDGE_CURVE('',#1136,#1013,#1151,.T.);
#1151 = LINE('',#1152,#1153);
#1152 = CARTESIAN_POINT('',(5.85,-5.25,3.5));
#1153 = VECTOR('',#1154,1.);
#1154 = DIRECTION('',(0.,0.,1.));
#1155 = PLANE('',#1156);
#1156 = AXIS2_PLACEMENT_3D('',#1157,#1158,#1159);
#1157 = CARTESIAN_POINT('',(0.15,-5.25,3.5));
#1158 = DIRECTION('',(0.,1.,0.));
#1159 = DIRECTION('',(1.,0.,0.));
#1160 = ADVANCED_FACE('',(#1161),#1180,.T.);
#1161 = FACE_BOUND('',#1162,.T.);
#1162 = EDGE_LOOP('',(#1163,#1164,#1165,#1173));
#1163 = ORIENTED_EDGE('',*,*,#1143,.T.);
#1164 = ORIENTED_EDGE('',*,*,#1020,.T.);
#1165 = ORIENTED_EDGE('',*,*,#1166,.F.);
#1166 = EDGE_CURVE('',#1167,#1021,#1169,.T.);
#1167 = VERTEX_POINT('',#1168);
#1168 = CARTESIAN_POINT('',(0.15,-4.95,3.5));
#1169 = LINE('',#1170,#1171);
#1170 = CARTESIAN_POINT('',(0.15,-4.95,3.5));
#1171 = VECTOR('',#1172,1.);
#1172 = DIRECTION('',(0.,0.,1.));
#1173 = ORIENTED_EDGE('',*,*,#1174,.F.);
#1174 = EDGE_CURVE('',#1134,#1167,#1175,.T.);
#1175 = CIRCLE('',#1176,0.3);
#1176 = AXIS2_PLACEMENT_3D('',#1177,#1178,#1179);
#1177 = CARTESIAN_POINT('',(0.45,-4.95,3.5));
#1178 = DIRECTION('',(-0.,-0.,-1.));
#1179 = DIRECTION('',(0.,-1.,0.));
#1180 = CYLINDRICAL_SURFACE('',#1181,0.3);
#1181 = AXIS2_PLACEMENT_3D('',#1182,#1183,#1184);
#1182 = CARTESIAN_POINT('',(0.45,-4.95,3.5));
#1183 = DIRECTION('',(0.,0.,1.));
#1184 = DIRECTION('',(0.,-1.,0.));
#1185 = ADVANCED_FACE('',(#1186),#1205,.T.);
#1186 = FACE_BOUND('',#1187,.T.);
#1187 = EDGE_LOOP('',(#1188,#1197,#1203,#1204));
#1188 = ORIENTED_EDGE('',*,*,#1189,.T.);
#1189 = EDGE_CURVE('',#1136,#1190,#1192,.T.);
#1190 = VERTEX_POINT('',#1191);
#1191 = CARTESIAN_POINT('',(6.15,-4.95,3.5));
#1192 = CIRCLE('',#1193,0.3);
#1193 = AXIS2_PLACEMENT_3D('',#1194,#1195,#1196);
#1194 = CARTESIAN_POINT('',(5.85,-4.95,3.5));
#1195 = DIRECTION('',(-0.,0.,1.));
#1196 = DIRECTION('',(0.,-1.,0.));
#1197 = ORIENTED_EDGE('',*,*,#1198,.T.);
#1198 = EDGE_CURVE('',#1190,#1064,#1199,.T.);
#1199 = LINE('',#1200,#1201);
#1200 = CARTESIAN_POINT('',(6.15,-4.95,3.5));
#1201 = VECTOR('',#1202,1.);
#1202 = DIRECTION('',(0.,0.,1.));
#1203 = ORIENTED_EDGE('',*,*,#1071,.F.);
#1204 = ORIENTED_EDGE('',*,*,#1150,.F.);
#1205 = CYLINDRICAL_SURFACE('',#1206,0.3);
#1206 = AXIS2_PLACEMENT_3D('',#1207,#1208,#1209);
#1207 = CARTESIAN_POINT('',(5.85,-4.95,3.5));
#1208 = DIRECTION('',(0.,0.,1.));
#1209 = DIRECTION('',(0.,-1.,0.));
#1210 = ADVANCED_FACE('',(#1211),#1229,.F.);
#1211 = FACE_BOUND('',#1212,.F.);
#1212 = EDGE_LOOP('',(#1213,#1221,#1227,#1228));
#1213 = ORIENTED_EDGE('',*,*,#1214,.F.);
#1214 = EDGE_CURVE('',#1215,#1167,#1217,.T.);
#1215 = VERTEX_POINT('',#1216);
#1216 = CARTESIAN_POINT('',(0.15,0.45,3.5));
#1217 = LINE('',#1218,#1219);
#1218 = CARTESIAN_POINT('',(0.15,0.75,3.5));
#1219 = VECTOR('',#1220,1.);
#1220 = DIRECTION('',(0.,-1.,0.));
#1221 = ORIENTED_EDGE('',*,*,#1222,.T.);
#1222 = EDGE_CURVE('',#1215,#1030,#1223,.T.);
#1223 = LINE('',#1224,#1225);
#1224 = CARTESIAN_POINT('',(0.15,0.45,3.5));
#1225 = VECTOR('',#1226,1.);
#1226 = DIRECTION('',(0.,0.,1.));
#1227 = ORIENTED_EDGE('',*,*,#1029,.T.);
#1228 = ORIENTED_EDGE('',*,*,#1166,.F.);
#1229 = PLANE('',#1230);
#1230 = AXIS2_PLACEMENT_3D('',#1231,#1232,#1233);
#1231 = CARTESIAN_POINT('',(0.15,0.75,3.5));
#1232 = DIRECTION('',(1.,0.,0.));
#1233 = DIRECTION('',(0.,-1.,0.));
#1234 = ADVANCED_FACE('',(#1235),#1253,.F.);
#1235 = FACE_BOUND('',#1236,.F.);
#1236 = EDGE_LOOP('',(#1237,#1245,#1246,#1247));
#1237 = ORIENTED_EDGE('',*,*,#1238,.F.);
#1238 = EDGE_CURVE('',#1190,#1239,#1241,.T.);
#1239 = VERTEX_POINT('',#1240);
#1240 = CARTESIAN_POINT('',(6.15,0.45,3.5));
#1241 = LINE('',#1242,#1243);
#1242 = CARTESIAN_POINT('',(6.15,-5.25,3.5));
#1243 = VECTOR('',#1244,1.);
#1244 = DIRECTION('',(0.,1.,0.));
#1245 = ORIENTED_EDGE('',*,*,#1198,.T.);
#1246 = ORIENTED_EDGE('',*,*,#1063,.T.);
#1247 = ORIENTED_EDGE('',*,*,#1248,.F.);
#1248 = EDGE_CURVE('',#1239,#1055,#1249,.T.);
#1249 = LINE('',#1250,#1251);
#1250 = CARTESIAN_POINT('',(6.15,0.45,3.5));
#1251 = VECTOR('',#1252,1.);
#1252 = DIRECTION('',(0.,0.,1.));
#1253 = PLANE('',#1254);
#1254 = AXIS2_PLACEMENT_3D('',#1255,#1256,#1257);
#1255 = CARTESIAN_POINT('',(6.15,-5.25,3.5));
#1256 = DIRECTION('',(-1.,0.,0.));
#1257 = DIRECTION('',(0.,1.,0.));
#1258 = ADVANCED_FACE('',(#1259),#1278,.T.);
#1259 = FACE_BOUND('',#1260,.T.);
#1260 = EDGE_LOOP('',(#1261,#1270,#1271,#1272));
#1261 = ORIENTED_EDGE('',*,*,#1262,.T.);
#1262 = EDGE_CURVE('',#1263,#1215,#1265,.T.);
#1263 = VERTEX_POINT('',#1264);
#1264 = CARTESIAN_POINT('',(0.45,0.75,3.5));
#1265 = CIRCLE('',#1266,0.3);
#1266 = AXIS2_PLACEMENT_3D('',#1267,#1268,#1269);
#1267 = CARTESIAN_POINT('',(0.45,0.45,3.5));
#1268 = DIRECTION('',(-0.,0.,1.));
#1269 = DIRECTION('',(0.,-1.,0.));
#1270 = ORIENTED_EDGE('',*,*,#1222,.T.);
#1271 = ORIENTED_EDGE('',*,*,#1037,.F.);
#1272 = ORIENTED_EDGE('',*,*,#1273,.F.);
#1273 = EDGE_CURVE('',#1263,#1038,#1274,.T.);
#1274 = LINE('',#1275,#1276);
#1275 = CARTESIAN_POINT('',(0.45,0.75,3.5));
#1276 = VECTOR('',#1277,1.);
#1277 = DIRECTION('',(0.,0.,1.));
#1278 = CYLINDRICAL_SURFACE('',#1279,0.3);
#1279 = AXIS2_PLACEMENT_3D('',#1280,#1281,#1282);
#1280 = CARTESIAN_POINT('',(0.45,0.45,3.5));
#1281 = DIRECTION('',(0.,0.,1.));
#1282 = DIRECTION('',(0.,1.,0.));
#1283 = ADVANCED_FACE('',(#1284),#1303,.T.);
#1284 = FACE_BOUND('',#1285,.T.);
#1285 = EDGE_LOOP('',(#1286,#1295,#1301,#1302));
#1286 = ORIENTED_EDGE('',*,*,#1287,.T.);
#1287 = EDGE_CURVE('',#1239,#1288,#1290,.T.);
#1288 = VERTEX_POINT('',#1289);
#1289 = CARTESIAN_POINT('',(5.85,0.75,3.5));
#1290 = CIRCLE('',#1291,0.3);
#1291 = AXIS2_PLACEMENT_3D('',#1292,#1293,#1294);
#1292 = CARTESIAN_POINT('',(5.85,0.45,3.5));
#1293 = DIRECTION('',(-0.,0.,1.));
#1294 = DIRECTION('',(0.,-1.,0.));
#1295 = ORIENTED_EDGE('',*,*,#1296,.T.);
#1296 = EDGE_CURVE('',#1288,#1047,#1297,.T.);
#1297 = LINE('',#1298,#1299);
#1298 = CARTESIAN_POINT('',(5.85,0.75,3.5));
#1299 = VECTOR('',#1300,1.);
#1300 = DIRECTION('',(0.,0.,1.));
#1301 = ORIENTED_EDGE('',*,*,#1054,.F.);
#1302 = ORIENTED_EDGE('',*,*,#1248,.F.);
#1303 = CYLINDRICAL_SURFACE('',#1304,0.3);
#1304 = AXIS2_PLACEMENT_3D('',#1305,#1306,#1307);
#1305 = CARTESIAN_POINT('',(5.85,0.45,3.5));
#1306 = DIRECTION('',(0.,0.,1.));
#1307 = DIRECTION('',(1.,0.,-0.));
#1308 = ADVANCED_FACE('',(#1309),#1320,.F.);
#1309 = FACE_BOUND('',#1310,.F.);
#1310 = EDGE_LOOP('',(#1311,#1317,#1318,#1319));
#1311 = ORIENTED_EDGE('',*,*,#1312,.F.);
#1312 = EDGE_CURVE('',#1288,#1263,#1313,.T.);
#1313 = LINE('',#1314,#1315);
#1314 = CARTESIAN_POINT('',(6.15,0.75,3.5));
#1315 = VECTOR('',#1316,1.);
#1316 = DIRECTION('',(-1.,0.,0.));
#1317 = ORIENTED_EDGE('',*,*,#1296,.T.);
#1318 = ORIENTED_EDGE('',*,*,#1046,.T.);
#1319 = ORIENTED_EDGE('',*,*,#1273,.F.);
#1320 = PLANE('',#1321);
#1321 = AXIS2_PLACEMENT_3D('',#1322,#1323,#1324);
#1322 = CARTESIAN_POINT('',(6.15,0.75,3.5));
#1323 = DIRECTION('',(0.,-1.,0.));
#1324 = DIRECTION('',(-1.,0.,0.));
#1325 = ADVANCED_FACE('',(#1326),#1345,.T.);
#1326 = FACE_BOUND('',#1327,.T.);
#1327 = EDGE_LOOP('',(#1328,#1336,#1343,#1344));
#1328 = ORIENTED_EDGE('',*,*,#1329,.T.);
#1329 = EDGE_CURVE('',#1081,#1330,#1332,.T.);
#1330 = VERTEX_POINT('',#1331);
#1331 = CARTESIAN_POINT('',(5.65,-4.25,4.1));
#1332 = LINE('',#1333,#1334);
#1333 = CARTESIAN_POINT('',(5.65,-4.25,3.5));
#1334 = VECTOR('',#1335,1.);
#1335 = DIRECTION('',(0.,0.,1.));
#1336 = ORIENTED_EDGE('',*,*,#1337,.F.);
#1337 = EDGE_CURVE('',#1330,#1330,#1338,.T.);
#1338 = CIRCLE('',#1339,0.5);
#1339 = AXIS2_PLACEMENT_3D('',#1340,#1341,#1342);
#1340 = CARTESIAN_POINT('',(5.15,-4.25,4.1));
#1341 = DIRECTION('',(0.,0.,1.));
#1342 = DIRECTION('',(1.,0.,-0.));
#1343 = ORIENTED_EDGE('',*,*,#1329,.F.);
#1344 = ORIENTED_EDGE('',*,*,#1080,.F.);
#1345 = CYLINDRICAL_SURFACE('',#1346,0.5);
#1346 = AXIS2_PLACEMENT_3D('',#1347,#1348,#1349);
#1347 = CARTESIAN_POINT('',(5.15,-4.25,3.5));
#1348 = DIRECTION('',(-0.,-0.,-1.));
#1349 = DIRECTION('',(1.,0.,0.));
#1350 = ADVANCED_FACE('',(#1351),#1370,.T.);
#1351 = FACE_BOUND('',#1352,.T.);
#1352 = EDGE_LOOP('',(#1353,#1361,#1368,#1369));
#1353 = ORIENTED_EDGE('',*,*,#1354,.T.);
#1354 = EDGE_CURVE('',#1092,#1355,#1357,.T.);
#1355 = VERTEX_POINT('',#1356);
#1356 = CARTESIAN_POINT('',(4.9,-2.25,4.2));
#1357 = LINE('',#1358,#1359);
#1358 = CARTESIAN_POINT('',(4.9,-2.25,3.5));
#1359 = VECTOR('',#1360,1.);
#1360 = DIRECTION('',(0.,0.,1.));
#1361 = ORIENTED_EDGE('',*,*,#1362,.F.);
#1362 = EDGE_CURVE('',#1355,#1355,#1363,.T.);
#1363 = CIRCLE('',#1364,1.75);
#1364 = AXIS2_PLACEMENT_3D('',#1365,#1366,#1367);
#1365 = CARTESIAN_POINT('',(3.15,-2.25,4.2));
#1366 = DIRECTION('',(0.,0.,1.));
#1367 = DIRECTION('',(1.,0.,-0.));
#1368 = ORIENTED_EDGE('',*,*,#1354,.F.);
#1369 = ORIENTED_EDGE('',*,*,#1091,.F.);
#1370 = CYLINDRICAL_SURFACE('',#1371,1.75);
#1371 = AXIS2_PLACEMENT_3D('',#1372,#1373,#1374);
#1372 = CARTESIAN_POINT('',(3.15,-2.25,3.5));
#1373 = DIRECTION('',(-0.,-0.,-1.));
#1374 = DIRECTION('',(1.,0.,0.));
#1375 = ADVANCED_FACE('',(#1376),#1395,.T.);
#1376 = FACE_BOUND('',#1377,.T.);
#1377 = EDGE_LOOP('',(#1378,#1386,#1393,#1394));
#1378 = ORIENTED_EDGE('',*,*,#1379,.T.);
#1379 = EDGE_CURVE('',#1103,#1380,#1382,.T.);
#1380 = VERTEX_POINT('',#1381);
#1381 = CARTESIAN_POINT('',(1.65,-0.25,4.1));
#1382 = LINE('',#1383,#1384);
#1383 = CARTESIAN_POINT('',(1.65,-0.25,3.5));
#1384 = VECTOR('',#1385,1.);
#1385 = DIRECTION('',(0.,0.,1.));
#1386 = ORIENTED_EDGE('',*,*,#1387,.F.);
#1387 = EDGE_CURVE('',#1380,#1380,#1388,.T.);
#1388 = CIRCLE('',#1389,0.5);
#1389 = AXIS2_PLACEMENT_3D('',#1390,#1391,#1392);
#1390 = CARTESIAN_POINT('',(1.15,-0.25,4.1));
#1391 = DIRECTION('',(0.,0.,1.));
#1392 = DIRECTION('',(1.,0.,-0.));
#1393 = ORIENTED_EDGE('',*,*,#1379,.F.);
#1394 = ORIENTED_EDGE('',*,*,#1102,.F.);
#1395 = CYLINDRICAL_SURFACE('',#1396,0.5);
#1396 = AXIS2_PLACEMENT_3D('',#1397,#1398,#1399);
#1397 = CARTESIAN_POINT('',(1.15,-0.25,3.5));
#1398 = DIRECTION('',(-0.,-0.,-1.));
#1399 = DIRECTION('',(1.,0.,0.));
#1400 = ADVANCED_FACE('',(#1401),#1420,.T.);
#1401 = FACE_BOUND('',#1402,.T.);
#1402 = EDGE_LOOP('',(#1403,#1411,#1418,#1419));
#1403 = ORIENTED_EDGE('',*,*,#1404,.T.);
#1404 = EDGE_CURVE('',#1114,#1405,#1407,.T.);
#1405 = VERTEX_POINT('',#1406);
#1406 = CARTESIAN_POINT('',(5.65,-0.25,4.1));
#1407 = LINE('',#1408,#1409);
#1408 = CARTESIAN_POINT('',(5.65,-0.25,3.5));
#1409 = VECTOR('',#1410,1.);
#1410 = DIRECTION('',(0.,0.,1.));
#1411 = ORIENTED_EDGE('',*,*,#1412,.F.);
#1412 = EDGE_CURVE('',#1405,#1405,#1413,.T.);
#1413 = CIRCLE('',#1414,0.5);
#1414 = AXIS2_PLACEMENT_3D('',#1415,#1416,#1417);
#1415 = CARTESIAN_POINT('',(5.15,-0.25,4.1));
#1416 = DIRECTION('',(0.,0.,1.));
#1417 = DIRECTION('',(1.,0.,-0.));
#1418 = ORIENTED_EDGE('',*,*,#1404,.F.);
#1419 = ORIENTED_EDGE('',*,*,#1113,.F.);
#1420 = CYLINDRICAL_SURFACE('',#1421,0.5);
#1421 = AXIS2_PLACEMENT_3D('',#1422,#1423,#1424);
#1422 = CARTESIAN_POINT('',(5.15,-0.25,3.5));
#1423 = DIRECTION('',(-0.,-0.,-1.));
#1424 = DIRECTION('',(1.,0.,0.));
#1425 = ADVANCED_FACE('',(#1426),#1451,.F.);
#1426 = FACE_BOUND('',#1427,.F.);
#1427 = EDGE_LOOP('',(#1428,#1438,#1444,#1445));
#1428 = ORIENTED_EDGE('',*,*,#1429,.F.);
#1429 = EDGE_CURVE('',#1430,#1432,#1434,.T.);
#1430 = VERTEX_POINT('',#1431);
#1431 = CARTESIAN_POINT('',(0.45,-5.25,0.));
#1432 = VERTEX_POINT('',#1433);
#1433 = CARTESIAN_POINT('',(5.85,-5.25,0.));
#1434 = LINE('',#1435,#1436);
#1435 = CARTESIAN_POINT('',(0.15,-5.25,0.));
#1436 = VECTOR('',#1437,1.);
#1437 = DIRECTION('',(1.,0.,0.));
#1438 = ORIENTED_EDGE('',*,*,#1439,.T.);
#1439 = EDGE_CURVE('',#1430,#1134,#1440,.T.);
#1440 = LINE('',#1441,#1442);
#1441 = CARTESIAN_POINT('',(0.45,-5.25,0.));
#1442 = VECTOR('',#1443,1.);
#1443 = DIRECTION('',(0.,0.,1.));
#1444 = ORIENTED_EDGE('',*,*,#1133,.T.);
#1445 = ORIENTED_EDGE('',*,*,#1446,.F.);
#1446 = EDGE_CURVE('',#1432,#1136,#1447,.T.);
#1447 = LINE('',#1448,#1449);
#1448 = CARTESIAN_POINT('',(5.85,-5.25,0.));
#1449 = VECTOR('',#1450,1.);
#1450 = DIRECTION('',(0.,0.,1.));
#1451 = PLANE('',#1452);
#1452 = AXIS2_PLACEMENT_3D('',#1453,#1454,#1455);
#1453 = CARTESIAN_POINT('',(0.15,-5.25,0.));
#1454 = DIRECTION('',(0.,1.,0.));
#1455 = DIRECTION('',(1.,0.,0.));
#1456 = ADVANCED_FACE('',(#1457),#1476,.T.);
#1457 = FACE_BOUND('',#1458,.T.);
#1458 = EDGE_LOOP('',(#1459,#1460,#1461,#1469));
#1459 = ORIENTED_EDGE('',*,*,#1439,.T.);
#1460 = ORIENTED_EDGE('',*,*,#1174,.T.);
#1461 = ORIENTED_EDGE('',*,*,#1462,.F.);
#1462 = EDGE_CURVE('',#1463,#1167,#1465,.T.);
#1463 = VERTEX_POINT('',#1464);
#1464 = CARTESIAN_POINT('',(0.15,-4.95,0.));
#1465 = LINE('',#1466,#1467);
#1466 = CARTESIAN_POINT('',(0.15,-4.95,0.));
#1467 = VECTOR('',#1468,1.);
#1468 = DIRECTION('',(0.,0.,1.));
#1469 = ORIENTED_EDGE('',*,*,#1470,.F.);
#1470 = EDGE_CURVE('',#1430,#1463,#1471,.T.);
#1471 = CIRCLE('',#1472,0.3);
#1472 = AXIS2_PLACEMENT_3D('',#1473,#1474,#1475);
#1473 = CARTESIAN_POINT('',(0.45,-4.95,0.));
#1474 = DIRECTION('',(-0.,-0.,-1.));
#1475 = DIRECTION('',(0.,-1.,0.));
#1476 = CYLINDRICAL_SURFACE('',#1477,0.3);
#1477 = AXIS2_PLACEMENT_3D('',#1478,#1479,#1480);
#1478 = CARTESIAN_POINT('',(0.45,-4.95,0.));
#1479 = DIRECTION('',(0.,0.,1.));
#1480 = DIRECTION('',(0.,-1.,0.));
#1481 = ADVANCED_FACE('',(#1482),#1501,.T.);
#1482 = FACE_BOUND('',#1483,.T.);
#1483 = EDGE_LOOP('',(#1484,#1493,#1499,#1500));
#1484 = ORIENTED_EDGE('',*,*,#1485,.T.);
#1485 = EDGE_CURVE('',#1432,#1486,#1488,.T.);
#1486 = VERTEX_POINT('',#1487);
#1487 = CARTESIAN_POINT('',(6.15,-4.95,0.));
#1488 = CIRCLE('',#1489,0.3);
#1489 = AXIS2_PLACEMENT_3D('',#1490,#1491,#1492);
#1490 = CARTESIAN_POINT('',(5.85,-4.95,0.));
#1491 = DIRECTION('',(-0.,0.,1.));
#1492 = DIRECTION('',(0.,-1.,0.));
#1493 = ORIENTED_EDGE('',*,*,#1494,.T.);
#1494 = EDGE_CURVE('',#1486,#1190,#1495,.T.);
#1495 = LINE('',#1496,#1497);
#1496 = CARTESIAN_POINT('',(6.15,-4.95,0.));
#1497 = VECTOR('',#1498,1.);
#1498 = DIRECTION('',(0.,0.,1.));
#1499 = ORIENTED_EDGE('',*,*,#1189,.F.);
#1500 = ORIENTED_EDGE('',*,*,#1446,.F.);
#1501 = CYLINDRICAL_SURFACE('',#1502,0.3);
#1502 = AXIS2_PLACEMENT_3D('',#1503,#1504,#1505);
#1503 = CARTESIAN_POINT('',(5.85,-4.95,0.));
#1504 = DIRECTION('',(0.,0.,1.));
#1505 = DIRECTION('',(0.,-1.,0.));
#1506 = ADVANCED_FACE('',(#1507),#1589,.F.);
#1507 = FACE_BOUND('',#1508,.F.);
#1508 = EDGE_LOOP('',(#1509,#1519,#1525,#1526,#1527,#1535,#1543,#1551,
    #1559,#1567,#1575,#1583));
#1509 = ORIENTED_EDGE('',*,*,#1510,.F.);
#1510 = EDGE_CURVE('',#1511,#1513,#1515,.T.);
#1511 = VERTEX_POINT('',#1512);
#1512 = CARTESIAN_POINT('',(0.15,0.45,0.));
#1513 = VERTEX_POINT('',#1514);
#1514 = CARTESIAN_POINT('',(0.15,0.35,0.));
#1515 = LINE('',#1516,#1517);
#1516 = CARTESIAN_POINT('',(0.15,0.75,0.));
#1517 = VECTOR('',#1518,1.);
#1518 = DIRECTION('',(0.,-1.,0.));
#1519 = ORIENTED_EDGE('',*,*,#1520,.T.);
#1520 = EDGE_CURVE('',#1511,#1215,#1521,.T.);
#1521 = LINE('',#1522,#1523);
#1522 = CARTESIAN_POINT('',(0.15,0.45,0.));
#1523 = VECTOR('',#1524,1.);
#1524 = DIRECTION('',(0.,0.,1.));
#1525 = ORIENTED_EDGE('',*,*,#1214,.T.);
#1526 = ORIENTED_EDGE('',*,*,#1462,.F.);
#1527 = ORIENTED_EDGE('',*,*,#1528,.F.);
#1528 = EDGE_CURVE('',#1529,#1463,#1531,.T.);
#1529 = VERTEX_POINT('',#1530);
#1530 = CARTESIAN_POINT('',(0.15,-4.85,0.));
#1531 = LINE('',#1532,#1533);
#1532 = CARTESIAN_POINT('',(0.15,0.75,0.));
#1533 = VECTOR('',#1534,1.);
#1534 = DIRECTION('',(0.,-1.,0.));
#1535 = ORIENTED_EDGE('',*,*,#1536,.F.);
#1536 = EDGE_CURVE('',#1537,#1529,#1539,.T.);
#1537 = VERTEX_POINT('',#1538);
#1538 = CARTESIAN_POINT('',(0.15,-4.85,1.5));
#1539 = LINE('',#1540,#1541);
#1540 = CARTESIAN_POINT('',(0.15,-4.85,1.5));
#1541 = VECTOR('',#1542,1.);
#1542 = DIRECTION('',(0.,5.551115123126E-16,-1.));
#1543 = ORIENTED_EDGE('',*,*,#1544,.T.);
#1544 = EDGE_CURVE('',#1537,#1545,#1547,.T.);
#1545 = VERTEX_POINT('',#1546);
#1546 = CARTESIAN_POINT('',(0.15,-4.15,1.5));
#1547 = LINE('',#1548,#1549);
#1548 = CARTESIAN_POINT('',(0.15,-4.85,1.5));
#1549 = VECTOR('',#1550,1.);
#1550 = DIRECTION('',(0.,1.,3.330669073875E-16));
#1551 = ORIENTED_EDGE('',*,*,#1552,.T.);
#1552 = EDGE_CURVE('',#1545,#1553,#1555,.T.);
#1553 = VERTEX_POINT('',#1554);
#1554 = CARTESIAN_POINT('',(0.15,-4.15,0.));
#1555 = LINE('',#1556,#1557);
#1556 = CARTESIAN_POINT('',(0.15,-4.15,1.5));
#1557 = VECTOR('',#1558,1.);
#1558 = DIRECTION('',(0.,5.551115123126E-16,-1.));
#1559 = ORIENTED_EDGE('',*,*,#1560,.F.);
#1560 = EDGE_CURVE('',#1561,#1553,#1563,.T.);
#1561 = VERTEX_POINT('',#1562);
#1562 = CARTESIAN_POINT('',(0.15,-0.35,0.));
#1563 = LINE('',#1564,#1565);
#1564 = CARTESIAN_POINT('',(0.15,0.75,0.));
#1565 = VECTOR('',#1566,1.);
#1566 = DIRECTION('',(0.,-1.,0.));
#1567 = ORIENTED_EDGE('',*,*,#1568,.F.);
#1568 = EDGE_CURVE('',#1569,#1561,#1571,.T.);
#1569 = VERTEX_POINT('',#1570);
#1570 = CARTESIAN_POINT('',(0.15,-0.35,1.5));
#1571 = LINE('',#1572,#1573);
#1572 = CARTESIAN_POINT('',(0.15,-0.35,1.5));
#1573 = VECTOR('',#1574,1.);
#1574 = DIRECTION('',(0.,5.551115123126E-16,-1.));
#1575 = ORIENTED_EDGE('',*,*,#1576,.T.);
#1576 = EDGE_CURVE('',#1569,#1577,#1579,.T.);
#1577 = VERTEX_POINT('',#1578);
#1578 = CARTESIAN_POINT('',(0.15,0.35,1.5));
#1579 = LINE('',#1580,#1581);
#1580 = CARTESIAN_POINT('',(0.15,-0.35,1.5));
#1581 = VECTOR('',#1582,1.);
#1582 = DIRECTION('',(0.,1.,3.330669073875E-16));
#1583 = ORIENTED_EDGE('',*,*,#1584,.T.);
#1584 = EDGE_CURVE('',#1577,#1513,#1585,.T.);
#1585 = LINE('',#1586,#1587);
#1586 = CARTESIAN_POINT('',(0.15,0.35,1.5));
#1587 = VECTOR('',#1588,1.);
#1588 = DIRECTION('',(0.,5.551115123126E-16,-1.));
#1589 = PLANE('',#1590);
#1590 = AXIS2_PLACEMENT_3D('',#1591,#1592,#1593);
#1591 = CARTESIAN_POINT('',(0.15,0.75,0.));
#1592 = DIRECTION('',(1.,0.,0.));
#1593 = DIRECTION('',(0.,-1.,0.));
#1594 = ADVANCED_FACE('',(#1595),#1677,.F.);
#1595 = FACE_BOUND('',#1596,.F.);
#1596 = EDGE_LOOP('',(#1597,#1605,#1606,#1607,#1615,#1623,#1631,#1639,
    #1647,#1655,#1663,#1671));
#1597 = ORIENTED_EDGE('',*,*,#1598,.F.);
#1598 = EDGE_CURVE('',#1486,#1599,#1601,.T.);
#1599 = VERTEX_POINT('',#1600);
#1600 = CARTESIAN_POINT('',(6.15,-4.85,0.));
#1601 = LINE('',#1602,#1603);
#1602 = CARTESIAN_POINT('',(6.15,-5.25,0.));
#1603 = VECTOR('',#1604,1.);
#1604 = DIRECTION('',(0.,1.,0.));
#1605 = ORIENTED_EDGE('',*,*,#1494,.T.);
#1606 = ORIENTED_EDGE('',*,*,#1238,.T.);
#1607 = ORIENTED_EDGE('',*,*,#1608,.F.);
#1608 = EDGE_CURVE('',#1609,#1239,#1611,.T.);
#1609 = VERTEX_POINT('',#1610);
#1610 = CARTESIAN_POINT('',(6.15,0.45,0.));
#1611 = LINE('',#1612,#1613);
#1612 = CARTESIAN_POINT('',(6.15,0.45,0.));
#1613 = VECTOR('',#1614,1.);
#1614 = DIRECTION('',(0.,0.,1.));
#1615 = ORIENTED_EDGE('',*,*,#1616,.F.);
#1616 = EDGE_CURVE('',#1617,#1609,#1619,.T.);
#1617 = VERTEX_POINT('',#1618);
#1618 = CARTESIAN_POINT('',(6.15,0.35,0.));
#1619 = LINE('',#1620,#1621);
#1620 = CARTESIAN_POINT('',(6.15,-5.25,0.));
#1621 = VECTOR('',#1622,1.);
#1622 = DIRECTION('',(0.,1.,0.));
#1623 = ORIENTED_EDGE('',*,*,#1624,.F.);
#1624 = EDGE_CURVE('',#1625,#1617,#1627,.T.);
#1625 = VERTEX_POINT('',#1626);
#1626 = CARTESIAN_POINT('',(6.15,0.35,1.5));
#1627 = LINE('',#1628,#1629);
#1628 = CARTESIAN_POINT('',(6.15,0.35,1.5));
#1629 = VECTOR('',#1630,1.);
#1630 = DIRECTION('',(0.,5.551115123126E-16,-1.));
#1631 = ORIENTED_EDGE('',*,*,#1632,.F.);
#1632 = EDGE_CURVE('',#1633,#1625,#1635,.T.);
#1633 = VERTEX_POINT('',#1634);
#1634 = CARTESIAN_POINT('',(6.15,-0.35,1.5));
#1635 = LINE('',#1636,#1637);
#1636 = CARTESIAN_POINT('',(6.15,-0.35,1.5));
#1637 = VECTOR('',#1638,1.);
#1638 = DIRECTION('',(0.,1.,3.330669073875E-16));
#1639 = ORIENTED_EDGE('',*,*,#1640,.T.);
#1640 = EDGE_CURVE('',#1633,#1641,#1643,.T.);
#1641 = VERTEX_POINT('',#1642);
#1642 = CARTESIAN_POINT('',(6.15,-0.35,0.));
#1643 = LINE('',#1644,#1645);
#1644 = CARTESIAN_POINT('',(6.15,-0.35,1.5));
#1645 = VECTOR('',#1646,1.);
#1646 = DIRECTION('',(0.,5.551115123126E-16,-1.));
#1647 = ORIENTED_EDGE('',*,*,#1648,.F.);
#1648 = EDGE_CURVE('',#1649,#1641,#1651,.T.);
#1649 = VERTEX_POINT('',#1650);
#1650 = CARTESIAN_POINT('',(6.15,-4.15,0.));
#1651 = LINE('',#1652,#1653);
#1652 = CARTESIAN_POINT('',(6.15,-5.25,0.));
#1653 = VECTOR('',#1654,1.);
#1654 = DIRECTION('',(0.,1.,0.));
#1655 = ORIENTED_EDGE('',*,*,#1656,.F.);
#1656 = EDGE_CURVE('',#1657,#1649,#1659,.T.);
#1657 = VERTEX_POINT('',#1658);
#1658 = CARTESIAN_POINT('',(6.15,-4.15,1.5));
#1659 = LINE('',#1660,#1661);
#1660 = CARTESIAN_POINT('',(6.15,-4.15,1.5));
#1661 = VECTOR('',#1662,1.);
#1662 = DIRECTION('',(0.,5.551115123126E-16,-1.));
#1663 = ORIENTED_EDGE('',*,*,#1664,.F.);
#1664 = EDGE_CURVE('',#1665,#1657,#1667,.T.);
#1665 = VERTEX_POINT('',#1666);
#1666 = CARTESIAN_POINT('',(6.15,-4.85,1.5));
#1667 = LINE('',#1668,#1669);
#1668 = CARTESIAN_POINT('',(6.15,-4.85,1.5));
#1669 = VECTOR('',#1670,1.);
#1670 = DIRECTION('',(0.,1.,3.330669073875E-16));
#1671 = ORIENTED_EDGE('',*,*,#1672,.T.);
#1672 = EDGE_CURVE('',#1665,#1599,#1673,.T.);
#1673 = LINE('',#1674,#1675);
#1674 = CARTESIAN_POINT('',(6.15,-4.85,1.5));
#1675 = VECTOR('',#1676,1.);
#1676 = DIRECTION('',(0.,5.551115123126E-16,-1.));
#1677 = PLANE('',#1678);
#1678 = AXIS2_PLACEMENT_3D('',#1679,#1680,#1681);
#1679 = CARTESIAN_POINT('',(6.15,-5.25,0.));
#1680 = DIRECTION('',(-1.,0.,0.));
#1681 = DIRECTION('',(0.,1.,0.));
#1682 = ADVANCED_FACE('',(#1683),#1702,.T.);
#1683 = FACE_BOUND('',#1684,.T.);
#1684 = EDGE_LOOP('',(#1685,#1694,#1695,#1696));
#1685 = ORIENTED_EDGE('',*,*,#1686,.T.);
#1686 = EDGE_CURVE('',#1687,#1511,#1689,.T.);
#1687 = VERTEX_POINT('',#1688);
#1688 = CARTESIAN_POINT('',(0.45,0.75,0.));
#1689 = CIRCLE('',#1690,0.3);
#1690 = AXIS2_PLACEMENT_3D('',#1691,#1692,#1693);
#1691 = CARTESIAN_POINT('',(0.45,0.45,0.));
#1692 = DIRECTION('',(-0.,0.,1.));
#1693 = DIRECTION('',(0.,-1.,0.));
#1694 = ORIENTED_EDGE('',*,*,#1520,.T.);
#1695 = ORIENTED_EDGE('',*,*,#1262,.F.);
#1696 = ORIENTED_EDGE('',*,*,#1697,.F.);
#1697 = EDGE_CURVE('',#1687,#1263,#1698,.T.);
#1698 = LINE('',#1699,#1700);
#1699 = CARTESIAN_POINT('',(0.45,0.75,0.));
#1700 = VECTOR('',#1701,1.);
#1701 = DIRECTION('',(0.,0.,1.));
#1702 = CYLINDRICAL_SURFACE('',#1703,0.3);
#1703 = AXIS2_PLACEMENT_3D('',#1704,#1705,#1706);
#1704 = CARTESIAN_POINT('',(0.45,0.45,0.));
#1705 = DIRECTION('',(0.,0.,1.));
#1706 = DIRECTION('',(0.,1.,0.));
#1707 = ADVANCED_FACE('',(#1708),#1727,.T.);
#1708 = FACE_BOUND('',#1709,.T.);
#1709 = EDGE_LOOP('',(#1710,#1719,#1725,#1726));
#1710 = ORIENTED_EDGE('',*,*,#1711,.T.);
#1711 = EDGE_CURVE('',#1609,#1712,#1714,.T.);
#1712 = VERTEX_POINT('',#1713);
#1713 = CARTESIAN_POINT('',(5.85,0.75,0.));
#1714 = CIRCLE('',#1715,0.3);
#1715 = AXIS2_PLACEMENT_3D('',#1716,#1717,#1718);
#1716 = CARTESIAN_POINT('',(5.85,0.45,0.));
#1717 = DIRECTION('',(-0.,0.,1.));
#1718 = DIRECTION('',(0.,-1.,0.));
#1719 = ORIENTED_EDGE('',*,*,#1720,.T.);
#1720 = EDGE_CURVE('',#1712,#1288,#1721,.T.);
#1721 = LINE('',#1722,#1723);
#1722 = CARTESIAN_POINT('',(5.85,0.75,0.));
#1723 = VECTOR('',#1724,1.);
#1724 = DIRECTION('',(0.,0.,1.));
#1725 = ORIENTED_EDGE('',*,*,#1287,.F.);
#1726 = ORIENTED_EDGE('',*,*,#1608,.F.);
#1727 = CYLINDRICAL_SURFACE('',#1728,0.3);
#1728 = AXIS2_PLACEMENT_3D('',#1729,#1730,#1731);
#1729 = CARTESIAN_POINT('',(5.85,0.45,0.));
#1730 = DIRECTION('',(0.,0.,1.));
#1731 = DIRECTION('',(1.,0.,-0.));
#1732 = ADVANCED_FACE('',(#1733),#1744,.F.);
#1733 = FACE_BOUND('',#1734,.F.);
#1734 = EDGE_LOOP('',(#1735,#1741,#1742,#1743));
#1735 = ORIENTED_EDGE('',*,*,#1736,.F.);
#1736 = EDGE_CURVE('',#1712,#1687,#1737,.T.);
#1737 = LINE('',#1738,#1739);
#1738 = CARTESIAN_POINT('',(6.15,0.75,0.));
#1739 = VECTOR('',#1740,1.);
#1740 = DIRECTION('',(-1.,0.,0.));
#1741 = ORIENTED_EDGE('',*,*,#1720,.T.);
#1742 = ORIENTED_EDGE('',*,*,#1312,.T.);
#1743 = ORIENTED_EDGE('',*,*,#1697,.F.);
#1744 = PLANE('',#1745);
#1745 = AXIS2_PLACEMENT_3D('',#1746,#1747,#1748);
#1746 = CARTESIAN_POINT('',(6.15,0.75,0.));
#1747 = DIRECTION('',(0.,-1.,0.));
#1748 = DIRECTION('',(-1.,0.,0.));
#1749 = ADVANCED_FACE('',(#1750),#1753,.F.);
#1750 = FACE_BOUND('',#1751,.T.);
#1751 = EDGE_LOOP('',(#1752));
#1752 = ORIENTED_EDGE('',*,*,#1337,.T.);
#1753 = PLANE('',#1754);
#1754 = AXIS2_PLACEMENT_3D('',#1755,#1756,#1757);
#1755 = CARTESIAN_POINT('',(5.65,-4.25,4.1));
#1756 = DIRECTION('',(0.,0.,-1.));
#1757 = DIRECTION('',(-1.,0.,0.));
#1758 = ADVANCED_FACE('',(#1759),#1779,.T.);
#1759 = FACE_BOUND('',#1760,.T.);
#1760 = EDGE_LOOP('',(#1761,#1762,#1771,#1778));
#1761 = ORIENTED_EDGE('',*,*,#1362,.T.);
#1762 = ORIENTED_EDGE('',*,*,#1763,.F.);
#1763 = EDGE_CURVE('',#1764,#1355,#1766,.T.);
#1764 = VERTEX_POINT('',#1765);
#1765 = CARTESIAN_POINT('',(4.8,-2.25,4.3));
#1766 = CIRCLE('',#1767,0.1);
#1767 = AXIS2_PLACEMENT_3D('',#1768,#1769,#1770);
#1768 = CARTESIAN_POINT('',(4.8,-2.25,4.2));
#1769 = DIRECTION('',(-0.,1.,0.));
#1770 = DIRECTION('',(1.,0.,0.));
#1771 = ORIENTED_EDGE('',*,*,#1772,.F.);
#1772 = EDGE_CURVE('',#1764,#1764,#1773,.T.);
#1773 = CIRCLE('',#1774,1.65);
#1774 = AXIS2_PLACEMENT_3D('',#1775,#1776,#1777);
#1775 = CARTESIAN_POINT('',(3.15,-2.25,4.3));
#1776 = DIRECTION('',(0.,0.,1.));
#1777 = DIRECTION('',(1.,0.,-0.));
#1778 = ORIENTED_EDGE('',*,*,#1763,.T.);
#1779 = TOROIDAL_SURFACE('',#1780,1.65,0.1);
#1780 = AXIS2_PLACEMENT_3D('',#1781,#1782,#1783);
#1781 = CARTESIAN_POINT('',(3.15,-2.25,4.2));
#1782 = DIRECTION('',(0.,0.,-1.));
#1783 = DIRECTION('',(1.,0.,0.));
#1784 = ADVANCED_FACE('',(#1785),#1788,.F.);
#1785 = FACE_BOUND('',#1786,.T.);
#1786 = EDGE_LOOP('',(#1787));
#1787 = ORIENTED_EDGE('',*,*,#1387,.T.);
#1788 = PLANE('',#1789);
#1789 = AXIS2_PLACEMENT_3D('',#1790,#1791,#1792);
#1790 = CARTESIAN_POINT('',(1.65,-0.25,4.1));
#1791 = DIRECTION('',(0.,0.,-1.));
#1792 = DIRECTION('',(-1.,0.,0.));
#1793 = ADVANCED_FACE('',(#1794),#1797,.F.);
#1794 = FACE_BOUND('',#1795,.T.);
#1795 = EDGE_LOOP('',(#1796));
#1796 = ORIENTED_EDGE('',*,*,#1412,.T.);
#1797 = PLANE('',#1798);
#1798 = AXIS2_PLACEMENT_3D('',#1799,#1800,#1801);
#1799 = CARTESIAN_POINT('',(5.65,-0.25,4.1));
#1800 = DIRECTION('',(0.,0.,-1.));
#1801 = DIRECTION('',(-1.,0.,0.));
#1802 = ADVANCED_FACE('',(#1803),#1841,.T.);
#1803 = FACE_BOUND('',#1804,.T.);
#1804 = EDGE_LOOP('',(#1805,#1806,#1807,#1808,#1814,#1815,#1821,#1822,
    #1823,#1824,#1825,#1826,#1832,#1833,#1839,#1840));
#1805 = ORIENTED_EDGE('',*,*,#1429,.F.);
#1806 = ORIENTED_EDGE('',*,*,#1470,.T.);
#1807 = ORIENTED_EDGE('',*,*,#1528,.F.);
#1808 = ORIENTED_EDGE('',*,*,#1809,.F.);
#1809 = EDGE_CURVE('',#1553,#1529,#1810,.T.);
#1810 = LINE('',#1811,#1812);
#1811 = CARTESIAN_POINT('',(0.15,0.75,0.));
#1812 = VECTOR('',#1813,1.);
#1813 = DIRECTION('',(0.,-1.,0.));
#1814 = ORIENTED_EDGE('',*,*,#1560,.F.);
#1815 = ORIENTED_EDGE('',*,*,#1816,.F.);
#1816 = EDGE_CURVE('',#1513,#1561,#1817,.T.);
#1817 = LINE('',#1818,#1819);
#1818 = CARTESIAN_POINT('',(0.15,0.75,0.));
#1819 = VECTOR('',#1820,1.);
#1820 = DIRECTION('',(0.,-1.,0.));
#1821 = ORIENTED_EDGE('',*,*,#1510,.F.);
#1822 = ORIENTED_EDGE('',*,*,#1686,.F.);
#1823 = ORIENTED_EDGE('',*,*,#1736,.F.);
#1824 = ORIENTED_EDGE('',*,*,#1711,.F.);
#1825 = ORIENTED_EDGE('',*,*,#1616,.F.);
#1826 = ORIENTED_EDGE('',*,*,#1827,.F.);
#1827 = EDGE_CURVE('',#1641,#1617,#1828,.T.);
#1828 = LINE('',#1829,#1830);
#1829 = CARTESIAN_POINT('',(6.15,-5.25,0.));
#1830 = VECTOR('',#1831,1.);
#1831 = DIRECTION('',(0.,1.,0.));
#1832 = ORIENTED_EDGE('',*,*,#1648,.F.);
#1833 = ORIENTED_EDGE('',*,*,#1834,.F.);
#1834 = EDGE_CURVE('',#1599,#1649,#1835,.T.);
#1835 = LINE('',#1836,#1837);
#1836 = CARTESIAN_POINT('',(6.15,-5.25,0.));
#1837 = VECTOR('',#1838,1.);
#1838 = DIRECTION('',(0.,1.,0.));
#1839 = ORIENTED_EDGE('',*,*,#1598,.F.);
#1840 = ORIENTED_EDGE('',*,*,#1485,.F.);
#1841 = PLANE('',#1842);
#1842 = AXIS2_PLACEMENT_3D('',#1843,#1844,#1845);
#1843 = CARTESIAN_POINT('',(0.15,-5.25,0.));
#1844 = DIRECTION('',(0.,0.,-1.));
#1845 = DIRECTION('',(-1.,0.,0.));
#1846 = ADVANCED_FACE('',(#1847),#1991,.F.);
#1847 = FACE_BOUND('',#1848,.F.);
#1848 = EDGE_LOOP('',(#1849,#1859,#1868,#1876,#1885,#1893,#1901,#1909,
    #1918,#1926,#1935,#1943,#1952,#1958,#1959,#1967,#1976,#1984));
#1849 = ORIENTED_EDGE('',*,*,#1850,.T.);
#1850 = EDGE_CURVE('',#1851,#1853,#1855,.T.);
#1851 = VERTEX_POINT('',#1852);
#1852 = CARTESIAN_POINT('',(-0.162230377286,0.35,-0.540767924286));
#1853 = VERTEX_POINT('',#1854);
#1854 = CARTESIAN_POINT('',(-0.425000733956,0.35,-1.416669113186));
#1855 = LINE('',#1856,#1857);
#1856 = CARTESIAN_POINT('',(-0.15,0.35,-0.5));
#1857 = VECTOR('',#1858,1.);
#1858 = DIRECTION('',(-0.287347885566,5.31700397722E-16,-0.957826285221)
  );
#1859 = ORIENTED_EDGE('',*,*,#1860,.T.);
#1860 = EDGE_CURVE('',#1853,#1861,#1863,.T.);
#1861 = VERTEX_POINT('',#1862);
#1862 = CARTESIAN_POINT('',(-0.425000733956,0.35,-1.583330886814));
#1863 = CIRCLE('',#1864,0.29);
#1864 = AXIS2_PLACEMENT_3D('',#1865,#1866,#1867);
#1865 = CARTESIAN_POINT('',(-0.147231111242,0.35,-1.5));
#1866 = DIRECTION('',(0.,-1.,-3.330669073875E-16));
#1867 = DIRECTION('',(0.,-3.330669073875E-16,1.));
#1868 = ORIENTED_EDGE('',*,*,#1869,.T.);
#1869 = EDGE_CURVE('',#1861,#1870,#1872,.T.);
#1870 = VERTEX_POINT('',#1871);
#1871 = CARTESIAN_POINT('',(-0.162230377286,0.35,-2.459232075714));
#1872 = LINE('',#1873,#1874);
#1873 = CARTESIAN_POINT('',(-0.45,0.35,-1.5));
#1874 = VECTOR('',#1875,1.);
#1875 = DIRECTION('',(0.287347885566,5.31700397722E-16,-0.957826285221)
  );
#1876 = ORIENTED_EDGE('',*,*,#1877,.F.);
#1877 = EDGE_CURVE('',#1878,#1870,#1880,.T.);
#1878 = VERTEX_POINT('',#1879);
#1879 = CARTESIAN_POINT('',(-0.15,0.35,-2.542562962528));
#1880 = CIRCLE('',#1881,0.29);
#1881 = AXIS2_PLACEMENT_3D('',#1882,#1883,#1884);
#1882 = CARTESIAN_POINT('',(-0.44,0.35,-2.542562962528));
#1883 = DIRECTION('',(0.,-1.,-3.330669073875E-16));
#1884 = DIRECTION('',(0.,-3.330669073875E-16,1.));
#1885 = ORIENTED_EDGE('',*,*,#1886,.F.);
#1886 = EDGE_CURVE('',#1887,#1878,#1889,.T.);
#1887 = VERTEX_POINT('',#1888);
#1888 = CARTESIAN_POINT('',(-0.15,0.35,-3.5));
#1889 = LINE('',#1890,#1891);
#1890 = CARTESIAN_POINT('',(-0.15,0.35,-3.5));
#1891 = VECTOR('',#1892,1.);
#1892 = DIRECTION('',(0.,-5.551115123126E-16,1.));
#1893 = ORIENTED_EDGE('',*,*,#1894,.F.);
#1894 = EDGE_CURVE('',#1895,#1887,#1897,.T.);
#1895 = VERTEX_POINT('',#1896);
#1896 = CARTESIAN_POINT('',(0.15,0.35,-3.5));
#1897 = LINE('',#1898,#1899);
#1898 = CARTESIAN_POINT('',(0.15,0.35,-3.5));
#1899 = VECTOR('',#1900,1.);
#1900 = DIRECTION('',(-1.,-0.,0.));
#1901 = ORIENTED_EDGE('',*,*,#1902,.F.);
#1902 = EDGE_CURVE('',#1903,#1895,#1905,.T.);
#1903 = VERTEX_POINT('',#1904);
#1904 = CARTESIAN_POINT('',(0.15,0.35,-2.542562962528));
#1905 = LINE('',#1906,#1907);
#1906 = CARTESIAN_POINT('',(0.15,0.35,-2.5));
#1907 = VECTOR('',#1908,1.);
#1908 = DIRECTION('',(0.,5.551115123126E-16,-1.));
#1909 = ORIENTED_EDGE('',*,*,#1910,.F.);
#1910 = EDGE_CURVE('',#1911,#1903,#1913,.T.);
#1911 = VERTEX_POINT('',#1912);
#1912 = CARTESIAN_POINT('',(0.137769622714,0.35,-2.459232075714));
#1913 = CIRCLE('',#1914,0.29);
#1914 = AXIS2_PLACEMENT_3D('',#1915,#1916,#1917);
#1915 = CARTESIAN_POINT('',(-0.14,0.35,-2.542562962528));
#1916 = DIRECTION('',(-0.,1.,3.330669073875E-16));
#1917 = DIRECTION('',(0.,-3.330669073875E-16,1.));
#1918 = ORIENTED_EDGE('',*,*,#1919,.T.);
#1919 = EDGE_CURVE('',#1911,#1920,#1922,.T.);
#1920 = VERTEX_POINT('',#1921);
#1921 = CARTESIAN_POINT('',(-0.125000733956,0.35,-1.583330886814));
#1922 = LINE('',#1923,#1924);
#1923 = CARTESIAN_POINT('',(0.15,0.35,-2.5));
#1924 = VECTOR('',#1925,1.);
#1925 = DIRECTION('',(-0.287347885566,-5.31700397722E-16,0.957826285221)
  );
#1926 = ORIENTED_EDGE('',*,*,#1927,.F.);
#1927 = EDGE_CURVE('',#1928,#1920,#1930,.T.);
#1928 = VERTEX_POINT('',#1929);
#1929 = CARTESIAN_POINT('',(-0.125000733956,0.35,-1.416669113186));
#1930 = CIRCLE('',#1931,0.29);
#1931 = AXIS2_PLACEMENT_3D('',#1932,#1933,#1934);
#1932 = CARTESIAN_POINT('',(0.152768888758,0.35,-1.5));
#1933 = DIRECTION('',(0.,-1.,-3.330669073875E-16));
#1934 = DIRECTION('',(0.,-3.330669073875E-16,1.));
#1935 = ORIENTED_EDGE('',*,*,#1936,.T.);
#1936 = EDGE_CURVE('',#1928,#1937,#1939,.T.);
#1937 = VERTEX_POINT('',#1938);
#1938 = CARTESIAN_POINT('',(0.137769622714,0.35,-0.540767924286));
#1939 = LINE('',#1940,#1941);
#1940 = CARTESIAN_POINT('',(-0.15,0.35,-1.5));
#1941 = VECTOR('',#1942,1.);
#1942 = DIRECTION('',(0.287347885566,-5.31700397722E-16,0.957826285221)
  );
#1943 = ORIENTED_EDGE('',*,*,#1944,.F.);
#1944 = EDGE_CURVE('',#1945,#1937,#1947,.T.);
#1945 = VERTEX_POINT('',#1946);
#1946 = CARTESIAN_POINT('',(0.15,0.35,-0.457437037472));
#1947 = CIRCLE('',#1948,0.29);
#1948 = AXIS2_PLACEMENT_3D('',#1949,#1950,#1951);
#1949 = CARTESIAN_POINT('',(-0.14,0.35,-0.457437037472));
#1950 = DIRECTION('',(-0.,1.,3.330669073875E-16));
#1951 = DIRECTION('',(0.,-3.330669073875E-16,1.));
#1952 = ORIENTED_EDGE('',*,*,#1953,.F.);
#1953 = EDGE_CURVE('',#1513,#1945,#1954,.T.);
#1954 = LINE('',#1955,#1956);
#1955 = CARTESIAN_POINT('',(0.15,0.35,1.5));
#1956 = VECTOR('',#1957,1.);
#1957 = DIRECTION('',(0.,5.551115123126E-16,-1.));
#1958 = ORIENTED_EDGE('',*,*,#1584,.F.);
#1959 = ORIENTED_EDGE('',*,*,#1960,.F.);
#1960 = EDGE_CURVE('',#1961,#1577,#1963,.T.);
#1961 = VERTEX_POINT('',#1962);
#1962 = CARTESIAN_POINT('',(0.14,0.35,1.5));
#1963 = LINE('',#1964,#1965);
#1964 = CARTESIAN_POINT('',(-0.15,0.35,1.5));
#1965 = VECTOR('',#1966,1.);
#1966 = DIRECTION('',(1.,0.,0.));
#1967 = ORIENTED_EDGE('',*,*,#1968,.F.);
#1968 = EDGE_CURVE('',#1969,#1961,#1971,.T.);
#1969 = VERTEX_POINT('',#1970);
#1970 = CARTESIAN_POINT('',(-0.15,0.35,1.21));
#1971 = CIRCLE('',#1972,0.29);
#1972 = AXIS2_PLACEMENT_3D('',#1973,#1974,#1975);
#1973 = CARTESIAN_POINT('',(0.14,0.35,1.21));
#1974 = DIRECTION('',(-0.,1.,3.330669073875E-16));
#1975 = DIRECTION('',(0.,-3.330669073875E-16,1.));
#1976 = ORIENTED_EDGE('',*,*,#1977,.F.);
#1977 = EDGE_CURVE('',#1978,#1969,#1980,.T.);
#1978 = VERTEX_POINT('',#1979);
#1979 = CARTESIAN_POINT('',(-0.15,0.35,-0.457437037472));
#1980 = LINE('',#1981,#1982);
#1981 = CARTESIAN_POINT('',(-0.15,0.35,-0.5));
#1982 = VECTOR('',#1983,1.);
#1983 = DIRECTION('',(0.,-5.551115123126E-16,1.));
#1984 = ORIENTED_EDGE('',*,*,#1985,.F.);
#1985 = EDGE_CURVE('',#1851,#1978,#1986,.T.);
#1986 = CIRCLE('',#1987,0.29);
#1987 = AXIS2_PLACEMENT_3D('',#1988,#1989,#1990);
#1988 = CARTESIAN_POINT('',(-0.44,0.35,-0.457437037472));
#1989 = DIRECTION('',(0.,-1.,-3.330669073875E-16));
#1990 = DIRECTION('',(0.,-3.330669073875E-16,1.));
#1991 = PLANE('',#1992);
#1992 = AXIS2_PLACEMENT_3D('',#1993,#1994,#1995);
#1993 = CARTESIAN_POINT('',(-0.15,0.35,-0.5));
#1994 = DIRECTION('',(1.64346021921E-31,-1.,-5.551115123126E-16));
#1995 = DIRECTION('',(0.,5.551115123126E-16,-1.));
#1996 = ADVANCED_FACE('',(#1997),#2015,.F.);
#1997 = FACE_BOUND('',#1998,.F.);
#1998 = EDGE_LOOP('',(#1999,#2007,#2013,#2014));
#1999 = ORIENTED_EDGE('',*,*,#2000,.F.);
#2000 = EDGE_CURVE('',#2001,#1569,#2003,.T.);
#2001 = VERTEX_POINT('',#2002);
#2002 = CARTESIAN_POINT('',(0.14,-0.35,1.5));
#2003 = LINE('',#2004,#2005);
#2004 = CARTESIAN_POINT('',(-0.15,-0.35,1.5));
#2005 = VECTOR('',#2006,1.);
#2006 = DIRECTION('',(1.,0.,0.));
#2007 = ORIENTED_EDGE('',*,*,#2008,.T.);
#2008 = EDGE_CURVE('',#2001,#1961,#2009,.T.);
#2009 = LINE('',#2010,#2011);
#2010 = CARTESIAN_POINT('',(0.14,-0.35,1.5));
#2011 = VECTOR('',#2012,1.);
#2012 = DIRECTION('',(0.,1.,3.330669073875E-16));
#2013 = ORIENTED_EDGE('',*,*,#1960,.T.);
#2014 = ORIENTED_EDGE('',*,*,#1576,.F.);
#2015 = PLANE('',#2016);
#2016 = AXIS2_PLACEMENT_3D('',#2017,#2018,#2019);
#2017 = CARTESIAN_POINT('',(-0.15,-0.35,1.5));
#2018 = DIRECTION('',(0.,3.330669073875E-16,-1.));
#2019 = DIRECTION('',(1.,0.,0.));
#2020 = ADVANCED_FACE('',(#2021),#2158,.T.);
#2021 = FACE_BOUND('',#2022,.T.);
#2022 = EDGE_LOOP('',(#2023,#2033,#2042,#2050,#2059,#2067,#2075,#2083,
    #2092,#2100,#2109,#2117,#2126,#2132,#2133,#2134,#2143,#2151));
#2023 = ORIENTED_EDGE('',*,*,#2024,.T.);
#2024 = EDGE_CURVE('',#2025,#2027,#2029,.T.);
#2025 = VERTEX_POINT('',#2026);
#2026 = CARTESIAN_POINT('',(-0.162230377286,-0.35,-0.540767924286));
#2027 = VERTEX_POINT('',#2028);
#2028 = CARTESIAN_POINT('',(-0.425000733956,-0.35,-1.416669113186));
#2029 = LINE('',#2030,#2031);
#2030 = CARTESIAN_POINT('',(-0.15,-0.35,-0.5));
#2031 = VECTOR('',#2032,1.);
#2032 = DIRECTION('',(-0.287347885566,5.31700397722E-16,-0.957826285221)
  );
#2033 = ORIENTED_EDGE('',*,*,#2034,.T.);
#2034 = EDGE_CURVE('',#2027,#2035,#2037,.T.);
#2035 = VERTEX_POINT('',#2036);
#2036 = CARTESIAN_POINT('',(-0.425000733956,-0.35,-1.583330886814));
#2037 = CIRCLE('',#2038,0.29);
#2038 = AXIS2_PLACEMENT_3D('',#2039,#2040,#2041);
#2039 = CARTESIAN_POINT('',(-0.147231111242,-0.35,-1.5));
#2040 = DIRECTION('',(0.,-1.,-3.330669073875E-16));
#2041 = DIRECTION('',(0.,-3.330669073875E-16,1.));
#2042 = ORIENTED_EDGE('',*,*,#2043,.T.);
#2043 = EDGE_CURVE('',#2035,#2044,#2046,.T.);
#2044 = VERTEX_POINT('',#2045);
#2045 = CARTESIAN_POINT('',(-0.162230377286,-0.35,-2.459232075714));
#2046 = LINE('',#2047,#2048);
#2047 = CARTESIAN_POINT('',(-0.45,-0.35,-1.5));
#2048 = VECTOR('',#2049,1.);
#2049 = DIRECTION('',(0.287347885566,5.31700397722E-16,-0.957826285221)
  );
#2050 = ORIENTED_EDGE('',*,*,#2051,.F.);
#2051 = EDGE_CURVE('',#2052,#2044,#2054,.T.);
#2052 = VERTEX_POINT('',#2053);
#2053 = CARTESIAN_POINT('',(-0.15,-0.35,-2.542562962528));
#2054 = CIRCLE('',#2055,0.29);
#2055 = AXIS2_PLACEMENT_3D('',#2056,#2057,#2058);
#2056 = CARTESIAN_POINT('',(-0.44,-0.35,-2.542562962528));
#2057 = DIRECTION('',(0.,-1.,-3.330669073875E-16));
#2058 = DIRECTION('',(0.,-3.330669073875E-16,1.));
#2059 = ORIENTED_EDGE('',*,*,#2060,.F.);
#2060 = EDGE_CURVE('',#2061,#2052,#2063,.T.);
#2061 = VERTEX_POINT('',#2062);
#2062 = CARTESIAN_POINT('',(-0.15,-0.35,-3.5));
#2063 = LINE('',#2064,#2065);
#2064 = CARTESIAN_POINT('',(-0.15,-0.35,-3.5));
#2065 = VECTOR('',#2066,1.);
#2066 = DIRECTION('',(0.,-5.551115123126E-16,1.));
#2067 = ORIENTED_EDGE('',*,*,#2068,.F.);
#2068 = EDGE_CURVE('',#2069,#2061,#2071,.T.);
#2069 = VERTEX_POINT('',#2070);
#2070 = CARTESIAN_POINT('',(0.15,-0.35,-3.5));
#2071 = LINE('',#2072,#2073);
#2072 = CARTESIAN_POINT('',(0.15,-0.35,-3.5));
#2073 = VECTOR('',#2074,1.);
#2074 = DIRECTION('',(-1.,-0.,0.));
#2075 = ORIENTED_EDGE('',*,*,#2076,.F.);
#2076 = EDGE_CURVE('',#2077,#2069,#2079,.T.);
#2077 = VERTEX_POINT('',#2078);
#2078 = CARTESIAN_POINT('',(0.15,-0.35,-2.542562962528));
#2079 = LINE('',#2080,#2081);
#2080 = CARTESIAN_POINT('',(0.15,-0.35,-2.5));
#2081 = VECTOR('',#2082,1.);
#2082 = DIRECTION('',(0.,5.551115123126E-16,-1.));
#2083 = ORIENTED_EDGE('',*,*,#2084,.F.);
#2084 = EDGE_CURVE('',#2085,#2077,#2087,.T.);
#2085 = VERTEX_POINT('',#2086);
#2086 = CARTESIAN_POINT('',(0.137769622714,-0.35,-2.459232075714));
#2087 = CIRCLE('',#2088,0.29);
#2088 = AXIS2_PLACEMENT_3D('',#2089,#2090,#2091);
#2089 = CARTESIAN_POINT('',(-0.14,-0.35,-2.542562962528));
#2090 = DIRECTION('',(-0.,1.,3.330669073875E-16));
#2091 = DIRECTION('',(0.,-3.330669073875E-16,1.));
#2092 = ORIENTED_EDGE('',*,*,#2093,.T.);
#2093 = EDGE_CURVE('',#2085,#2094,#2096,.T.);
#2094 = VERTEX_POINT('',#2095);
#2095 = CARTESIAN_POINT('',(-0.125000733956,-0.35,-1.583330886814));
#2096 = LINE('',#2097,#2098);
#2097 = CARTESIAN_POINT('',(0.15,-0.35,-2.5));
#2098 = VECTOR('',#2099,1.);
#2099 = DIRECTION('',(-0.287347885566,-5.31700397722E-16,0.957826285221)
  );
#2100 = ORIENTED_EDGE('',*,*,#2101,.F.);
#2101 = EDGE_CURVE('',#2102,#2094,#2104,.T.);
#2102 = VERTEX_POINT('',#2103);
#2103 = CARTESIAN_POINT('',(-0.125000733956,-0.35,-1.416669113186));
#2104 = CIRCLE('',#2105,0.29);
#2105 = AXIS2_PLACEMENT_3D('',#2106,#2107,#2108);
#2106 = CARTESIAN_POINT('',(0.152768888758,-0.35,-1.5));
#2107 = DIRECTION('',(0.,-1.,-3.330669073875E-16));
#2108 = DIRECTION('',(0.,-3.330669073875E-16,1.));
#2109 = ORIENTED_EDGE('',*,*,#2110,.T.);
#2110 = EDGE_CURVE('',#2102,#2111,#2113,.T.);
#2111 = VERTEX_POINT('',#2112);
#2112 = CARTESIAN_POINT('',(0.137769622714,-0.35,-0.540767924286));
#2113 = LINE('',#2114,#2115);
#2114 = CARTESIAN_POINT('',(-0.15,-0.35,-1.5));
#2115 = VECTOR('',#2116,1.);
#2116 = DIRECTION('',(0.287347885566,-5.31700397722E-16,0.957826285221)
  );
#2117 = ORIENTED_EDGE('',*,*,#2118,.F.);
#2118 = EDGE_CURVE('',#2119,#2111,#2121,.T.);
#2119 = VERTEX_POINT('',#2120);
#2120 = CARTESIAN_POINT('',(0.15,-0.35,-0.457437037472));
#2121 = CIRCLE('',#2122,0.29);
#2122 = AXIS2_PLACEMENT_3D('',#2123,#2124,#2125);
#2123 = CARTESIAN_POINT('',(-0.14,-0.35,-0.457437037472));
#2124 = DIRECTION('',(-0.,1.,3.330669073875E-16));
#2125 = DIRECTION('',(0.,-3.330669073875E-16,1.));
#2126 = ORIENTED_EDGE('',*,*,#2127,.F.);
#2127 = EDGE_CURVE('',#1561,#2119,#2128,.T.);
#2128 = LINE('',#2129,#2130);
#2129 = CARTESIAN_POINT('',(0.15,-0.35,1.5));
#2130 = VECTOR('',#2131,1.);
#2131 = DIRECTION('',(0.,5.551115123126E-16,-1.));
#2132 = ORIENTED_EDGE('',*,*,#1568,.F.);
#2133 = ORIENTED_EDGE('',*,*,#2000,.F.);
#2134 = ORIENTED_EDGE('',*,*,#2135,.F.);
#2135 = EDGE_CURVE('',#2136,#2001,#2138,.T.);
#2136 = VERTEX_POINT('',#2137);
#2137 = CARTESIAN_POINT('',(-0.15,-0.35,1.21));
#2138 = CIRCLE('',#2139,0.29);
#2139 = AXIS2_PLACEMENT_3D('',#2140,#2141,#2142);
#2140 = CARTESIAN_POINT('',(0.14,-0.35,1.21));
#2141 = DIRECTION('',(-0.,1.,3.330669073875E-16));
#2142 = DIRECTION('',(0.,-3.330669073875E-16,1.));
#2143 = ORIENTED_EDGE('',*,*,#2144,.F.);
#2144 = EDGE_CURVE('',#2145,#2136,#2147,.T.);
#2145 = VERTEX_POINT('',#2146);
#2146 = CARTESIAN_POINT('',(-0.15,-0.35,-0.457437037472));
#2147 = LINE('',#2148,#2149);
#2148 = CARTESIAN_POINT('',(-0.15,-0.35,-0.5));
#2149 = VECTOR('',#2150,1.);
#2150 = DIRECTION('',(0.,-5.551115123126E-16,1.));
#2151 = ORIENTED_EDGE('',*,*,#2152,.F.);
#2152 = EDGE_CURVE('',#2025,#2145,#2153,.T.);
#2153 = CIRCLE('',#2154,0.29);
#2154 = AXIS2_PLACEMENT_3D('',#2155,#2156,#2157);
#2155 = CARTESIAN_POINT('',(-0.44,-0.35,-0.457437037472));
#2156 = DIRECTION('',(0.,-1.,-3.330669073875E-16));
#2157 = DIRECTION('',(0.,-3.330669073875E-16,1.));
#2158 = PLANE('',#2159);
#2159 = AXIS2_PLACEMENT_3D('',#2160,#2161,#2162);
#2160 = CARTESIAN_POINT('',(-0.15,-0.35,-0.5));
#2161 = DIRECTION('',(1.64346021921E-31,-1.,-5.551115123126E-16));
#2162 = DIRECTION('',(0.,5.551115123126E-16,-1.));
#2163 = ADVANCED_FACE('',(#2164),#2308,.T.);
#2164 = FACE_BOUND('',#2165,.T.);
#2165 = EDGE_LOOP('',(#2166,#2176,#2185,#2193,#2202,#2210,#2218,#2226,
    #2235,#2243,#2252,#2260,#2269,#2275,#2276,#2284,#2293,#2301));
#2166 = ORIENTED_EDGE('',*,*,#2167,.T.);
#2167 = EDGE_CURVE('',#2168,#2170,#2172,.T.);
#2168 = VERTEX_POINT('',#2169);
#2169 = CARTESIAN_POINT('',(-0.162230377286,-4.85,-0.540767924286));
#2170 = VERTEX_POINT('',#2171);
#2171 = CARTESIAN_POINT('',(-0.425000733956,-4.85,-1.416669113186));
#2172 = LINE('',#2173,#2174);
#2173 = CARTESIAN_POINT('',(-0.15,-4.85,-0.5));
#2174 = VECTOR('',#2175,1.);
#2175 = DIRECTION('',(-0.287347885566,5.31700397722E-16,-0.957826285221)
  );
#2176 = ORIENTED_EDGE('',*,*,#2177,.T.);
#2177 = EDGE_CURVE('',#2170,#2178,#2180,.T.);
#2178 = VERTEX_POINT('',#2179);
#2179 = CARTESIAN_POINT('',(-0.425000733956,-4.85,-1.583330886814));
#2180 = CIRCLE('',#2181,0.29);
#2181 = AXIS2_PLACEMENT_3D('',#2182,#2183,#2184);
#2182 = CARTESIAN_POINT('',(-0.147231111242,-4.85,-1.5));
#2183 = DIRECTION('',(0.,-1.,-3.330669073875E-16));
#2184 = DIRECTION('',(0.,-3.330669073875E-16,1.));
#2185 = ORIENTED_EDGE('',*,*,#2186,.T.);
#2186 = EDGE_CURVE('',#2178,#2187,#2189,.T.);
#2187 = VERTEX_POINT('',#2188);
#2188 = CARTESIAN_POINT('',(-0.162230377286,-4.85,-2.459232075714));
#2189 = LINE('',#2190,#2191);
#2190 = CARTESIAN_POINT('',(-0.45,-4.85,-1.5));
#2191 = VECTOR('',#2192,1.);
#2192 = DIRECTION('',(0.287347885566,5.31700397722E-16,-0.957826285221)
  );
#2193 = ORIENTED_EDGE('',*,*,#2194,.F.);
#2194 = EDGE_CURVE('',#2195,#2187,#2197,.T.);
#2195 = VERTEX_POINT('',#2196);
#2196 = CARTESIAN_POINT('',(-0.15,-4.85,-2.542562962528));
#2197 = CIRCLE('',#2198,0.29);
#2198 = AXIS2_PLACEMENT_3D('',#2199,#2200,#2201);
#2199 = CARTESIAN_POINT('',(-0.44,-4.85,-2.542562962528));
#2200 = DIRECTION('',(0.,-1.,-3.330669073875E-16));
#2201 = DIRECTION('',(0.,-3.330669073875E-16,1.));
#2202 = ORIENTED_EDGE('',*,*,#2203,.F.);
#2203 = EDGE_CURVE('',#2204,#2195,#2206,.T.);
#2204 = VERTEX_POINT('',#2205);
#2205 = CARTESIAN_POINT('',(-0.15,-4.85,-3.5));
#2206 = LINE('',#2207,#2208);
#2207 = CARTESIAN_POINT('',(-0.15,-4.85,-3.5));
#2208 = VECTOR('',#2209,1.);
#2209 = DIRECTION('',(0.,-5.551115123126E-16,1.));
#2210 = ORIENTED_EDGE('',*,*,#2211,.F.);
#2211 = EDGE_CURVE('',#2212,#2204,#2214,.T.);
#2212 = VERTEX_POINT('',#2213);
#2213 = CARTESIAN_POINT('',(0.15,-4.85,-3.5));
#2214 = LINE('',#2215,#2216);
#2215 = CARTESIAN_POINT('',(0.15,-4.85,-3.5));
#2216 = VECTOR('',#2217,1.);
#2217 = DIRECTION('',(-1.,-0.,0.));
#2218 = ORIENTED_EDGE('',*,*,#2219,.F.);
#2219 = EDGE_CURVE('',#2220,#2212,#2222,.T.);
#2220 = VERTEX_POINT('',#2221);
#2221 = CARTESIAN_POINT('',(0.15,-4.85,-2.542562962528));
#2222 = LINE('',#2223,#2224);
#2223 = CARTESIAN_POINT('',(0.15,-4.85,-2.5));
#2224 = VECTOR('',#2225,1.);
#2225 = DIRECTION('',(0.,5.551115123126E-16,-1.));
#2226 = ORIENTED_EDGE('',*,*,#2227,.F.);
#2227 = EDGE_CURVE('',#2228,#2220,#2230,.T.);
#2228 = VERTEX_POINT('',#2229);
#2229 = CARTESIAN_POINT('',(0.137769622714,-4.85,-2.459232075714));
#2230 = CIRCLE('',#2231,0.29);
#2231 = AXIS2_PLACEMENT_3D('',#2232,#2233,#2234);
#2232 = CARTESIAN_POINT('',(-0.14,-4.85,-2.542562962528));
#2233 = DIRECTION('',(-0.,1.,3.330669073875E-16));
#2234 = DIRECTION('',(0.,-3.330669073875E-16,1.));
#2235 = ORIENTED_EDGE('',*,*,#2236,.T.);
#2236 = EDGE_CURVE('',#2228,#2237,#2239,.T.);
#2237 = VERTEX_POINT('',#2238);
#2238 = CARTESIAN_POINT('',(-0.125000733956,-4.85,-1.583330886814));
#2239 = LINE('',#2240,#2241);
#2240 = CARTESIAN_POINT('',(0.15,-4.85,-2.5));
#2241 = VECTOR('',#2242,1.);
#2242 = DIRECTION('',(-0.287347885566,-5.31700397722E-16,0.957826285221)
  );
#2243 = ORIENTED_EDGE('',*,*,#2244,.F.);
#2244 = EDGE_CURVE('',#2245,#2237,#2247,.T.);
#2245 = VERTEX_POINT('',#2246);
#2246 = CARTESIAN_POINT('',(-0.125000733956,-4.85,-1.416669113186));
#2247 = CIRCLE('',#2248,0.29);
#2248 = AXIS2_PLACEMENT_3D('',#2249,#2250,#2251);
#2249 = CARTESIAN_POINT('',(0.152768888758,-4.85,-1.5));
#2250 = DIRECTION('',(0.,-1.,-3.330669073875E-16));
#2251 = DIRECTION('',(0.,-3.330669073875E-16,1.));
#2252 = ORIENTED_EDGE('',*,*,#2253,.T.);
#2253 = EDGE_CURVE('',#2245,#2254,#2256,.T.);
#2254 = VERTEX_POINT('',#2255);
#2255 = CARTESIAN_POINT('',(0.137769622714,-4.85,-0.540767924286));
#2256 = LINE('',#2257,#2258);
#2257 = CARTESIAN_POINT('',(-0.15,-4.85,-1.5));
#2258 = VECTOR('',#2259,1.);
#2259 = DIRECTION('',(0.287347885566,-5.31700397722E-16,0.957826285221)
  );
#2260 = ORIENTED_EDGE('',*,*,#2261,.F.);
#2261 = EDGE_CURVE('',#2262,#2254,#2264,.T.);
#2262 = VERTEX_POINT('',#2263);
#2263 = CARTESIAN_POINT('',(0.15,-4.85,-0.457437037472));
#2264 = CIRCLE('',#2265,0.29);
#2265 = AXIS2_PLACEMENT_3D('',#2266,#2267,#2268);
#2266 = CARTESIAN_POINT('',(-0.14,-4.85,-0.457437037472));
#2267 = DIRECTION('',(-0.,1.,3.330669073875E-16));
#2268 = DIRECTION('',(0.,-3.330669073875E-16,1.));
#2269 = ORIENTED_EDGE('',*,*,#2270,.F.);
#2270 = EDGE_CURVE('',#1529,#2262,#2271,.T.);
#2271 = LINE('',#2272,#2273);
#2272 = CARTESIAN_POINT('',(0.15,-4.85,1.5));
#2273 = VECTOR('',#2274,1.);
#2274 = DIRECTION('',(0.,5.551115123126E-16,-1.));
#2275 = ORIENTED_EDGE('',*,*,#1536,.F.);
#2276 = ORIENTED_EDGE('',*,*,#2277,.F.);
#2277 = EDGE_CURVE('',#2278,#1537,#2280,.T.);
#2278 = VERTEX_POINT('',#2279);
#2279 = CARTESIAN_POINT('',(0.14,-4.85,1.5));
#2280 = LINE('',#2281,#2282);
#2281 = CARTESIAN_POINT('',(-0.15,-4.85,1.5));
#2282 = VECTOR('',#2283,1.);
#2283 = DIRECTION('',(1.,0.,0.));
#2284 = ORIENTED_EDGE('',*,*,#2285,.F.);
#2285 = EDGE_CURVE('',#2286,#2278,#2288,.T.);
#2286 = VERTEX_POINT('',#2287);
#2287 = CARTESIAN_POINT('',(-0.15,-4.85,1.21));
#2288 = CIRCLE('',#2289,0.29);
#2289 = AXIS2_PLACEMENT_3D('',#2290,#2291,#2292);
#2290 = CARTESIAN_POINT('',(0.14,-4.85,1.21));
#2291 = DIRECTION('',(-0.,1.,3.330669073875E-16));
#2292 = DIRECTION('',(0.,-3.330669073875E-16,1.));
#2293 = ORIENTED_EDGE('',*,*,#2294,.F.);
#2294 = EDGE_CURVE('',#2295,#2286,#2297,.T.);
#2295 = VERTEX_POINT('',#2296);
#2296 = CARTESIAN_POINT('',(-0.15,-4.85,-0.457437037472));
#2297 = LINE('',#2298,#2299);
#2298 = CARTESIAN_POINT('',(-0.15,-4.85,-0.5));
#2299 = VECTOR('',#2300,1.);
#2300 = DIRECTION('',(0.,-5.551115123126E-16,1.));
#2301 = ORIENTED_EDGE('',*,*,#2302,.F.);
#2302 = EDGE_CURVE('',#2168,#2295,#2303,.T.);
#2303 = CIRCLE('',#2304,0.29);
#2304 = AXIS2_PLACEMENT_3D('',#2305,#2306,#2307);
#2305 = CARTESIAN_POINT('',(-0.44,-4.85,-0.457437037472));
#2306 = DIRECTION('',(0.,-1.,-3.330669073875E-16));
#2307 = DIRECTION('',(0.,-3.330669073875E-16,1.));
#2308 = PLANE('',#2309);
#2309 = AXIS2_PLACEMENT_3D('',#2310,#2311,#2312);
#2310 = CARTESIAN_POINT('',(-0.15,-4.85,-0.5));
#2311 = DIRECTION('',(0.,-1.,-3.330669073875E-16));
#2312 = DIRECTION('',(0.,3.330669073875E-16,-1.));
#2313 = ADVANCED_FACE('',(#2314),#2458,.F.);
#2314 = FACE_BOUND('',#2315,.F.);
#2315 = EDGE_LOOP('',(#2316,#2326,#2335,#2343,#2352,#2360,#2368,#2376,
    #2385,#2393,#2402,#2410,#2419,#2425,#2426,#2434,#2443,#2451));
#2316 = ORIENTED_EDGE('',*,*,#2317,.T.);
#2317 = EDGE_CURVE('',#2318,#2320,#2322,.T.);
#2318 = VERTEX_POINT('',#2319);
#2319 = CARTESIAN_POINT('',(-0.162230377286,-4.15,-0.540767924286));
#2320 = VERTEX_POINT('',#2321);
#2321 = CARTESIAN_POINT('',(-0.425000733956,-4.15,-1.416669113186));
#2322 = LINE('',#2323,#2324);
#2323 = CARTESIAN_POINT('',(-0.15,-4.15,-0.5));
#2324 = VECTOR('',#2325,1.);
#2325 = DIRECTION('',(-0.287347885566,5.31700397722E-16,-0.957826285221)
  );
#2326 = ORIENTED_EDGE('',*,*,#2327,.T.);
#2327 = EDGE_CURVE('',#2320,#2328,#2330,.T.);
#2328 = VERTEX_POINT('',#2329);
#2329 = CARTESIAN_POINT('',(-0.425000733956,-4.15,-1.583330886814));
#2330 = CIRCLE('',#2331,0.29);
#2331 = AXIS2_PLACEMENT_3D('',#2332,#2333,#2334);
#2332 = CARTESIAN_POINT('',(-0.147231111242,-4.15,-1.5));
#2333 = DIRECTION('',(0.,-1.,-3.330669073875E-16));
#2334 = DIRECTION('',(0.,-3.330669073875E-16,1.));
#2335 = ORIENTED_EDGE('',*,*,#2336,.T.);
#2336 = EDGE_CURVE('',#2328,#2337,#2339,.T.);
#2337 = VERTEX_POINT('',#2338);
#2338 = CARTESIAN_POINT('',(-0.162230377286,-4.15,-2.459232075714));
#2339 = LINE('',#2340,#2341);
#2340 = CARTESIAN_POINT('',(-0.45,-4.15,-1.5));
#2341 = VECTOR('',#2342,1.);
#2342 = DIRECTION('',(0.287347885566,5.31700397722E-16,-0.957826285221)
  );
#2343 = ORIENTED_EDGE('',*,*,#2344,.F.);
#2344 = EDGE_CURVE('',#2345,#2337,#2347,.T.);
#2345 = VERTEX_POINT('',#2346);
#2346 = CARTESIAN_POINT('',(-0.15,-4.15,-2.542562962528));
#2347 = CIRCLE('',#2348,0.29);
#2348 = AXIS2_PLACEMENT_3D('',#2349,#2350,#2351);
#2349 = CARTESIAN_POINT('',(-0.44,-4.15,-2.542562962528));
#2350 = DIRECTION('',(0.,-1.,-3.330669073875E-16));
#2351 = DIRECTION('',(0.,-3.330669073875E-16,1.));
#2352 = ORIENTED_EDGE('',*,*,#2353,.F.);
#2353 = EDGE_CURVE('',#2354,#2345,#2356,.T.);
#2354 = VERTEX_POINT('',#2355);
#2355 = CARTESIAN_POINT('',(-0.15,-4.15,-3.5));
#2356 = LINE('',#2357,#2358);
#2357 = CARTESIAN_POINT('',(-0.15,-4.15,-3.5));
#2358 = VECTOR('',#2359,1.);
#2359 = DIRECTION('',(0.,-5.551115123126E-16,1.));
#2360 = ORIENTED_EDGE('',*,*,#2361,.F.);
#2361 = EDGE_CURVE('',#2362,#2354,#2364,.T.);
#2362 = VERTEX_POINT('',#2363);
#2363 = CARTESIAN_POINT('',(0.15,-4.15,-3.5));
#2364 = LINE('',#2365,#2366);
#2365 = CARTESIAN_POINT('',(0.15,-4.15,-3.5));
#2366 = VECTOR('',#2367,1.);
#2367 = DIRECTION('',(-1.,-0.,0.));
#2368 = ORIENTED_EDGE('',*,*,#2369,.F.);
#2369 = EDGE_CURVE('',#2370,#2362,#2372,.T.);
#2370 = VERTEX_POINT('',#2371);
#2371 = CARTESIAN_POINT('',(0.15,-4.15,-2.542562962528));
#2372 = LINE('',#2373,#2374);
#2373 = CARTESIAN_POINT('',(0.15,-4.15,-2.5));
#2374 = VECTOR('',#2375,1.);
#2375 = DIRECTION('',(0.,5.551115123126E-16,-1.));
#2376 = ORIENTED_EDGE('',*,*,#2377,.F.);
#2377 = EDGE_CURVE('',#2378,#2370,#2380,.T.);
#2378 = VERTEX_POINT('',#2379);
#2379 = CARTESIAN_POINT('',(0.137769622714,-4.15,-2.459232075714));
#2380 = CIRCLE('',#2381,0.29);
#2381 = AXIS2_PLACEMENT_3D('',#2382,#2383,#2384);
#2382 = CARTESIAN_POINT('',(-0.14,-4.15,-2.542562962528));
#2383 = DIRECTION('',(-0.,1.,3.330669073875E-16));
#2384 = DIRECTION('',(0.,-3.330669073875E-16,1.));
#2385 = ORIENTED_EDGE('',*,*,#2386,.T.);
#2386 = EDGE_CURVE('',#2378,#2387,#2389,.T.);
#2387 = VERTEX_POINT('',#2388);
#2388 = CARTESIAN_POINT('',(-0.125000733956,-4.15,-1.583330886814));
#2389 = LINE('',#2390,#2391);
#2390 = CARTESIAN_POINT('',(0.15,-4.15,-2.5));
#2391 = VECTOR('',#2392,1.);
#2392 = DIRECTION('',(-0.287347885566,-5.31700397722E-16,0.957826285221)
  );
#2393 = ORIENTED_EDGE('',*,*,#2394,.F.);
#2394 = EDGE_CURVE('',#2395,#2387,#2397,.T.);
#2395 = VERTEX_POINT('',#2396);
#2396 = CARTESIAN_POINT('',(-0.125000733956,-4.15,-1.416669113186));
#2397 = CIRCLE('',#2398,0.29);
#2398 = AXIS2_PLACEMENT_3D('',#2399,#2400,#2401);
#2399 = CARTESIAN_POINT('',(0.152768888758,-4.15,-1.5));
#2400 = DIRECTION('',(0.,-1.,-3.330669073875E-16));
#2401 = DIRECTION('',(0.,-3.330669073875E-16,1.));
#2402 = ORIENTED_EDGE('',*,*,#2403,.T.);
#2403 = EDGE_CURVE('',#2395,#2404,#2406,.T.);
#2404 = VERTEX_POINT('',#2405);
#2405 = CARTESIAN_POINT('',(0.137769622714,-4.15,-0.540767924286));
#2406 = LINE('',#2407,#2408);
#2407 = CARTESIAN_POINT('',(-0.15,-4.15,-1.5));
#2408 = VECTOR('',#2409,1.);
#2409 = DIRECTION('',(0.287347885566,-5.31700397722E-16,0.957826285221)
  );
#2410 = ORIENTED_EDGE('',*,*,#2411,.F.);
#2411 = EDGE_CURVE('',#2412,#2404,#2414,.T.);
#2412 = VERTEX_POINT('',#2413);
#2413 = CARTESIAN_POINT('',(0.15,-4.15,-0.457437037472));
#2414 = CIRCLE('',#2415,0.29);
#2415 = AXIS2_PLACEMENT_3D('',#2416,#2417,#2418);
#2416 = CARTESIAN_POINT('',(-0.14,-4.15,-0.457437037472));
#2417 = DIRECTION('',(-0.,1.,3.330669073875E-16));
#2418 = DIRECTION('',(0.,-3.330669073875E-16,1.));
#2419 = ORIENTED_EDGE('',*,*,#2420,.F.);
#2420 = EDGE_CURVE('',#1553,#2412,#2421,.T.);
#2421 = LINE('',#2422,#2423);
#2422 = CARTESIAN_POINT('',(0.15,-4.15,1.5));
#2423 = VECTOR('',#2424,1.);
#2424 = DIRECTION('',(0.,5.551115123126E-16,-1.));
#2425 = ORIENTED_EDGE('',*,*,#1552,.F.);
#2426 = ORIENTED_EDGE('',*,*,#2427,.F.);
#2427 = EDGE_CURVE('',#2428,#1545,#2430,.T.);
#2428 = VERTEX_POINT('',#2429);
#2429 = CARTESIAN_POINT('',(0.14,-4.15,1.5));
#2430 = LINE('',#2431,#2432);
#2431 = CARTESIAN_POINT('',(-0.15,-4.15,1.5));
#2432 = VECTOR('',#2433,1.);
#2433 = DIRECTION('',(1.,0.,0.));
#2434 = ORIENTED_EDGE('',*,*,#2435,.F.);
#2435 = EDGE_CURVE('',#2436,#2428,#2438,.T.);
#2436 = VERTEX_POINT('',#2437);
#2437 = CARTESIAN_POINT('',(-0.15,-4.15,1.21));
#2438 = CIRCLE('',#2439,0.29);
#2439 = AXIS2_PLACEMENT_3D('',#2440,#2441,#2442);
#2440 = CARTESIAN_POINT('',(0.14,-4.15,1.21));
#2441 = DIRECTION('',(-0.,1.,3.330669073875E-16));
#2442 = DIRECTION('',(0.,-3.330669073875E-16,1.));
#2443 = ORIENTED_EDGE('',*,*,#2444,.F.);
#2444 = EDGE_CURVE('',#2445,#2436,#2447,.T.);
#2445 = VERTEX_POINT('',#2446);
#2446 = CARTESIAN_POINT('',(-0.15,-4.15,-0.457437037472));
#2447 = LINE('',#2448,#2449);
#2448 = CARTESIAN_POINT('',(-0.15,-4.15,-0.5));
#2449 = VECTOR('',#2450,1.);
#2450 = DIRECTION('',(0.,-5.551115123126E-16,1.));
#2451 = ORIENTED_EDGE('',*,*,#2452,.F.);
#2452 = EDGE_CURVE('',#2318,#2445,#2453,.T.);
#2453 = CIRCLE('',#2454,0.29);
#2454 = AXIS2_PLACEMENT_3D('',#2455,#2456,#2457);
#2455 = CARTESIAN_POINT('',(-0.44,-4.15,-0.457437037472));
#2456 = DIRECTION('',(0.,-1.,-3.330669073875E-16));
#2457 = DIRECTION('',(0.,-3.330669073875E-16,1.));
#2458 = PLANE('',#2459);
#2459 = AXIS2_PLACEMENT_3D('',#2460,#2461,#2462);
#2460 = CARTESIAN_POINT('',(-0.15,-4.15,-0.5));
#2461 = DIRECTION('',(0.,-1.,-3.330669073875E-16));
#2462 = DIRECTION('',(0.,3.330669073875E-16,-1.));
#2463 = ADVANCED_FACE('',(#2464),#2475,.F.);
#2464 = FACE_BOUND('',#2465,.F.);
#2465 = EDGE_LOOP('',(#2466,#2467,#2473,#2474));
#2466 = ORIENTED_EDGE('',*,*,#2277,.F.);
#2467 = ORIENTED_EDGE('',*,*,#2468,.T.);
#2468 = EDGE_CURVE('',#2278,#2428,#2469,.T.);
#2469 = LINE('',#2470,#2471);
#2470 = CARTESIAN_POINT('',(0.14,-4.85,1.5));
#2471 = VECTOR('',#2472,1.);
#2472 = DIRECTION('',(0.,1.,3.330669073875E-16));
#2473 = ORIENTED_EDGE('',*,*,#2427,.T.);
#2474 = ORIENTED_EDGE('',*,*,#1544,.F.);
#2475 = PLANE('',#2476);
#2476 = AXIS2_PLACEMENT_3D('',#2477,#2478,#2479);
#2477 = CARTESIAN_POINT('',(-0.15,-4.85,1.5));
#2478 = DIRECTION('',(0.,3.330669073875E-16,-1.));
#2479 = DIRECTION('',(1.,0.,0.));
#2480 = ADVANCED_FACE('',(#2481),#2625,.F.);
#2481 = FACE_BOUND('',#2482,.F.);
#2482 = EDGE_LOOP('',(#2483,#2493,#2502,#2510,#2519,#2527,#2535,#2543,
    #2552,#2560,#2569,#2577,#2586,#2592,#2593,#2601,#2610,#2618));
#2483 = ORIENTED_EDGE('',*,*,#2484,.T.);
#2484 = EDGE_CURVE('',#2485,#2487,#2489,.T.);
#2485 = VERTEX_POINT('',#2486);
#2486 = CARTESIAN_POINT('',(6.462230377286,-4.85,-0.540767924286));
#2487 = VERTEX_POINT('',#2488);
#2488 = CARTESIAN_POINT('',(6.725000733956,-4.85,-1.416669113186));
#2489 = LINE('',#2490,#2491);
#2490 = CARTESIAN_POINT('',(6.45,-4.85,-0.5));
#2491 = VECTOR('',#2492,1.);
#2492 = DIRECTION('',(0.287347885566,5.31700397722E-16,-0.957826285221)
  );
#2493 = ORIENTED_EDGE('',*,*,#2494,.T.);
#2494 = EDGE_CURVE('',#2487,#2495,#2497,.T.);
#2495 = VERTEX_POINT('',#2496);
#2496 = CARTESIAN_POINT('',(6.725000733956,-4.85,-1.583330886814));
#2497 = CIRCLE('',#2498,0.29);
#2498 = AXIS2_PLACEMENT_3D('',#2499,#2500,#2501);
#2499 = CARTESIAN_POINT('',(6.447231111242,-4.85,-1.5));
#2500 = DIRECTION('',(-0.,1.,3.330669073875E-16));
#2501 = DIRECTION('',(0.,-3.330669073875E-16,1.));
#2502 = ORIENTED_EDGE('',*,*,#2503,.T.);
#2503 = EDGE_CURVE('',#2495,#2504,#2506,.T.);
#2504 = VERTEX_POINT('',#2505);
#2505 = CARTESIAN_POINT('',(6.462230377286,-4.85,-2.459232075714));
#2506 = LINE('',#2507,#2508);
#2507 = CARTESIAN_POINT('',(6.75,-4.85,-1.5));
#2508 = VECTOR('',#2509,1.);
#2509 = DIRECTION('',(-0.287347885566,5.31700397722E-16,-0.957826285221)
  );
#2510 = ORIENTED_EDGE('',*,*,#2511,.F.);
#2511 = EDGE_CURVE('',#2512,#2504,#2514,.T.);
#2512 = VERTEX_POINT('',#2513);
#2513 = CARTESIAN_POINT('',(6.45,-4.85,-2.542562962528));
#2514 = CIRCLE('',#2515,0.29);
#2515 = AXIS2_PLACEMENT_3D('',#2516,#2517,#2518);
#2516 = CARTESIAN_POINT('',(6.74,-4.85,-2.542562962528));
#2517 = DIRECTION('',(-0.,1.,3.330669073875E-16));
#2518 = DIRECTION('',(0.,-3.330669073875E-16,1.));
#2519 = ORIENTED_EDGE('',*,*,#2520,.F.);
#2520 = EDGE_CURVE('',#2521,#2512,#2523,.T.);
#2521 = VERTEX_POINT('',#2522);
#2522 = CARTESIAN_POINT('',(6.45,-4.85,-3.5));
#2523 = LINE('',#2524,#2525);
#2524 = CARTESIAN_POINT('',(6.45,-4.85,-3.5));
#2525 = VECTOR('',#2526,1.);
#2526 = DIRECTION('',(0.,-5.551115123126E-16,1.));
#2527 = ORIENTED_EDGE('',*,*,#2528,.F.);
#2528 = EDGE_CURVE('',#2529,#2521,#2531,.T.);
#2529 = VERTEX_POINT('',#2530);
#2530 = CARTESIAN_POINT('',(6.15,-4.85,-3.5));
#2531 = LINE('',#2532,#2533);
#2532 = CARTESIAN_POINT('',(6.15,-4.85,-3.5));
#2533 = VECTOR('',#2534,1.);
#2534 = DIRECTION('',(1.,0.,0.));
#2535 = ORIENTED_EDGE('',*,*,#2536,.F.);
#2536 = EDGE_CURVE('',#2537,#2529,#2539,.T.);
#2537 = VERTEX_POINT('',#2538);
#2538 = CARTESIAN_POINT('',(6.15,-4.85,-2.542562962528));
#2539 = LINE('',#2540,#2541);
#2540 = CARTESIAN_POINT('',(6.15,-4.85,-2.5));
#2541 = VECTOR('',#2542,1.);
#2542 = DIRECTION('',(0.,5.551115123126E-16,-1.));
#2543 = ORIENTED_EDGE('',*,*,#2544,.F.);
#2544 = EDGE_CURVE('',#2545,#2537,#2547,.T.);
#2545 = VERTEX_POINT('',#2546);
#2546 = CARTESIAN_POINT('',(6.162230377286,-4.85,-2.459232075714));
#2547 = CIRCLE('',#2548,0.29);
#2548 = AXIS2_PLACEMENT_3D('',#2549,#2550,#2551);
#2549 = CARTESIAN_POINT('',(6.44,-4.85,-2.542562962528));
#2550 = DIRECTION('',(0.,-1.,-3.330669073875E-16));
#2551 = DIRECTION('',(0.,-3.330669073875E-16,1.));
#2552 = ORIENTED_EDGE('',*,*,#2553,.T.);
#2553 = EDGE_CURVE('',#2545,#2554,#2556,.T.);
#2554 = VERTEX_POINT('',#2555);
#2555 = CARTESIAN_POINT('',(6.425000733956,-4.85,-1.583330886814));
#2556 = LINE('',#2557,#2558);
#2557 = CARTESIAN_POINT('',(6.15,-4.85,-2.5));
#2558 = VECTOR('',#2559,1.);
#2559 = DIRECTION('',(0.287347885566,-5.31700397722E-16,0.957826285221)
  );
#2560 = ORIENTED_EDGE('',*,*,#2561,.F.);
#2561 = EDGE_CURVE('',#2562,#2554,#2564,.T.);
#2562 = VERTEX_POINT('',#2563);
#2563 = CARTESIAN_POINT('',(6.425000733956,-4.85,-1.416669113186));
#2564 = CIRCLE('',#2565,0.29);
#2565 = AXIS2_PLACEMENT_3D('',#2566,#2567,#2568);
#2566 = CARTESIAN_POINT('',(6.147231111242,-4.85,-1.5));
#2567 = DIRECTION('',(-0.,1.,3.330669073875E-16));
#2568 = DIRECTION('',(0.,-3.330669073875E-16,1.));
#2569 = ORIENTED_EDGE('',*,*,#2570,.T.);
#2570 = EDGE_CURVE('',#2562,#2571,#2573,.T.);
#2571 = VERTEX_POINT('',#2572);
#2572 = CARTESIAN_POINT('',(6.162230377286,-4.85,-0.540767924286));
#2573 = LINE('',#2574,#2575);
#2574 = CARTESIAN_POINT('',(6.45,-4.85,-1.5));
#2575 = VECTOR('',#2576,1.);
#2576 = DIRECTION('',(-0.287347885566,-5.31700397722E-16,0.957826285221)
  );
#2577 = ORIENTED_EDGE('',*,*,#2578,.F.);
#2578 = EDGE_CURVE('',#2579,#2571,#2581,.T.);
#2579 = VERTEX_POINT('',#2580);
#2580 = CARTESIAN_POINT('',(6.15,-4.85,-0.457437037472));
#2581 = CIRCLE('',#2582,0.29);
#2582 = AXIS2_PLACEMENT_3D('',#2583,#2584,#2585);
#2583 = CARTESIAN_POINT('',(6.44,-4.85,-0.457437037472));
#2584 = DIRECTION('',(0.,-1.,-3.330669073875E-16));
#2585 = DIRECTION('',(0.,-3.330669073875E-16,1.));
#2586 = ORIENTED_EDGE('',*,*,#2587,.F.);
#2587 = EDGE_CURVE('',#1599,#2579,#2588,.T.);
#2588 = LINE('',#2589,#2590);
#2589 = CARTESIAN_POINT('',(6.15,-4.85,1.5));
#2590 = VECTOR('',#2591,1.);
#2591 = DIRECTION('',(0.,5.551115123126E-16,-1.));
#2592 = ORIENTED_EDGE('',*,*,#1672,.F.);
#2593 = ORIENTED_EDGE('',*,*,#2594,.F.);
#2594 = EDGE_CURVE('',#2595,#1665,#2597,.T.);
#2595 = VERTEX_POINT('',#2596);
#2596 = CARTESIAN_POINT('',(6.16,-4.85,1.5));
#2597 = LINE('',#2598,#2599);
#2598 = CARTESIAN_POINT('',(6.45,-4.85,1.5));
#2599 = VECTOR('',#2600,1.);
#2600 = DIRECTION('',(-1.,-0.,0.));
#2601 = ORIENTED_EDGE('',*,*,#2602,.F.);
#2602 = EDGE_CURVE('',#2603,#2595,#2605,.T.);
#2603 = VERTEX_POINT('',#2604);
#2604 = CARTESIAN_POINT('',(6.45,-4.85,1.21));
#2605 = CIRCLE('',#2606,0.29);
#2606 = AXIS2_PLACEMENT_3D('',#2607,#2608,#2609);
#2607 = CARTESIAN_POINT('',(6.16,-4.85,1.21));
#2608 = DIRECTION('',(0.,-1.,-3.330669073875E-16));
#2609 = DIRECTION('',(0.,-3.330669073875E-16,1.));
#2610 = ORIENTED_EDGE('',*,*,#2611,.F.);
#2611 = EDGE_CURVE('',#2612,#2603,#2614,.T.);
#2612 = VERTEX_POINT('',#2613);
#2613 = CARTESIAN_POINT('',(6.45,-4.85,-0.457437037472));
#2614 = LINE('',#2615,#2616);
#2615 = CARTESIAN_POINT('',(6.45,-4.85,-0.5));
#2616 = VECTOR('',#2617,1.);
#2617 = DIRECTION('',(0.,-5.551115123126E-16,1.));
#2618 = ORIENTED_EDGE('',*,*,#2619,.F.);
#2619 = EDGE_CURVE('',#2485,#2612,#2620,.T.);
#2620 = CIRCLE('',#2621,0.29);
#2621 = AXIS2_PLACEMENT_3D('',#2622,#2623,#2624);
#2622 = CARTESIAN_POINT('',(6.74,-4.85,-0.457437037472));
#2623 = DIRECTION('',(-0.,1.,3.330669073875E-16));
#2624 = DIRECTION('',(0.,-3.330669073875E-16,1.));
#2625 = PLANE('',#2626);
#2626 = AXIS2_PLACEMENT_3D('',#2627,#2628,#2629);
#2627 = CARTESIAN_POINT('',(6.45,-4.85,-0.5));
#2628 = DIRECTION('',(0.,1.,3.330669073875E-16));
#2629 = DIRECTION('',(0.,-3.330669073875E-16,1.));
#2630 = ADVANCED_FACE('',(#2631),#2649,.T.);
#2631 = FACE_BOUND('',#2632,.T.);
#2632 = EDGE_LOOP('',(#2633,#2634,#2642,#2648));
#2633 = ORIENTED_EDGE('',*,*,#2594,.F.);
#2634 = ORIENTED_EDGE('',*,*,#2635,.T.);
#2635 = EDGE_CURVE('',#2595,#2636,#2638,.T.);
#2636 = VERTEX_POINT('',#2637);
#2637 = CARTESIAN_POINT('',(6.16,-4.15,1.5));
#2638 = LINE('',#2639,#2640);
#2639 = CARTESIAN_POINT('',(6.16,-4.85,1.5));
#2640 = VECTOR('',#2641,1.);
#2641 = DIRECTION('',(0.,1.,3.330669073875E-16));
#2642 = ORIENTED_EDGE('',*,*,#2643,.T.);
#2643 = EDGE_CURVE('',#2636,#1657,#2644,.T.);
#2644 = LINE('',#2645,#2646);
#2645 = CARTESIAN_POINT('',(6.45,-4.15,1.5));
#2646 = VECTOR('',#2647,1.);
#2647 = DIRECTION('',(-1.,-0.,0.));
#2648 = ORIENTED_EDGE('',*,*,#1664,.F.);
#2649 = PLANE('',#2650);
#2650 = AXIS2_PLACEMENT_3D('',#2651,#2652,#2653);
#2651 = CARTESIAN_POINT('',(6.45,-4.85,1.5));
#2652 = DIRECTION('',(0.,-3.330669073875E-16,1.));
#2653 = DIRECTION('',(-1.,0.,0.));
#2654 = ADVANCED_FACE('',(#2655),#2792,.T.);
#2655 = FACE_BOUND('',#2656,.T.);
#2656 = EDGE_LOOP('',(#2657,#2667,#2676,#2684,#2693,#2701,#2709,#2717,
    #2726,#2734,#2743,#2751,#2760,#2766,#2767,#2768,#2777,#2785));
#2657 = ORIENTED_EDGE('',*,*,#2658,.T.);
#2658 = EDGE_CURVE('',#2659,#2661,#2663,.T.);
#2659 = VERTEX_POINT('',#2660);
#2660 = CARTESIAN_POINT('',(6.462230377286,-4.15,-0.540767924286));
#2661 = VERTEX_POINT('',#2662);
#2662 = CARTESIAN_POINT('',(6.725000733956,-4.15,-1.416669113186));
#2663 = LINE('',#2664,#2665);
#2664 = CARTESIAN_POINT('',(6.45,-4.15,-0.5));
#2665 = VECTOR('',#2666,1.);
#2666 = DIRECTION('',(0.287347885566,5.31700397722E-16,-0.957826285221)
  );
#2667 = ORIENTED_EDGE('',*,*,#2668,.T.);
#2668 = EDGE_CURVE('',#2661,#2669,#2671,.T.);
#2669 = VERTEX_POINT('',#2670);
#2670 = CARTESIAN_POINT('',(6.725000733956,-4.15,-1.583330886814));
#2671 = CIRCLE('',#2672,0.29);
#2672 = AXIS2_PLACEMENT_3D('',#2673,#2674,#2675);
#2673 = CARTESIAN_POINT('',(6.447231111242,-4.15,-1.5));
#2674 = DIRECTION('',(-0.,1.,3.330669073875E-16));
#2675 = DIRECTION('',(0.,-3.330669073875E-16,1.));
#2676 = ORIENTED_EDGE('',*,*,#2677,.T.);
#2677 = EDGE_CURVE('',#2669,#2678,#2680,.T.);
#2678 = VERTEX_POINT('',#2679);
#2679 = CARTESIAN_POINT('',(6.462230377286,-4.15,-2.459232075714));
#2680 = LINE('',#2681,#2682);
#2681 = CARTESIAN_POINT('',(6.75,-4.15,-1.5));
#2682 = VECTOR('',#2683,1.);
#2683 = DIRECTION('',(-0.287347885566,5.31700397722E-16,-0.957826285221)
  );
#2684 = ORIENTED_EDGE('',*,*,#2685,.F.);
#2685 = EDGE_CURVE('',#2686,#2678,#2688,.T.);
#2686 = VERTEX_POINT('',#2687);
#2687 = CARTESIAN_POINT('',(6.45,-4.15,-2.542562962528));
#2688 = CIRCLE('',#2689,0.29);
#2689 = AXIS2_PLACEMENT_3D('',#2690,#2691,#2692);
#2690 = CARTESIAN_POINT('',(6.74,-4.15,-2.542562962528));
#2691 = DIRECTION('',(-0.,1.,3.330669073875E-16));
#2692 = DIRECTION('',(0.,-3.330669073875E-16,1.));
#2693 = ORIENTED_EDGE('',*,*,#2694,.F.);
#2694 = EDGE_CURVE('',#2695,#2686,#2697,.T.);
#2695 = VERTEX_POINT('',#2696);
#2696 = CARTESIAN_POINT('',(6.45,-4.15,-3.5));
#2697 = LINE('',#2698,#2699);
#2698 = CARTESIAN_POINT('',(6.45,-4.15,-3.5));
#2699 = VECTOR('',#2700,1.);
#2700 = DIRECTION('',(0.,-5.551115123126E-16,1.));
#2701 = ORIENTED_EDGE('',*,*,#2702,.F.);
#2702 = EDGE_CURVE('',#2703,#2695,#2705,.T.);
#2703 = VERTEX_POINT('',#2704);
#2704 = CARTESIAN_POINT('',(6.15,-4.15,-3.5));
#2705 = LINE('',#2706,#2707);
#2706 = CARTESIAN_POINT('',(6.15,-4.15,-3.5));
#2707 = VECTOR('',#2708,1.);
#2708 = DIRECTION('',(1.,0.,0.));
#2709 = ORIENTED_EDGE('',*,*,#2710,.F.);
#2710 = EDGE_CURVE('',#2711,#2703,#2713,.T.);
#2711 = VERTEX_POINT('',#2712);
#2712 = CARTESIAN_POINT('',(6.15,-4.15,-2.542562962528));
#2713 = LINE('',#2714,#2715);
#2714 = CARTESIAN_POINT('',(6.15,-4.15,-2.5));
#2715 = VECTOR('',#2716,1.);
#2716 = DIRECTION('',(0.,5.551115123126E-16,-1.));
#2717 = ORIENTED_EDGE('',*,*,#2718,.F.);
#2718 = EDGE_CURVE('',#2719,#2711,#2721,.T.);
#2719 = VERTEX_POINT('',#2720);
#2720 = CARTESIAN_POINT('',(6.162230377286,-4.15,-2.459232075714));
#2721 = CIRCLE('',#2722,0.29);
#2722 = AXIS2_PLACEMENT_3D('',#2723,#2724,#2725);
#2723 = CARTESIAN_POINT('',(6.44,-4.15,-2.542562962528));
#2724 = DIRECTION('',(0.,-1.,-3.330669073875E-16));
#2725 = DIRECTION('',(0.,-3.330669073875E-16,1.));
#2726 = ORIENTED_EDGE('',*,*,#2727,.T.);
#2727 = EDGE_CURVE('',#2719,#2728,#2730,.T.);
#2728 = VERTEX_POINT('',#2729);
#2729 = CARTESIAN_POINT('',(6.425000733956,-4.15,-1.583330886814));
#2730 = LINE('',#2731,#2732);
#2731 = CARTESIAN_POINT('',(6.15,-4.15,-2.5));
#2732 = VECTOR('',#2733,1.);
#2733 = DIRECTION('',(0.287347885566,-5.31700397722E-16,0.957826285221)
  );
#2734 = ORIENTED_EDGE('',*,*,#2735,.F.);
#2735 = EDGE_CURVE('',#2736,#2728,#2738,.T.);
#2736 = VERTEX_POINT('',#2737);
#2737 = CARTESIAN_POINT('',(6.425000733956,-4.15,-1.416669113186));
#2738 = CIRCLE('',#2739,0.29);
#2739 = AXIS2_PLACEMENT_3D('',#2740,#2741,#2742);
#2740 = CARTESIAN_POINT('',(6.147231111242,-4.15,-1.5));
#2741 = DIRECTION('',(-0.,1.,3.330669073875E-16));
#2742 = DIRECTION('',(0.,-3.330669073875E-16,1.));
#2743 = ORIENTED_EDGE('',*,*,#2744,.T.);
#2744 = EDGE_CURVE('',#2736,#2745,#2747,.T.);
#2745 = VERTEX_POINT('',#2746);
#2746 = CARTESIAN_POINT('',(6.162230377286,-4.15,-0.540767924286));
#2747 = LINE('',#2748,#2749);
#2748 = CARTESIAN_POINT('',(6.45,-4.15,-1.5));
#2749 = VECTOR('',#2750,1.);
#2750 = DIRECTION('',(-0.287347885566,-5.31700397722E-16,0.957826285221)
  );
#2751 = ORIENTED_EDGE('',*,*,#2752,.F.);
#2752 = EDGE_CURVE('',#2753,#2745,#2755,.T.);
#2753 = VERTEX_POINT('',#2754);
#2754 = CARTESIAN_POINT('',(6.15,-4.15,-0.457437037472));
#2755 = CIRCLE('',#2756,0.29);
#2756 = AXIS2_PLACEMENT_3D('',#2757,#2758,#2759);
#2757 = CARTESIAN_POINT('',(6.44,-4.15,-0.457437037472));
#2758 = DIRECTION('',(0.,-1.,-3.330669073875E-16));
#2759 = DIRECTION('',(0.,-3.330669073875E-16,1.));
#2760 = ORIENTED_EDGE('',*,*,#2761,.F.);
#2761 = EDGE_CURVE('',#1649,#2753,#2762,.T.);
#2762 = LINE('',#2763,#2764);
#2763 = CARTESIAN_POINT('',(6.15,-4.15,1.5));
#2764 = VECTOR('',#2765,1.);
#2765 = DIRECTION('',(0.,5.551115123126E-16,-1.));
#2766 = ORIENTED_EDGE('',*,*,#1656,.F.);
#2767 = ORIENTED_EDGE('',*,*,#2643,.F.);
#2768 = ORIENTED_EDGE('',*,*,#2769,.F.);
#2769 = EDGE_CURVE('',#2770,#2636,#2772,.T.);
#2770 = VERTEX_POINT('',#2771);
#2771 = CARTESIAN_POINT('',(6.45,-4.15,1.21));
#2772 = CIRCLE('',#2773,0.29);
#2773 = AXIS2_PLACEMENT_3D('',#2774,#2775,#2776);
#2774 = CARTESIAN_POINT('',(6.16,-4.15,1.21));
#2775 = DIRECTION('',(0.,-1.,-3.330669073875E-16));
#2776 = DIRECTION('',(0.,-3.330669073875E-16,1.));
#2777 = ORIENTED_EDGE('',*,*,#2778,.F.);
#2778 = EDGE_CURVE('',#2779,#2770,#2781,.T.);
#2779 = VERTEX_POINT('',#2780);
#2780 = CARTESIAN_POINT('',(6.45,-4.15,-0.457437037472));
#2781 = LINE('',#2782,#2783);
#2782 = CARTESIAN_POINT('',(6.45,-4.15,-0.5));
#2783 = VECTOR('',#2784,1.);
#2784 = DIRECTION('',(0.,-5.551115123126E-16,1.));
#2785 = ORIENTED_EDGE('',*,*,#2786,.F.);
#2786 = EDGE_CURVE('',#2659,#2779,#2787,.T.);
#2787 = CIRCLE('',#2788,0.29);
#2788 = AXIS2_PLACEMENT_3D('',#2789,#2790,#2791);
#2789 = CARTESIAN_POINT('',(6.74,-4.15,-0.457437037472));
#2790 = DIRECTION('',(-0.,1.,3.330669073875E-16));
#2791 = DIRECTION('',(0.,-3.330669073875E-16,1.));
#2792 = PLANE('',#2793);
#2793 = AXIS2_PLACEMENT_3D('',#2794,#2795,#2796);
#2794 = CARTESIAN_POINT('',(6.45,-4.15,-0.5));
#2795 = DIRECTION('',(0.,1.,3.330669073875E-16));
#2796 = DIRECTION('',(0.,-3.330669073875E-16,1.));
#2797 = ADVANCED_FACE('',(#2798),#2942,.T.);
#2798 = FACE_BOUND('',#2799,.T.);
#2799 = EDGE_LOOP('',(#2800,#2810,#2819,#2827,#2836,#2844,#2852,#2860,
    #2869,#2877,#2886,#2894,#2903,#2909,#2910,#2918,#2927,#2935));
#2800 = ORIENTED_EDGE('',*,*,#2801,.T.);
#2801 = EDGE_CURVE('',#2802,#2804,#2806,.T.);
#2802 = VERTEX_POINT('',#2803);
#2803 = CARTESIAN_POINT('',(6.462230377286,0.35,-0.540767924286));
#2804 = VERTEX_POINT('',#2805);
#2805 = CARTESIAN_POINT('',(6.725000733956,0.35,-1.416669113186));
#2806 = LINE('',#2807,#2808);
#2807 = CARTESIAN_POINT('',(6.45,0.35,-0.5));
#2808 = VECTOR('',#2809,1.);
#2809 = DIRECTION('',(0.287347885566,5.31700397722E-16,-0.957826285221)
  );
#2810 = ORIENTED_EDGE('',*,*,#2811,.T.);
#2811 = EDGE_CURVE('',#2804,#2812,#2814,.T.);
#2812 = VERTEX_POINT('',#2813);
#2813 = CARTESIAN_POINT('',(6.725000733956,0.35,-1.583330886814));
#2814 = CIRCLE('',#2815,0.29);
#2815 = AXIS2_PLACEMENT_3D('',#2816,#2817,#2818);
#2816 = CARTESIAN_POINT('',(6.447231111242,0.35,-1.5));
#2817 = DIRECTION('',(-0.,1.,3.330669073875E-16));
#2818 = DIRECTION('',(0.,-3.330669073875E-16,1.));
#2819 = ORIENTED_EDGE('',*,*,#2820,.T.);
#2820 = EDGE_CURVE('',#2812,#2821,#2823,.T.);
#2821 = VERTEX_POINT('',#2822);
#2822 = CARTESIAN_POINT('',(6.462230377286,0.35,-2.459232075714));
#2823 = LINE('',#2824,#2825);
#2824 = CARTESIAN_POINT('',(6.75,0.35,-1.5));
#2825 = VECTOR('',#2826,1.);
#2826 = DIRECTION('',(-0.287347885566,5.31700397722E-16,-0.957826285221)
  );
#2827 = ORIENTED_EDGE('',*,*,#2828,.F.);
#2828 = EDGE_CURVE('',#2829,#2821,#2831,.T.);
#2829 = VERTEX_POINT('',#2830);
#2830 = CARTESIAN_POINT('',(6.45,0.35,-2.542562962528));
#2831 = CIRCLE('',#2832,0.29);
#2832 = AXIS2_PLACEMENT_3D('',#2833,#2834,#2835);
#2833 = CARTESIAN_POINT('',(6.74,0.35,-2.542562962528));
#2834 = DIRECTION('',(-0.,1.,3.330669073875E-16));
#2835 = DIRECTION('',(0.,-3.330669073875E-16,1.));
#2836 = ORIENTED_EDGE('',*,*,#2837,.F.);
#2837 = EDGE_CURVE('',#2838,#2829,#2840,.T.);
#2838 = VERTEX_POINT('',#2839);
#2839 = CARTESIAN_POINT('',(6.45,0.35,-3.5));
#2840 = LINE('',#2841,#2842);
#2841 = CARTESIAN_POINT('',(6.45,0.35,-3.5));
#2842 = VECTOR('',#2843,1.);
#2843 = DIRECTION('',(0.,-5.551115123126E-16,1.));
#2844 = ORIENTED_EDGE('',*,*,#2845,.F.);
#2845 = EDGE_CURVE('',#2846,#2838,#2848,.T.);
#2846 = VERTEX_POINT('',#2847);
#2847 = CARTESIAN_POINT('',(6.15,0.35,-3.5));
#2848 = LINE('',#2849,#2850);
#2849 = CARTESIAN_POINT('',(6.15,0.35,-3.5));
#2850 = VECTOR('',#2851,1.);
#2851 = DIRECTION('',(1.,0.,0.));
#2852 = ORIENTED_EDGE('',*,*,#2853,.F.);
#2853 = EDGE_CURVE('',#2854,#2846,#2856,.T.);
#2854 = VERTEX_POINT('',#2855);
#2855 = CARTESIAN_POINT('',(6.15,0.35,-2.542562962528));
#2856 = LINE('',#2857,#2858);
#2857 = CARTESIAN_POINT('',(6.15,0.35,-2.5));
#2858 = VECTOR('',#2859,1.);
#2859 = DIRECTION('',(0.,5.551115123126E-16,-1.));
#2860 = ORIENTED_EDGE('',*,*,#2861,.F.);
#2861 = EDGE_CURVE('',#2862,#2854,#2864,.T.);
#2862 = VERTEX_POINT('',#2863);
#2863 = CARTESIAN_POINT('',(6.162230377286,0.35,-2.459232075714));
#2864 = CIRCLE('',#2865,0.29);
#2865 = AXIS2_PLACEMENT_3D('',#2866,#2867,#2868);
#2866 = CARTESIAN_POINT('',(6.44,0.35,-2.542562962528));
#2867 = DIRECTION('',(0.,-1.,-3.330669073875E-16));
#2868 = DIRECTION('',(0.,-3.330669073875E-16,1.));
#2869 = ORIENTED_EDGE('',*,*,#2870,.T.);
#2870 = EDGE_CURVE('',#2862,#2871,#2873,.T.);
#2871 = VERTEX_POINT('',#2872);
#2872 = CARTESIAN_POINT('',(6.425000733956,0.35,-1.583330886814));
#2873 = LINE('',#2874,#2875);
#2874 = CARTESIAN_POINT('',(6.15,0.35,-2.5));
#2875 = VECTOR('',#2876,1.);
#2876 = DIRECTION('',(0.287347885566,-5.31700397722E-16,0.957826285221)
  );
#2877 = ORIENTED_EDGE('',*,*,#2878,.F.);
#2878 = EDGE_CURVE('',#2879,#2871,#2881,.T.);
#2879 = VERTEX_POINT('',#2880);
#2880 = CARTESIAN_POINT('',(6.425000733956,0.35,-1.416669113186));
#2881 = CIRCLE('',#2882,0.29);
#2882 = AXIS2_PLACEMENT_3D('',#2883,#2884,#2885);
#2883 = CARTESIAN_POINT('',(6.147231111242,0.35,-1.5));
#2884 = DIRECTION('',(-0.,1.,3.330669073875E-16));
#2885 = DIRECTION('',(0.,-3.330669073875E-16,1.));
#2886 = ORIENTED_EDGE('',*,*,#2887,.T.);
#2887 = EDGE_CURVE('',#2879,#2888,#2890,.T.);
#2888 = VERTEX_POINT('',#2889);
#2889 = CARTESIAN_POINT('',(6.162230377286,0.35,-0.540767924286));
#2890 = LINE('',#2891,#2892);
#2891 = CARTESIAN_POINT('',(6.45,0.35,-1.5));
#2892 = VECTOR('',#2893,1.);
#2893 = DIRECTION('',(-0.287347885566,-5.31700397722E-16,0.957826285221)
  );
#2894 = ORIENTED_EDGE('',*,*,#2895,.F.);
#2895 = EDGE_CURVE('',#2896,#2888,#2898,.T.);
#2896 = VERTEX_POINT('',#2897);
#2897 = CARTESIAN_POINT('',(6.15,0.35,-0.457437037472));
#2898 = CIRCLE('',#2899,0.29);
#2899 = AXIS2_PLACEMENT_3D('',#2900,#2901,#2902);
#2900 = CARTESIAN_POINT('',(6.44,0.35,-0.457437037472));
#2901 = DIRECTION('',(0.,-1.,-3.330669073875E-16));
#2902 = DIRECTION('',(0.,-3.330669073875E-16,1.));
#2903 = ORIENTED_EDGE('',*,*,#2904,.F.);
#2904 = EDGE_CURVE('',#1617,#2896,#2905,.T.);
#2905 = LINE('',#2906,#2907);
#2906 = CARTESIAN_POINT('',(6.15,0.35,1.5));
#2907 = VECTOR('',#2908,1.);
#2908 = DIRECTION('',(0.,5.551115123126E-16,-1.));
#2909 = ORIENTED_EDGE('',*,*,#1624,.F.);
#2910 = ORIENTED_EDGE('',*,*,#2911,.F.);
#2911 = EDGE_CURVE('',#2912,#1625,#2914,.T.);
#2912 = VERTEX_POINT('',#2913);
#2913 = CARTESIAN_POINT('',(6.16,0.35,1.5));
#2914 = LINE('',#2915,#2916);
#2915 = CARTESIAN_POINT('',(6.45,0.35,1.5));
#2916 = VECTOR('',#2917,1.);
#2917 = DIRECTION('',(-1.,-0.,0.));
#2918 = ORIENTED_EDGE('',*,*,#2919,.F.);
#2919 = EDGE_CURVE('',#2920,#2912,#2922,.T.);
#2920 = VERTEX_POINT('',#2921);
#2921 = CARTESIAN_POINT('',(6.45,0.35,1.21));
#2922 = CIRCLE('',#2923,0.29);
#2923 = AXIS2_PLACEMENT_3D('',#2924,#2925,#2926);
#2924 = CARTESIAN_POINT('',(6.16,0.35,1.21));
#2925 = DIRECTION('',(0.,-1.,-3.330669073875E-16));
#2926 = DIRECTION('',(0.,-3.330669073875E-16,1.));
#2927 = ORIENTED_EDGE('',*,*,#2928,.F.);
#2928 = EDGE_CURVE('',#2929,#2920,#2931,.T.);
#2929 = VERTEX_POINT('',#2930);
#2930 = CARTESIAN_POINT('',(6.45,0.35,-0.457437037472));
#2931 = LINE('',#2932,#2933);
#2932 = CARTESIAN_POINT('',(6.45,0.35,-0.5));
#2933 = VECTOR('',#2934,1.);
#2934 = DIRECTION('',(0.,-5.551115123126E-16,1.));
#2935 = ORIENTED_EDGE('',*,*,#2936,.F.);
#2936 = EDGE_CURVE('',#2802,#2929,#2937,.T.);
#2937 = CIRCLE('',#2938,0.29);
#2938 = AXIS2_PLACEMENT_3D('',#2939,#2940,#2941);
#2939 = CARTESIAN_POINT('',(6.74,0.35,-0.457437037472));
#2940 = DIRECTION('',(-0.,1.,3.330669073875E-16));
#2941 = DIRECTION('',(0.,-3.330669073875E-16,1.));
#2942 = PLANE('',#2943);
#2943 = AXIS2_PLACEMENT_3D('',#2944,#2945,#2946);
#2944 = CARTESIAN_POINT('',(6.45,0.35,-0.5));
#2945 = DIRECTION('',(1.64346021921E-31,1.,5.551115123126E-16));
#2946 = DIRECTION('',(0.,-5.551115123126E-16,1.));
#2947 = ADVANCED_FACE('',(#2948),#3092,.F.);
#2948 = FACE_BOUND('',#2949,.F.);
#2949 = EDGE_LOOP('',(#2950,#2960,#2969,#2977,#2986,#2994,#3002,#3010,
    #3019,#3027,#3036,#3044,#3053,#3059,#3060,#3068,#3077,#3085));
#2950 = ORIENTED_EDGE('',*,*,#2951,.T.);
#2951 = EDGE_CURVE('',#2952,#2954,#2956,.T.);
#2952 = VERTEX_POINT('',#2953);
#2953 = CARTESIAN_POINT('',(6.462230377286,-0.35,-0.540767924286));
#2954 = VERTEX_POINT('',#2955);
#2955 = CARTESIAN_POINT('',(6.725000733956,-0.35,-1.416669113186));
#2956 = LINE('',#2957,#2958);
#2957 = CARTESIAN_POINT('',(6.45,-0.35,-0.5));
#2958 = VECTOR('',#2959,1.);
#2959 = DIRECTION('',(0.287347885566,5.31700397722E-16,-0.957826285221)
  );
#2960 = ORIENTED_EDGE('',*,*,#2961,.T.);
#2961 = EDGE_CURVE('',#2954,#2962,#2964,.T.);
#2962 = VERTEX_POINT('',#2963);
#2963 = CARTESIAN_POINT('',(6.725000733956,-0.35,-1.583330886814));
#2964 = CIRCLE('',#2965,0.29);
#2965 = AXIS2_PLACEMENT_3D('',#2966,#2967,#2968);
#2966 = CARTESIAN_POINT('',(6.447231111242,-0.35,-1.5));
#2967 = DIRECTION('',(-0.,1.,3.330669073875E-16));
#2968 = DIRECTION('',(0.,-3.330669073875E-16,1.));
#2969 = ORIENTED_EDGE('',*,*,#2970,.T.);
#2970 = EDGE_CURVE('',#2962,#2971,#2973,.T.);
#2971 = VERTEX_POINT('',#2972);
#2972 = CARTESIAN_POINT('',(6.462230377286,-0.35,-2.459232075714));
#2973 = LINE('',#2974,#2975);
#2974 = CARTESIAN_POINT('',(6.75,-0.35,-1.5));
#2975 = VECTOR('',#2976,1.);
#2976 = DIRECTION('',(-0.287347885566,5.31700397722E-16,-0.957826285221)
  );
#2977 = ORIENTED_EDGE('',*,*,#2978,.F.);
#2978 = EDGE_CURVE('',#2979,#2971,#2981,.T.);
#2979 = VERTEX_POINT('',#2980);
#2980 = CARTESIAN_POINT('',(6.45,-0.35,-2.542562962528));
#2981 = CIRCLE('',#2982,0.29);
#2982 = AXIS2_PLACEMENT_3D('',#2983,#2984,#2985);
#2983 = CARTESIAN_POINT('',(6.74,-0.35,-2.542562962528));
#2984 = DIRECTION('',(-0.,1.,3.330669073875E-16));
#2985 = DIRECTION('',(0.,-3.330669073875E-16,1.));
#2986 = ORIENTED_EDGE('',*,*,#2987,.F.);
#2987 = EDGE_CURVE('',#2988,#2979,#2990,.T.);
#2988 = VERTEX_POINT('',#2989);
#2989 = CARTESIAN_POINT('',(6.45,-0.35,-3.5));
#2990 = LINE('',#2991,#2992);
#2991 = CARTESIAN_POINT('',(6.45,-0.35,-3.5));
#2992 = VECTOR('',#2993,1.);
#2993 = DIRECTION('',(0.,-5.551115123126E-16,1.));
#2994 = ORIENTED_EDGE('',*,*,#2995,.F.);
#2995 = EDGE_CURVE('',#2996,#2988,#2998,.T.);
#2996 = VERTEX_POINT('',#2997);
#2997 = CARTESIAN_POINT('',(6.15,-0.35,-3.5));
#2998 = LINE('',#2999,#3000);
#2999 = CARTESIAN_POINT('',(6.15,-0.35,-3.5));
#3000 = VECTOR('',#3001,1.);
#3001 = DIRECTION('',(1.,0.,0.));
#3002 = ORIENTED_EDGE('',*,*,#3003,.F.);
#3003 = EDGE_CURVE('',#3004,#2996,#3006,.T.);
#3004 = VERTEX_POINT('',#3005);
#3005 = CARTESIAN_POINT('',(6.15,-0.35,-2.542562962528));
#3006 = LINE('',#3007,#3008);
#3007 = CARTESIAN_POINT('',(6.15,-0.35,-2.5));
#3008 = VECTOR('',#3009,1.);
#3009 = DIRECTION('',(0.,5.551115123126E-16,-1.));
#3010 = ORIENTED_EDGE('',*,*,#3011,.F.);
#3011 = EDGE_CURVE('',#3012,#3004,#3014,.T.);
#3012 = VERTEX_POINT('',#3013);
#3013 = CARTESIAN_POINT('',(6.162230377286,-0.35,-2.459232075714));
#3014 = CIRCLE('',#3015,0.29);
#3015 = AXIS2_PLACEMENT_3D('',#3016,#3017,#3018);
#3016 = CARTESIAN_POINT('',(6.44,-0.35,-2.542562962528));
#3017 = DIRECTION('',(0.,-1.,-3.330669073875E-16));
#3018 = DIRECTION('',(0.,-3.330669073875E-16,1.));
#3019 = ORIENTED_EDGE('',*,*,#3020,.T.);
#3020 = EDGE_CURVE('',#3012,#3021,#3023,.T.);
#3021 = VERTEX_POINT('',#3022);
#3022 = CARTESIAN_POINT('',(6.425000733956,-0.35,-1.583330886814));
#3023 = LINE('',#3024,#3025);
#3024 = CARTESIAN_POINT('',(6.15,-0.35,-2.5));
#3025 = VECTOR('',#3026,1.);
#3026 = DIRECTION('',(0.287347885566,-5.31700397722E-16,0.957826285221)
  );
#3027 = ORIENTED_EDGE('',*,*,#3028,.F.);
#3028 = EDGE_CURVE('',#3029,#3021,#3031,.T.);
#3029 = VERTEX_POINT('',#3030);
#3030 = CARTESIAN_POINT('',(6.425000733956,-0.35,-1.416669113186));
#3031 = CIRCLE('',#3032,0.29);
#3032 = AXIS2_PLACEMENT_3D('',#3033,#3034,#3035);
#3033 = CARTESIAN_POINT('',(6.147231111242,-0.35,-1.5));
#3034 = DIRECTION('',(-0.,1.,3.330669073875E-16));
#3035 = DIRECTION('',(0.,-3.330669073875E-16,1.));
#3036 = ORIENTED_EDGE('',*,*,#3037,.T.);
#3037 = EDGE_CURVE('',#3029,#3038,#3040,.T.);
#3038 = VERTEX_POINT('',#3039);
#3039 = CARTESIAN_POINT('',(6.162230377286,-0.35,-0.540767924286));
#3040 = LINE('',#3041,#3042);
#3041 = CARTESIAN_POINT('',(6.45,-0.35,-1.5));
#3042 = VECTOR('',#3043,1.);
#3043 = DIRECTION('',(-0.287347885566,-5.31700397722E-16,0.957826285221)
  );
#3044 = ORIENTED_EDGE('',*,*,#3045,.F.);
#3045 = EDGE_CURVE('',#3046,#3038,#3048,.T.);
#3046 = VERTEX_POINT('',#3047);
#3047 = CARTESIAN_POINT('',(6.15,-0.35,-0.457437037472));
#3048 = CIRCLE('',#3049,0.29);
#3049 = AXIS2_PLACEMENT_3D('',#3050,#3051,#3052);
#3050 = CARTESIAN_POINT('',(6.44,-0.35,-0.457437037472));
#3051 = DIRECTION('',(0.,-1.,-3.330669073875E-16));
#3052 = DIRECTION('',(0.,-3.330669073875E-16,1.));
#3053 = ORIENTED_EDGE('',*,*,#3054,.F.);
#3054 = EDGE_CURVE('',#1641,#3046,#3055,.T.);
#3055 = LINE('',#3056,#3057);
#3056 = CARTESIAN_POINT('',(6.15,-0.35,1.5));
#3057 = VECTOR('',#3058,1.);
#3058 = DIRECTION('',(0.,5.551115123126E-16,-1.));
#3059 = ORIENTED_EDGE('',*,*,#1640,.F.);
#3060 = ORIENTED_EDGE('',*,*,#3061,.F.);
#3061 = EDGE_CURVE('',#3062,#1633,#3064,.T.);
#3062 = VERTEX_POINT('',#3063);
#3063 = CARTESIAN_POINT('',(6.16,-0.35,1.5));
#3064 = LINE('',#3065,#3066);
#3065 = CARTESIAN_POINT('',(6.45,-0.35,1.5));
#3066 = VECTOR('',#3067,1.);
#3067 = DIRECTION('',(-1.,-0.,0.));
#3068 = ORIENTED_EDGE('',*,*,#3069,.F.);
#3069 = EDGE_CURVE('',#3070,#3062,#3072,.T.);
#3070 = VERTEX_POINT('',#3071);
#3071 = CARTESIAN_POINT('',(6.45,-0.35,1.21));
#3072 = CIRCLE('',#3073,0.29);
#3073 = AXIS2_PLACEMENT_3D('',#3074,#3075,#3076);
#3074 = CARTESIAN_POINT('',(6.16,-0.35,1.21));
#3075 = DIRECTION('',(0.,-1.,-3.330669073875E-16));
#3076 = DIRECTION('',(0.,-3.330669073875E-16,1.));
#3077 = ORIENTED_EDGE('',*,*,#3078,.F.);
#3078 = EDGE_CURVE('',#3079,#3070,#3081,.T.);
#3079 = VERTEX_POINT('',#3080);
#3080 = CARTESIAN_POINT('',(6.45,-0.35,-0.457437037472));
#3081 = LINE('',#3082,#3083);
#3082 = CARTESIAN_POINT('',(6.45,-0.35,-0.5));
#3083 = VECTOR('',#3084,1.);
#3084 = DIRECTION('',(0.,-5.551115123126E-16,1.));
#3085 = ORIENTED_EDGE('',*,*,#3086,.F.);
#3086 = EDGE_CURVE('',#2952,#3079,#3087,.T.);
#3087 = CIRCLE('',#3088,0.29);
#3088 = AXIS2_PLACEMENT_3D('',#3089,#3090,#3091);
#3089 = CARTESIAN_POINT('',(6.74,-0.35,-0.457437037472));
#3090 = DIRECTION('',(-0.,1.,3.330669073875E-16));
#3091 = DIRECTION('',(0.,-3.330669073875E-16,1.));
#3092 = PLANE('',#3093);
#3093 = AXIS2_PLACEMENT_3D('',#3094,#3095,#3096);
#3094 = CARTESIAN_POINT('',(6.45,-0.35,-0.5));
#3095 = DIRECTION('',(1.64346021921E-31,1.,5.551115123126E-16));
#3096 = DIRECTION('',(0.,-5.551115123126E-16,1.));
#3097 = ADVANCED_FACE('',(#3098),#3109,.T.);
#3098 = FACE_BOUND('',#3099,.T.);
#3099 = EDGE_LOOP('',(#3100,#3101,#3107,#3108));
#3100 = ORIENTED_EDGE('',*,*,#3061,.F.);
#3101 = ORIENTED_EDGE('',*,*,#3102,.T.);
#3102 = EDGE_CURVE('',#3062,#2912,#3103,.T.);
#3103 = LINE('',#3104,#3105);
#3104 = CARTESIAN_POINT('',(6.16,-0.35,1.5));
#3105 = VECTOR('',#3106,1.);
#3106 = DIRECTION('',(0.,1.,3.330669073875E-16));
#3107 = ORIENTED_EDGE('',*,*,#2911,.T.);
#3108 = ORIENTED_EDGE('',*,*,#1632,.F.);
#3109 = PLANE('',#3110);
#3110 = AXIS2_PLACEMENT_3D('',#3111,#3112,#3113);
#3111 = CARTESIAN_POINT('',(6.45,-0.35,1.5));
#3112 = DIRECTION('',(0.,-3.330669073875E-16,1.));
#3113 = DIRECTION('',(-1.,0.,0.));
#3114 = ADVANCED_FACE('',(#3115),#3118,.F.);
#3115 = FACE_BOUND('',#3116,.F.);
#3116 = EDGE_LOOP('',(#3117));
#3117 = ORIENTED_EDGE('',*,*,#1772,.F.);
#3118 = PLANE('',#3119);
#3119 = AXIS2_PLACEMENT_3D('',#3120,#3121,#3122);
#3120 = CARTESIAN_POINT('',(4.9,-2.25,4.3));
#3121 = DIRECTION('',(0.,0.,-1.));
#3122 = DIRECTION('',(-1.,0.,0.));
#3123 = ADVANCED_FACE('',(#3124),#3135,.F.);
#3124 = FACE_BOUND('',#3125,.F.);
#3125 = EDGE_LOOP('',(#3126,#3127,#3128,#3129));
#3126 = ORIENTED_EDGE('',*,*,#2270,.F.);
#3127 = ORIENTED_EDGE('',*,*,#1809,.F.);
#3128 = ORIENTED_EDGE('',*,*,#2420,.T.);
#3129 = ORIENTED_EDGE('',*,*,#3130,.F.);
#3130 = EDGE_CURVE('',#2262,#2412,#3131,.T.);
#3131 = LINE('',#3132,#3133);
#3132 = CARTESIAN_POINT('',(0.15,-4.85,-0.457437037472));
#3133 = VECTOR('',#3134,1.);
#3134 = DIRECTION('',(0.,1.,3.330669073875E-16));
#3135 = PLANE('',#3136);
#3136 = AXIS2_PLACEMENT_3D('',#3137,#3138,#3139);
#3137 = CARTESIAN_POINT('',(0.15,-4.85,1.5));
#3138 = DIRECTION('',(-1.,0.,-0.));
#3139 = DIRECTION('',(0.,5.551115123126E-16,-1.));
#3140 = ADVANCED_FACE('',(#3141),#3152,.T.);
#3141 = FACE_BOUND('',#3142,.T.);
#3142 = EDGE_LOOP('',(#3143,#3144,#3145,#3146));
#3143 = ORIENTED_EDGE('',*,*,#2587,.F.);
#3144 = ORIENTED_EDGE('',*,*,#1834,.T.);
#3145 = ORIENTED_EDGE('',*,*,#2761,.T.);
#3146 = ORIENTED_EDGE('',*,*,#3147,.F.);
#3147 = EDGE_CURVE('',#2579,#2753,#3148,.T.);
#3148 = LINE('',#3149,#3150);
#3149 = CARTESIAN_POINT('',(6.15,-4.85,-0.457437037472));
#3150 = VECTOR('',#3151,1.);
#3151 = DIRECTION('',(0.,1.,3.330669073875E-16));
#3152 = PLANE('',#3153);
#3153 = AXIS2_PLACEMENT_3D('',#3154,#3155,#3156);
#3154 = CARTESIAN_POINT('',(6.15,-4.85,1.5));
#3155 = DIRECTION('',(-1.,0.,-0.));
#3156 = DIRECTION('',(0.,5.551115123126E-16,-1.));
#3157 = ADVANCED_FACE('',(#3158),#3169,.F.);
#3158 = FACE_BOUND('',#3159,.F.);
#3159 = EDGE_LOOP('',(#3160,#3161,#3162,#3163));
#3160 = ORIENTED_EDGE('',*,*,#2127,.F.);
#3161 = ORIENTED_EDGE('',*,*,#1816,.F.);
#3162 = ORIENTED_EDGE('',*,*,#1953,.T.);
#3163 = ORIENTED_EDGE('',*,*,#3164,.F.);
#3164 = EDGE_CURVE('',#2119,#1945,#3165,.T.);
#3165 = LINE('',#3166,#3167);
#3166 = CARTESIAN_POINT('',(0.15,-0.35,-0.457437037472));
#3167 = VECTOR('',#3168,1.);
#3168 = DIRECTION('',(0.,1.,3.330669073875E-16));
#3169 = PLANE('',#3170);
#3170 = AXIS2_PLACEMENT_3D('',#3171,#3172,#3173);
#3171 = CARTESIAN_POINT('',(0.15,-0.35,1.5));
#3172 = DIRECTION('',(-1.,0.,-0.));
#3173 = DIRECTION('',(0.,5.551115123126E-16,-1.));
#3174 = ADVANCED_FACE('',(#3175),#3186,.T.);
#3175 = FACE_BOUND('',#3176,.T.);
#3176 = EDGE_LOOP('',(#3177,#3178,#3179,#3180));
#3177 = ORIENTED_EDGE('',*,*,#3054,.F.);
#3178 = ORIENTED_EDGE('',*,*,#1827,.T.);
#3179 = ORIENTED_EDGE('',*,*,#2904,.T.);
#3180 = ORIENTED_EDGE('',*,*,#3181,.F.);
#3181 = EDGE_CURVE('',#3046,#2896,#3182,.T.);
#3182 = LINE('',#3183,#3184);
#3183 = CARTESIAN_POINT('',(6.15,-0.35,-0.457437037472));
#3184 = VECTOR('',#3185,1.);
#3185 = DIRECTION('',(0.,1.,3.330669073875E-16));
#3186 = PLANE('',#3187);
#3187 = AXIS2_PLACEMENT_3D('',#3188,#3189,#3190);
#3188 = CARTESIAN_POINT('',(6.15,-0.35,1.5));
#3189 = DIRECTION('',(-1.,0.,-0.));
#3190 = DIRECTION('',(0.,5.551115123126E-16,-1.));
#3191 = ADVANCED_FACE('',(#3192),#3208,.T.);
#3192 = FACE_BOUND('',#3193,.T.);
#3193 = EDGE_LOOP('',(#3194,#3195,#3201,#3202));
#3194 = ORIENTED_EDGE('',*,*,#2024,.F.);
#3195 = ORIENTED_EDGE('',*,*,#3196,.T.);
#3196 = EDGE_CURVE('',#2025,#1851,#3197,.T.);
#3197 = LINE('',#3198,#3199);
#3198 = CARTESIAN_POINT('',(-0.162230377286,-0.35,-0.540767924286));
#3199 = VECTOR('',#3200,1.);
#3200 = DIRECTION('',(0.,1.,3.330669073875E-16));
#3201 = ORIENTED_EDGE('',*,*,#1850,.T.);
#3202 = ORIENTED_EDGE('',*,*,#3203,.F.);
#3203 = EDGE_CURVE('',#2027,#1853,#3204,.T.);
#3204 = LINE('',#3205,#3206);
#3205 = CARTESIAN_POINT('',(-0.425000733956,-0.35,-1.416669113186));
#3206 = VECTOR('',#3207,1.);
#3207 = DIRECTION('',(0.,1.,3.330669073875E-16));
#3208 = PLANE('',#3209);
#3209 = AXIS2_PLACEMENT_3D('',#3210,#3211,#3212);
#3210 = CARTESIAN_POINT('',(-0.15,-0.35,-0.5));
#3211 = DIRECTION('',(-0.957826285221,-9.570607158995E-17,0.287347885566
    ));
#3212 = DIRECTION('',(-0.287347885566,5.31700397722E-16,-0.957826285221)
  );
#3213 = ADVANCED_FACE('',(#3214),#3225,.F.);
#3214 = FACE_BOUND('',#3215,.F.);
#3215 = EDGE_LOOP('',(#3216,#3217,#3218,#3224));
#3216 = ORIENTED_EDGE('',*,*,#3196,.T.);
#3217 = ORIENTED_EDGE('',*,*,#1985,.T.);
#3218 = ORIENTED_EDGE('',*,*,#3219,.F.);
#3219 = EDGE_CURVE('',#2145,#1978,#3220,.T.);
#3220 = LINE('',#3221,#3222);
#3221 = CARTESIAN_POINT('',(-0.15,-0.35,-0.457437037472));
#3222 = VECTOR('',#3223,1.);
#3223 = DIRECTION('',(0.,1.,3.330669073875E-16));
#3224 = ORIENTED_EDGE('',*,*,#2152,.F.);
#3225 = CYLINDRICAL_SURFACE('',#3226,0.29);
#3226 = AXIS2_PLACEMENT_3D('',#3227,#3228,#3229);
#3227 = CARTESIAN_POINT('',(-0.44,-0.35,-0.457437037472));
#3228 = DIRECTION('',(0.,1.,3.330669073875E-16));
#3229 = DIRECTION('',(0.957826285221,9.570607158983E-17,-0.287347885566)
  );
#3230 = ADVANCED_FACE('',(#3231),#3242,.T.);
#3231 = FACE_BOUND('',#3232,.T.);
#3232 = EDGE_LOOP('',(#3233,#3234,#3235,#3241));
#3233 = ORIENTED_EDGE('',*,*,#3203,.T.);
#3234 = ORIENTED_EDGE('',*,*,#1860,.T.);
#3235 = ORIENTED_EDGE('',*,*,#3236,.F.);
#3236 = EDGE_CURVE('',#2035,#1861,#3237,.T.);
#3237 = LINE('',#3238,#3239);
#3238 = CARTESIAN_POINT('',(-0.425000733956,-0.35,-1.583330886814));
#3239 = VECTOR('',#3240,1.);
#3240 = DIRECTION('',(0.,1.,3.330669073875E-16));
#3241 = ORIENTED_EDGE('',*,*,#2034,.F.);
#3242 = CYLINDRICAL_SURFACE('',#3243,0.29);
#3243 = AXIS2_PLACEMENT_3D('',#3244,#3245,#3246);
#3244 = CARTESIAN_POINT('',(-0.147231111242,-0.35,-1.5));
#3245 = DIRECTION('',(0.,1.,3.330669073875E-16));
#3246 = DIRECTION('',(-0.957826285221,-9.570607158983E-17,0.287347885566
    ));
#3247 = ADVANCED_FACE('',(#3248),#3259,.F.);
#3248 = FACE_BOUND('',#3249,.F.);
#3249 = EDGE_LOOP('',(#3250,#3251,#3252,#3253));
#3250 = ORIENTED_EDGE('',*,*,#2144,.F.);
#3251 = ORIENTED_EDGE('',*,*,#3219,.T.);
#3252 = ORIENTED_EDGE('',*,*,#1977,.T.);
#3253 = ORIENTED_EDGE('',*,*,#3254,.F.);
#3254 = EDGE_CURVE('',#2136,#1969,#3255,.T.);
#3255 = LINE('',#3256,#3257);
#3256 = CARTESIAN_POINT('',(-0.15,-0.35,1.21));
#3257 = VECTOR('',#3258,1.);
#3258 = DIRECTION('',(0.,1.,3.330669073875E-16));
#3259 = PLANE('',#3260);
#3260 = AXIS2_PLACEMENT_3D('',#3261,#3262,#3263);
#3261 = CARTESIAN_POINT('',(-0.15,-0.35,-0.5));
#3262 = DIRECTION('',(1.,0.,0.));
#3263 = DIRECTION('',(0.,-5.551115123126E-16,1.));
#3264 = ADVANCED_FACE('',(#3265),#3276,.T.);
#3265 = FACE_BOUND('',#3266,.T.);
#3266 = EDGE_LOOP('',(#3267,#3268,#3269,#3270));
#3267 = ORIENTED_EDGE('',*,*,#2043,.F.);
#3268 = ORIENTED_EDGE('',*,*,#3236,.T.);
#3269 = ORIENTED_EDGE('',*,*,#1869,.T.);
#3270 = ORIENTED_EDGE('',*,*,#3271,.F.);
#3271 = EDGE_CURVE('',#2044,#1870,#3272,.T.);
#3272 = LINE('',#3273,#3274);
#3273 = CARTESIAN_POINT('',(-0.162230377286,-0.35,-2.459232075714));
#3274 = VECTOR('',#3275,1.);
#3275 = DIRECTION('',(0.,1.,3.330669073875E-16));
#3276 = PLANE('',#3277);
#3277 = AXIS2_PLACEMENT_3D('',#3278,#3279,#3280);
#3278 = CARTESIAN_POINT('',(-0.45,-0.35,-1.5));
#3279 = DIRECTION('',(-0.957826285221,9.570607158995E-17,-0.287347885566
    ));
#3280 = DIRECTION('',(0.287347885566,5.31700397722E-16,-0.957826285221)
  );
#3281 = ADVANCED_FACE('',(#3282),#3288,.T.);
#3282 = FACE_BOUND('',#3283,.T.);
#3283 = EDGE_LOOP('',(#3284,#3285,#3286,#3287));
#3284 = ORIENTED_EDGE('',*,*,#2135,.T.);
#3285 = ORIENTED_EDGE('',*,*,#2008,.T.);
#3286 = ORIENTED_EDGE('',*,*,#1968,.F.);
#3287 = ORIENTED_EDGE('',*,*,#3254,.F.);
#3288 = CYLINDRICAL_SURFACE('',#3289,0.29);
#3289 = AXIS2_PLACEMENT_3D('',#3290,#3291,#3292);
#3290 = CARTESIAN_POINT('',(0.14,-0.35,1.21));
#3291 = DIRECTION('',(0.,1.,3.330669073875E-16));
#3292 = DIRECTION('',(-1.,0.,0.));
#3293 = ADVANCED_FACE('',(#3294),#3305,.F.);
#3294 = FACE_BOUND('',#3295,.F.);
#3295 = EDGE_LOOP('',(#3296,#3302,#3303,#3304));
#3296 = ORIENTED_EDGE('',*,*,#3297,.T.);
#3297 = EDGE_CURVE('',#2052,#1878,#3298,.T.);
#3298 = LINE('',#3299,#3300);
#3299 = CARTESIAN_POINT('',(-0.15,-0.35,-2.542562962528));
#3300 = VECTOR('',#3301,1.);
#3301 = DIRECTION('',(0.,1.,3.330669073875E-16));
#3302 = ORIENTED_EDGE('',*,*,#1877,.T.);
#3303 = ORIENTED_EDGE('',*,*,#3271,.F.);
#3304 = ORIENTED_EDGE('',*,*,#2051,.F.);
#3305 = CYLINDRICAL_SURFACE('',#3306,0.29);
#3306 = AXIS2_PLACEMENT_3D('',#3307,#3308,#3309);
#3307 = CARTESIAN_POINT('',(-0.44,-0.35,-2.542562962528));
#3308 = DIRECTION('',(0.,1.,3.330669073875E-16));
#3309 = DIRECTION('',(1.,0.,-0.));
#3310 = ADVANCED_FACE('',(#3311),#3322,.F.);
#3311 = FACE_BOUND('',#3312,.F.);
#3312 = EDGE_LOOP('',(#3313,#3314,#3320,#3321));
#3313 = ORIENTED_EDGE('',*,*,#2060,.F.);
#3314 = ORIENTED_EDGE('',*,*,#3315,.T.);
#3315 = EDGE_CURVE('',#2061,#1887,#3316,.T.);
#3316 = LINE('',#3317,#3318);
#3317 = CARTESIAN_POINT('',(-0.15,-0.35,-3.5));
#3318 = VECTOR('',#3319,1.);
#3319 = DIRECTION('',(0.,1.,3.330669073875E-16));
#3320 = ORIENTED_EDGE('',*,*,#1886,.T.);
#3321 = ORIENTED_EDGE('',*,*,#3297,.F.);
#3322 = PLANE('',#3323);
#3323 = AXIS2_PLACEMENT_3D('',#3324,#3325,#3326);
#3324 = CARTESIAN_POINT('',(-0.15,-0.35,-3.5));
#3325 = DIRECTION('',(1.,0.,0.));
#3326 = DIRECTION('',(0.,-5.551115123126E-16,1.));
#3327 = ADVANCED_FACE('',(#3328),#3339,.F.);
#3328 = FACE_BOUND('',#3329,.F.);
#3329 = EDGE_LOOP('',(#3330,#3336,#3337,#3338));
#3330 = ORIENTED_EDGE('',*,*,#3331,.T.);
#3331 = EDGE_CURVE('',#2069,#1895,#3332,.T.);
#3332 = LINE('',#3333,#3334);
#3333 = CARTESIAN_POINT('',(0.15,-0.35,-3.5));
#3334 = VECTOR('',#3335,1.);
#3335 = DIRECTION('',(0.,1.,3.330669073875E-16));
#3336 = ORIENTED_EDGE('',*,*,#1894,.T.);
#3337 = ORIENTED_EDGE('',*,*,#3315,.F.);
#3338 = ORIENTED_EDGE('',*,*,#2068,.F.);
#3339 = PLANE('',#3340);
#3340 = AXIS2_PLACEMENT_3D('',#3341,#3342,#3343);
#3341 = CARTESIAN_POINT('',(0.15,-0.35,-3.5));
#3342 = DIRECTION('',(0.,-3.330669073875E-16,1.));
#3343 = DIRECTION('',(-1.,0.,0.));
#3344 = ADVANCED_FACE('',(#3345),#3356,.F.);
#3345 = FACE_BOUND('',#3346,.F.);
#3346 = EDGE_LOOP('',(#3347,#3348,#3354,#3355));
#3347 = ORIENTED_EDGE('',*,*,#2076,.F.);
#3348 = ORIENTED_EDGE('',*,*,#3349,.T.);
#3349 = EDGE_CURVE('',#2077,#1903,#3350,.T.);
#3350 = LINE('',#3351,#3352);
#3351 = CARTESIAN_POINT('',(0.15,-0.35,-2.542562962528));
#3352 = VECTOR('',#3353,1.);
#3353 = DIRECTION('',(0.,1.,3.330669073875E-16));
#3354 = ORIENTED_EDGE('',*,*,#1902,.T.);
#3355 = ORIENTED_EDGE('',*,*,#3331,.F.);
#3356 = PLANE('',#3357);
#3357 = AXIS2_PLACEMENT_3D('',#3358,#3359,#3360);
#3358 = CARTESIAN_POINT('',(0.15,-0.35,-2.5));
#3359 = DIRECTION('',(-1.,0.,-0.));
#3360 = DIRECTION('',(0.,5.551115123126E-16,-1.));
#3361 = ADVANCED_FACE('',(#3362),#3373,.T.);
#3362 = FACE_BOUND('',#3363,.T.);
#3363 = EDGE_LOOP('',(#3364,#3365,#3371,#3372));
#3364 = ORIENTED_EDGE('',*,*,#2118,.T.);
#3365 = ORIENTED_EDGE('',*,*,#3366,.T.);
#3366 = EDGE_CURVE('',#2111,#1937,#3367,.T.);
#3367 = LINE('',#3368,#3369);
#3368 = CARTESIAN_POINT('',(0.137769622714,-0.35,-0.540767924286));
#3369 = VECTOR('',#3370,1.);
#3370 = DIRECTION('',(0.,1.,3.330669073875E-16));
#3371 = ORIENTED_EDGE('',*,*,#1944,.F.);
#3372 = ORIENTED_EDGE('',*,*,#3164,.F.);
#3373 = CYLINDRICAL_SURFACE('',#3374,0.29);
#3374 = AXIS2_PLACEMENT_3D('',#3375,#3376,#3377);
#3375 = CARTESIAN_POINT('',(-0.14,-0.35,-0.457437037472));
#3376 = DIRECTION('',(0.,1.,3.330669073875E-16));
#3377 = DIRECTION('',(1.,0.,-0.));
#3378 = ADVANCED_FACE('',(#3379),#3390,.T.);
#3379 = FACE_BOUND('',#3380,.T.);
#3380 = EDGE_LOOP('',(#3381,#3382,#3383,#3384));
#3381 = ORIENTED_EDGE('',*,*,#2084,.T.);
#3382 = ORIENTED_EDGE('',*,*,#3349,.T.);
#3383 = ORIENTED_EDGE('',*,*,#1910,.F.);
#3384 = ORIENTED_EDGE('',*,*,#3385,.F.);
#3385 = EDGE_CURVE('',#2085,#1911,#3386,.T.);
#3386 = LINE('',#3387,#3388);
#3387 = CARTESIAN_POINT('',(0.137769622714,-0.35,-2.459232075714));
#3388 = VECTOR('',#3389,1.);
#3389 = DIRECTION('',(0.,1.,3.330669073875E-16));
#3390 = CYLINDRICAL_SURFACE('',#3391,0.29);
#3391 = AXIS2_PLACEMENT_3D('',#3392,#3393,#3394);
#3392 = CARTESIAN_POINT('',(-0.14,-0.35,-2.542562962528));
#3393 = DIRECTION('',(0.,1.,3.330669073875E-16));
#3394 = DIRECTION('',(0.957826285221,-9.570607158983E-17,0.287347885566)
  );
#3395 = ADVANCED_FACE('',(#3396),#3407,.T.);
#3396 = FACE_BOUND('',#3397,.T.);
#3397 = EDGE_LOOP('',(#3398,#3399,#3405,#3406));
#3398 = ORIENTED_EDGE('',*,*,#2110,.F.);
#3399 = ORIENTED_EDGE('',*,*,#3400,.T.);
#3400 = EDGE_CURVE('',#2102,#1928,#3401,.T.);
#3401 = LINE('',#3402,#3403);
#3402 = CARTESIAN_POINT('',(-0.125000733956,-0.35,-1.416669113186));
#3403 = VECTOR('',#3404,1.);
#3404 = DIRECTION('',(0.,1.,3.330669073875E-16));
#3405 = ORIENTED_EDGE('',*,*,#1936,.T.);
#3406 = ORIENTED_EDGE('',*,*,#3366,.F.);
#3407 = PLANE('',#3408);
#3408 = AXIS2_PLACEMENT_3D('',#3409,#3410,#3411);
#3409 = CARTESIAN_POINT('',(-0.15,-0.35,-1.5));
#3410 = DIRECTION('',(0.957826285221,9.570607158995E-17,-0.287347885566)
  );
#3411 = DIRECTION('',(0.287347885566,-5.31700397722E-16,0.957826285221)
  );
#3412 = ADVANCED_FACE('',(#3413),#3424,.T.);
#3413 = FACE_BOUND('',#3414,.T.);
#3414 = EDGE_LOOP('',(#3415,#3416,#3417,#3418));
#3415 = ORIENTED_EDGE('',*,*,#2093,.F.);
#3416 = ORIENTED_EDGE('',*,*,#3385,.T.);
#3417 = ORIENTED_EDGE('',*,*,#1919,.T.);
#3418 = ORIENTED_EDGE('',*,*,#3419,.F.);
#3419 = EDGE_CURVE('',#2094,#1920,#3420,.T.);
#3420 = LINE('',#3421,#3422);
#3421 = CARTESIAN_POINT('',(-0.125000733956,-0.35,-1.583330886814));
#3422 = VECTOR('',#3423,1.);
#3423 = DIRECTION('',(0.,1.,3.330669073875E-16));
#3424 = PLANE('',#3425);
#3425 = AXIS2_PLACEMENT_3D('',#3426,#3427,#3428);
#3426 = CARTESIAN_POINT('',(0.15,-0.35,-2.5));
#3427 = DIRECTION('',(0.957826285221,-9.570607158995E-17,0.287347885566)
  );
#3428 = DIRECTION('',(-0.287347885566,-5.31700397722E-16,0.957826285221)
  );
#3429 = ADVANCED_FACE('',(#3430),#3436,.F.);
#3430 = FACE_BOUND('',#3431,.F.);
#3431 = EDGE_LOOP('',(#3432,#3433,#3434,#3435));
#3432 = ORIENTED_EDGE('',*,*,#3400,.T.);
#3433 = ORIENTED_EDGE('',*,*,#1927,.T.);
#3434 = ORIENTED_EDGE('',*,*,#3419,.F.);
#3435 = ORIENTED_EDGE('',*,*,#2101,.F.);
#3436 = CYLINDRICAL_SURFACE('',#3437,0.29);
#3437 = AXIS2_PLACEMENT_3D('',#3438,#3439,#3440);
#3438 = CARTESIAN_POINT('',(0.152768888758,-0.35,-1.5));
#3439 = DIRECTION('',(0.,1.,3.330669073875E-16));
#3440 = DIRECTION('',(-0.957826285221,-9.570607158983E-17,0.287347885566
    ));
#3441 = ADVANCED_FACE('',(#3442),#3458,.T.);
#3442 = FACE_BOUND('',#3443,.T.);
#3443 = EDGE_LOOP('',(#3444,#3445,#3451,#3452));
#3444 = ORIENTED_EDGE('',*,*,#2167,.F.);
#3445 = ORIENTED_EDGE('',*,*,#3446,.T.);
#3446 = EDGE_CURVE('',#2168,#2318,#3447,.T.);
#3447 = LINE('',#3448,#3449);
#3448 = CARTESIAN_POINT('',(-0.162230377286,-4.85,-0.540767924286));
#3449 = VECTOR('',#3450,1.);
#3450 = DIRECTION('',(0.,1.,3.330669073875E-16));
#3451 = ORIENTED_EDGE('',*,*,#2317,.T.);
#3452 = ORIENTED_EDGE('',*,*,#3453,.F.);
#3453 = EDGE_CURVE('',#2170,#2320,#3454,.T.);
#3454 = LINE('',#3455,#3456);
#3455 = CARTESIAN_POINT('',(-0.425000733956,-4.85,-1.416669113186));
#3456 = VECTOR('',#3457,1.);
#3457 = DIRECTION('',(0.,1.,3.330669073875E-16));
#3458 = PLANE('',#3459);
#3459 = AXIS2_PLACEMENT_3D('',#3460,#3461,#3462);
#3460 = CARTESIAN_POINT('',(-0.15,-4.85,-0.5));
#3461 = DIRECTION('',(-0.957826285221,-9.570607158995E-17,0.287347885566
    ));
#3462 = DIRECTION('',(-0.287347885566,5.31700397722E-16,-0.957826285221)
  );
#3463 = ADVANCED_FACE('',(#3464),#3475,.F.);
#3464 = FACE_BOUND('',#3465,.F.);
#3465 = EDGE_LOOP('',(#3466,#3467,#3468,#3474));
#3466 = ORIENTED_EDGE('',*,*,#3446,.T.);
#3467 = ORIENTED_EDGE('',*,*,#2452,.T.);
#3468 = ORIENTED_EDGE('',*,*,#3469,.F.);
#3469 = EDGE_CURVE('',#2295,#2445,#3470,.T.);
#3470 = LINE('',#3471,#3472);
#3471 = CARTESIAN_POINT('',(-0.15,-4.85,-0.457437037472));
#3472 = VECTOR('',#3473,1.);
#3473 = DIRECTION('',(0.,1.,3.330669073875E-16));
#3474 = ORIENTED_EDGE('',*,*,#2302,.F.);
#3475 = CYLINDRICAL_SURFACE('',#3476,0.29);
#3476 = AXIS2_PLACEMENT_3D('',#3477,#3478,#3479);
#3477 = CARTESIAN_POINT('',(-0.44,-4.85,-0.457437037472));
#3478 = DIRECTION('',(0.,1.,3.330669073875E-16));
#3479 = DIRECTION('',(0.957826285221,9.570607158983E-17,-0.287347885566)
  );
#3480 = ADVANCED_FACE('',(#3481),#3492,.T.);
#3481 = FACE_BOUND('',#3482,.T.);
#3482 = EDGE_LOOP('',(#3483,#3484,#3485,#3491));
#3483 = ORIENTED_EDGE('',*,*,#3453,.T.);
#3484 = ORIENTED_EDGE('',*,*,#2327,.T.);
#3485 = ORIENTED_EDGE('',*,*,#3486,.F.);
#3486 = EDGE_CURVE('',#2178,#2328,#3487,.T.);
#3487 = LINE('',#3488,#3489);
#3488 = CARTESIAN_POINT('',(-0.425000733956,-4.85,-1.583330886814));
#3489 = VECTOR('',#3490,1.);
#3490 = DIRECTION('',(0.,1.,3.330669073875E-16));
#3491 = ORIENTED_EDGE('',*,*,#2177,.F.);
#3492 = CYLINDRICAL_SURFACE('',#3493,0.29);
#3493 = AXIS2_PLACEMENT_3D('',#3494,#3495,#3496);
#3494 = CARTESIAN_POINT('',(-0.147231111242,-4.85,-1.5));
#3495 = DIRECTION('',(0.,1.,3.330669073875E-16));
#3496 = DIRECTION('',(-0.957826285221,-9.570607158983E-17,0.287347885566
    ));
#3497 = ADVANCED_FACE('',(#3498),#3509,.F.);
#3498 = FACE_BOUND('',#3499,.F.);
#3499 = EDGE_LOOP('',(#3500,#3501,#3502,#3503));
#3500 = ORIENTED_EDGE('',*,*,#2294,.F.);
#3501 = ORIENTED_EDGE('',*,*,#3469,.T.);
#3502 = ORIENTED_EDGE('',*,*,#2444,.T.);
#3503 = ORIENTED_EDGE('',*,*,#3504,.F.);
#3504 = EDGE_CURVE('',#2286,#2436,#3505,.T.);
#3505 = LINE('',#3506,#3507);
#3506 = CARTESIAN_POINT('',(-0.15,-4.85,1.21));
#3507 = VECTOR('',#3508,1.);
#3508 = DIRECTION('',(0.,1.,3.330669073875E-16));
#3509 = PLANE('',#3510);
#3510 = AXIS2_PLACEMENT_3D('',#3511,#3512,#3513);
#3511 = CARTESIAN_POINT('',(-0.15,-4.85,-0.5));
#3512 = DIRECTION('',(1.,0.,0.));
#3513 = DIRECTION('',(0.,-5.551115123126E-16,1.));
#3514 = ADVANCED_FACE('',(#3515),#3526,.T.);
#3515 = FACE_BOUND('',#3516,.T.);
#3516 = EDGE_LOOP('',(#3517,#3518,#3519,#3520));
#3517 = ORIENTED_EDGE('',*,*,#2186,.F.);
#3518 = ORIENTED_EDGE('',*,*,#3486,.T.);
#3519 = ORIENTED_EDGE('',*,*,#2336,.T.);
#3520 = ORIENTED_EDGE('',*,*,#3521,.F.);
#3521 = EDGE_CURVE('',#2187,#2337,#3522,.T.);
#3522 = LINE('',#3523,#3524);
#3523 = CARTESIAN_POINT('',(-0.162230377286,-4.85,-2.459232075714));
#3524 = VECTOR('',#3525,1.);
#3525 = DIRECTION('',(0.,1.,3.330669073875E-16));
#3526 = PLANE('',#3527);
#3527 = AXIS2_PLACEMENT_3D('',#3528,#3529,#3530);
#3528 = CARTESIAN_POINT('',(-0.45,-4.85,-1.5));
#3529 = DIRECTION('',(-0.957826285221,9.570607158995E-17,-0.287347885566
    ));
#3530 = DIRECTION('',(0.287347885566,5.31700397722E-16,-0.957826285221)
  );
#3531 = ADVANCED_FACE('',(#3532),#3538,.T.);
#3532 = FACE_BOUND('',#3533,.T.);
#3533 = EDGE_LOOP('',(#3534,#3535,#3536,#3537));
#3534 = ORIENTED_EDGE('',*,*,#2285,.T.);
#3535 = ORIENTED_EDGE('',*,*,#2468,.T.);
#3536 = ORIENTED_EDGE('',*,*,#2435,.F.);
#3537 = ORIENTED_EDGE('',*,*,#3504,.F.);
#3538 = CYLINDRICAL_SURFACE('',#3539,0.29);
#3539 = AXIS2_PLACEMENT_3D('',#3540,#3541,#3542);
#3540 = CARTESIAN_POINT('',(0.14,-4.85,1.21));
#3541 = DIRECTION('',(0.,1.,3.330669073875E-16));
#3542 = DIRECTION('',(-1.,0.,0.));
#3543 = ADVANCED_FACE('',(#3544),#3555,.F.);
#3544 = FACE_BOUND('',#3545,.F.);
#3545 = EDGE_LOOP('',(#3546,#3552,#3553,#3554));
#3546 = ORIENTED_EDGE('',*,*,#3547,.T.);
#3547 = EDGE_CURVE('',#2195,#2345,#3548,.T.);
#3548 = LINE('',#3549,#3550);
#3549 = CARTESIAN_POINT('',(-0.15,-4.85,-2.542562962528));
#3550 = VECTOR('',#3551,1.);
#3551 = DIRECTION('',(0.,1.,3.330669073875E-16));
#3552 = ORIENTED_EDGE('',*,*,#2344,.T.);
#3553 = ORIENTED_EDGE('',*,*,#3521,.F.);
#3554 = ORIENTED_EDGE('',*,*,#2194,.F.);
#3555 = CYLINDRICAL_SURFACE('',#3556,0.29);
#3556 = AXIS2_PLACEMENT_3D('',#3557,#3558,#3559);
#3557 = CARTESIAN_POINT('',(-0.44,-4.85,-2.542562962528));
#3558 = DIRECTION('',(0.,1.,3.330669073875E-16));
#3559 = DIRECTION('',(1.,0.,-0.));
#3560 = ADVANCED_FACE('',(#3561),#3572,.F.);
#3561 = FACE_BOUND('',#3562,.F.);
#3562 = EDGE_LOOP('',(#3563,#3564,#3570,#3571));
#3563 = ORIENTED_EDGE('',*,*,#2203,.F.);
#3564 = ORIENTED_EDGE('',*,*,#3565,.T.);
#3565 = EDGE_CURVE('',#2204,#2354,#3566,.T.);
#3566 = LINE('',#3567,#3568);
#3567 = CARTESIAN_POINT('',(-0.15,-4.85,-3.5));
#3568 = VECTOR('',#3569,1.);
#3569 = DIRECTION('',(0.,1.,3.330669073875E-16));
#3570 = ORIENTED_EDGE('',*,*,#2353,.T.);
#3571 = ORIENTED_EDGE('',*,*,#3547,.F.);
#3572 = PLANE('',#3573);
#3573 = AXIS2_PLACEMENT_3D('',#3574,#3575,#3576);
#3574 = CARTESIAN_POINT('',(-0.15,-4.85,-3.5));
#3575 = DIRECTION('',(1.,0.,0.));
#3576 = DIRECTION('',(0.,-5.551115123126E-16,1.));
#3577 = ADVANCED_FACE('',(#3578),#3589,.F.);
#3578 = FACE_BOUND('',#3579,.F.);
#3579 = EDGE_LOOP('',(#3580,#3586,#3587,#3588));
#3580 = ORIENTED_EDGE('',*,*,#3581,.T.);
#3581 = EDGE_CURVE('',#2212,#2362,#3582,.T.);
#3582 = LINE('',#3583,#3584);
#3583 = CARTESIAN_POINT('',(0.15,-4.85,-3.5));
#3584 = VECTOR('',#3585,1.);
#3585 = DIRECTION('',(0.,1.,3.330669073875E-16));
#3586 = ORIENTED_EDGE('',*,*,#2361,.T.);
#3587 = ORIENTED_EDGE('',*,*,#3565,.F.);
#3588 = ORIENTED_EDGE('',*,*,#2211,.F.);
#3589 = PLANE('',#3590);
#3590 = AXIS2_PLACEMENT_3D('',#3591,#3592,#3593);
#3591 = CARTESIAN_POINT('',(0.15,-4.85,-3.5));
#3592 = DIRECTION('',(0.,-3.330669073875E-16,1.));
#3593 = DIRECTION('',(-1.,0.,0.));
#3594 = ADVANCED_FACE('',(#3595),#3606,.F.);
#3595 = FACE_BOUND('',#3596,.F.);
#3596 = EDGE_LOOP('',(#3597,#3598,#3604,#3605));
#3597 = ORIENTED_EDGE('',*,*,#2219,.F.);
#3598 = ORIENTED_EDGE('',*,*,#3599,.T.);
#3599 = EDGE_CURVE('',#2220,#2370,#3600,.T.);
#3600 = LINE('',#3601,#3602);
#3601 = CARTESIAN_POINT('',(0.15,-4.85,-2.542562962528));
#3602 = VECTOR('',#3603,1.);
#3603 = DIRECTION('',(0.,1.,3.330669073875E-16));
#3604 = ORIENTED_EDGE('',*,*,#2369,.T.);
#3605 = ORIENTED_EDGE('',*,*,#3581,.F.);
#3606 = PLANE('',#3607);
#3607 = AXIS2_PLACEMENT_3D('',#3608,#3609,#3610);
#3608 = CARTESIAN_POINT('',(0.15,-4.85,-2.5));
#3609 = DIRECTION('',(-1.,0.,-0.));
#3610 = DIRECTION('',(0.,5.551115123126E-16,-1.));
#3611 = ADVANCED_FACE('',(#3612),#3623,.T.);
#3612 = FACE_BOUND('',#3613,.T.);
#3613 = EDGE_LOOP('',(#3614,#3615,#3621,#3622));
#3614 = ORIENTED_EDGE('',*,*,#2261,.T.);
#3615 = ORIENTED_EDGE('',*,*,#3616,.T.);
#3616 = EDGE_CURVE('',#2254,#2404,#3617,.T.);
#3617 = LINE('',#3618,#3619);
#3618 = CARTESIAN_POINT('',(0.137769622714,-4.85,-0.540767924286));
#3619 = VECTOR('',#3620,1.);
#3620 = DIRECTION('',(0.,1.,3.330669073875E-16));
#3621 = ORIENTED_EDGE('',*,*,#2411,.F.);
#3622 = ORIENTED_EDGE('',*,*,#3130,.F.);
#3623 = CYLINDRICAL_SURFACE('',#3624,0.29);
#3624 = AXIS2_PLACEMENT_3D('',#3625,#3626,#3627);
#3625 = CARTESIAN_POINT('',(-0.14,-4.85,-0.457437037472));
#3626 = DIRECTION('',(0.,1.,3.330669073875E-16));
#3627 = DIRECTION('',(1.,0.,-0.));
#3628 = ADVANCED_FACE('',(#3629),#3640,.T.);
#3629 = FACE_BOUND('',#3630,.T.);
#3630 = EDGE_LOOP('',(#3631,#3632,#3633,#3634));
#3631 = ORIENTED_EDGE('',*,*,#2227,.T.);
#3632 = ORIENTED_EDGE('',*,*,#3599,.T.);
#3633 = ORIENTED_EDGE('',*,*,#2377,.F.);
#3634 = ORIENTED_EDGE('',*,*,#3635,.F.);
#3635 = EDGE_CURVE('',#2228,#2378,#3636,.T.);
#3636 = LINE('',#3637,#3638);
#3637 = CARTESIAN_POINT('',(0.137769622714,-4.85,-2.459232075714));
#3638 = VECTOR('',#3639,1.);
#3639 = DIRECTION('',(0.,1.,3.330669073875E-16));
#3640 = CYLINDRICAL_SURFACE('',#3641,0.29);
#3641 = AXIS2_PLACEMENT_3D('',#3642,#3643,#3644);
#3642 = CARTESIAN_POINT('',(-0.14,-4.85,-2.542562962528));
#3643 = DIRECTION('',(0.,1.,3.330669073875E-16));
#3644 = DIRECTION('',(0.957826285221,-9.570607158983E-17,0.287347885566)
  );
#3645 = ADVANCED_FACE('',(#3646),#3657,.T.);
#3646 = FACE_BOUND('',#3647,.T.);
#3647 = EDGE_LOOP('',(#3648,#3649,#3655,#3656));
#3648 = ORIENTED_EDGE('',*,*,#2253,.F.);
#3649 = ORIENTED_EDGE('',*,*,#3650,.T.);
#3650 = EDGE_CURVE('',#2245,#2395,#3651,.T.);
#3651 = LINE('',#3652,#3653);
#3652 = CARTESIAN_POINT('',(-0.125000733956,-4.85,-1.416669113186));
#3653 = VECTOR('',#3654,1.);
#3654 = DIRECTION('',(0.,1.,3.330669073875E-16));
#3655 = ORIENTED_EDGE('',*,*,#2403,.T.);
#3656 = ORIENTED_EDGE('',*,*,#3616,.F.);
#3657 = PLANE('',#3658);
#3658 = AXIS2_PLACEMENT_3D('',#3659,#3660,#3661);
#3659 = CARTESIAN_POINT('',(-0.15,-4.85,-1.5));
#3660 = DIRECTION('',(0.957826285221,9.570607158995E-17,-0.287347885566)
  );
#3661 = DIRECTION('',(0.287347885566,-5.31700397722E-16,0.957826285221)
  );
#3662 = ADVANCED_FACE('',(#3663),#3674,.T.);
#3663 = FACE_BOUND('',#3664,.T.);
#3664 = EDGE_LOOP('',(#3665,#3666,#3667,#3668));
#3665 = ORIENTED_EDGE('',*,*,#2236,.F.);
#3666 = ORIENTED_EDGE('',*,*,#3635,.T.);
#3667 = ORIENTED_EDGE('',*,*,#2386,.T.);
#3668 = ORIENTED_EDGE('',*,*,#3669,.F.);
#3669 = EDGE_CURVE('',#2237,#2387,#3670,.T.);
#3670 = LINE('',#3671,#3672);
#3671 = CARTESIAN_POINT('',(-0.125000733956,-4.85,-1.583330886814));
#3672 = VECTOR('',#3673,1.);
#3673 = DIRECTION('',(0.,1.,3.330669073875E-16));
#3674 = PLANE('',#3675);
#3675 = AXIS2_PLACEMENT_3D('',#3676,#3677,#3678);
#3676 = CARTESIAN_POINT('',(0.15,-4.85,-2.5));
#3677 = DIRECTION('',(0.957826285221,-9.570607158995E-17,0.287347885566)
  );
#3678 = DIRECTION('',(-0.287347885566,-5.31700397722E-16,0.957826285221)
  );
#3679 = ADVANCED_FACE('',(#3680),#3686,.F.);
#3680 = FACE_BOUND('',#3681,.F.);
#3681 = EDGE_LOOP('',(#3682,#3683,#3684,#3685));
#3682 = ORIENTED_EDGE('',*,*,#3650,.T.);
#3683 = ORIENTED_EDGE('',*,*,#2394,.T.);
#3684 = ORIENTED_EDGE('',*,*,#3669,.F.);
#3685 = ORIENTED_EDGE('',*,*,#2244,.F.);
#3686 = CYLINDRICAL_SURFACE('',#3687,0.29);
#3687 = AXIS2_PLACEMENT_3D('',#3688,#3689,#3690);
#3688 = CARTESIAN_POINT('',(0.152768888758,-4.85,-1.5));
#3689 = DIRECTION('',(0.,1.,3.330669073875E-16));
#3690 = DIRECTION('',(-0.957826285221,-9.570607158983E-17,0.287347885566
    ));
#3691 = ADVANCED_FACE('',(#3692),#3708,.F.);
#3692 = FACE_BOUND('',#3693,.F.);
#3693 = EDGE_LOOP('',(#3694,#3695,#3701,#3702));
#3694 = ORIENTED_EDGE('',*,*,#2484,.F.);
#3695 = ORIENTED_EDGE('',*,*,#3696,.T.);
#3696 = EDGE_CURVE('',#2485,#2659,#3697,.T.);
#3697 = LINE('',#3698,#3699);
#3698 = CARTESIAN_POINT('',(6.462230377286,-4.85,-0.540767924286));
#3699 = VECTOR('',#3700,1.);
#3700 = DIRECTION('',(0.,1.,3.330669073875E-16));
#3701 = ORIENTED_EDGE('',*,*,#2658,.T.);
#3702 = ORIENTED_EDGE('',*,*,#3703,.F.);
#3703 = EDGE_CURVE('',#2487,#2661,#3704,.T.);
#3704 = LINE('',#3705,#3706);
#3705 = CARTESIAN_POINT('',(6.725000733956,-4.85,-1.416669113186));
#3706 = VECTOR('',#3707,1.);
#3707 = DIRECTION('',(0.,1.,3.330669073875E-16));
#3708 = PLANE('',#3709);
#3709 = AXIS2_PLACEMENT_3D('',#3710,#3711,#3712);
#3710 = CARTESIAN_POINT('',(6.45,-4.85,-0.5));
#3711 = DIRECTION('',(-0.957826285221,9.570607158995E-17,-0.287347885566
    ));
#3712 = DIRECTION('',(0.287347885566,5.31700397722E-16,-0.957826285221)
  );
#3713 = ADVANCED_FACE('',(#3714),#3725,.F.);
#3714 = FACE_BOUND('',#3715,.F.);
#3715 = EDGE_LOOP('',(#3716,#3717,#3723,#3724));
#3716 = ORIENTED_EDGE('',*,*,#2619,.T.);
#3717 = ORIENTED_EDGE('',*,*,#3718,.T.);
#3718 = EDGE_CURVE('',#2612,#2779,#3719,.T.);
#3719 = LINE('',#3720,#3721);
#3720 = CARTESIAN_POINT('',(6.45,-4.85,-0.457437037472));
#3721 = VECTOR('',#3722,1.);
#3722 = DIRECTION('',(0.,1.,3.330669073875E-16));
#3723 = ORIENTED_EDGE('',*,*,#2786,.F.);
#3724 = ORIENTED_EDGE('',*,*,#3696,.F.);
#3725 = CYLINDRICAL_SURFACE('',#3726,0.29);
#3726 = AXIS2_PLACEMENT_3D('',#3727,#3728,#3729);
#3727 = CARTESIAN_POINT('',(6.74,-4.85,-0.457437037472));
#3728 = DIRECTION('',(0.,1.,3.330669073875E-16));
#3729 = DIRECTION('',(-0.957826285221,9.570607158983E-17,-0.287347885566
    ));
#3730 = ADVANCED_FACE('',(#3731),#3742,.T.);
#3731 = FACE_BOUND('',#3732,.T.);
#3732 = EDGE_LOOP('',(#3733,#3734,#3740,#3741));
#3733 = ORIENTED_EDGE('',*,*,#2494,.T.);
#3734 = ORIENTED_EDGE('',*,*,#3735,.T.);
#3735 = EDGE_CURVE('',#2495,#2669,#3736,.T.);
#3736 = LINE('',#3737,#3738);
#3737 = CARTESIAN_POINT('',(6.725000733956,-4.85,-1.583330886814));
#3738 = VECTOR('',#3739,1.);
#3739 = DIRECTION('',(0.,1.,3.330669073875E-16));
#3740 = ORIENTED_EDGE('',*,*,#2668,.F.);
#3741 = ORIENTED_EDGE('',*,*,#3703,.F.);
#3742 = CYLINDRICAL_SURFACE('',#3743,0.29);
#3743 = AXIS2_PLACEMENT_3D('',#3744,#3745,#3746);
#3744 = CARTESIAN_POINT('',(6.447231111242,-4.85,-1.5));
#3745 = DIRECTION('',(0.,1.,3.330669073875E-16));
#3746 = DIRECTION('',(0.957826285221,-9.570607158983E-17,0.287347885566)
  );
#3747 = ADVANCED_FACE('',(#3748),#3759,.T.);
#3748 = FACE_BOUND('',#3749,.T.);
#3749 = EDGE_LOOP('',(#3750,#3751,#3752,#3753));
#3750 = ORIENTED_EDGE('',*,*,#2611,.F.);
#3751 = ORIENTED_EDGE('',*,*,#3718,.T.);
#3752 = ORIENTED_EDGE('',*,*,#2778,.T.);
#3753 = ORIENTED_EDGE('',*,*,#3754,.F.);
#3754 = EDGE_CURVE('',#2603,#2770,#3755,.T.);
#3755 = LINE('',#3756,#3757);
#3756 = CARTESIAN_POINT('',(6.45,-4.85,1.21));
#3757 = VECTOR('',#3758,1.);
#3758 = DIRECTION('',(0.,1.,3.330669073875E-16));
#3759 = PLANE('',#3760);
#3760 = AXIS2_PLACEMENT_3D('',#3761,#3762,#3763);
#3761 = CARTESIAN_POINT('',(6.45,-4.85,-0.5));
#3762 = DIRECTION('',(1.,0.,0.));
#3763 = DIRECTION('',(0.,-5.551115123126E-16,1.));
#3764 = ADVANCED_FACE('',(#3765),#3776,.F.);
#3765 = FACE_BOUND('',#3766,.F.);
#3766 = EDGE_LOOP('',(#3767,#3768,#3769,#3770));
#3767 = ORIENTED_EDGE('',*,*,#2503,.F.);
#3768 = ORIENTED_EDGE('',*,*,#3735,.T.);
#3769 = ORIENTED_EDGE('',*,*,#2677,.T.);
#3770 = ORIENTED_EDGE('',*,*,#3771,.F.);
#3771 = EDGE_CURVE('',#2504,#2678,#3772,.T.);
#3772 = LINE('',#3773,#3774);
#3773 = CARTESIAN_POINT('',(6.462230377286,-4.85,-2.459232075714));
#3774 = VECTOR('',#3775,1.);
#3775 = DIRECTION('',(0.,1.,3.330669073875E-16));
#3776 = PLANE('',#3777);
#3777 = AXIS2_PLACEMENT_3D('',#3778,#3779,#3780);
#3778 = CARTESIAN_POINT('',(6.75,-4.85,-1.5));
#3779 = DIRECTION('',(-0.957826285221,-9.570607158995E-17,0.287347885566
    ));
#3780 = DIRECTION('',(-0.287347885566,5.31700397722E-16,-0.957826285221)
  );
#3781 = ADVANCED_FACE('',(#3782),#3788,.T.);
#3782 = FACE_BOUND('',#3783,.T.);
#3783 = EDGE_LOOP('',(#3784,#3785,#3786,#3787));
#3784 = ORIENTED_EDGE('',*,*,#3754,.T.);
#3785 = ORIENTED_EDGE('',*,*,#2769,.T.);
#3786 = ORIENTED_EDGE('',*,*,#2635,.F.);
#3787 = ORIENTED_EDGE('',*,*,#2602,.F.);
#3788 = CYLINDRICAL_SURFACE('',#3789,0.29);
#3789 = AXIS2_PLACEMENT_3D('',#3790,#3791,#3792);
#3790 = CARTESIAN_POINT('',(6.16,-4.85,1.21));
#3791 = DIRECTION('',(0.,1.,3.330669073875E-16));
#3792 = DIRECTION('',(1.,0.,-0.));
#3793 = ADVANCED_FACE('',(#3794),#3805,.F.);
#3794 = FACE_BOUND('',#3795,.F.);
#3795 = EDGE_LOOP('',(#3796,#3797,#3798,#3799));
#3796 = ORIENTED_EDGE('',*,*,#2511,.T.);
#3797 = ORIENTED_EDGE('',*,*,#3771,.T.);
#3798 = ORIENTED_EDGE('',*,*,#2685,.F.);
#3799 = ORIENTED_EDGE('',*,*,#3800,.F.);
#3800 = EDGE_CURVE('',#2512,#2686,#3801,.T.);
#3801 = LINE('',#3802,#3803);
#3802 = CARTESIAN_POINT('',(6.45,-4.85,-2.542562962528));
#3803 = VECTOR('',#3804,1.);
#3804 = DIRECTION('',(0.,1.,3.330669073875E-16));
#3805 = CYLINDRICAL_SURFACE('',#3806,0.29);
#3806 = AXIS2_PLACEMENT_3D('',#3807,#3808,#3809);
#3807 = CARTESIAN_POINT('',(6.74,-4.85,-2.542562962528));
#3808 = DIRECTION('',(0.,1.,3.330669073875E-16));
#3809 = DIRECTION('',(-1.,0.,0.));
#3810 = ADVANCED_FACE('',(#3811),#3822,.T.);
#3811 = FACE_BOUND('',#3812,.T.);
#3812 = EDGE_LOOP('',(#3813,#3814,#3820,#3821));
#3813 = ORIENTED_EDGE('',*,*,#2520,.F.);
#3814 = ORIENTED_EDGE('',*,*,#3815,.T.);
#3815 = EDGE_CURVE('',#2521,#2695,#3816,.T.);
#3816 = LINE('',#3817,#3818);
#3817 = CARTESIAN_POINT('',(6.45,-4.85,-3.5));
#3818 = VECTOR('',#3819,1.);
#3819 = DIRECTION('',(0.,1.,3.330669073875E-16));
#3820 = ORIENTED_EDGE('',*,*,#2694,.T.);
#3821 = ORIENTED_EDGE('',*,*,#3800,.F.);
#3822 = PLANE('',#3823);
#3823 = AXIS2_PLACEMENT_3D('',#3824,#3825,#3826);
#3824 = CARTESIAN_POINT('',(6.45,-4.85,-3.5));
#3825 = DIRECTION('',(1.,0.,0.));
#3826 = DIRECTION('',(0.,-5.551115123126E-16,1.));
#3827 = ADVANCED_FACE('',(#3828),#3839,.T.);
#3828 = FACE_BOUND('',#3829,.T.);
#3829 = EDGE_LOOP('',(#3830,#3836,#3837,#3838));
#3830 = ORIENTED_EDGE('',*,*,#3831,.T.);
#3831 = EDGE_CURVE('',#2529,#2703,#3832,.T.);
#3832 = LINE('',#3833,#3834);
#3833 = CARTESIAN_POINT('',(6.15,-4.85,-3.5));
#3834 = VECTOR('',#3835,1.);
#3835 = DIRECTION('',(0.,1.,3.330669073875E-16));
#3836 = ORIENTED_EDGE('',*,*,#2702,.T.);
#3837 = ORIENTED_EDGE('',*,*,#3815,.F.);
#3838 = ORIENTED_EDGE('',*,*,#2528,.F.);
#3839 = PLANE('',#3840);
#3840 = AXIS2_PLACEMENT_3D('',#3841,#3842,#3843);
#3841 = CARTESIAN_POINT('',(6.15,-4.85,-3.5));
#3842 = DIRECTION('',(0.,3.330669073875E-16,-1.));
#3843 = DIRECTION('',(1.,0.,0.));
#3844 = ADVANCED_FACE('',(#3845),#3856,.T.);
#3845 = FACE_BOUND('',#3846,.T.);
#3846 = EDGE_LOOP('',(#3847,#3848,#3854,#3855));
#3847 = ORIENTED_EDGE('',*,*,#2536,.F.);
#3848 = ORIENTED_EDGE('',*,*,#3849,.T.);
#3849 = EDGE_CURVE('',#2537,#2711,#3850,.T.);
#3850 = LINE('',#3851,#3852);
#3851 = CARTESIAN_POINT('',(6.15,-4.85,-2.542562962528));
#3852 = VECTOR('',#3853,1.);
#3853 = DIRECTION('',(0.,1.,3.330669073875E-16));
#3854 = ORIENTED_EDGE('',*,*,#2710,.T.);
#3855 = ORIENTED_EDGE('',*,*,#3831,.F.);
#3856 = PLANE('',#3857);
#3857 = AXIS2_PLACEMENT_3D('',#3858,#3859,#3860);
#3858 = CARTESIAN_POINT('',(6.15,-4.85,-2.5));
#3859 = DIRECTION('',(-1.,0.,-0.));
#3860 = DIRECTION('',(0.,5.551115123126E-16,-1.));
#3861 = ADVANCED_FACE('',(#3862),#3873,.T.);
#3862 = FACE_BOUND('',#3863,.T.);
#3863 = EDGE_LOOP('',(#3864,#3865,#3866,#3872));
#3864 = ORIENTED_EDGE('',*,*,#3147,.T.);
#3865 = ORIENTED_EDGE('',*,*,#2752,.T.);
#3866 = ORIENTED_EDGE('',*,*,#3867,.F.);
#3867 = EDGE_CURVE('',#2571,#2745,#3868,.T.);
#3868 = LINE('',#3869,#3870);
#3869 = CARTESIAN_POINT('',(6.162230377286,-4.85,-0.540767924286));
#3870 = VECTOR('',#3871,1.);
#3871 = DIRECTION('',(0.,1.,3.330669073875E-16));
#3872 = ORIENTED_EDGE('',*,*,#2578,.F.);
#3873 = CYLINDRICAL_SURFACE('',#3874,0.29);
#3874 = AXIS2_PLACEMENT_3D('',#3875,#3876,#3877);
#3875 = CARTESIAN_POINT('',(6.44,-4.85,-0.457437037472));
#3876 = DIRECTION('',(0.,1.,3.330669073875E-16));
#3877 = DIRECTION('',(-1.,0.,0.));
#3878 = ADVANCED_FACE('',(#3879),#3890,.T.);
#3879 = FACE_BOUND('',#3880,.T.);
#3880 = EDGE_LOOP('',(#3881,#3887,#3888,#3889));
#3881 = ORIENTED_EDGE('',*,*,#3882,.T.);
#3882 = EDGE_CURVE('',#2545,#2719,#3883,.T.);
#3883 = LINE('',#3884,#3885);
#3884 = CARTESIAN_POINT('',(6.162230377286,-4.85,-2.459232075714));
#3885 = VECTOR('',#3886,1.);
#3886 = DIRECTION('',(0.,1.,3.330669073875E-16));
#3887 = ORIENTED_EDGE('',*,*,#2718,.T.);
#3888 = ORIENTED_EDGE('',*,*,#3849,.F.);
#3889 = ORIENTED_EDGE('',*,*,#2544,.F.);
#3890 = CYLINDRICAL_SURFACE('',#3891,0.29);
#3891 = AXIS2_PLACEMENT_3D('',#3892,#3893,#3894);
#3892 = CARTESIAN_POINT('',(6.44,-4.85,-2.542562962528));
#3893 = DIRECTION('',(0.,1.,3.330669073875E-16));
#3894 = DIRECTION('',(-0.957826285221,-9.570607158983E-17,0.287347885566
    ));
#3895 = ADVANCED_FACE('',(#3896),#3907,.F.);
#3896 = FACE_BOUND('',#3897,.F.);
#3897 = EDGE_LOOP('',(#3898,#3899,#3905,#3906));
#3898 = ORIENTED_EDGE('',*,*,#2570,.F.);
#3899 = ORIENTED_EDGE('',*,*,#3900,.T.);
#3900 = EDGE_CURVE('',#2562,#2736,#3901,.T.);
#3901 = LINE('',#3902,#3903);
#3902 = CARTESIAN_POINT('',(6.425000733956,-4.85,-1.416669113186));
#3903 = VECTOR('',#3904,1.);
#3904 = DIRECTION('',(0.,1.,3.330669073875E-16));
#3905 = ORIENTED_EDGE('',*,*,#2744,.T.);
#3906 = ORIENTED_EDGE('',*,*,#3867,.F.);
#3907 = PLANE('',#3908);
#3908 = AXIS2_PLACEMENT_3D('',#3909,#3910,#3911);
#3909 = CARTESIAN_POINT('',(6.45,-4.85,-1.5));
#3910 = DIRECTION('',(0.957826285221,-9.570607158995E-17,0.287347885566)
  );
#3911 = DIRECTION('',(-0.287347885566,-5.31700397722E-16,0.957826285221)
  );
#3912 = ADVANCED_FACE('',(#3913),#3924,.F.);
#3913 = FACE_BOUND('',#3914,.F.);
#3914 = EDGE_LOOP('',(#3915,#3916,#3917,#3918));
#3915 = ORIENTED_EDGE('',*,*,#2553,.F.);
#3916 = ORIENTED_EDGE('',*,*,#3882,.T.);
#3917 = ORIENTED_EDGE('',*,*,#2727,.T.);
#3918 = ORIENTED_EDGE('',*,*,#3919,.F.);
#3919 = EDGE_CURVE('',#2554,#2728,#3920,.T.);
#3920 = LINE('',#3921,#3922);
#3921 = CARTESIAN_POINT('',(6.425000733956,-4.85,-1.583330886814));
#3922 = VECTOR('',#3923,1.);
#3923 = DIRECTION('',(0.,1.,3.330669073875E-16));
#3924 = PLANE('',#3925);
#3925 = AXIS2_PLACEMENT_3D('',#3926,#3927,#3928);
#3926 = CARTESIAN_POINT('',(6.15,-4.85,-2.5));
#3927 = DIRECTION('',(0.957826285221,9.570607158995E-17,-0.287347885566)
  );
#3928 = DIRECTION('',(0.287347885566,-5.31700397722E-16,0.957826285221)
  );
#3929 = ADVANCED_FACE('',(#3930),#3936,.F.);
#3930 = FACE_BOUND('',#3931,.F.);
#3931 = EDGE_LOOP('',(#3932,#3933,#3934,#3935));
#3932 = ORIENTED_EDGE('',*,*,#2561,.T.);
#3933 = ORIENTED_EDGE('',*,*,#3919,.T.);
#3934 = ORIENTED_EDGE('',*,*,#2735,.F.);
#3935 = ORIENTED_EDGE('',*,*,#3900,.F.);
#3936 = CYLINDRICAL_SURFACE('',#3937,0.29);
#3937 = AXIS2_PLACEMENT_3D('',#3938,#3939,#3940);
#3938 = CARTESIAN_POINT('',(6.147231111242,-4.85,-1.5));
#3939 = DIRECTION('',(0.,1.,3.330669073875E-16));
#3940 = DIRECTION('',(0.957826285221,-9.570607158983E-17,0.287347885566)
  );
#3941 = ADVANCED_FACE('',(#3942),#3958,.F.);
#3942 = FACE_BOUND('',#3943,.F.);
#3943 = EDGE_LOOP('',(#3944,#3945,#3951,#3952));
#3944 = ORIENTED_EDGE('',*,*,#2951,.F.);
#3945 = ORIENTED_EDGE('',*,*,#3946,.T.);
#3946 = EDGE_CURVE('',#2952,#2802,#3947,.T.);
#3947 = LINE('',#3948,#3949);
#3948 = CARTESIAN_POINT('',(6.462230377286,-0.35,-0.540767924286));
#3949 = VECTOR('',#3950,1.);
#3950 = DIRECTION('',(0.,1.,3.330669073875E-16));
#3951 = ORIENTED_EDGE('',*,*,#2801,.T.);
#3952 = ORIENTED_EDGE('',*,*,#3953,.F.);
#3953 = EDGE_CURVE('',#2954,#2804,#3954,.T.);
#3954 = LINE('',#3955,#3956);
#3955 = CARTESIAN_POINT('',(6.725000733956,-0.35,-1.416669113186));
#3956 = VECTOR('',#3957,1.);
#3957 = DIRECTION('',(0.,1.,3.330669073875E-16));
#3958 = PLANE('',#3959);
#3959 = AXIS2_PLACEMENT_3D('',#3960,#3961,#3962);
#3960 = CARTESIAN_POINT('',(6.45,-0.35,-0.5));
#3961 = DIRECTION('',(-0.957826285221,9.570607158995E-17,-0.287347885566
    ));
#3962 = DIRECTION('',(0.287347885566,5.31700397722E-16,-0.957826285221)
  );
#3963 = ADVANCED_FACE('',(#3964),#3975,.F.);
#3964 = FACE_BOUND('',#3965,.F.);
#3965 = EDGE_LOOP('',(#3966,#3967,#3973,#3974));
#3966 = ORIENTED_EDGE('',*,*,#3086,.T.);
#3967 = ORIENTED_EDGE('',*,*,#3968,.T.);
#3968 = EDGE_CURVE('',#3079,#2929,#3969,.T.);
#3969 = LINE('',#3970,#3971);
#3970 = CARTESIAN_POINT('',(6.45,-0.35,-0.457437037472));
#3971 = VECTOR('',#3972,1.);
#3972 = DIRECTION('',(0.,1.,3.330669073875E-16));
#3973 = ORIENTED_EDGE('',*,*,#2936,.F.);
#3974 = ORIENTED_EDGE('',*,*,#3946,.F.);
#3975 = CYLINDRICAL_SURFACE('',#3976,0.29);
#3976 = AXIS2_PLACEMENT_3D('',#3977,#3978,#3979);
#3977 = CARTESIAN_POINT('',(6.74,-0.35,-0.457437037472));
#3978 = DIRECTION('',(0.,1.,3.330669073875E-16));
#3979 = DIRECTION('',(-0.957826285221,9.570607158983E-17,-0.287347885566
    ));
#3980 = ADVANCED_FACE('',(#3981),#3992,.T.);
#3981 = FACE_BOUND('',#3982,.T.);
#3982 = EDGE_LOOP('',(#3983,#3984,#3990,#3991));
#3983 = ORIENTED_EDGE('',*,*,#2961,.T.);
#3984 = ORIENTED_EDGE('',*,*,#3985,.T.);
#3985 = EDGE_CURVE('',#2962,#2812,#3986,.T.);
#3986 = LINE('',#3987,#3988);
#3987 = CARTESIAN_POINT('',(6.725000733956,-0.35,-1.583330886814));
#3988 = VECTOR('',#3989,1.);
#3989 = DIRECTION('',(0.,1.,3.330669073875E-16));
#3990 = ORIENTED_EDGE('',*,*,#2811,.F.);
#3991 = ORIENTED_EDGE('',*,*,#3953,.F.);
#3992 = CYLINDRICAL_SURFACE('',#3993,0.29);
#3993 = AXIS2_PLACEMENT_3D('',#3994,#3995,#3996);
#3994 = CARTESIAN_POINT('',(6.447231111242,-0.35,-1.5));
#3995 = DIRECTION('',(0.,1.,3.330669073875E-16));
#3996 = DIRECTION('',(0.957826285221,-9.570607158983E-17,0.287347885566)
  );
#3997 = ADVANCED_FACE('',(#3998),#4009,.T.);
#3998 = FACE_BOUND('',#3999,.T.);
#3999 = EDGE_LOOP('',(#4000,#4001,#4002,#4003));
#4000 = ORIENTED_EDGE('',*,*,#3078,.F.);
#4001 = ORIENTED_EDGE('',*,*,#3968,.T.);
#4002 = ORIENTED_EDGE('',*,*,#2928,.T.);
#4003 = ORIENTED_EDGE('',*,*,#4004,.F.);
#4004 = EDGE_CURVE('',#3070,#2920,#4005,.T.);
#4005 = LINE('',#4006,#4007);
#4006 = CARTESIAN_POINT('',(6.45,-0.35,1.21));
#4007 = VECTOR('',#4008,1.);
#4008 = DIRECTION('',(0.,1.,3.330669073875E-16));
#4009 = PLANE('',#4010);
#4010 = AXIS2_PLACEMENT_3D('',#4011,#4012,#4013);
#4011 = CARTESIAN_POINT('',(6.45,-0.35,-0.5));
#4012 = DIRECTION('',(1.,0.,0.));
#4013 = DIRECTION('',(0.,-5.551115123126E-16,1.));
#4014 = ADVANCED_FACE('',(#4015),#4026,.F.);
#4015 = FACE_BOUND('',#4016,.F.);
#4016 = EDGE_LOOP('',(#4017,#4018,#4019,#4020));
#4017 = ORIENTED_EDGE('',*,*,#2970,.F.);
#4018 = ORIENTED_EDGE('',*,*,#3985,.T.);
#4019 = ORIENTED_EDGE('',*,*,#2820,.T.);
#4020 = ORIENTED_EDGE('',*,*,#4021,.F.);
#4021 = EDGE_CURVE('',#2971,#2821,#4022,.T.);
#4022 = LINE('',#4023,#4024);
#4023 = CARTESIAN_POINT('',(6.462230377286,-0.35,-2.459232075714));
#4024 = VECTOR('',#4025,1.);
#4025 = DIRECTION('',(0.,1.,3.330669073875E-16));
#4026 = PLANE('',#4027);
#4027 = AXIS2_PLACEMENT_3D('',#4028,#4029,#4030);
#4028 = CARTESIAN_POINT('',(6.75,-0.35,-1.5));
#4029 = DIRECTION('',(-0.957826285221,-9.570607158995E-17,0.287347885566
    ));
#4030 = DIRECTION('',(-0.287347885566,5.31700397722E-16,-0.957826285221)
  );
#4031 = ADVANCED_FACE('',(#4032),#4038,.T.);
#4032 = FACE_BOUND('',#4033,.T.);
#4033 = EDGE_LOOP('',(#4034,#4035,#4036,#4037));
#4034 = ORIENTED_EDGE('',*,*,#4004,.T.);
#4035 = ORIENTED_EDGE('',*,*,#2919,.T.);
#4036 = ORIENTED_EDGE('',*,*,#3102,.F.);
#4037 = ORIENTED_EDGE('',*,*,#3069,.F.);
#4038 = CYLINDRICAL_SURFACE('',#4039,0.29);
#4039 = AXIS2_PLACEMENT_3D('',#4040,#4041,#4042);
#4040 = CARTESIAN_POINT('',(6.16,-0.35,1.21));
#4041 = DIRECTION('',(0.,1.,3.330669073875E-16));
#4042 = DIRECTION('',(1.,0.,-0.));
#4043 = ADVANCED_FACE('',(#4044),#4055,.F.);
#4044 = FACE_BOUND('',#4045,.F.);
#4045 = EDGE_LOOP('',(#4046,#4047,#4048,#4049));
#4046 = ORIENTED_EDGE('',*,*,#2978,.T.);
#4047 = ORIENTED_EDGE('',*,*,#4021,.T.);
#4048 = ORIENTED_EDGE('',*,*,#2828,.F.);
#4049 = ORIENTED_EDGE('',*,*,#4050,.F.);
#4050 = EDGE_CURVE('',#2979,#2829,#4051,.T.);
#4051 = LINE('',#4052,#4053);
#4052 = CARTESIAN_POINT('',(6.45,-0.35,-2.542562962528));
#4053 = VECTOR('',#4054,1.);
#4054 = DIRECTION('',(0.,1.,3.330669073875E-16));
#4055 = CYLINDRICAL_SURFACE('',#4056,0.29);
#4056 = AXIS2_PLACEMENT_3D('',#4057,#4058,#4059);
#4057 = CARTESIAN_POINT('',(6.74,-0.35,-2.542562962528));
#4058 = DIRECTION('',(0.,1.,3.330669073875E-16));
#4059 = DIRECTION('',(-1.,0.,0.));
#4060 = ADVANCED_FACE('',(#4061),#4072,.T.);
#4061 = FACE_BOUND('',#4062,.T.);
#4062 = EDGE_LOOP('',(#4063,#4064,#4070,#4071));
#4063 = ORIENTED_EDGE('',*,*,#2987,.F.);
#4064 = ORIENTED_EDGE('',*,*,#4065,.T.);
#4065 = EDGE_CURVE('',#2988,#2838,#4066,.T.);
#4066 = LINE('',#4067,#4068);
#4067 = CARTESIAN_POINT('',(6.45,-0.35,-3.5));
#4068 = VECTOR('',#4069,1.);
#4069 = DIRECTION('',(0.,1.,3.330669073875E-16));
#4070 = ORIENTED_EDGE('',*,*,#2837,.T.);
#4071 = ORIENTED_EDGE('',*,*,#4050,.F.);
#4072 = PLANE('',#4073);
#4073 = AXIS2_PLACEMENT_3D('',#4074,#4075,#4076);
#4074 = CARTESIAN_POINT('',(6.45,-0.35,-3.5));
#4075 = DIRECTION('',(1.,0.,0.));
#4076 = DIRECTION('',(0.,-5.551115123126E-16,1.));
#4077 = ADVANCED_FACE('',(#4078),#4089,.T.);
#4078 = FACE_BOUND('',#4079,.T.);
#4079 = EDGE_LOOP('',(#4080,#4086,#4087,#4088));
#4080 = ORIENTED_EDGE('',*,*,#4081,.T.);
#4081 = EDGE_CURVE('',#2996,#2846,#4082,.T.);
#4082 = LINE('',#4083,#4084);
#4083 = CARTESIAN_POINT('',(6.15,-0.35,-3.5));
#4084 = VECTOR('',#4085,1.);
#4085 = DIRECTION('',(0.,1.,3.330669073875E-16));
#4086 = ORIENTED_EDGE('',*,*,#2845,.T.);
#4087 = ORIENTED_EDGE('',*,*,#4065,.F.);
#4088 = ORIENTED_EDGE('',*,*,#2995,.F.);
#4089 = PLANE('',#4090);
#4090 = AXIS2_PLACEMENT_3D('',#4091,#4092,#4093);
#4091 = CARTESIAN_POINT('',(6.15,-0.35,-3.5));
#4092 = DIRECTION('',(0.,3.330669073875E-16,-1.));
#4093 = DIRECTION('',(1.,0.,0.));
#4094 = ADVANCED_FACE('',(#4095),#4106,.T.);
#4095 = FACE_BOUND('',#4096,.T.);
#4096 = EDGE_LOOP('',(#4097,#4098,#4104,#4105));
#4097 = ORIENTED_EDGE('',*,*,#3003,.F.);
#4098 = ORIENTED_EDGE('',*,*,#4099,.T.);
#4099 = EDGE_CURVE('',#3004,#2854,#4100,.T.);
#4100 = LINE('',#4101,#4102);
#4101 = CARTESIAN_POINT('',(6.15,-0.35,-2.542562962528));
#4102 = VECTOR('',#4103,1.);
#4103 = DIRECTION('',(0.,1.,3.330669073875E-16));
#4104 = ORIENTED_EDGE('',*,*,#2853,.T.);
#4105 = ORIENTED_EDGE('',*,*,#4081,.F.);
#4106 = PLANE('',#4107);
#4107 = AXIS2_PLACEMENT_3D('',#4108,#4109,#4110);
#4108 = CARTESIAN_POINT('',(6.15,-0.35,-2.5));
#4109 = DIRECTION('',(-1.,0.,-0.));
#4110 = DIRECTION('',(0.,5.551115123126E-16,-1.));
#4111 = ADVANCED_FACE('',(#4112),#4123,.T.);
#4112 = FACE_BOUND('',#4113,.T.);
#4113 = EDGE_LOOP('',(#4114,#4115,#4116,#4122));
#4114 = ORIENTED_EDGE('',*,*,#3181,.T.);
#4115 = ORIENTED_EDGE('',*,*,#2895,.T.);
#4116 = ORIENTED_EDGE('',*,*,#4117,.F.);
#4117 = EDGE_CURVE('',#3038,#2888,#4118,.T.);
#4118 = LINE('',#4119,#4120);
#4119 = CARTESIAN_POINT('',(6.162230377286,-0.35,-0.540767924286));
#4120 = VECTOR('',#4121,1.);
#4121 = DIRECTION('',(0.,1.,3.330669073875E-16));
#4122 = ORIENTED_EDGE('',*,*,#3045,.F.);
#4123 = CYLINDRICAL_SURFACE('',#4124,0.29);
#4124 = AXIS2_PLACEMENT_3D('',#4125,#4126,#4127);
#4125 = CARTESIAN_POINT('',(6.44,-0.35,-0.457437037472));
#4126 = DIRECTION('',(0.,1.,3.330669073875E-16));
#4127 = DIRECTION('',(-1.,0.,0.));
#4128 = ADVANCED_FACE('',(#4129),#4140,.T.);
#4129 = FACE_BOUND('',#4130,.T.);
#4130 = EDGE_LOOP('',(#4131,#4137,#4138,#4139));
#4131 = ORIENTED_EDGE('',*,*,#4132,.T.);
#4132 = EDGE_CURVE('',#3012,#2862,#4133,.T.);
#4133 = LINE('',#4134,#4135);
#4134 = CARTESIAN_POINT('',(6.162230377286,-0.35,-2.459232075714));
#4135 = VECTOR('',#4136,1.);
#4136 = DIRECTION('',(0.,1.,3.330669073875E-16));
#4137 = ORIENTED_EDGE('',*,*,#2861,.T.);
#4138 = ORIENTED_EDGE('',*,*,#4099,.F.);
#4139 = ORIENTED_EDGE('',*,*,#3011,.F.);
#4140 = CYLINDRICAL_SURFACE('',#4141,0.29);
#4141 = AXIS2_PLACEMENT_3D('',#4142,#4143,#4144);
#4142 = CARTESIAN_POINT('',(6.44,-0.35,-2.542562962528));
#4143 = DIRECTION('',(0.,1.,3.330669073875E-16));
#4144 = DIRECTION('',(-0.957826285221,-9.570607158983E-17,0.287347885566
    ));
#4145 = ADVANCED_FACE('',(#4146),#4157,.F.);
#4146 = FACE_BOUND('',#4147,.F.);
#4147 = EDGE_LOOP('',(#4148,#4149,#4155,#4156));
#4148 = ORIENTED_EDGE('',*,*,#3037,.F.);
#4149 = ORIENTED_EDGE('',*,*,#4150,.T.);
#4150 = EDGE_CURVE('',#3029,#2879,#4151,.T.);
#4151 = LINE('',#4152,#4153);
#4152 = CARTESIAN_POINT('',(6.425000733956,-0.35,-1.416669113186));
#4153 = VECTOR('',#4154,1.);
#4154 = DIRECTION('',(0.,1.,3.330669073875E-16));
#4155 = ORIENTED_EDGE('',*,*,#2887,.T.);
#4156 = ORIENTED_EDGE('',*,*,#4117,.F.);
#4157 = PLANE('',#4158);
#4158 = AXIS2_PLACEMENT_3D('',#4159,#4160,#4161);
#4159 = CARTESIAN_POINT('',(6.45,-0.35,-1.5));
#4160 = DIRECTION('',(0.957826285221,-9.570607158995E-17,0.287347885566)
  );
#4161 = DIRECTION('',(-0.287347885566,-5.31700397722E-16,0.957826285221)
  );
#4162 = ADVANCED_FACE('',(#4163),#4174,.F.);
#4163 = FACE_BOUND('',#4164,.F.);
#4164 = EDGE_LOOP('',(#4165,#4166,#4167,#4168));
#4165 = ORIENTED_EDGE('',*,*,#3020,.F.);
#4166 = ORIENTED_EDGE('',*,*,#4132,.T.);
#4167 = ORIENTED_EDGE('',*,*,#2870,.T.);
#4168 = ORIENTED_EDGE('',*,*,#4169,.F.);
#4169 = EDGE_CURVE('',#3021,#2871,#4170,.T.);
#4170 = LINE('',#4171,#4172);
#4171 = CARTESIAN_POINT('',(6.425000733956,-0.35,-1.583330886814));
#4172 = VECTOR('',#4173,1.);
#4173 = DIRECTION('',(0.,1.,3.330669073875E-16));
#4174 = PLANE('',#4175);
#4175 = AXIS2_PLACEMENT_3D('',#4176,#4177,#4178);
#4176 = CARTESIAN_POINT('',(6.15,-0.35,-2.5));
#4177 = DIRECTION('',(0.957826285221,9.570607158995E-17,-0.287347885566)
  );
#4178 = DIRECTION('',(0.287347885566,-5.31700397722E-16,0.957826285221)
  );
#4179 = ADVANCED_FACE('',(#4180),#4186,.F.);
#4180 = FACE_BOUND('',#4181,.F.);
#4181 = EDGE_LOOP('',(#4182,#4183,#4184,#4185));
#4182 = ORIENTED_EDGE('',*,*,#3028,.T.);
#4183 = ORIENTED_EDGE('',*,*,#4169,.T.);
#4184 = ORIENTED_EDGE('',*,*,#2878,.F.);
#4185 = ORIENTED_EDGE('',*,*,#4150,.F.);
#4186 = CYLINDRICAL_SURFACE('',#4187,0.29);
#4187 = AXIS2_PLACEMENT_3D('',#4188,#4189,#4190);
#4188 = CARTESIAN_POINT('',(6.147231111242,-0.35,-1.5));
#4189 = DIRECTION('',(0.,1.,3.330669073875E-16));
#4190 = DIRECTION('',(0.957826285221,-9.570607158983E-17,0.287347885566)
  );
#4191 = ( GEOMETRIC_REPRESENTATION_CONTEXT(3) 
GLOBAL_UNCERTAINTY_ASSIGNED_CONTEXT((#4195)) 
GLOBAL_UNIT_ASSIGNED_CONTEXT((#4192,#4193,#4194)) REPRESENTATION_CONTEXT
('Context #1','3D Context with UNIT and UNCERTAINTY') );
#4192 = ( LENGTH_UNIT() NAMED_UNIT(*) SI_UNIT(.MILLI.,.METRE.) );
#4193 = ( NAMED_UNIT(*) PLANE_ANGLE_UNIT() SI_UNIT($,.RADIAN.) );
#4194 = ( NAMED_UNIT(*) SI_UNIT($,.STERADIAN.) SOLID_ANGLE_UNIT() );
#4195 = UNCERTAINTY_MEASURE_WITH_UNIT(LENGTH_MEASURE(1.E-07),#4192,
  'distance_accuracy_value','confusion accuracy');
#4196 = CONTEXT_DEPENDENT_SHAPE_REPRESENTATION(#4197,#4199);
#4197 = ( REPRESENTATION_RELATIONSHIP('','',#961,#10) 
REPRESENTATION_RELATIONSHIP_WITH_TRANSFORMATION(#4198) 
SHAPE_REPRESENTATION_RELATIONSHIP() );
#4198 = ITEM_DEFINED_TRANSFORMATION('','',#11,#19);
#4199 = PRODUCT_DEFINITION_SHAPE('Placement','Placement of an item',
  #4200);
#4200 = NEXT_ASSEMBLY_USAGE_OCCURRENCE('2','SW3','',#5,#956,$);
#4201 = PRODUCT_RELATED_PRODUCT_CATEGORY('part',$,(#958));
#4202 = CONTEXT_DEPENDENT_SHAPE_REPRESENTATION(#4203,#4205);
#4203 = ( REPRESENTATION_RELATIONSHIP('','',#88,#10) 
REPRESENTATION_RELATIONSHIP_WITH_TRANSFORMATION(#4204) 
SHAPE_REPRESENTATION_RELATIONSHIP() );
#4204 = ITEM_DEFINED_TRANSFORMATION('','',#11,#23);
#4205 = PRODUCT_DEFINITION_SHAPE('Placement','Placement of an item',
  #4206);
#4206 = NEXT_ASSEMBLY_USAGE_OCCURRENCE('3','C1','',#5,#83,$);
#4207 = CONTEXT_DEPENDENT_SHAPE_REPRESENTATION(#4208,#4210);
#4208 = ( REPRESENTATION_RELATIONSHIP('','',#88,#10) 
REPRESENTATION_RELATIONSHIP_WITH_TRANSFORMATION(#4209) 
SHAPE_REPRESENTATION_RELATIONSHIP() );
#4209 = ITEM_DEFINED_TRANSFORMATION('','',#11,#27);
#4210 = PRODUCT_DEFINITION_SHAPE('Placement','Placement of an item',
  #4211);
#4211 = NEXT_ASSEMBLY_USAGE_OCCURRENCE('4','C2','',#5,#83,$);
#4212 = CONTEXT_DEPENDENT_SHAPE_REPRESENTATION(#4213,#4215);
#4213 = ( REPRESENTATION_RELATIONSHIP('','',#88,#10) 
REPRESENTATION_RELATIONSHIP_WITH_TRANSFORMATION(#4214) 
SHAPE_REPRESENTATION_RELATIONSHIP() );
#4214 = ITEM_DEFINED_TRANSFORMATION('','',#11,#31);
#4215 = PRODUCT_DEFINITION_SHAPE('Placement','Placement of an item',
  #4216);
#4216 = NEXT_ASSEMBLY_USAGE_OCCURRENCE('5','R2','',#5,#83,$);
#4217 = CONTEXT_DEPENDENT_SHAPE_REPRESENTATION(#4218,#4220);
#4218 = ( REPRESENTATION_RELATIONSHIP('','',#961,#10) 
REPRESENTATION_RELATIONSHIP_WITH_TRANSFORMATION(#4219) 
SHAPE_REPRESENTATION_RELATIONSHIP() );
#4219 = ITEM_DEFINED_TRANSFORMATION('','',#11,#35);
#4220 = PRODUCT_DEFINITION_SHAPE('Placement','Placement of an item',
  #4221);
#4221 = NEXT_ASSEMBLY_USAGE_OCCURRENCE('6','SW1','',#5,#956,$);
#4222 = CONTEXT_DEPENDENT_SHAPE_REPRESENTATION(#4223,#4225);
#4223 = ( REPRESENTATION_RELATIONSHIP('','',#961,#10) 
REPRESENTATION_RELATIONSHIP_WITH_TRANSFORMATION(#4224) 
SHAPE_REPRESENTATION_RELATIONSHIP() );
#4224 = ITEM_DEFINED_TRANSFORMATION('','',#11,#39);
#4225 = PRODUCT_DEFINITION_SHAPE('Placement','Placement of an item',
  #4226);
#4226 = NEXT_ASSEMBLY_USAGE_OCCURRENCE('7','SW2','',#5,#956,$);
#4227 = SHAPE_DEFINITION_REPRESENTATION(#4228,#4234);
#4228 = PRODUCT_DEFINITION_SHAPE('','',#4229);
#4229 = PRODUCT_DEFINITION('design','',#4230,#4233);
#4230 = PRODUCT_DEFINITION_FORMATION('','',#4231);
#4231 = PRODUCT('SOIC-8_3.9x4.9mm_P1.27mm','SOIC-8_3.9x4.9mm_P1.27mm',''
  ,(#4232));
#4232 = PRODUCT_CONTEXT('',#2,'mechanical');
#4233 = PRODUCT_DEFINITION_CONTEXT('part definition',#2,'design');
#4234 = ADVANCED_BREP_SHAPE_REPRESENTATION('',(#11,#4235),#8703);
#4235 = MANIFOLD_SOLID_BREP('',#4236);
#4236 = CLOSED_SHELL('',(#4237,#4275,#4338,#4361,#4390,#4413,#4500,#4587
    ,#4610,#4633,#4650,#4673,#4761,#4777,#4807,#4838,#4869,#4900,#4931,
    #4962,#4993,#5024,#5041,#5058,#5089,#5120,#5151,#5182,#5213,#5244,
    #5275,#5305,#5328,#5351,#5368,#5413,#5499,#5522,#5545,#5568,#5655,
    #5693,#5742,#5834,#5859,#5943,#5965,#6057,#6082,#6166,#6188,#6280,
    #6305,#6389,#6406,#6491,#6516,#6593,#6678,#6703,#6780,#6797,#6889,
    #6914,#6998,#7020,#7112,#7137,#7221,#7243,#7335,#7360,#7444,#7461,
    #7480,#7499,#7518,#7564,#7580,#7599,#7618,#7637,#7653,#7670,#7682,
    #7699,#7716,#7733,#7750,#7767,#7784,#7801,#7813,#7830,#7847,#7864,
    #7881,#7898,#7915,#7932,#7944,#7961,#7978,#7995,#8012,#8029,#8046,
    #8063,#8075,#8092,#8109,#8126,#8143,#8160,#8177,#8189,#8206,#8223,
    #8240,#8257,#8274,#8291,#8303,#8320,#8337,#8354,#8371,#8388,#8405,
    #8422,#8434,#8451,#8468,#8485,#8502,#8519,#8536,#8553,#8565,#8582,
    #8599,#8616,#8633,#8650,#8667,#8684,#8696));
#4237 = ADVANCED_FACE('',(#4238),#4270,.F.);
#4238 = FACE_BOUND('',#4239,.F.);
#4239 = EDGE_LOOP('',(#4240,#4250,#4257,#4265));
#4240 = ORIENTED_EDGE('',*,*,#4241,.T.);
#4241 = EDGE_CURVE('',#4242,#4244,#4246,.T.);
#4242 = VERTEX_POINT('',#4243);
#4243 = CARTESIAN_POINT('',(-1.717585640382,2.335171280765,0.1));
#4244 = VERTEX_POINT('',#4245);
#4245 = CARTESIAN_POINT('',(1.717585640382,2.335171280765,0.1));
#4246 = LINE('',#4247,#4248);
#4247 = CARTESIAN_POINT('',(-1.717585640382,2.335171280765,0.1));
#4248 = VECTOR('',#4249,1.);
#4249 = DIRECTION('',(1.,1.110223024625E-16,0.));
#4250 = ORIENTED_EDGE('',*,*,#4251,.T.);
#4251 = EDGE_CURVE('',#4244,#4252,#4254,.T.);
#4252 = VERTEX_POINT('',#4253);
#4253 = CARTESIAN_POINT('',(1.775,2.45,0.825));
#4254 = B_SPLINE_CURVE_WITH_KNOTS('',1,(#4255,#4256),.UNSPECIFIED.,.F.,
  .F.,(2,2),(0.,1.),.PIECEWISE_BEZIER_KNOTS.);
#4255 = CARTESIAN_POINT('',(1.717585640382,2.335171280765,0.1));
#4256 = CARTESIAN_POINT('',(1.775,2.45,0.825));
#4257 = ORIENTED_EDGE('',*,*,#4258,.F.);
#4258 = EDGE_CURVE('',#4259,#4252,#4261,.T.);
#4259 = VERTEX_POINT('',#4260);
#4260 = CARTESIAN_POINT('',(-1.775,2.45,0.825));
#4261 = LINE('',#4262,#4263);
#4262 = CARTESIAN_POINT('',(-1.775,2.45,0.825));
#4263 = VECTOR('',#4264,1.);
#4264 = DIRECTION('',(1.,1.110223024625E-16,0.));
#4265 = ORIENTED_EDGE('',*,*,#4266,.F.);
#4266 = EDGE_CURVE('',#4242,#4259,#4267,.T.);
#4267 = B_SPLINE_CURVE_WITH_KNOTS('',1,(#4268,#4269),.UNSPECIFIED.,.F.,
  .F.,(2,2),(0.,1.),.PIECEWISE_BEZIER_KNOTS.);
#4268 = CARTESIAN_POINT('',(-1.717585640382,2.335171280765,0.1));
#4269 = CARTESIAN_POINT('',(-1.775,2.45,0.825));
#4270 = B_SPLINE_SURFACE_WITH_KNOTS('',1,1,(
    (#4271,#4272)
    ,(#4273,#4274
    )),.UNSPECIFIED.,.F.,.F.,.F.,(2,2),(2,2),(0.,3.55),(0.,1.),
  .PIECEWISE_BEZIER_KNOTS.);
#4271 = CARTESIAN_POINT('',(-1.717585640382,2.335171280765,0.1));
#4272 = CARTESIAN_POINT('',(-1.775,2.45,0.825));
#4273 = CARTESIAN_POINT('',(1.717585640382,2.335171280765,0.1));
#4274 = CARTESIAN_POINT('',(1.775,2.45,0.825));
#4275 = ADVANCED_FACE('',(#4276),#4333,.F.);
#4276 = FACE_BOUND('',#4277,.T.);
#4277 = EDGE_LOOP('',(#4278,#4279,#4287,#4295,#4303,#4311,#4319,#4327));
#4278 = ORIENTED_EDGE('',*,*,#4241,.T.);
#4279 = ORIENTED_EDGE('',*,*,#4280,.T.);
#4280 = EDGE_CURVE('',#4244,#4281,#4283,.T.);
#4281 = VERTEX_POINT('',#4282);
#4282 = CARTESIAN_POINT('',(1.835171280765,2.217585640382,0.1));
#4283 = LINE('',#4284,#4285);
#4284 = CARTESIAN_POINT('',(1.717585640382,2.335171280765,0.1));
#4285 = VECTOR('',#4286,1.);
#4286 = DIRECTION('',(0.707106781187,-0.707106781187,0.));
#4287 = ORIENTED_EDGE('',*,*,#4288,.T.);
#4288 = EDGE_CURVE('',#4281,#4289,#4291,.T.);
#4289 = VERTEX_POINT('',#4290);
#4290 = CARTESIAN_POINT('',(1.835171280765,-2.217585640382,0.1));
#4291 = LINE('',#4292,#4293);
#4292 = CARTESIAN_POINT('',(1.835171280765,2.217585640382,0.1));
#4293 = VECTOR('',#4294,1.);
#4294 = DIRECTION('',(1.110223024625E-16,-1.,0.));
#4295 = ORIENTED_EDGE('',*,*,#4296,.T.);
#4296 = EDGE_CURVE('',#4289,#4297,#4299,.T.);
#4297 = VERTEX_POINT('',#4298);
#4298 = CARTESIAN_POINT('',(1.717585640382,-2.335171280765,0.1));
#4299 = LINE('',#4300,#4301);
#4300 = CARTESIAN_POINT('',(1.835171280765,-2.217585640382,0.1));
#4301 = VECTOR('',#4302,1.);
#4302 = DIRECTION('',(-0.707106781187,-0.707106781187,0.));
#4303 = ORIENTED_EDGE('',*,*,#4304,.T.);
#4304 = EDGE_CURVE('',#4297,#4305,#4307,.T.);
#4305 = VERTEX_POINT('',#4306);
#4306 = CARTESIAN_POINT('',(-1.717585640382,-2.335171280765,0.1));
#4307 = LINE('',#4308,#4309);
#4308 = CARTESIAN_POINT('',(1.717585640382,-2.335171280765,0.1));
#4309 = VECTOR('',#4310,1.);
#4310 = DIRECTION('',(-1.,-1.110223024625E-16,0.));
#4311 = ORIENTED_EDGE('',*,*,#4312,.T.);
#4312 = EDGE_CURVE('',#4305,#4313,#4315,.T.);
#4313 = VERTEX_POINT('',#4314);
#4314 = CARTESIAN_POINT('',(-1.835171280765,-2.217585640382,0.1));
#4315 = LINE('',#4316,#4317);
#4316 = CARTESIAN_POINT('',(-1.717585640382,-2.335171280765,0.1));
#4317 = VECTOR('',#4318,1.);
#4318 = DIRECTION('',(-0.707106781187,0.707106781187,0.));
#4319 = ORIENTED_EDGE('',*,*,#4320,.T.);
#4320 = EDGE_CURVE('',#4313,#4321,#4323,.T.);
#4321 = VERTEX_POINT('',#4322);
#4322 = CARTESIAN_POINT('',(-1.835171280765,2.217585640382,0.1));
#4323 = LINE('',#4324,#4325);
#4324 = CARTESIAN_POINT('',(-1.835171280765,-2.217585640382,0.1));
#4325 = VECTOR('',#4326,1.);
#4326 = DIRECTION('',(-1.110223024625E-16,1.,0.));
#4327 = ORIENTED_EDGE('',*,*,#4328,.T.);
#4328 = EDGE_CURVE('',#4321,#4242,#4329,.T.);
#4329 = LINE('',#4330,#4331);
#4330 = CARTESIAN_POINT('',(-1.835171280765,2.217585640382,0.1));
#4331 = VECTOR('',#4332,1.);
#4332 = DIRECTION('',(0.707106781187,0.707106781187,0.));
#4333 = PLANE('',#4334);
#4334 = AXIS2_PLACEMENT_3D('',#4335,#4336,#4337);
#4335 = CARTESIAN_POINT('',(-1.717585640382,2.335171280765,0.1));
#4336 = DIRECTION('',(0.,0.,1.));
#4337 = DIRECTION('',(0.592513131498,-0.805560791625,0.));
#4338 = ADVANCED_FACE('',(#4339),#4356,.F.);
#4339 = FACE_BOUND('',#4340,.F.);
#4340 = EDGE_LOOP('',(#4341,#4342,#4349,#4355));
#4341 = ORIENTED_EDGE('',*,*,#4280,.T.);
#4342 = ORIENTED_EDGE('',*,*,#4343,.T.);
#4343 = EDGE_CURVE('',#4281,#4344,#4346,.T.);
#4344 = VERTEX_POINT('',#4345);
#4345 = CARTESIAN_POINT('',(1.95,2.275,0.825));
#4346 = B_SPLINE_CURVE_WITH_KNOTS('',1,(#4347,#4348),.UNSPECIFIED.,.F.,
  .F.,(2,2),(0.,1.),.PIECEWISE_BEZIER_KNOTS.);
#4347 = CARTESIAN_POINT('',(1.835171280765,2.217585640382,0.1));
#4348 = CARTESIAN_POINT('',(1.95,2.275,0.825));
#4349 = ORIENTED_EDGE('',*,*,#4350,.F.);
#4350 = EDGE_CURVE('',#4252,#4344,#4351,.T.);
#4351 = LINE('',#4352,#4353);
#4352 = CARTESIAN_POINT('',(1.775,2.45,0.825));
#4353 = VECTOR('',#4354,1.);
#4354 = DIRECTION('',(0.707106781187,-0.707106781187,0.));
#4355 = ORIENTED_EDGE('',*,*,#4251,.F.);
#4356 = B_SPLINE_SURFACE_WITH_KNOTS('',1,1,(
    (#4357,#4358)
    ,(#4359,#4360
    )),.UNSPECIFIED.,.F.,.F.,.F.,(2,2),(2,2),(0.,0.247487373415),(0.,1.)
  ,.PIECEWISE_BEZIER_KNOTS.);
#4357 = CARTESIAN_POINT('',(1.717585640382,2.335171280765,0.1));
#4358 = CARTESIAN_POINT('',(1.775,2.45,0.825));
#4359 = CARTESIAN_POINT('',(1.835171280765,2.217585640382,0.1));
#4360 = CARTESIAN_POINT('',(1.95,2.275,0.825));
#4361 = ADVANCED_FACE('',(#4362),#4385,.F.);
#4362 = FACE_BOUND('',#4363,.F.);
#4363 = EDGE_LOOP('',(#4364,#4365,#4372,#4380));
#4364 = ORIENTED_EDGE('',*,*,#4258,.T.);
#4365 = ORIENTED_EDGE('',*,*,#4366,.T.);
#4366 = EDGE_CURVE('',#4252,#4367,#4369,.T.);
#4367 = VERTEX_POINT('',#4368);
#4368 = CARTESIAN_POINT('',(1.775,2.45,1.025));
#4369 = B_SPLINE_CURVE_WITH_KNOTS('',1,(#4370,#4371),.UNSPECIFIED.,.F.,
  .F.,(2,2),(0.,1.),.PIECEWISE_BEZIER_KNOTS.);
#4370 = CARTESIAN_POINT('',(1.775,2.45,0.825));
#4371 = CARTESIAN_POINT('',(1.775,2.45,1.025));
#4372 = ORIENTED_EDGE('',*,*,#4373,.F.);
#4373 = EDGE_CURVE('',#4374,#4367,#4376,.T.);
#4374 = VERTEX_POINT('',#4375);
#4375 = CARTESIAN_POINT('',(-1.775,2.45,1.025));
#4376 = LINE('',#4377,#4378);
#4377 = CARTESIAN_POINT('',(-1.775,2.45,1.025));
#4378 = VECTOR('',#4379,1.);
#4379 = DIRECTION('',(1.,1.110223024625E-16,0.));
#4380 = ORIENTED_EDGE('',*,*,#4381,.F.);
#4381 = EDGE_CURVE('',#4259,#4374,#4382,.T.);
#4382 = B_SPLINE_CURVE_WITH_KNOTS('',1,(#4383,#4384),.UNSPECIFIED.,.F.,
  .F.,(2,2),(0.,1.),.PIECEWISE_BEZIER_KNOTS.);
#4383 = CARTESIAN_POINT('',(-1.775,2.45,0.825));
#4384 = CARTESIAN_POINT('',(-1.775,2.45,1.025));
#4385 = PLANE('',#4386);
#4386 = AXIS2_PLACEMENT_3D('',#4387,#4388,#4389);
#4387 = CARTESIAN_POINT('',(-1.775,2.45,1.025));
#4388 = DIRECTION('',(1.110223024625E-16,-1.,0.));
#4389 = DIRECTION('',(1.,1.110223024625E-16,0.));
#4390 = ADVANCED_FACE('',(#4391),#4408,.F.);
#4391 = FACE_BOUND('',#4392,.F.);
#4392 = EDGE_LOOP('',(#4393,#4394,#4395,#4403));
#4393 = ORIENTED_EDGE('',*,*,#4328,.T.);
#4394 = ORIENTED_EDGE('',*,*,#4266,.T.);
#4395 = ORIENTED_EDGE('',*,*,#4396,.F.);
#4396 = EDGE_CURVE('',#4397,#4259,#4399,.T.);
#4397 = VERTEX_POINT('',#4398);
#4398 = CARTESIAN_POINT('',(-1.95,2.275,0.825));
#4399 = LINE('',#4400,#4401);
#4400 = CARTESIAN_POINT('',(-1.95,2.275,0.825));
#4401 = VECTOR('',#4402,1.);
#4402 = DIRECTION('',(0.707106781187,0.707106781187,0.));
#4403 = ORIENTED_EDGE('',*,*,#4404,.F.);
#4404 = EDGE_CURVE('',#4321,#4397,#4405,.T.);
#4405 = B_SPLINE_CURVE_WITH_KNOTS('',1,(#4406,#4407),.UNSPECIFIED.,.F.,
  .F.,(2,2),(0.,1.),.PIECEWISE_BEZIER_KNOTS.);
#4406 = CARTESIAN_POINT('',(-1.835171280765,2.217585640382,0.1));
#4407 = CARTESIAN_POINT('',(-1.95,2.275,0.825));
#4408 = B_SPLINE_SURFACE_WITH_KNOTS('',1,1,(
    (#4409,#4410)
    ,(#4411,#4412
    )),.UNSPECIFIED.,.F.,.F.,.F.,(2,2),(2,2),(0.,0.247487373415),(0.,1.)
  ,.PIECEWISE_BEZIER_KNOTS.);
#4409 = CARTESIAN_POINT('',(-1.835171280765,2.217585640382,0.1));
#4410 = CARTESIAN_POINT('',(-1.95,2.275,0.825));
#4411 = CARTESIAN_POINT('',(-1.717585640382,2.335171280765,0.1));
#4412 = CARTESIAN_POINT('',(-1.775,2.45,0.825));
#4413 = ADVANCED_FACE('',(#4414),#4495,.F.);
#4414 = FACE_BOUND('',#4415,.F.);
#4415 = EDGE_LOOP('',(#4416,#4417,#4418,#4426,#4434,#4442,#4450,#4458,
    #4466,#4474,#4482,#4490));
#4416 = ORIENTED_EDGE('',*,*,#4320,.T.);
#4417 = ORIENTED_EDGE('',*,*,#4404,.T.);
#4418 = ORIENTED_EDGE('',*,*,#4419,.F.);
#4419 = EDGE_CURVE('',#4420,#4397,#4422,.T.);
#4420 = VERTEX_POINT('',#4421);
#4421 = CARTESIAN_POINT('',(-1.95,2.11,0.825));
#4422 = LINE('',#4423,#4424);
#4423 = CARTESIAN_POINT('',(-1.95,-2.275,0.825));
#4424 = VECTOR('',#4425,1.);
#4425 = DIRECTION('',(-1.110223024625E-16,1.,0.));
#4426 = ORIENTED_EDGE('',*,*,#4427,.F.);
#4427 = EDGE_CURVE('',#4428,#4420,#4430,.T.);
#4428 = VERTEX_POINT('',#4429);
#4429 = CARTESIAN_POINT('',(-1.95,1.7,0.825));
#4430 = LINE('',#4431,#4432);
#4431 = CARTESIAN_POINT('',(-1.95,-2.275,0.825));
#4432 = VECTOR('',#4433,1.);
#4433 = DIRECTION('',(-1.110223024625E-16,1.,0.));
#4434 = ORIENTED_EDGE('',*,*,#4435,.F.);
#4435 = EDGE_CURVE('',#4436,#4428,#4438,.T.);
#4436 = VERTEX_POINT('',#4437);
#4437 = CARTESIAN_POINT('',(-1.95,0.84,0.825));
#4438 = LINE('',#4439,#4440);
#4439 = CARTESIAN_POINT('',(-1.95,-2.275,0.825));
#4440 = VECTOR('',#4441,1.);
#4441 = DIRECTION('',(-1.110223024625E-16,1.,0.));
#4442 = ORIENTED_EDGE('',*,*,#4443,.F.);
#4443 = EDGE_CURVE('',#4444,#4436,#4446,.T.);
#4444 = VERTEX_POINT('',#4445);
#4445 = CARTESIAN_POINT('',(-1.95,0.43,0.825));
#4446 = LINE('',#4447,#4448);
#4447 = CARTESIAN_POINT('',(-1.95,-2.275,0.825));
#4448 = VECTOR('',#4449,1.);
#4449 = DIRECTION('',(-1.110223024625E-16,1.,0.));
#4450 = ORIENTED_EDGE('',*,*,#4451,.F.);
#4451 = EDGE_CURVE('',#4452,#4444,#4454,.T.);
#4452 = VERTEX_POINT('',#4453);
#4453 = CARTESIAN_POINT('',(-1.95,-0.43,0.825));
#4454 = LINE('',#4455,#4456);
#4455 = CARTESIAN_POINT('',(-1.95,-2.275,0.825));
#4456 = VECTOR('',#4457,1.);
#4457 = DIRECTION('',(-1.110223024625E-16,1.,0.));
#4458 = ORIENTED_EDGE('',*,*,#4459,.F.);
#4459 = EDGE_CURVE('',#4460,#4452,#4462,.T.);
#4460 = VERTEX_POINT('',#4461);
#4461 = CARTESIAN_POINT('',(-1.95,-0.84,0.825));
#4462 = LINE('',#4463,#4464);
#4463 = CARTESIAN_POINT('',(-1.95,-2.275,0.825));
#4464 = VECTOR('',#4465,1.);
#4465 = DIRECTION('',(-1.110223024625E-16,1.,0.));
#4466 = ORIENTED_EDGE('',*,*,#4467,.F.);
#4467 = EDGE_CURVE('',#4468,#4460,#4470,.T.);
#4468 = VERTEX_POINT('',#4469);
#4469 = CARTESIAN_POINT('',(-1.95,-1.7,0.825));
#4470 = LINE('',#4471,#4472);
#4471 = CARTESIAN_POINT('',(-1.95,-2.275,0.825));
#4472 = VECTOR('',#4473,1.);
#4473 = DIRECTION('',(-1.110223024625E-16,1.,0.));
#4474 = ORIENTED_EDGE('',*,*,#4475,.F.);
#4475 = EDGE_CURVE('',#4476,#4468,#4478,.T.);
#4476 = VERTEX_POINT('',#4477);
#4477 = CARTESIAN_POINT('',(-1.95,-2.11,0.825));
#4478 = LINE('',#4479,#4480);
#4479 = CARTESIAN_POINT('',(-1.95,-2.275,0.825));
#4480 = VECTOR('',#4481,1.);
#4481 = DIRECTION('',(-1.110223024625E-16,1.,0.));
#4482 = ORIENTED_EDGE('',*,*,#4483,.F.);
#4483 = EDGE_CURVE('',#4484,#4476,#4486,.T.);
#4484 = VERTEX_POINT('',#4485);
#4485 = CARTESIAN_POINT('',(-1.95,-2.275,0.825));
#4486 = LINE('',#4487,#4488);
#4487 = CARTESIAN_POINT('',(-1.95,-2.275,0.825));
#4488 = VECTOR('',#4489,1.);
#4489 = DIRECTION('',(-1.110223024625E-16,1.,0.));
#4490 = ORIENTED_EDGE('',*,*,#4491,.F.);
#4491 = EDGE_CURVE('',#4313,#4484,#4492,.T.);
#4492 = B_SPLINE_CURVE_WITH_KNOTS('',1,(#4493,#4494),.UNSPECIFIED.,.F.,
  .F.,(2,2),(0.,1.),.PIECEWISE_BEZIER_KNOTS.);
#4493 = CARTESIAN_POINT('',(-1.835171280765,-2.217585640382,0.1));
#4494 = CARTESIAN_POINT('',(-1.95,-2.275,0.825));
#4495 = B_SPLINE_SURFACE_WITH_KNOTS('',1,1,(
    (#4496,#4497)
    ,(#4498,#4499
    )),.UNSPECIFIED.,.F.,.F.,.F.,(2,2),(2,2),(0.,4.55),(0.,1.),
  .PIECEWISE_BEZIER_KNOTS.);
#4496 = CARTESIAN_POINT('',(-1.835171280765,-2.217585640382,0.1));
#4497 = CARTESIAN_POINT('',(-1.95,-2.275,0.825));
#4498 = CARTESIAN_POINT('',(-1.835171280765,2.217585640382,0.1));
#4499 = CARTESIAN_POINT('',(-1.95,2.275,0.825));
#4500 = ADVANCED_FACE('',(#4501),#4582,.F.);
#4501 = FACE_BOUND('',#4502,.F.);
#4502 = EDGE_LOOP('',(#4503,#4504,#4511,#4519,#4527,#4535,#4543,#4551,
    #4559,#4567,#4575,#4581));
#4503 = ORIENTED_EDGE('',*,*,#4288,.T.);
#4504 = ORIENTED_EDGE('',*,*,#4505,.T.);
#4505 = EDGE_CURVE('',#4289,#4506,#4508,.T.);
#4506 = VERTEX_POINT('',#4507);
#4507 = CARTESIAN_POINT('',(1.95,-2.275,0.825));
#4508 = B_SPLINE_CURVE_WITH_KNOTS('',1,(#4509,#4510),.UNSPECIFIED.,.F.,
  .F.,(2,2),(0.,1.),.PIECEWISE_BEZIER_KNOTS.);
#4509 = CARTESIAN_POINT('',(1.835171280765,-2.217585640382,0.1));
#4510 = CARTESIAN_POINT('',(1.95,-2.275,0.825));
#4511 = ORIENTED_EDGE('',*,*,#4512,.F.);
#4512 = EDGE_CURVE('',#4513,#4506,#4515,.T.);
#4513 = VERTEX_POINT('',#4514);
#4514 = CARTESIAN_POINT('',(1.95,-2.11,0.825));
#4515 = LINE('',#4516,#4517);
#4516 = CARTESIAN_POINT('',(1.95,2.275,0.825));
#4517 = VECTOR('',#4518,1.);
#4518 = DIRECTION('',(1.110223024625E-16,-1.,0.));
#4519 = ORIENTED_EDGE('',*,*,#4520,.F.);
#4520 = EDGE_CURVE('',#4521,#4513,#4523,.T.);
#4521 = VERTEX_POINT('',#4522);
#4522 = CARTESIAN_POINT('',(1.95,-1.7,0.825));
#4523 = LINE('',#4524,#4525);
#4524 = CARTESIAN_POINT('',(1.95,2.275,0.825));
#4525 = VECTOR('',#4526,1.);
#4526 = DIRECTION('',(1.110223024625E-16,-1.,0.));
#4527 = ORIENTED_EDGE('',*,*,#4528,.F.);
#4528 = EDGE_CURVE('',#4529,#4521,#4531,.T.);
#4529 = VERTEX_POINT('',#4530);
#4530 = CARTESIAN_POINT('',(1.95,-0.84,0.825));
#4531 = LINE('',#4532,#4533);
#4532 = CARTESIAN_POINT('',(1.95,2.275,0.825));
#4533 = VECTOR('',#4534,1.);
#4534 = DIRECTION('',(1.110223024625E-16,-1.,0.));
#4535 = ORIENTED_EDGE('',*,*,#4536,.F.);
#4536 = EDGE_CURVE('',#4537,#4529,#4539,.T.);
#4537 = VERTEX_POINT('',#4538);
#4538 = CARTESIAN_POINT('',(1.95,-0.43,0.825));
#4539 = LINE('',#4540,#4541);
#4540 = CARTESIAN_POINT('',(1.95,2.275,0.825));
#4541 = VECTOR('',#4542,1.);
#4542 = DIRECTION('',(1.110223024625E-16,-1.,0.));
#4543 = ORIENTED_EDGE('',*,*,#4544,.F.);
#4544 = EDGE_CURVE('',#4545,#4537,#4547,.T.);
#4545 = VERTEX_POINT('',#4546);
#4546 = CARTESIAN_POINT('',(1.95,0.43,0.825));
#4547 = LINE('',#4548,#4549);
#4548 = CARTESIAN_POINT('',(1.95,2.275,0.825));
#4549 = VECTOR('',#4550,1.);
#4550 = DIRECTION('',(1.110223024625E-16,-1.,0.));
#4551 = ORIENTED_EDGE('',*,*,#4552,.F.);
#4552 = EDGE_CURVE('',#4553,#4545,#4555,.T.);
#4553 = VERTEX_POINT('',#4554);
#4554 = CARTESIAN_POINT('',(1.95,0.84,0.825));
#4555 = LINE('',#4556,#4557);
#4556 = CARTESIAN_POINT('',(1.95,2.275,0.825));
#4557 = VECTOR('',#4558,1.);
#4558 = DIRECTION('',(1.110223024625E-16,-1.,0.));
#4559 = ORIENTED_EDGE('',*,*,#4560,.F.);
#4560 = EDGE_CURVE('',#4561,#4553,#4563,.T.);
#4561 = VERTEX_POINT('',#4562);
#4562 = CARTESIAN_POINT('',(1.95,1.7,0.825));
#4563 = LINE('',#4564,#4565);
#4564 = CARTESIAN_POINT('',(1.95,2.275,0.825));
#4565 = VECTOR('',#4566,1.);
#4566 = DIRECTION('',(1.110223024625E-16,-1.,0.));
#4567 = ORIENTED_EDGE('',*,*,#4568,.F.);
#4568 = EDGE_CURVE('',#4569,#4561,#4571,.T.);
#4569 = VERTEX_POINT('',#4570);
#4570 = CARTESIAN_POINT('',(1.95,2.11,0.825));
#4571 = LINE('',#4572,#4573);
#4572 = CARTESIAN_POINT('',(1.95,2.275,0.825));
#4573 = VECTOR('',#4574,1.);
#4574 = DIRECTION('',(1.110223024625E-16,-1.,0.));
#4575 = ORIENTED_EDGE('',*,*,#4576,.F.);
#4576 = EDGE_CURVE('',#4344,#4569,#4577,.T.);
#4577 = LINE('',#4578,#4579);
#4578 = CARTESIAN_POINT('',(1.95,2.275,0.825));
#4579 = VECTOR('',#4580,1.);
#4580 = DIRECTION('',(1.110223024625E-16,-1.,0.));
#4581 = ORIENTED_EDGE('',*,*,#4343,.F.);
#4582 = B_SPLINE_SURFACE_WITH_KNOTS('',1,1,(
    (#4583,#4584)
    ,(#4585,#4586
    )),.UNSPECIFIED.,.F.,.F.,.F.,(2,2),(2,2),(0.,4.55),(0.,1.),
  .PIECEWISE_BEZIER_KNOTS.);
#4583 = CARTESIAN_POINT('',(1.835171280765,2.217585640382,0.1));
#4584 = CARTESIAN_POINT('',(1.95,2.275,0.825));
#4585 = CARTESIAN_POINT('',(1.835171280765,-2.217585640382,0.1));
#4586 = CARTESIAN_POINT('',(1.95,-2.275,0.825));
#4587 = ADVANCED_FACE('',(#4588),#4605,.F.);
#4588 = FACE_BOUND('',#4589,.F.);
#4589 = EDGE_LOOP('',(#4590,#4591,#4592,#4600));
#4590 = ORIENTED_EDGE('',*,*,#4312,.T.);
#4591 = ORIENTED_EDGE('',*,*,#4491,.T.);
#4592 = ORIENTED_EDGE('',*,*,#4593,.F.);
#4593 = EDGE_CURVE('',#4594,#4484,#4596,.T.);
#4594 = VERTEX_POINT('',#4595);
#4595 = CARTESIAN_POINT('',(-1.775,-2.45,0.825));
#4596 = LINE('',#4597,#4598);
#4597 = CARTESIAN_POINT('',(-1.775,-2.45,0.825));
#4598 = VECTOR('',#4599,1.);
#4599 = DIRECTION('',(-0.707106781187,0.707106781187,0.));
#4600 = ORIENTED_EDGE('',*,*,#4601,.F.);
#4601 = EDGE_CURVE('',#4305,#4594,#4602,.T.);
#4602 = B_SPLINE_CURVE_WITH_KNOTS('',1,(#4603,#4604),.UNSPECIFIED.,.F.,
  .F.,(2,2),(0.,1.),.PIECEWISE_BEZIER_KNOTS.);
#4603 = CARTESIAN_POINT('',(-1.717585640382,-2.335171280765,0.1));
#4604 = CARTESIAN_POINT('',(-1.775,-2.45,0.825));
#4605 = B_SPLINE_SURFACE_WITH_KNOTS('',1,1,(
    (#4606,#4607)
    ,(#4608,#4609
    )),.UNSPECIFIED.,.F.,.F.,.F.,(2,2),(2,2),(0.,0.247487373415),(0.,1.)
  ,.PIECEWISE_BEZIER_KNOTS.);
#4606 = CARTESIAN_POINT('',(-1.717585640382,-2.335171280765,0.1));
#4607 = CARTESIAN_POINT('',(-1.775,-2.45,0.825));
#4608 = CARTESIAN_POINT('',(-1.835171280765,-2.217585640382,0.1));
#4609 = CARTESIAN_POINT('',(-1.95,-2.275,0.825));
#4610 = ADVANCED_FACE('',(#4611),#4628,.F.);
#4611 = FACE_BOUND('',#4612,.F.);
#4612 = EDGE_LOOP('',(#4613,#4614,#4621,#4627));
#4613 = ORIENTED_EDGE('',*,*,#4296,.T.);
#4614 = ORIENTED_EDGE('',*,*,#4615,.T.);
#4615 = EDGE_CURVE('',#4297,#4616,#4618,.T.);
#4616 = VERTEX_POINT('',#4617);
#4617 = CARTESIAN_POINT('',(1.775,-2.45,0.825));
#4618 = B_SPLINE_CURVE_WITH_KNOTS('',1,(#4619,#4620),.UNSPECIFIED.,.F.,
  .F.,(2,2),(0.,1.),.PIECEWISE_BEZIER_KNOTS.);
#4619 = CARTESIAN_POINT('',(1.717585640382,-2.335171280765,0.1));
#4620 = CARTESIAN_POINT('',(1.775,-2.45,0.825));
#4621 = ORIENTED_EDGE('',*,*,#4622,.F.);
#4622 = EDGE_CURVE('',#4506,#4616,#4623,.T.);
#4623 = LINE('',#4624,#4625);
#4624 = CARTESIAN_POINT('',(1.95,-2.275,0.825));
#4625 = VECTOR('',#4626,1.);
#4626 = DIRECTION('',(-0.707106781187,-0.707106781187,0.));
#4627 = ORIENTED_EDGE('',*,*,#4505,.F.);
#4628 = B_SPLINE_SURFACE_WITH_KNOTS('',1,1,(
    (#4629,#4630)
    ,(#4631,#4632
    )),.UNSPECIFIED.,.F.,.F.,.F.,(2,2),(2,2),(0.,0.247487373415),(0.,1.)
  ,.PIECEWISE_BEZIER_KNOTS.);
#4629 = CARTESIAN_POINT('',(1.835171280765,-2.217585640382,0.1));
#4630 = CARTESIAN_POINT('',(1.95,-2.275,0.825));
#4631 = CARTESIAN_POINT('',(1.717585640382,-2.335171280765,0.1));
#4632 = CARTESIAN_POINT('',(1.775,-2.45,0.825));
#4633 = ADVANCED_FACE('',(#4634),#4645,.F.);
#4634 = FACE_BOUND('',#4635,.F.);
#4635 = EDGE_LOOP('',(#4636,#4637,#4638,#4644));
#4636 = ORIENTED_EDGE('',*,*,#4304,.T.);
#4637 = ORIENTED_EDGE('',*,*,#4601,.T.);
#4638 = ORIENTED_EDGE('',*,*,#4639,.F.);
#4639 = EDGE_CURVE('',#4616,#4594,#4640,.T.);
#4640 = LINE('',#4641,#4642);
#4641 = CARTESIAN_POINT('',(1.775,-2.45,0.825));
#4642 = VECTOR('',#4643,1.);
#4643 = DIRECTION('',(-1.,-1.110223024625E-16,0.));
#4644 = ORIENTED_EDGE('',*,*,#4615,.F.);
#4645 = B_SPLINE_SURFACE_WITH_KNOTS('',1,1,(
    (#4646,#4647)
    ,(#4648,#4649
    )),.UNSPECIFIED.,.F.,.F.,.F.,(2,2),(2,2),(0.,3.55),(0.,1.),
  .PIECEWISE_BEZIER_KNOTS.);
#4646 = CARTESIAN_POINT('',(1.717585640382,-2.335171280765,0.1));
#4647 = CARTESIAN_POINT('',(1.775,-2.45,0.825));
#4648 = CARTESIAN_POINT('',(-1.717585640382,-2.335171280765,0.1));
#4649 = CARTESIAN_POINT('',(-1.775,-2.45,0.825));
#4650 = ADVANCED_FACE('',(#4651),#4668,.F.);
#4651 = FACE_BOUND('',#4652,.F.);
#4652 = EDGE_LOOP('',(#4653,#4654,#4661,#4667));
#4653 = ORIENTED_EDGE('',*,*,#4350,.T.);
#4654 = ORIENTED_EDGE('',*,*,#4655,.T.);
#4655 = EDGE_CURVE('',#4344,#4656,#4658,.T.);
#4656 = VERTEX_POINT('',#4657);
#4657 = CARTESIAN_POINT('',(1.95,2.275,1.025));
#4658 = B_SPLINE_CURVE_WITH_KNOTS('',1,(#4659,#4660),.UNSPECIFIED.,.F.,
  .F.,(2,2),(0.,1.),.PIECEWISE_BEZIER_KNOTS.);
#4659 = CARTESIAN_POINT('',(1.95,2.275,0.825));
#4660 = CARTESIAN_POINT('',(1.95,2.275,1.025));
#4661 = ORIENTED_EDGE('',*,*,#4662,.F.);
#4662 = EDGE_CURVE('',#4367,#4656,#4663,.T.);
#4663 = LINE('',#4664,#4665);
#4664 = CARTESIAN_POINT('',(1.775,2.45,1.025));
#4665 = VECTOR('',#4666,1.);
#4666 = DIRECTION('',(0.707106781187,-0.707106781187,0.));
#4667 = ORIENTED_EDGE('',*,*,#4366,.F.);
#4668 = PLANE('',#4669);
#4669 = AXIS2_PLACEMENT_3D('',#4670,#4671,#4672);
#4670 = CARTESIAN_POINT('',(1.775,2.45,1.025));
#4671 = DIRECTION('',(-0.707106781187,-0.707106781187,0.));
#4672 = DIRECTION('',(0.707106781187,-0.707106781187,0.));
#4673 = ADVANCED_FACE('',(#4674),#4756,.F.);
#4674 = FACE_BOUND('',#4675,.F.);
#4675 = EDGE_LOOP('',(#4676,#4684,#4685,#4686,#4694,#4702,#4710,#4718,
    #4726,#4734,#4742,#4750));
#4676 = ORIENTED_EDGE('',*,*,#4677,.T.);
#4677 = EDGE_CURVE('',#4678,#4374,#4680,.T.);
#4678 = VERTEX_POINT('',#4679);
#4679 = CARTESIAN_POINT('',(-1.95,2.275,1.025));
#4680 = LINE('',#4681,#4682);
#4681 = CARTESIAN_POINT('',(-1.95,2.275,1.025));
#4682 = VECTOR('',#4683,1.);
#4683 = DIRECTION('',(0.707106781187,0.707106781187,0.));
#4684 = ORIENTED_EDGE('',*,*,#4373,.T.);
#4685 = ORIENTED_EDGE('',*,*,#4662,.T.);
#4686 = ORIENTED_EDGE('',*,*,#4687,.T.);
#4687 = EDGE_CURVE('',#4656,#4688,#4690,.T.);
#4688 = VERTEX_POINT('',#4689);
#4689 = CARTESIAN_POINT('',(1.95,2.11,1.025));
#4690 = LINE('',#4691,#4692);
#4691 = CARTESIAN_POINT('',(1.95,2.275,1.025));
#4692 = VECTOR('',#4693,1.);
#4693 = DIRECTION('',(1.110223024625E-16,-1.,0.));
#4694 = ORIENTED_EDGE('',*,*,#4695,.T.);
#4695 = EDGE_CURVE('',#4688,#4696,#4698,.T.);
#4696 = VERTEX_POINT('',#4697);
#4697 = CARTESIAN_POINT('',(1.875,2.11,1.025));
#4698 = LINE('',#4699,#4700);
#4699 = CARTESIAN_POINT('',(2.25,2.11,1.025));
#4700 = VECTOR('',#4701,1.);
#4701 = DIRECTION('',(-1.,-1.110223024625E-16,0.));
#4702 = ORIENTED_EDGE('',*,*,#4703,.F.);
#4703 = EDGE_CURVE('',#4704,#4696,#4706,.T.);
#4704 = VERTEX_POINT('',#4705);
#4705 = CARTESIAN_POINT('',(1.875,2.2375,1.025));
#4706 = LINE('',#4707,#4708);
#4707 = CARTESIAN_POINT('',(1.875,2.2375,1.025));
#4708 = VECTOR('',#4709,1.);
#4709 = DIRECTION('',(1.110223024625E-16,-1.,0.));
#4710 = ORIENTED_EDGE('',*,*,#4711,.F.);
#4711 = EDGE_CURVE('',#4712,#4704,#4714,.T.);
#4712 = VERTEX_POINT('',#4713);
#4713 = CARTESIAN_POINT('',(1.7375,2.375,1.025));
#4714 = LINE('',#4715,#4716);
#4715 = CARTESIAN_POINT('',(1.7375,2.375,1.025));
#4716 = VECTOR('',#4717,1.);
#4717 = DIRECTION('',(0.707106781187,-0.707106781187,0.));
#4718 = ORIENTED_EDGE('',*,*,#4719,.F.);
#4719 = EDGE_CURVE('',#4720,#4712,#4722,.T.);
#4720 = VERTEX_POINT('',#4721);
#4721 = CARTESIAN_POINT('',(-1.7375,2.375,1.025));
#4722 = LINE('',#4723,#4724);
#4723 = CARTESIAN_POINT('',(-1.7375,2.375,1.025));
#4724 = VECTOR('',#4725,1.);
#4725 = DIRECTION('',(1.,1.110223024625E-16,0.));
#4726 = ORIENTED_EDGE('',*,*,#4727,.F.);
#4727 = EDGE_CURVE('',#4728,#4720,#4730,.T.);
#4728 = VERTEX_POINT('',#4729);
#4729 = CARTESIAN_POINT('',(-1.875,2.2375,1.025));
#4730 = LINE('',#4731,#4732);
#4731 = CARTESIAN_POINT('',(-1.875,2.2375,1.025));
#4732 = VECTOR('',#4733,1.);
#4733 = DIRECTION('',(0.707106781187,0.707106781187,0.));
#4734 = ORIENTED_EDGE('',*,*,#4735,.F.);
#4735 = EDGE_CURVE('',#4736,#4728,#4738,.T.);
#4736 = VERTEX_POINT('',#4737);
#4737 = CARTESIAN_POINT('',(-1.875,2.11,1.025));
#4738 = LINE('',#4739,#4740);
#4739 = CARTESIAN_POINT('',(-1.875,-2.2375,1.025));
#4740 = VECTOR('',#4741,1.);
#4741 = DIRECTION('',(-1.110223024625E-16,1.,0.));
#4742 = ORIENTED_EDGE('',*,*,#4743,.F.);
#4743 = EDGE_CURVE('',#4744,#4736,#4746,.T.);
#4744 = VERTEX_POINT('',#4745);
#4745 = CARTESIAN_POINT('',(-1.95,2.11,1.025));
#4746 = LINE('',#4747,#4748);
#4747 = CARTESIAN_POINT('',(-2.25,2.11,1.025));
#4748 = VECTOR('',#4749,1.);
#4749 = DIRECTION('',(1.,-1.144237745222E-17,0.));
#4750 = ORIENTED_EDGE('',*,*,#4751,.T.);
#4751 = EDGE_CURVE('',#4744,#4678,#4752,.T.);
#4752 = LINE('',#4753,#4754);
#4753 = CARTESIAN_POINT('',(-1.95,-2.275,1.025));
#4754 = VECTOR('',#4755,1.);
#4755 = DIRECTION('',(-1.110223024625E-16,1.,0.));
#4756 = PLANE('',#4757);
#4757 = AXIS2_PLACEMENT_3D('',#4758,#4759,#4760);
#4758 = CARTESIAN_POINT('',(-3.027078129022E-16,2.4125,1.025));
#4759 = DIRECTION('',(2.007919022429E-31,-7.713306628828E-27,-1.));
#4760 = DIRECTION('',(1.,1.112083013911E-16,2.00791902242E-31));
#4761 = ADVANCED_FACE('',(#4762),#4772,.F.);
#4762 = FACE_BOUND('',#4763,.F.);
#4763 = EDGE_LOOP('',(#4764,#4765,#4766,#4767));
#4764 = ORIENTED_EDGE('',*,*,#4396,.T.);
#4765 = ORIENTED_EDGE('',*,*,#4381,.T.);
#4766 = ORIENTED_EDGE('',*,*,#4677,.F.);
#4767 = ORIENTED_EDGE('',*,*,#4768,.F.);
#4768 = EDGE_CURVE('',#4397,#4678,#4769,.T.);
#4769 = B_SPLINE_CURVE_WITH_KNOTS('',1,(#4770,#4771),.UNSPECIFIED.,.F.,
  .F.,(2,2),(0.,1.),.PIECEWISE_BEZIER_KNOTS.);
#4770 = CARTESIAN_POINT('',(-1.95,2.275,0.825));
#4771 = CARTESIAN_POINT('',(-1.95,2.275,1.025));
#4772 = PLANE('',#4773);
#4773 = AXIS2_PLACEMENT_3D('',#4774,#4775,#4776);
#4774 = CARTESIAN_POINT('',(-1.95,2.275,1.025));
#4775 = DIRECTION('',(0.707106781187,-0.707106781187,0.));
#4776 = DIRECTION('',(0.707106781187,0.707106781187,0.));
#4777 = ADVANCED_FACE('',(#4778),#4802,.F.);
#4778 = FACE_BOUND('',#4779,.F.);
#4779 = EDGE_LOOP('',(#4780,#4787,#4788,#4796));
#4780 = ORIENTED_EDGE('',*,*,#4781,.F.);
#4781 = EDGE_CURVE('',#4484,#4782,#4784,.T.);
#4782 = VERTEX_POINT('',#4783);
#4783 = CARTESIAN_POINT('',(-1.95,-2.275,1.025));
#4784 = B_SPLINE_CURVE_WITH_KNOTS('',1,(#4785,#4786),.UNSPECIFIED.,.F.,
  .F.,(2,2),(0.,1.),.PIECEWISE_BEZIER_KNOTS.);
#4785 = CARTESIAN_POINT('',(-1.95,-2.275,0.825));
#4786 = CARTESIAN_POINT('',(-1.95,-2.275,1.025));
#4787 = ORIENTED_EDGE('',*,*,#4483,.T.);
#4788 = ORIENTED_EDGE('',*,*,#4789,.T.);
#4789 = EDGE_CURVE('',#4476,#4790,#4792,.T.);
#4790 = VERTEX_POINT('',#4791);
#4791 = CARTESIAN_POINT('',(-1.95,-2.11,1.025));
#4792 = LINE('',#4793,#4794);
#4793 = CARTESIAN_POINT('',(-1.95,-2.11,0.786976568901));
#4794 = VECTOR('',#4795,1.);
#4795 = DIRECTION('',(0.,0.,1.));
#4796 = ORIENTED_EDGE('',*,*,#4797,.F.);
#4797 = EDGE_CURVE('',#4782,#4790,#4798,.T.);
#4798 = LINE('',#4799,#4800);
#4799 = CARTESIAN_POINT('',(-1.95,-2.275,1.025));
#4800 = VECTOR('',#4801,1.);
#4801 = DIRECTION('',(-1.110223024625E-16,1.,0.));
#4802 = PLANE('',#4803);
#4803 = AXIS2_PLACEMENT_3D('',#4804,#4805,#4806);
#4804 = CARTESIAN_POINT('',(-1.95,-2.275,1.025));
#4805 = DIRECTION('',(1.,1.110223024625E-16,0.));
#4806 = DIRECTION('',(-1.110223024625E-16,1.,0.));
#4807 = ADVANCED_FACE('',(#4808),#4833,.F.);
#4808 = FACE_BOUND('',#4809,.F.);
#4809 = EDGE_LOOP('',(#4810,#4818,#4819,#4827));
#4810 = ORIENTED_EDGE('',*,*,#4811,.F.);
#4811 = EDGE_CURVE('',#4476,#4812,#4814,.T.);
#4812 = VERTEX_POINT('',#4813);
#4813 = CARTESIAN_POINT('',(-2.25,-2.11,0.825));
#4814 = LINE('',#4815,#4816);
#4815 = CARTESIAN_POINT('',(-1.8,-2.11,0.825));
#4816 = VECTOR('',#4817,1.);
#4817 = DIRECTION('',(-1.,1.144237745222E-17,0.));
#4818 = ORIENTED_EDGE('',*,*,#4475,.T.);
#4819 = ORIENTED_EDGE('',*,*,#4820,.T.);
#4820 = EDGE_CURVE('',#4468,#4821,#4823,.T.);
#4821 = VERTEX_POINT('',#4822);
#4822 = CARTESIAN_POINT('',(-2.25,-1.7,0.825));
#4823 = LINE('',#4824,#4825);
#4824 = CARTESIAN_POINT('',(-1.8,-1.7,0.825));
#4825 = VECTOR('',#4826,1.);
#4826 = DIRECTION('',(-1.,1.144237745222E-17,0.));
#4827 = ORIENTED_EDGE('',*,*,#4828,.F.);
#4828 = EDGE_CURVE('',#4812,#4821,#4829,.T.);
#4829 = LINE('',#4830,#4831);
#4830 = CARTESIAN_POINT('',(-2.25,-2.11,0.825));
#4831 = VECTOR('',#4832,1.);
#4832 = DIRECTION('',(1.144237745222E-17,1.,0.));
#4833 = PLANE('',#4834);
#4834 = AXIS2_PLACEMENT_3D('',#4835,#4836,#4837);
#4835 = CARTESIAN_POINT('',(-1.8,-2.11,0.825));
#4836 = DIRECTION('',(0.,0.,1.));
#4837 = DIRECTION('',(-1.,1.144237745222E-17,0.));
#4838 = ADVANCED_FACE('',(#4839),#4864,.F.);
#4839 = FACE_BOUND('',#4840,.F.);
#4840 = EDGE_LOOP('',(#4841,#4849,#4850,#4858));
#4841 = ORIENTED_EDGE('',*,*,#4842,.F.);
#4842 = EDGE_CURVE('',#4468,#4843,#4845,.T.);
#4843 = VERTEX_POINT('',#4844);
#4844 = CARTESIAN_POINT('',(-1.95,-1.7,1.025));
#4845 = LINE('',#4846,#4847);
#4846 = CARTESIAN_POINT('',(-1.95,-1.7,0.786976568901));
#4847 = VECTOR('',#4848,1.);
#4848 = DIRECTION('',(0.,0.,1.));
#4849 = ORIENTED_EDGE('',*,*,#4467,.T.);
#4850 = ORIENTED_EDGE('',*,*,#4851,.T.);
#4851 = EDGE_CURVE('',#4460,#4852,#4854,.T.);
#4852 = VERTEX_POINT('',#4853);
#4853 = CARTESIAN_POINT('',(-1.95,-0.84,1.025));
#4854 = LINE('',#4855,#4856);
#4855 = CARTESIAN_POINT('',(-1.95,-0.84,0.786976568901));
#4856 = VECTOR('',#4857,1.);
#4857 = DIRECTION('',(0.,0.,1.));
#4858 = ORIENTED_EDGE('',*,*,#4859,.F.);
#4859 = EDGE_CURVE('',#4843,#4852,#4860,.T.);
#4860 = LINE('',#4861,#4862);
#4861 = CARTESIAN_POINT('',(-1.95,-2.275,1.025));
#4862 = VECTOR('',#4863,1.);
#4863 = DIRECTION('',(-1.110223024625E-16,1.,0.));
#4864 = PLANE('',#4865);
#4865 = AXIS2_PLACEMENT_3D('',#4866,#4867,#4868);
#4866 = CARTESIAN_POINT('',(-1.95,-2.275,1.025));
#4867 = DIRECTION('',(1.,1.110223024625E-16,0.));
#4868 = DIRECTION('',(-1.110223024625E-16,1.,0.));
#4869 = ADVANCED_FACE('',(#4870),#4895,.F.);
#4870 = FACE_BOUND('',#4871,.F.);
#4871 = EDGE_LOOP('',(#4872,#4880,#4881,#4889));
#4872 = ORIENTED_EDGE('',*,*,#4873,.F.);
#4873 = EDGE_CURVE('',#4460,#4874,#4876,.T.);
#4874 = VERTEX_POINT('',#4875);
#4875 = CARTESIAN_POINT('',(-2.25,-0.84,0.825));
#4876 = LINE('',#4877,#4878);
#4877 = CARTESIAN_POINT('',(-1.8,-0.84,0.825));
#4878 = VECTOR('',#4879,1.);
#4879 = DIRECTION('',(-1.,1.144237745222E-17,0.));
#4880 = ORIENTED_EDGE('',*,*,#4459,.T.);
#4881 = ORIENTED_EDGE('',*,*,#4882,.T.);
#4882 = EDGE_CURVE('',#4452,#4883,#4885,.T.);
#4883 = VERTEX_POINT('',#4884);
#4884 = CARTESIAN_POINT('',(-2.25,-0.43,0.825));
#4885 = LINE('',#4886,#4887);
#4886 = CARTESIAN_POINT('',(-1.8,-0.43,0.825));
#4887 = VECTOR('',#4888,1.);
#4888 = DIRECTION('',(-1.,1.144237745222E-17,0.));
#4889 = ORIENTED_EDGE('',*,*,#4890,.F.);
#4890 = EDGE_CURVE('',#4874,#4883,#4891,.T.);
#4891 = LINE('',#4892,#4893);
#4892 = CARTESIAN_POINT('',(-2.25,-0.84,0.825));
#4893 = VECTOR('',#4894,1.);
#4894 = DIRECTION('',(1.144237745222E-17,1.,0.));
#4895 = PLANE('',#4896);
#4896 = AXIS2_PLACEMENT_3D('',#4897,#4898,#4899);
#4897 = CARTESIAN_POINT('',(-1.8,-0.84,0.825));
#4898 = DIRECTION('',(0.,0.,1.));
#4899 = DIRECTION('',(-1.,1.144237745222E-17,0.));
#4900 = ADVANCED_FACE('',(#4901),#4926,.F.);
#4901 = FACE_BOUND('',#4902,.F.);
#4902 = EDGE_LOOP('',(#4903,#4911,#4912,#4920));
#4903 = ORIENTED_EDGE('',*,*,#4904,.F.);
#4904 = EDGE_CURVE('',#4452,#4905,#4907,.T.);
#4905 = VERTEX_POINT('',#4906);
#4906 = CARTESIAN_POINT('',(-1.95,-0.43,1.025));
#4907 = LINE('',#4908,#4909);
#4908 = CARTESIAN_POINT('',(-1.95,-0.43,0.786976568901));
#4909 = VECTOR('',#4910,1.);
#4910 = DIRECTION('',(0.,0.,1.));
#4911 = ORIENTED_EDGE('',*,*,#4451,.T.);
#4912 = ORIENTED_EDGE('',*,*,#4913,.T.);
#4913 = EDGE_CURVE('',#4444,#4914,#4916,.T.);
#4914 = VERTEX_POINT('',#4915);
#4915 = CARTESIAN_POINT('',(-1.95,0.43,1.025));
#4916 = LINE('',#4917,#4918);
#4917 = CARTESIAN_POINT('',(-1.95,0.43,0.786976568901));
#4918 = VECTOR('',#4919,1.);
#4919 = DIRECTION('',(0.,0.,1.));
#4920 = ORIENTED_EDGE('',*,*,#4921,.F.);
#4921 = EDGE_CURVE('',#4905,#4914,#4922,.T.);
#4922 = LINE('',#4923,#4924);
#4923 = CARTESIAN_POINT('',(-1.95,-2.275,1.025));
#4924 = VECTOR('',#4925,1.);
#4925 = DIRECTION('',(-1.110223024625E-16,1.,0.));
#4926 = PLANE('',#4927);
#4927 = AXIS2_PLACEMENT_3D('',#4928,#4929,#4930);
#4928 = CARTESIAN_POINT('',(-1.95,-2.275,1.025));
#4929 = DIRECTION('',(1.,1.110223024625E-16,0.));
#4930 = DIRECTION('',(-1.110223024625E-16,1.,0.));
#4931 = ADVANCED_FACE('',(#4932),#4957,.F.);
#4932 = FACE_BOUND('',#4933,.F.);
#4933 = EDGE_LOOP('',(#4934,#4942,#4943,#4951));
#4934 = ORIENTED_EDGE('',*,*,#4935,.F.);
#4935 = EDGE_CURVE('',#4444,#4936,#4938,.T.);
#4936 = VERTEX_POINT('',#4937);
#4937 = CARTESIAN_POINT('',(-2.25,0.43,0.825));
#4938 = LINE('',#4939,#4940);
#4939 = CARTESIAN_POINT('',(-1.8,0.43,0.825));
#4940 = VECTOR('',#4941,1.);
#4941 = DIRECTION('',(-1.,1.144237745222E-17,0.));
#4942 = ORIENTED_EDGE('',*,*,#4443,.T.);
#4943 = ORIENTED_EDGE('',*,*,#4944,.T.);
#4944 = EDGE_CURVE('',#4436,#4945,#4947,.T.);
#4945 = VERTEX_POINT('',#4946);
#4946 = CARTESIAN_POINT('',(-2.25,0.84,0.825));
#4947 = LINE('',#4948,#4949);
#4948 = CARTESIAN_POINT('',(-1.8,0.84,0.825));
#4949 = VECTOR('',#4950,1.);
#4950 = DIRECTION('',(-1.,1.144237745222E-17,0.));
#4951 = ORIENTED_EDGE('',*,*,#4952,.F.);
#4952 = EDGE_CURVE('',#4936,#4945,#4953,.T.);
#4953 = LINE('',#4954,#4955);
#4954 = CARTESIAN_POINT('',(-2.25,0.43,0.825));
#4955 = VECTOR('',#4956,1.);
#4956 = DIRECTION('',(1.144237745222E-17,1.,0.));
#4957 = PLANE('',#4958);
#4958 = AXIS2_PLACEMENT_3D('',#4959,#4960,#4961);
#4959 = CARTESIAN_POINT('',(-1.8,0.43,0.825));
#4960 = DIRECTION('',(0.,0.,1.));
#4961 = DIRECTION('',(-1.,1.144237745222E-17,0.));
#4962 = ADVANCED_FACE('',(#4963),#4988,.F.);
#4963 = FACE_BOUND('',#4964,.F.);
#4964 = EDGE_LOOP('',(#4965,#4973,#4974,#4982));
#4965 = ORIENTED_EDGE('',*,*,#4966,.F.);
#4966 = EDGE_CURVE('',#4436,#4967,#4969,.T.);
#4967 = VERTEX_POINT('',#4968);
#4968 = CARTESIAN_POINT('',(-1.95,0.84,1.025));
#4969 = LINE('',#4970,#4971);
#4970 = CARTESIAN_POINT('',(-1.95,0.84,0.786976568901));
#4971 = VECTOR('',#4972,1.);
#4972 = DIRECTION('',(0.,0.,1.));
#4973 = ORIENTED_EDGE('',*,*,#4435,.T.);
#4974 = ORIENTED_EDGE('',*,*,#4975,.T.);
#4975 = EDGE_CURVE('',#4428,#4976,#4978,.T.);
#4976 = VERTEX_POINT('',#4977);
#4977 = CARTESIAN_POINT('',(-1.95,1.7,1.025));
#4978 = LINE('',#4979,#4980);
#4979 = CARTESIAN_POINT('',(-1.95,1.7,0.786976568901));
#4980 = VECTOR('',#4981,1.);
#4981 = DIRECTION('',(0.,0.,1.));
#4982 = ORIENTED_EDGE('',*,*,#4983,.F.);
#4983 = EDGE_CURVE('',#4967,#4976,#4984,.T.);
#4984 = LINE('',#4985,#4986);
#4985 = CARTESIAN_POINT('',(-1.95,-2.275,1.025));
#4986 = VECTOR('',#4987,1.);
#4987 = DIRECTION('',(-1.110223024625E-16,1.,0.));
#4988 = PLANE('',#4989);
#4989 = AXIS2_PLACEMENT_3D('',#4990,#4991,#4992);
#4990 = CARTESIAN_POINT('',(-1.95,-2.275,1.025));
#4991 = DIRECTION('',(1.,1.110223024625E-16,0.));
#4992 = DIRECTION('',(-1.110223024625E-16,1.,0.));
#4993 = ADVANCED_FACE('',(#4994),#5019,.F.);
#4994 = FACE_BOUND('',#4995,.F.);
#4995 = EDGE_LOOP('',(#4996,#5004,#5005,#5013));
#4996 = ORIENTED_EDGE('',*,*,#4997,.F.);
#4997 = EDGE_CURVE('',#4428,#4998,#5000,.T.);
#4998 = VERTEX_POINT('',#4999);
#4999 = CARTESIAN_POINT('',(-2.25,1.7,0.825));
#5000 = LINE('',#5001,#5002);
#5001 = CARTESIAN_POINT('',(-1.8,1.7,0.825));
#5002 = VECTOR('',#5003,1.);
#5003 = DIRECTION('',(-1.,1.144237745222E-17,0.));
#5004 = ORIENTED_EDGE('',*,*,#4427,.T.);
#5005 = ORIENTED_EDGE('',*,*,#5006,.T.);
#5006 = EDGE_CURVE('',#4420,#5007,#5009,.T.);
#5007 = VERTEX_POINT('',#5008);
#5008 = CARTESIAN_POINT('',(-2.25,2.11,0.825));
#5009 = LINE('',#5010,#5011);
#5010 = CARTESIAN_POINT('',(-1.8,2.11,0.825));
#5011 = VECTOR('',#5012,1.);
#5012 = DIRECTION('',(-1.,1.144237745222E-17,0.));
#5013 = ORIENTED_EDGE('',*,*,#5014,.F.);
#5014 = EDGE_CURVE('',#4998,#5007,#5015,.T.);
#5015 = LINE('',#5016,#5017);
#5016 = CARTESIAN_POINT('',(-2.25,1.7,0.825));
#5017 = VECTOR('',#5018,1.);
#5018 = DIRECTION('',(1.144237745222E-17,1.,0.));
#5019 = PLANE('',#5020);
#5020 = AXIS2_PLACEMENT_3D('',#5021,#5022,#5023);
#5021 = CARTESIAN_POINT('',(-1.8,1.7,0.825));
#5022 = DIRECTION('',(0.,0.,1.));
#5023 = DIRECTION('',(-1.,1.144237745222E-17,0.));
#5024 = ADVANCED_FACE('',(#5025),#5036,.F.);
#5025 = FACE_BOUND('',#5026,.F.);
#5026 = EDGE_LOOP('',(#5027,#5033,#5034,#5035));
#5027 = ORIENTED_EDGE('',*,*,#5028,.F.);
#5028 = EDGE_CURVE('',#4420,#4744,#5029,.T.);
#5029 = LINE('',#5030,#5031);
#5030 = CARTESIAN_POINT('',(-1.95,2.11,0.786976568901));
#5031 = VECTOR('',#5032,1.);
#5032 = DIRECTION('',(0.,0.,1.));
#5033 = ORIENTED_EDGE('',*,*,#4419,.T.);
#5034 = ORIENTED_EDGE('',*,*,#4768,.T.);
#5035 = ORIENTED_EDGE('',*,*,#4751,.F.);
#5036 = PLANE('',#5037);
#5037 = AXIS2_PLACEMENT_3D('',#5038,#5039,#5040);
#5038 = CARTESIAN_POINT('',(-1.95,-2.275,1.025));
#5039 = DIRECTION('',(1.,1.110223024625E-16,0.));
#5040 = DIRECTION('',(-1.110223024625E-16,1.,0.));
#5041 = ADVANCED_FACE('',(#5042),#5053,.F.);
#5042 = FACE_BOUND('',#5043,.F.);
#5043 = EDGE_LOOP('',(#5044,#5045,#5046,#5052));
#5044 = ORIENTED_EDGE('',*,*,#4655,.F.);
#5045 = ORIENTED_EDGE('',*,*,#4576,.T.);
#5046 = ORIENTED_EDGE('',*,*,#5047,.T.);
#5047 = EDGE_CURVE('',#4569,#4688,#5048,.T.);
#5048 = LINE('',#5049,#5050);
#5049 = CARTESIAN_POINT('',(1.95,2.11,0.786976568901));
#5050 = VECTOR('',#5051,1.);
#5051 = DIRECTION('',(0.,0.,1.));
#5052 = ORIENTED_EDGE('',*,*,#4687,.F.);
#5053 = PLANE('',#5054);
#5054 = AXIS2_PLACEMENT_3D('',#5055,#5056,#5057);
#5055 = CARTESIAN_POINT('',(1.95,2.275,1.025));
#5056 = DIRECTION('',(-1.,-1.110223024625E-16,0.));
#5057 = DIRECTION('',(1.110223024625E-16,-1.,0.));
#5058 = ADVANCED_FACE('',(#5059),#5084,.F.);
#5059 = FACE_BOUND('',#5060,.F.);
#5060 = EDGE_LOOP('',(#5061,#5069,#5070,#5078));
#5061 = ORIENTED_EDGE('',*,*,#5062,.F.);
#5062 = EDGE_CURVE('',#4569,#5063,#5065,.T.);
#5063 = VERTEX_POINT('',#5064);
#5064 = CARTESIAN_POINT('',(2.25,2.11,0.825));
#5065 = LINE('',#5066,#5067);
#5066 = CARTESIAN_POINT('',(1.8,2.11,0.825));
#5067 = VECTOR('',#5068,1.);
#5068 = DIRECTION('',(1.,1.110223024625E-16,0.));
#5069 = ORIENTED_EDGE('',*,*,#4568,.T.);
#5070 = ORIENTED_EDGE('',*,*,#5071,.T.);
#5071 = EDGE_CURVE('',#4561,#5072,#5074,.T.);
#5072 = VERTEX_POINT('',#5073);
#5073 = CARTESIAN_POINT('',(2.25,1.7,0.825));
#5074 = LINE('',#5075,#5076);
#5075 = CARTESIAN_POINT('',(1.8,1.7,0.825));
#5076 = VECTOR('',#5077,1.);
#5077 = DIRECTION('',(1.,1.110223024625E-16,0.));
#5078 = ORIENTED_EDGE('',*,*,#5079,.F.);
#5079 = EDGE_CURVE('',#5063,#5072,#5080,.T.);
#5080 = LINE('',#5081,#5082);
#5081 = CARTESIAN_POINT('',(2.25,2.11,0.825));
#5082 = VECTOR('',#5083,1.);
#5083 = DIRECTION('',(1.110223024625E-16,-1.,0.));
#5084 = PLANE('',#5085);
#5085 = AXIS2_PLACEMENT_3D('',#5086,#5087,#5088);
#5086 = CARTESIAN_POINT('',(1.8,2.11,0.825));
#5087 = DIRECTION('',(0.,0.,1.));
#5088 = DIRECTION('',(1.,1.110223024625E-16,-0.));
#5089 = ADVANCED_FACE('',(#5090),#5115,.F.);
#5090 = FACE_BOUND('',#5091,.F.);
#5091 = EDGE_LOOP('',(#5092,#5100,#5101,#5109));
#5092 = ORIENTED_EDGE('',*,*,#5093,.F.);
#5093 = EDGE_CURVE('',#4561,#5094,#5096,.T.);
#5094 = VERTEX_POINT('',#5095);
#5095 = CARTESIAN_POINT('',(1.95,1.7,1.025));
#5096 = LINE('',#5097,#5098);
#5097 = CARTESIAN_POINT('',(1.95,1.7,0.786976568901));
#5098 = VECTOR('',#5099,1.);
#5099 = DIRECTION('',(0.,0.,1.));
#5100 = ORIENTED_EDGE('',*,*,#4560,.T.);
#5101 = ORIENTED_EDGE('',*,*,#5102,.T.);
#5102 = EDGE_CURVE('',#4553,#5103,#5105,.T.);
#5103 = VERTEX_POINT('',#5104);
#5104 = CARTESIAN_POINT('',(1.95,0.84,1.025));
#5105 = LINE('',#5106,#5107);
#5106 = CARTESIAN_POINT('',(1.95,0.84,0.786976568901));
#5107 = VECTOR('',#5108,1.);
#5108 = DIRECTION('',(0.,0.,1.));
#5109 = ORIENTED_EDGE('',*,*,#5110,.F.);
#5110 = EDGE_CURVE('',#5094,#5103,#5111,.T.);
#5111 = LINE('',#5112,#5113);
#5112 = CARTESIAN_POINT('',(1.95,2.275,1.025));
#5113 = VECTOR('',#5114,1.);
#5114 = DIRECTION('',(1.110223024625E-16,-1.,0.));
#5115 = PLANE('',#5116);
#5116 = AXIS2_PLACEMENT_3D('',#5117,#5118,#5119);
#5117 = CARTESIAN_POINT('',(1.95,2.275,1.025));
#5118 = DIRECTION('',(-1.,-1.110223024625E-16,0.));
#5119 = DIRECTION('',(1.110223024625E-16,-1.,0.));
#5120 = ADVANCED_FACE('',(#5121),#5146,.F.);
#5121 = FACE_BOUND('',#5122,.F.);
#5122 = EDGE_LOOP('',(#5123,#5131,#5132,#5140));
#5123 = ORIENTED_EDGE('',*,*,#5124,.F.);
#5124 = EDGE_CURVE('',#4553,#5125,#5127,.T.);
#5125 = VERTEX_POINT('',#5126);
#5126 = CARTESIAN_POINT('',(2.25,0.84,0.825));
#5127 = LINE('',#5128,#5129);
#5128 = CARTESIAN_POINT('',(1.8,0.84,0.825));
#5129 = VECTOR('',#5130,1.);
#5130 = DIRECTION('',(1.,1.110223024625E-16,0.));
#5131 = ORIENTED_EDGE('',*,*,#4552,.T.);
#5132 = ORIENTED_EDGE('',*,*,#5133,.T.);
#5133 = EDGE_CURVE('',#4545,#5134,#5136,.T.);
#5134 = VERTEX_POINT('',#5135);
#5135 = CARTESIAN_POINT('',(2.25,0.43,0.825));
#5136 = LINE('',#5137,#5138);
#5137 = CARTESIAN_POINT('',(1.8,0.43,0.825));
#5138 = VECTOR('',#5139,1.);
#5139 = DIRECTION('',(1.,1.110223024625E-16,0.));
#5140 = ORIENTED_EDGE('',*,*,#5141,.F.);
#5141 = EDGE_CURVE('',#5125,#5134,#5142,.T.);
#5142 = LINE('',#5143,#5144);
#5143 = CARTESIAN_POINT('',(2.25,0.84,0.825));
#5144 = VECTOR('',#5145,1.);
#5145 = DIRECTION('',(1.110223024625E-16,-1.,0.));
#5146 = PLANE('',#5147);
#5147 = AXIS2_PLACEMENT_3D('',#5148,#5149,#5150);
#5148 = CARTESIAN_POINT('',(1.8,0.84,0.825));
#5149 = DIRECTION('',(0.,0.,1.));
#5150 = DIRECTION('',(1.,1.110223024625E-16,-0.));
#5151 = ADVANCED_FACE('',(#5152),#5177,.F.);
#5152 = FACE_BOUND('',#5153,.F.);
#5153 = EDGE_LOOP('',(#5154,#5162,#5163,#5171));
#5154 = ORIENTED_EDGE('',*,*,#5155,.F.);
#5155 = EDGE_CURVE('',#4545,#5156,#5158,.T.);
#5156 = VERTEX_POINT('',#5157);
#5157 = CARTESIAN_POINT('',(1.95,0.43,1.025));
#5158 = LINE('',#5159,#5160);
#5159 = CARTESIAN_POINT('',(1.95,0.43,0.786976568901));
#5160 = VECTOR('',#5161,1.);
#5161 = DIRECTION('',(0.,0.,1.));
#5162 = ORIENTED_EDGE('',*,*,#4544,.T.);
#5163 = ORIENTED_EDGE('',*,*,#5164,.T.);
#5164 = EDGE_CURVE('',#4537,#5165,#5167,.T.);
#5165 = VERTEX_POINT('',#5166);
#5166 = CARTESIAN_POINT('',(1.95,-0.43,1.025));
#5167 = LINE('',#5168,#5169);
#5168 = CARTESIAN_POINT('',(1.95,-0.43,0.786976568901));
#5169 = VECTOR('',#5170,1.);
#5170 = DIRECTION('',(0.,0.,1.));
#5171 = ORIENTED_EDGE('',*,*,#5172,.F.);
#5172 = EDGE_CURVE('',#5156,#5165,#5173,.T.);
#5173 = LINE('',#5174,#5175);
#5174 = CARTESIAN_POINT('',(1.95,2.275,1.025));
#5175 = VECTOR('',#5176,1.);
#5176 = DIRECTION('',(1.110223024625E-16,-1.,0.));
#5177 = PLANE('',#5178);
#5178 = AXIS2_PLACEMENT_3D('',#5179,#5180,#5181);
#5179 = CARTESIAN_POINT('',(1.95,2.275,1.025));
#5180 = DIRECTION('',(-1.,-1.110223024625E-16,0.));
#5181 = DIRECTION('',(1.110223024625E-16,-1.,0.));
#5182 = ADVANCED_FACE('',(#5183),#5208,.F.);
#5183 = FACE_BOUND('',#5184,.F.);
#5184 = EDGE_LOOP('',(#5185,#5193,#5194,#5202));
#5185 = ORIENTED_EDGE('',*,*,#5186,.F.);
#5186 = EDGE_CURVE('',#4537,#5187,#5189,.T.);
#5187 = VERTEX_POINT('',#5188);
#5188 = CARTESIAN_POINT('',(2.25,-0.43,0.825));
#5189 = LINE('',#5190,#5191);
#5190 = CARTESIAN_POINT('',(1.8,-0.43,0.825));
#5191 = VECTOR('',#5192,1.);
#5192 = DIRECTION('',(1.,1.110223024625E-16,0.));
#5193 = ORIENTED_EDGE('',*,*,#4536,.T.);
#5194 = ORIENTED_EDGE('',*,*,#5195,.T.);
#5195 = EDGE_CURVE('',#4529,#5196,#5198,.T.);
#5196 = VERTEX_POINT('',#5197);
#5197 = CARTESIAN_POINT('',(2.25,-0.84,0.825));
#5198 = LINE('',#5199,#5200);
#5199 = CARTESIAN_POINT('',(1.8,-0.84,0.825));
#5200 = VECTOR('',#5201,1.);
#5201 = DIRECTION('',(1.,1.110223024625E-16,0.));
#5202 = ORIENTED_EDGE('',*,*,#5203,.F.);
#5203 = EDGE_CURVE('',#5187,#5196,#5204,.T.);
#5204 = LINE('',#5205,#5206);
#5205 = CARTESIAN_POINT('',(2.25,-0.43,0.825));
#5206 = VECTOR('',#5207,1.);
#5207 = DIRECTION('',(1.110223024625E-16,-1.,0.));
#5208 = PLANE('',#5209);
#5209 = AXIS2_PLACEMENT_3D('',#5210,#5211,#5212);
#5210 = CARTESIAN_POINT('',(1.8,-0.43,0.825));
#5211 = DIRECTION('',(0.,0.,1.));
#5212 = DIRECTION('',(1.,1.110223024625E-16,-0.));
#5213 = ADVANCED_FACE('',(#5214),#5239,.F.);
#5214 = FACE_BOUND('',#5215,.F.);
#5215 = EDGE_LOOP('',(#5216,#5224,#5225,#5233));
#5216 = ORIENTED_EDGE('',*,*,#5217,.F.);
#5217 = EDGE_CURVE('',#4529,#5218,#5220,.T.);
#5218 = VERTEX_POINT('',#5219);
#5219 = CARTESIAN_POINT('',(1.95,-0.84,1.025));
#5220 = LINE('',#5221,#5222);
#5221 = CARTESIAN_POINT('',(1.95,-0.84,0.786976568901));
#5222 = VECTOR('',#5223,1.);
#5223 = DIRECTION('',(0.,0.,1.));
#5224 = ORIENTED_EDGE('',*,*,#4528,.T.);
#5225 = ORIENTED_EDGE('',*,*,#5226,.T.);
#5226 = EDGE_CURVE('',#4521,#5227,#5229,.T.);
#5227 = VERTEX_POINT('',#5228);
#5228 = CARTESIAN_POINT('',(1.95,-1.7,1.025));
#5229 = LINE('',#5230,#5231);
#5230 = CARTESIAN_POINT('',(1.95,-1.7,0.786976568901));
#5231 = VECTOR('',#5232,1.);
#5232 = DIRECTION('',(0.,0.,1.));
#5233 = ORIENTED_EDGE('',*,*,#5234,.F.);
#5234 = EDGE_CURVE('',#5218,#5227,#5235,.T.);
#5235 = LINE('',#5236,#5237);
#5236 = CARTESIAN_POINT('',(1.95,2.275,1.025));
#5237 = VECTOR('',#5238,1.);
#5238 = DIRECTION('',(1.110223024625E-16,-1.,0.));
#5239 = PLANE('',#5240);
#5240 = AXIS2_PLACEMENT_3D('',#5241,#5242,#5243);
#5241 = CARTESIAN_POINT('',(1.95,2.275,1.025));
#5242 = DIRECTION('',(-1.,-1.110223024625E-16,0.));
#5243 = DIRECTION('',(1.110223024625E-16,-1.,0.));
#5244 = ADVANCED_FACE('',(#5245),#5270,.F.);
#5245 = FACE_BOUND('',#5246,.F.);
#5246 = EDGE_LOOP('',(#5247,#5255,#5256,#5264));
#5247 = ORIENTED_EDGE('',*,*,#5248,.F.);
#5248 = EDGE_CURVE('',#4521,#5249,#5251,.T.);
#5249 = VERTEX_POINT('',#5250);
#5250 = CARTESIAN_POINT('',(2.25,-1.7,0.825));
#5251 = LINE('',#5252,#5253);
#5252 = CARTESIAN_POINT('',(1.8,-1.7,0.825));
#5253 = VECTOR('',#5254,1.);
#5254 = DIRECTION('',(1.,1.110223024625E-16,0.));
#5255 = ORIENTED_EDGE('',*,*,#4520,.T.);
#5256 = ORIENTED_EDGE('',*,*,#5257,.T.);
#5257 = EDGE_CURVE('',#4513,#5258,#5260,.T.);
#5258 = VERTEX_POINT('',#5259);
#5259 = CARTESIAN_POINT('',(2.25,-2.11,0.825));
#5260 = LINE('',#5261,#5262);
#5261 = CARTESIAN_POINT('',(1.8,-2.11,0.825));
#5262 = VECTOR('',#5263,1.);
#5263 = DIRECTION('',(1.,1.110223024625E-16,0.));
#5264 = ORIENTED_EDGE('',*,*,#5265,.F.);
#5265 = EDGE_CURVE('',#5249,#5258,#5266,.T.);
#5266 = LINE('',#5267,#5268);
#5267 = CARTESIAN_POINT('',(2.25,-1.7,0.825));
#5268 = VECTOR('',#5269,1.);
#5269 = DIRECTION('',(1.110223024625E-16,-1.,0.));
#5270 = PLANE('',#5271);
#5271 = AXIS2_PLACEMENT_3D('',#5272,#5273,#5274);
#5272 = CARTESIAN_POINT('',(1.8,-1.7,0.825));
#5273 = DIRECTION('',(0.,0.,1.));
#5274 = DIRECTION('',(1.,1.110223024625E-16,-0.));
#5275 = ADVANCED_FACE('',(#5276),#5300,.F.);
#5276 = FACE_BOUND('',#5277,.F.);
#5277 = EDGE_LOOP('',(#5278,#5286,#5287,#5294));
#5278 = ORIENTED_EDGE('',*,*,#5279,.F.);
#5279 = EDGE_CURVE('',#4513,#5280,#5282,.T.);
#5280 = VERTEX_POINT('',#5281);
#5281 = CARTESIAN_POINT('',(1.95,-2.11,1.025));
#5282 = LINE('',#5283,#5284);
#5283 = CARTESIAN_POINT('',(1.95,-2.11,0.786976568901));
#5284 = VECTOR('',#5285,1.);
#5285 = DIRECTION('',(0.,0.,1.));
#5286 = ORIENTED_EDGE('',*,*,#4512,.T.);
#5287 = ORIENTED_EDGE('',*,*,#5288,.T.);
#5288 = EDGE_CURVE('',#4506,#5289,#5291,.T.);
#5289 = VERTEX_POINT('',#5290);
#5290 = CARTESIAN_POINT('',(1.95,-2.275,1.025));
#5291 = B_SPLINE_CURVE_WITH_KNOTS('',1,(#5292,#5293),.UNSPECIFIED.,.F.,
  .F.,(2,2),(0.,1.),.PIECEWISE_BEZIER_KNOTS.);
#5292 = CARTESIAN_POINT('',(1.95,-2.275,0.825));
#5293 = CARTESIAN_POINT('',(1.95,-2.275,1.025));
#5294 = ORIENTED_EDGE('',*,*,#5295,.F.);
#5295 = EDGE_CURVE('',#5280,#5289,#5296,.T.);
#5296 = LINE('',#5297,#5298);
#5297 = CARTESIAN_POINT('',(1.95,2.275,1.025));
#5298 = VECTOR('',#5299,1.);
#5299 = DIRECTION('',(1.110223024625E-16,-1.,0.));
#5300 = PLANE('',#5301);
#5301 = AXIS2_PLACEMENT_3D('',#5302,#5303,#5304);
#5302 = CARTESIAN_POINT('',(1.95,2.275,1.025));
#5303 = DIRECTION('',(-1.,-1.110223024625E-16,0.));
#5304 = DIRECTION('',(1.110223024625E-16,-1.,0.));
#5305 = ADVANCED_FACE('',(#5306),#5323,.F.);
#5306 = FACE_BOUND('',#5307,.F.);
#5307 = EDGE_LOOP('',(#5308,#5309,#5310,#5318));
#5308 = ORIENTED_EDGE('',*,*,#4593,.T.);
#5309 = ORIENTED_EDGE('',*,*,#4781,.T.);
#5310 = ORIENTED_EDGE('',*,*,#5311,.F.);
#5311 = EDGE_CURVE('',#5312,#4782,#5314,.T.);
#5312 = VERTEX_POINT('',#5313);
#5313 = CARTESIAN_POINT('',(-1.775,-2.45,1.025));
#5314 = LINE('',#5315,#5316);
#5315 = CARTESIAN_POINT('',(-1.775,-2.45,1.025));
#5316 = VECTOR('',#5317,1.);
#5317 = DIRECTION('',(-0.707106781187,0.707106781187,0.));
#5318 = ORIENTED_EDGE('',*,*,#5319,.F.);
#5319 = EDGE_CURVE('',#4594,#5312,#5320,.T.);
#5320 = B_SPLINE_CURVE_WITH_KNOTS('',1,(#5321,#5322),.UNSPECIFIED.,.F.,
  .F.,(2,2),(0.,1.),.PIECEWISE_BEZIER_KNOTS.);
#5321 = CARTESIAN_POINT('',(-1.775,-2.45,0.825));
#5322 = CARTESIAN_POINT('',(-1.775,-2.45,1.025));
#5323 = PLANE('',#5324);
#5324 = AXIS2_PLACEMENT_3D('',#5325,#5326,#5327);
#5325 = CARTESIAN_POINT('',(-1.775,-2.45,1.025));
#5326 = DIRECTION('',(0.707106781187,0.707106781187,0.));
#5327 = DIRECTION('',(-0.707106781187,0.707106781187,0.));
#5328 = ADVANCED_FACE('',(#5329),#5346,.F.);
#5329 = FACE_BOUND('',#5330,.F.);
#5330 = EDGE_LOOP('',(#5331,#5332,#5339,#5345));
#5331 = ORIENTED_EDGE('',*,*,#4622,.T.);
#5332 = ORIENTED_EDGE('',*,*,#5333,.T.);
#5333 = EDGE_CURVE('',#4616,#5334,#5336,.T.);
#5334 = VERTEX_POINT('',#5335);
#5335 = CARTESIAN_POINT('',(1.775,-2.45,1.025));
#5336 = B_SPLINE_CURVE_WITH_KNOTS('',1,(#5337,#5338),.UNSPECIFIED.,.F.,
  .F.,(2,2),(0.,1.),.PIECEWISE_BEZIER_KNOTS.);
#5337 = CARTESIAN_POINT('',(1.775,-2.45,0.825));
#5338 = CARTESIAN_POINT('',(1.775,-2.45,1.025));
#5339 = ORIENTED_EDGE('',*,*,#5340,.F.);
#5340 = EDGE_CURVE('',#5289,#5334,#5341,.T.);
#5341 = LINE('',#5342,#5343);
#5342 = CARTESIAN_POINT('',(1.95,-2.275,1.025));
#5343 = VECTOR('',#5344,1.);
#5344 = DIRECTION('',(-0.707106781187,-0.707106781187,0.));
#5345 = ORIENTED_EDGE('',*,*,#5288,.F.);
#5346 = PLANE('',#5347);
#5347 = AXIS2_PLACEMENT_3D('',#5348,#5349,#5350);
#5348 = CARTESIAN_POINT('',(1.95,-2.275,1.025));
#5349 = DIRECTION('',(-0.707106781187,0.707106781187,0.));
#5350 = DIRECTION('',(-0.707106781187,-0.707106781187,0.));
#5351 = ADVANCED_FACE('',(#5352),#5363,.F.);
#5352 = FACE_BOUND('',#5353,.F.);
#5353 = EDGE_LOOP('',(#5354,#5355,#5356,#5362));
#5354 = ORIENTED_EDGE('',*,*,#4639,.T.);
#5355 = ORIENTED_EDGE('',*,*,#5319,.T.);
#5356 = ORIENTED_EDGE('',*,*,#5357,.F.);
#5357 = EDGE_CURVE('',#5334,#5312,#5358,.T.);
#5358 = LINE('',#5359,#5360);
#5359 = CARTESIAN_POINT('',(1.775,-2.45,1.025));
#5360 = VECTOR('',#5361,1.);
#5361 = DIRECTION('',(-1.,-1.110223024625E-16,0.));
#5362 = ORIENTED_EDGE('',*,*,#5333,.F.);
#5363 = PLANE('',#5364);
#5364 = AXIS2_PLACEMENT_3D('',#5365,#5366,#5367);
#5365 = CARTESIAN_POINT('',(1.775,-2.45,1.025));
#5366 = DIRECTION('',(-1.110223024625E-16,1.,0.));
#5367 = DIRECTION('',(-1.,-1.110223024625E-16,0.));
#5368 = ADVANCED_FACE('',(#5369),#5408,.F.);
#5369 = FACE_BOUND('',#5370,.F.);
#5370 = EDGE_LOOP('',(#5371,#5379,#5387,#5393,#5394,#5402));
#5371 = ORIENTED_EDGE('',*,*,#5372,.F.);
#5372 = EDGE_CURVE('',#5373,#4976,#5375,.T.);
#5373 = VERTEX_POINT('',#5374);
#5374 = CARTESIAN_POINT('',(-2.25,1.7,1.025));
#5375 = LINE('',#5376,#5377);
#5376 = CARTESIAN_POINT('',(-2.25,1.7,1.025));
#5377 = VECTOR('',#5378,1.);
#5378 = DIRECTION('',(1.,-1.144237745222E-17,0.));
#5379 = ORIENTED_EDGE('',*,*,#5380,.T.);
#5380 = EDGE_CURVE('',#5373,#5381,#5383,.T.);
#5381 = VERTEX_POINT('',#5382);
#5382 = CARTESIAN_POINT('',(-2.25,2.11,1.025));
#5383 = LINE('',#5384,#5385);
#5384 = CARTESIAN_POINT('',(-2.25,1.7,1.025));
#5385 = VECTOR('',#5386,1.);
#5386 = DIRECTION('',(1.144237745222E-17,1.,0.));
#5387 = ORIENTED_EDGE('',*,*,#5388,.T.);
#5388 = EDGE_CURVE('',#5381,#4744,#5389,.T.);
#5389 = LINE('',#5390,#5391);
#5390 = CARTESIAN_POINT('',(-2.25,2.11,1.025));
#5391 = VECTOR('',#5392,1.);
#5392 = DIRECTION('',(1.,-1.144237745222E-17,0.));
#5393 = ORIENTED_EDGE('',*,*,#4743,.T.);
#5394 = ORIENTED_EDGE('',*,*,#5395,.F.);
#5395 = EDGE_CURVE('',#5396,#4736,#5398,.T.);
#5396 = VERTEX_POINT('',#5397);
#5397 = CARTESIAN_POINT('',(-1.875,1.7,1.025));
#5398 = LINE('',#5399,#5400);
#5399 = CARTESIAN_POINT('',(-1.875,-2.2375,1.025));
#5400 = VECTOR('',#5401,1.);
#5401 = DIRECTION('',(-1.110223024625E-16,1.,0.));
#5402 = ORIENTED_EDGE('',*,*,#5403,.F.);
#5403 = EDGE_CURVE('',#4976,#5396,#5404,.T.);
#5404 = LINE('',#5405,#5406);
#5405 = CARTESIAN_POINT('',(-2.25,1.7,1.025));
#5406 = VECTOR('',#5407,1.);
#5407 = DIRECTION('',(1.,-1.144237745222E-17,0.));
#5408 = PLANE('',#5409);
#5409 = AXIS2_PLACEMENT_3D('',#5410,#5411,#5412);
#5410 = CARTESIAN_POINT('',(-2.25,1.7,1.025));
#5411 = DIRECTION('',(0.,0.,-1.));
#5412 = DIRECTION('',(1.,-1.144237745222E-17,0.));
#5413 = ADVANCED_FACE('',(#5414),#5494,.F.);
#5414 = FACE_BOUND('',#5415,.F.);
#5415 = EDGE_LOOP('',(#5416,#5426,#5434,#5442,#5450,#5458,#5466,#5472,
    #5473,#5474,#5481,#5489));
#5416 = ORIENTED_EDGE('',*,*,#5417,.T.);
#5417 = EDGE_CURVE('',#5418,#5420,#5422,.T.);
#5418 = VERTEX_POINT('',#5419);
#5419 = CARTESIAN_POINT('',(-1.875,-2.2375,1.025));
#5420 = VERTEX_POINT('',#5421);
#5421 = CARTESIAN_POINT('',(-1.875,-2.11,1.025));
#5422 = LINE('',#5423,#5424);
#5423 = CARTESIAN_POINT('',(-1.875,-2.2375,1.025));
#5424 = VECTOR('',#5425,1.);
#5425 = DIRECTION('',(-1.110223024625E-16,1.,0.));
#5426 = ORIENTED_EDGE('',*,*,#5427,.T.);
#5427 = EDGE_CURVE('',#5420,#5428,#5430,.T.);
#5428 = VERTEX_POINT('',#5429);
#5429 = CARTESIAN_POINT('',(-1.875,-1.7,1.025));
#5430 = LINE('',#5431,#5432);
#5431 = CARTESIAN_POINT('',(-1.875,-2.2375,1.025));
#5432 = VECTOR('',#5433,1.);
#5433 = DIRECTION('',(-1.110223024625E-16,1.,0.));
#5434 = ORIENTED_EDGE('',*,*,#5435,.T.);
#5435 = EDGE_CURVE('',#5428,#5436,#5438,.T.);
#5436 = VERTEX_POINT('',#5437);
#5437 = CARTESIAN_POINT('',(-1.875,-0.84,1.025));
#5438 = LINE('',#5439,#5440);
#5439 = CARTESIAN_POINT('',(-1.875,-2.2375,1.025));
#5440 = VECTOR('',#5441,1.);
#5441 = DIRECTION('',(-1.110223024625E-16,1.,0.));
#5442 = ORIENTED_EDGE('',*,*,#5443,.T.);
#5443 = EDGE_CURVE('',#5436,#5444,#5446,.T.);
#5444 = VERTEX_POINT('',#5445);
#5445 = CARTESIAN_POINT('',(-1.875,-0.43,1.025));
#5446 = LINE('',#5447,#5448);
#5447 = CARTESIAN_POINT('',(-1.875,-2.2375,1.025));
#5448 = VECTOR('',#5449,1.);
#5449 = DIRECTION('',(-1.110223024625E-16,1.,0.));
#5450 = ORIENTED_EDGE('',*,*,#5451,.T.);
#5451 = EDGE_CURVE('',#5444,#5452,#5454,.T.);
#5452 = VERTEX_POINT('',#5453);
#5453 = CARTESIAN_POINT('',(-1.875,0.43,1.025));
#5454 = LINE('',#5455,#5456);
#5455 = CARTESIAN_POINT('',(-1.875,-2.2375,1.025));
#5456 = VECTOR('',#5457,1.);
#5457 = DIRECTION('',(-1.110223024625E-16,1.,0.));
#5458 = ORIENTED_EDGE('',*,*,#5459,.T.);
#5459 = EDGE_CURVE('',#5452,#5460,#5462,.T.);
#5460 = VERTEX_POINT('',#5461);
#5461 = CARTESIAN_POINT('',(-1.875,0.84,1.025));
#5462 = LINE('',#5463,#5464);
#5463 = CARTESIAN_POINT('',(-1.875,-2.2375,1.025));
#5464 = VECTOR('',#5465,1.);
#5465 = DIRECTION('',(-1.110223024625E-16,1.,0.));
#5466 = ORIENTED_EDGE('',*,*,#5467,.T.);
#5467 = EDGE_CURVE('',#5460,#5396,#5468,.T.);
#5468 = LINE('',#5469,#5470);
#5469 = CARTESIAN_POINT('',(-1.875,-2.2375,1.025));
#5470 = VECTOR('',#5471,1.);
#5471 = DIRECTION('',(-1.110223024625E-16,1.,0.));
#5472 = ORIENTED_EDGE('',*,*,#5395,.T.);
#5473 = ORIENTED_EDGE('',*,*,#4735,.T.);
#5474 = ORIENTED_EDGE('',*,*,#5475,.T.);
#5475 = EDGE_CURVE('',#4728,#5476,#5478,.T.);
#5476 = VERTEX_POINT('',#5477);
#5477 = CARTESIAN_POINT('',(-1.760171280765,2.180085640382,1.75));
#5478 = B_SPLINE_CURVE_WITH_KNOTS('',1,(#5479,#5480),.UNSPECIFIED.,.F.,
  .F.,(2,2),(0.,1.),.PIECEWISE_BEZIER_KNOTS.);
#5479 = CARTESIAN_POINT('',(-1.875,2.2375,1.025));
#5480 = CARTESIAN_POINT('',(-1.760171280765,2.180085640382,1.75));
#5481 = ORIENTED_EDGE('',*,*,#5482,.F.);
#5482 = EDGE_CURVE('',#5483,#5476,#5485,.T.);
#5483 = VERTEX_POINT('',#5484);
#5484 = CARTESIAN_POINT('',(-1.760171280765,-2.180085640382,1.75));
#5485 = LINE('',#5486,#5487);
#5486 = CARTESIAN_POINT('',(-1.760171280765,-2.180085640382,1.75));
#5487 = VECTOR('',#5488,1.);
#5488 = DIRECTION('',(-1.110223024625E-16,1.,0.));
#5489 = ORIENTED_EDGE('',*,*,#5490,.F.);
#5490 = EDGE_CURVE('',#5418,#5483,#5491,.T.);
#5491 = B_SPLINE_CURVE_WITH_KNOTS('',1,(#5492,#5493),.UNSPECIFIED.,.F.,
  .F.,(2,2),(0.,1.),.PIECEWISE_BEZIER_KNOTS.);
#5492 = CARTESIAN_POINT('',(-1.875,-2.2375,1.025));
#5493 = CARTESIAN_POINT('',(-1.760171280765,-2.180085640382,1.75));
#5494 = B_SPLINE_SURFACE_WITH_KNOTS('',1,1,(
    (#5495,#5496)
    ,(#5497,#5498
    )),.UNSPECIFIED.,.F.,.F.,.F.,(2,2),(2,2),(0.,4.475),(0.,1.),
  .PIECEWISE_BEZIER_KNOTS.);
#5495 = CARTESIAN_POINT('',(-1.875,-2.2375,1.025));
#5496 = CARTESIAN_POINT('',(-1.760171280765,-2.180085640382,1.75));
#5497 = CARTESIAN_POINT('',(-1.875,2.2375,1.025));
#5498 = CARTESIAN_POINT('',(-1.760171280765,2.180085640382,1.75));
#5499 = ADVANCED_FACE('',(#5500),#5517,.F.);
#5500 = FACE_BOUND('',#5501,.F.);
#5501 = EDGE_LOOP('',(#5502,#5503,#5510,#5516));
#5502 = ORIENTED_EDGE('',*,*,#4727,.T.);
#5503 = ORIENTED_EDGE('',*,*,#5504,.T.);
#5504 = EDGE_CURVE('',#4720,#5505,#5507,.T.);
#5505 = VERTEX_POINT('',#5506);
#5506 = CARTESIAN_POINT('',(-1.680085640382,2.260171280765,1.75));
#5507 = B_SPLINE_CURVE_WITH_KNOTS('',1,(#5508,#5509),.UNSPECIFIED.,.F.,
  .F.,(2,2),(0.,1.),.PIECEWISE_BEZIER_KNOTS.);
#5508 = CARTESIAN_POINT('',(-1.7375,2.375,1.025));
#5509 = CARTESIAN_POINT('',(-1.680085640382,2.260171280765,1.75));
#5510 = ORIENTED_EDGE('',*,*,#5511,.F.);
#5511 = EDGE_CURVE('',#5476,#5505,#5512,.T.);
#5512 = LINE('',#5513,#5514);
#5513 = CARTESIAN_POINT('',(-1.760171280765,2.180085640382,1.75));
#5514 = VECTOR('',#5515,1.);
#5515 = DIRECTION('',(0.707106781187,0.707106781187,0.));
#5516 = ORIENTED_EDGE('',*,*,#5475,.F.);
#5517 = B_SPLINE_SURFACE_WITH_KNOTS('',1,1,(
    (#5518,#5519)
    ,(#5520,#5521
    )),.UNSPECIFIED.,.F.,.F.,.F.,(2,2),(2,2),(0.,0.194454364826),(0.,1.)
  ,.PIECEWISE_BEZIER_KNOTS.);
#5518 = CARTESIAN_POINT('',(-1.875,2.2375,1.025));
#5519 = CARTESIAN_POINT('',(-1.760171280765,2.180085640382,1.75));
#5520 = CARTESIAN_POINT('',(-1.7375,2.375,1.025));
#5521 = CARTESIAN_POINT('',(-1.680085640382,2.260171280765,1.75));
#5522 = ADVANCED_FACE('',(#5523),#5540,.F.);
#5523 = FACE_BOUND('',#5524,.F.);
#5524 = EDGE_LOOP('',(#5525,#5526,#5533,#5539));
#5525 = ORIENTED_EDGE('',*,*,#4719,.T.);
#5526 = ORIENTED_EDGE('',*,*,#5527,.T.);
#5527 = EDGE_CURVE('',#4712,#5528,#5530,.T.);
#5528 = VERTEX_POINT('',#5529);
#5529 = CARTESIAN_POINT('',(1.680085640382,2.260171280765,1.75));
#5530 = B_SPLINE_CURVE_WITH_KNOTS('',1,(#5531,#5532),.UNSPECIFIED.,.F.,
  .F.,(2,2),(0.,1.),.PIECEWISE_BEZIER_KNOTS.);
#5531 = CARTESIAN_POINT('',(1.7375,2.375,1.025));
#5532 = CARTESIAN_POINT('',(1.680085640382,2.260171280765,1.75));
#5533 = ORIENTED_EDGE('',*,*,#5534,.F.);
#5534 = EDGE_CURVE('',#5505,#5528,#5535,.T.);
#5535 = LINE('',#5536,#5537);
#5536 = CARTESIAN_POINT('',(-1.680085640382,2.260171280765,1.75));
#5537 = VECTOR('',#5538,1.);
#5538 = DIRECTION('',(1.,1.110223024625E-16,0.));
#5539 = ORIENTED_EDGE('',*,*,#5504,.F.);
#5540 = B_SPLINE_SURFACE_WITH_KNOTS('',1,1,(
    (#5541,#5542)
    ,(#5543,#5544
    )),.UNSPECIFIED.,.F.,.F.,.F.,(2,2),(2,2),(0.,3.475),(0.,1.),
  .PIECEWISE_BEZIER_KNOTS.);
#5541 = CARTESIAN_POINT('',(-1.7375,2.375,1.025));
#5542 = CARTESIAN_POINT('',(-1.680085640382,2.260171280765,1.75));
#5543 = CARTESIAN_POINT('',(1.7375,2.375,1.025));
#5544 = CARTESIAN_POINT('',(1.680085640382,2.260171280765,1.75));
#5545 = ADVANCED_FACE('',(#5546),#5563,.F.);
#5546 = FACE_BOUND('',#5547,.F.);
#5547 = EDGE_LOOP('',(#5548,#5549,#5556,#5562));
#5548 = ORIENTED_EDGE('',*,*,#4711,.T.);
#5549 = ORIENTED_EDGE('',*,*,#5550,.T.);
#5550 = EDGE_CURVE('',#4704,#5551,#5553,.T.);
#5551 = VERTEX_POINT('',#5552);
#5552 = CARTESIAN_POINT('',(1.760171280765,2.180085640382,1.75));
#5553 = B_SPLINE_CURVE_WITH_KNOTS('',1,(#5554,#5555),.UNSPECIFIED.,.F.,
  .F.,(2,2),(0.,1.),.PIECEWISE_BEZIER_KNOTS.);
#5554 = CARTESIAN_POINT('',(1.875,2.2375,1.025));
#5555 = CARTESIAN_POINT('',(1.760171280765,2.180085640382,1.75));
#5556 = ORIENTED_EDGE('',*,*,#5557,.F.);
#5557 = EDGE_CURVE('',#5528,#5551,#5558,.T.);
#5558 = LINE('',#5559,#5560);
#5559 = CARTESIAN_POINT('',(1.680085640382,2.260171280765,1.75));
#5560 = VECTOR('',#5561,1.);
#5561 = DIRECTION('',(0.707106781187,-0.707106781187,0.));
#5562 = ORIENTED_EDGE('',*,*,#5527,.F.);
#5563 = B_SPLINE_SURFACE_WITH_KNOTS('',1,1,(
    (#5564,#5565)
    ,(#5566,#5567
    )),.UNSPECIFIED.,.F.,.F.,.F.,(2,2),(2,2),(0.,0.194454364826),(0.,1.)
  ,.PIECEWISE_BEZIER_KNOTS.);
#5564 = CARTESIAN_POINT('',(1.7375,2.375,1.025));
#5565 = CARTESIAN_POINT('',(1.680085640382,2.260171280765,1.75));
#5566 = CARTESIAN_POINT('',(1.875,2.2375,1.025));
#5567 = CARTESIAN_POINT('',(1.760171280765,2.180085640382,1.75));
#5568 = ADVANCED_FACE('',(#5569),#5650,.F.);
#5569 = FACE_BOUND('',#5570,.F.);
#5570 = EDGE_LOOP('',(#5571,#5572,#5580,#5588,#5596,#5604,#5612,#5620,
    #5628,#5636,#5643,#5649));
#5571 = ORIENTED_EDGE('',*,*,#4703,.T.);
#5572 = ORIENTED_EDGE('',*,*,#5573,.T.);
#5573 = EDGE_CURVE('',#4696,#5574,#5576,.T.);
#5574 = VERTEX_POINT('',#5575);
#5575 = CARTESIAN_POINT('',(1.875,1.7,1.025));
#5576 = LINE('',#5577,#5578);
#5577 = CARTESIAN_POINT('',(1.875,2.2375,1.025));
#5578 = VECTOR('',#5579,1.);
#5579 = DIRECTION('',(1.110223024625E-16,-1.,0.));
#5580 = ORIENTED_EDGE('',*,*,#5581,.T.);
#5581 = EDGE_CURVE('',#5574,#5582,#5584,.T.);
#5582 = VERTEX_POINT('',#5583);
#5583 = CARTESIAN_POINT('',(1.875,0.84,1.025));
#5584 = LINE('',#5585,#5586);
#5585 = CARTESIAN_POINT('',(1.875,2.2375,1.025));
#5586 = VECTOR('',#5587,1.);
#5587 = DIRECTION('',(1.110223024625E-16,-1.,0.));
#5588 = ORIENTED_EDGE('',*,*,#5589,.T.);
#5589 = EDGE_CURVE('',#5582,#5590,#5592,.T.);
#5590 = VERTEX_POINT('',#5591);
#5591 = CARTESIAN_POINT('',(1.875,0.43,1.025));
#5592 = LINE('',#5593,#5594);
#5593 = CARTESIAN_POINT('',(1.875,2.2375,1.025));
#5594 = VECTOR('',#5595,1.);
#5595 = DIRECTION('',(1.110223024625E-16,-1.,0.));
#5596 = ORIENTED_EDGE('',*,*,#5597,.T.);
#5597 = EDGE_CURVE('',#5590,#5598,#5600,.T.);
#5598 = VERTEX_POINT('',#5599);
#5599 = CARTESIAN_POINT('',(1.875,-0.43,1.025));
#5600 = LINE('',#5601,#5602);
#5601 = CARTESIAN_POINT('',(1.875,2.2375,1.025));
#5602 = VECTOR('',#5603,1.);
#5603 = DIRECTION('',(1.110223024625E-16,-1.,0.));
#5604 = ORIENTED_EDGE('',*,*,#5605,.T.);
#5605 = EDGE_CURVE('',#5598,#5606,#5608,.T.);
#5606 = VERTEX_POINT('',#5607);
#5607 = CARTESIAN_POINT('',(1.875,-0.84,1.025));
#5608 = LINE('',#5609,#5610);
#5609 = CARTESIAN_POINT('',(1.875,2.2375,1.025));
#5610 = VECTOR('',#5611,1.);
#5611 = DIRECTION('',(1.110223024625E-16,-1.,0.));
#5612 = ORIENTED_EDGE('',*,*,#5613,.T.);
#5613 = EDGE_CURVE('',#5606,#5614,#5616,.T.);
#5614 = VERTEX_POINT('',#5615);
#5615 = CARTESIAN_POINT('',(1.875,-1.7,1.025));
#5616 = LINE('',#5617,#5618);
#5617 = CARTESIAN_POINT('',(1.875,2.2375,1.025));
#5618 = VECTOR('',#5619,1.);
#5619 = DIRECTION('',(1.110223024625E-16,-1.,0.));
#5620 = ORIENTED_EDGE('',*,*,#5621,.T.);
#5621 = EDGE_CURVE('',#5614,#5622,#5624,.T.);
#5622 = VERTEX_POINT('',#5623);
#5623 = CARTESIAN_POINT('',(1.875,-2.11,1.025));
#5624 = LINE('',#5625,#5626);
#5625 = CARTESIAN_POINT('',(1.875,2.2375,1.025));
#5626 = VECTOR('',#5627,1.);
#5627 = DIRECTION('',(1.110223024625E-16,-1.,0.));
#5628 = ORIENTED_EDGE('',*,*,#5629,.T.);
#5629 = EDGE_CURVE('',#5622,#5630,#5632,.T.);
#5630 = VERTEX_POINT('',#5631);
#5631 = CARTESIAN_POINT('',(1.875,-2.2375,1.025));
#5632 = LINE('',#5633,#5634);
#5633 = CARTESIAN_POINT('',(1.875,2.2375,1.025));
#5634 = VECTOR('',#5635,1.);
#5635 = DIRECTION('',(1.110223024625E-16,-1.,0.));
#5636 = ORIENTED_EDGE('',*,*,#5637,.T.);
#5637 = EDGE_CURVE('',#5630,#5638,#5640,.T.);
#5638 = VERTEX_POINT('',#5639);
#5639 = CARTESIAN_POINT('',(1.760171280765,-2.180085640382,1.75));
#5640 = B_SPLINE_CURVE_WITH_KNOTS('',1,(#5641,#5642),.UNSPECIFIED.,.F.,
  .F.,(2,2),(0.,1.),.PIECEWISE_BEZIER_KNOTS.);
#5641 = CARTESIAN_POINT('',(1.875,-2.2375,1.025));
#5642 = CARTESIAN_POINT('',(1.760171280765,-2.180085640382,1.75));
#5643 = ORIENTED_EDGE('',*,*,#5644,.F.);
#5644 = EDGE_CURVE('',#5551,#5638,#5645,.T.);
#5645 = LINE('',#5646,#5647);
#5646 = CARTESIAN_POINT('',(1.760171280765,2.180085640382,1.75));
#5647 = VECTOR('',#5648,1.);
#5648 = DIRECTION('',(1.110223024625E-16,-1.,0.));
#5649 = ORIENTED_EDGE('',*,*,#5550,.F.);
#5650 = B_SPLINE_SURFACE_WITH_KNOTS('',1,1,(
    (#5651,#5652)
    ,(#5653,#5654
    )),.UNSPECIFIED.,.F.,.F.,.F.,(2,2),(2,2),(0.,4.475),(0.,1.),
  .PIECEWISE_BEZIER_KNOTS.);
#5651 = CARTESIAN_POINT('',(1.875,2.2375,1.025));
#5652 = CARTESIAN_POINT('',(1.760171280765,2.180085640382,1.75));
#5653 = CARTESIAN_POINT('',(1.875,-2.2375,1.025));
#5654 = CARTESIAN_POINT('',(1.760171280765,-2.180085640382,1.75));
#5655 = ADVANCED_FACE('',(#5656),#5688,.F.);
#5656 = FACE_BOUND('',#5657,.F.);
#5657 = EDGE_LOOP('',(#5658,#5666,#5674,#5680,#5686,#5687));
#5658 = ORIENTED_EDGE('',*,*,#5659,.F.);
#5659 = EDGE_CURVE('',#5660,#4688,#5662,.T.);
#5660 = VERTEX_POINT('',#5661);
#5661 = CARTESIAN_POINT('',(2.25,2.11,1.025));
#5662 = LINE('',#5663,#5664);
#5663 = CARTESIAN_POINT('',(2.25,2.11,1.025));
#5664 = VECTOR('',#5665,1.);
#5665 = DIRECTION('',(-1.,-1.110223024625E-16,0.));
#5666 = ORIENTED_EDGE('',*,*,#5667,.T.);
#5667 = EDGE_CURVE('',#5660,#5668,#5670,.T.);
#5668 = VERTEX_POINT('',#5669);
#5669 = CARTESIAN_POINT('',(2.25,1.7,1.025));
#5670 = LINE('',#5671,#5672);
#5671 = CARTESIAN_POINT('',(2.25,2.11,1.025));
#5672 = VECTOR('',#5673,1.);
#5673 = DIRECTION('',(1.110223024625E-16,-1.,0.));
#5674 = ORIENTED_EDGE('',*,*,#5675,.T.);
#5675 = EDGE_CURVE('',#5668,#5094,#5676,.T.);
#5676 = LINE('',#5677,#5678);
#5677 = CARTESIAN_POINT('',(2.25,1.7,1.025));
#5678 = VECTOR('',#5679,1.);
#5679 = DIRECTION('',(-1.,-1.110223024625E-16,0.));
#5680 = ORIENTED_EDGE('',*,*,#5681,.T.);
#5681 = EDGE_CURVE('',#5094,#5574,#5682,.T.);
#5682 = LINE('',#5683,#5684);
#5683 = CARTESIAN_POINT('',(2.25,1.7,1.025));
#5684 = VECTOR('',#5685,1.);
#5685 = DIRECTION('',(-1.,-1.110223024625E-16,0.));
#5686 = ORIENTED_EDGE('',*,*,#5573,.F.);
#5687 = ORIENTED_EDGE('',*,*,#4695,.F.);
#5688 = PLANE('',#5689);
#5689 = AXIS2_PLACEMENT_3D('',#5690,#5691,#5692);
#5690 = CARTESIAN_POINT('',(2.25,2.11,1.025));
#5691 = DIRECTION('',(0.,0.,-1.));
#5692 = DIRECTION('',(-1.,-1.110223024625E-16,-0.));
#5693 = ADVANCED_FACE('',(#5694),#5737,.F.);
#5694 = FACE_BOUND('',#5695,.F.);
#5695 = EDGE_LOOP('',(#5696,#5697,#5703,#5704,#5712,#5720,#5726,#5727,
    #5733,#5734,#5735,#5736));
#5696 = ORIENTED_EDGE('',*,*,#4797,.T.);
#5697 = ORIENTED_EDGE('',*,*,#5698,.T.);
#5698 = EDGE_CURVE('',#4790,#5420,#5699,.T.);
#5699 = LINE('',#5700,#5701);
#5700 = CARTESIAN_POINT('',(-2.25,-2.11,1.025));
#5701 = VECTOR('',#5702,1.);
#5702 = DIRECTION('',(1.,-1.144237745222E-17,0.));
#5703 = ORIENTED_EDGE('',*,*,#5417,.F.);
#5704 = ORIENTED_EDGE('',*,*,#5705,.F.);
#5705 = EDGE_CURVE('',#5706,#5418,#5708,.T.);
#5706 = VERTEX_POINT('',#5707);
#5707 = CARTESIAN_POINT('',(-1.7375,-2.375,1.025));
#5708 = LINE('',#5709,#5710);
#5709 = CARTESIAN_POINT('',(-1.7375,-2.375,1.025));
#5710 = VECTOR('',#5711,1.);
#5711 = DIRECTION('',(-0.707106781187,0.707106781187,0.));
#5712 = ORIENTED_EDGE('',*,*,#5713,.F.);
#5713 = EDGE_CURVE('',#5714,#5706,#5716,.T.);
#5714 = VERTEX_POINT('',#5715);
#5715 = CARTESIAN_POINT('',(1.7375,-2.375,1.025));
#5716 = LINE('',#5717,#5718);
#5717 = CARTESIAN_POINT('',(1.7375,-2.375,1.025));
#5718 = VECTOR('',#5719,1.);
#5719 = DIRECTION('',(-1.,-1.110223024625E-16,0.));
#5720 = ORIENTED_EDGE('',*,*,#5721,.F.);
#5721 = EDGE_CURVE('',#5630,#5714,#5722,.T.);
#5722 = LINE('',#5723,#5724);
#5723 = CARTESIAN_POINT('',(1.875,-2.2375,1.025));
#5724 = VECTOR('',#5725,1.);
#5725 = DIRECTION('',(-0.707106781187,-0.707106781187,0.));
#5726 = ORIENTED_EDGE('',*,*,#5629,.F.);
#5727 = ORIENTED_EDGE('',*,*,#5728,.F.);
#5728 = EDGE_CURVE('',#5280,#5622,#5729,.T.);
#5729 = LINE('',#5730,#5731);
#5730 = CARTESIAN_POINT('',(2.25,-2.11,1.025));
#5731 = VECTOR('',#5732,1.);
#5732 = DIRECTION('',(-1.,-1.110223024625E-16,0.));
#5733 = ORIENTED_EDGE('',*,*,#5295,.T.);
#5734 = ORIENTED_EDGE('',*,*,#5340,.T.);
#5735 = ORIENTED_EDGE('',*,*,#5357,.T.);
#5736 = ORIENTED_EDGE('',*,*,#5311,.T.);
#5737 = PLANE('',#5738);
#5738 = AXIS2_PLACEMENT_3D('',#5739,#5740,#5741);
#5739 = CARTESIAN_POINT('',(-3.027078129022E-16,2.4125,1.025));
#5740 = DIRECTION('',(2.007919022429E-31,-7.713306628828E-27,-1.));
#5741 = DIRECTION('',(1.,1.112083013911E-16,2.00791902242E-31));
#5742 = ADVANCED_FACE('',(#5743),#5829,.F.);
#5743 = FACE_BOUND('',#5744,.F.);
#5744 = EDGE_LOOP('',(#5745,#5746,#5747,#5756,#5764,#5773,#5781,#5789,
    #5797,#5806,#5814,#5823));
#5745 = ORIENTED_EDGE('',*,*,#4789,.F.);
#5746 = ORIENTED_EDGE('',*,*,#4811,.T.);
#5747 = ORIENTED_EDGE('',*,*,#5748,.T.);
#5748 = EDGE_CURVE('',#4812,#5749,#5751,.T.);
#5749 = VERTEX_POINT('',#5750);
#5750 = CARTESIAN_POINT('',(-2.348480775301,-2.11,0.742364817767));
#5751 = CIRCLE('',#5752,0.1);
#5752 = AXIS2_PLACEMENT_3D('',#5753,#5754,#5755);
#5753 = CARTESIAN_POINT('',(-2.25,-2.11,0.725));
#5754 = DIRECTION('',(-1.144237745222E-17,-1.,3.284293275761E-47));
#5755 = DIRECTION('',(-4.440892098501E-15,5.081436361563E-32,1.));
#5756 = ORIENTED_EDGE('',*,*,#5757,.T.);
#5757 = EDGE_CURVE('',#5749,#5758,#5760,.T.);
#5758 = VERTEX_POINT('',#5759);
#5759 = CARTESIAN_POINT('',(-2.429496640897,-2.11,0.2479055467));
#5760 = LINE('',#5761,#5762);
#5761 = CARTESIAN_POINT('',(-2.348480775301,-2.11,0.742364817767));
#5762 = VECTOR('',#5763,1.);
#5763 = DIRECTION('',(-0.161691392282,1.85013394127E-18,-0.986841372087)
  );
#5764 = ORIENTED_EDGE('',*,*,#5765,.T.);
#5765 = EDGE_CURVE('',#5758,#5766,#5768,.T.);
#5766 = VERTEX_POINT('',#5767);
#5767 = CARTESIAN_POINT('',(-2.724938966801,-2.11,-1.665334536938E-16));
#5768 = CIRCLE('',#5769,0.3);
#5769 = AXIS2_PLACEMENT_3D('',#5770,#5771,#5772);
#5770 = CARTESIAN_POINT('',(-2.724938966801,-2.11,0.3));
#5771 = DIRECTION('',(1.144237745222E-17,1.,7.703719777549E-34));
#5772 = DIRECTION('',(0.984807753012,-1.126854202784E-17,-0.173648177667
    ));
#5773 = ORIENTED_EDGE('',*,*,#5774,.T.);
#5774 = EDGE_CURVE('',#5766,#5775,#5777,.T.);
#5775 = VERTEX_POINT('',#5776);
#5776 = CARTESIAN_POINT('',(-3.,-2.11,-1.665334536938E-16));
#5777 = LINE('',#5778,#5779);
#5778 = CARTESIAN_POINT('',(-2.724938966801,-2.11,-1.665334536938E-16));
#5779 = VECTOR('',#5780,1.);
#5780 = DIRECTION('',(-1.,1.144237745222E-17,0.));
#5781 = ORIENTED_EDGE('',*,*,#5782,.T.);
#5782 = EDGE_CURVE('',#5775,#5783,#5785,.T.);
#5783 = VERTEX_POINT('',#5784);
#5784 = CARTESIAN_POINT('',(-3.,-2.11,0.2));
#5785 = LINE('',#5786,#5787);
#5786 = CARTESIAN_POINT('',(-3.,-2.11,-1.665334536938E-16));
#5787 = VECTOR('',#5788,1.);
#5788 = DIRECTION('',(0.,0.,1.));
#5789 = ORIENTED_EDGE('',*,*,#5790,.T.);
#5790 = EDGE_CURVE('',#5783,#5791,#5793,.T.);
#5791 = VERTEX_POINT('',#5792);
#5792 = CARTESIAN_POINT('',(-2.724938966801,-2.11,0.2));
#5793 = LINE('',#5794,#5795);
#5794 = CARTESIAN_POINT('',(-3.,-2.11,0.2));
#5795 = VECTOR('',#5796,1.);
#5796 = DIRECTION('',(1.,-1.144237745222E-17,0.));
#5797 = ORIENTED_EDGE('',*,*,#5798,.T.);
#5798 = EDGE_CURVE('',#5791,#5799,#5801,.T.);
#5799 = VERTEX_POINT('',#5800);
#5800 = CARTESIAN_POINT('',(-2.6264581915,-2.11,0.282635182233));
#5801 = CIRCLE('',#5802,0.1);
#5802 = AXIS2_PLACEMENT_3D('',#5803,#5804,#5805);
#5803 = CARTESIAN_POINT('',(-2.724938966801,-2.11,0.3));
#5804 = DIRECTION('',(-1.144237745222E-17,-1.,-0.));
#5805 = DIRECTION('',(0.,0.,-1.));
#5806 = ORIENTED_EDGE('',*,*,#5807,.T.);
#5807 = EDGE_CURVE('',#5799,#5808,#5810,.T.);
#5808 = VERTEX_POINT('',#5809);
#5809 = CARTESIAN_POINT('',(-2.545442325904,-2.11,0.7770944533));
#5810 = LINE('',#5811,#5812);
#5811 = CARTESIAN_POINT('',(-2.6264581915,-2.11,0.282635182233));
#5812 = VECTOR('',#5813,1.);
#5813 = DIRECTION('',(0.161691392282,-1.85013394127E-18,0.986841372087)
  );
#5814 = ORIENTED_EDGE('',*,*,#5815,.T.);
#5815 = EDGE_CURVE('',#5808,#5816,#5818,.T.);
#5816 = VERTEX_POINT('',#5817);
#5817 = CARTESIAN_POINT('',(-2.25,-2.11,1.025));
#5818 = CIRCLE('',#5819,0.3);
#5819 = AXIS2_PLACEMENT_3D('',#5820,#5821,#5822);
#5820 = CARTESIAN_POINT('',(-2.25,-2.11,0.725));
#5821 = DIRECTION('',(1.144237745222E-17,1.,7.703719777549E-34));
#5822 = DIRECTION('',(-0.984807753012,1.126854202784E-17,0.173648177667)
  );
#5823 = ORIENTED_EDGE('',*,*,#5824,.T.);
#5824 = EDGE_CURVE('',#5816,#4790,#5825,.T.);
#5825 = LINE('',#5826,#5827);
#5826 = CARTESIAN_POINT('',(-2.25,-2.11,1.025));
#5827 = VECTOR('',#5828,1.);
#5828 = DIRECTION('',(1.,-1.144237745222E-17,0.));
#5829 = PLANE('',#5830);
#5830 = AXIS2_PLACEMENT_3D('',#5831,#5832,#5833);
#5831 = CARTESIAN_POINT('',(-2.42560961319,-2.11,0.548953137803));
#5832 = DIRECTION('',(1.144237745222E-17,1.,0.));
#5833 = DIRECTION('',(0.,-0.,1.));
#5834 = ADVANCED_FACE('',(#5835),#5854,.F.);
#5835 = FACE_BOUND('',#5836,.F.);
#5836 = EDGE_LOOP('',(#5837,#5838,#5847,#5853));
#5837 = ORIENTED_EDGE('',*,*,#4828,.T.);
#5838 = ORIENTED_EDGE('',*,*,#5839,.T.);
#5839 = EDGE_CURVE('',#4821,#5840,#5842,.T.);
#5840 = VERTEX_POINT('',#5841);
#5841 = CARTESIAN_POINT('',(-2.348480775301,-1.7,0.742364817767));
#5842 = CIRCLE('',#5843,0.1);
#5843 = AXIS2_PLACEMENT_3D('',#5844,#5845,#5846);
#5844 = CARTESIAN_POINT('',(-2.25,-1.7,0.725));
#5845 = DIRECTION('',(-1.144237745222E-17,-1.,3.284293275761E-47));
#5846 = DIRECTION('',(-4.440892098501E-15,5.081436361563E-32,1.));
#5847 = ORIENTED_EDGE('',*,*,#5848,.F.);
#5848 = EDGE_CURVE('',#5749,#5840,#5849,.T.);
#5849 = LINE('',#5850,#5851);
#5850 = CARTESIAN_POINT('',(-2.348480775301,-2.11,0.742364817767));
#5851 = VECTOR('',#5852,1.);
#5852 = DIRECTION('',(1.144237745222E-17,1.,0.));
#5853 = ORIENTED_EDGE('',*,*,#5748,.F.);
#5854 = CYLINDRICAL_SURFACE('',#5855,0.1);
#5855 = AXIS2_PLACEMENT_3D('',#5856,#5857,#5858);
#5856 = CARTESIAN_POINT('',(-2.25,-2.11,0.725));
#5857 = DIRECTION('',(-1.144237745222E-17,-1.,0.));
#5858 = DIRECTION('',(-4.440892098501E-15,5.081436361563E-32,1.));
#5859 = ADVANCED_FACE('',(#5860),#5938,.T.);
#5860 = FACE_BOUND('',#5861,.T.);
#5861 = EDGE_LOOP('',(#5862,#5863,#5864,#5865,#5873,#5882,#5890,#5898,
    #5906,#5915,#5923,#5932));
#5862 = ORIENTED_EDGE('',*,*,#4842,.F.);
#5863 = ORIENTED_EDGE('',*,*,#4820,.T.);
#5864 = ORIENTED_EDGE('',*,*,#5839,.T.);
#5865 = ORIENTED_EDGE('',*,*,#5866,.T.);
#5866 = EDGE_CURVE('',#5840,#5867,#5869,.T.);
#5867 = VERTEX_POINT('',#5868);
#5868 = CARTESIAN_POINT('',(-2.429496640897,-1.7,0.2479055467));
#5869 = LINE('',#5870,#5871);
#5870 = CARTESIAN_POINT('',(-2.348480775301,-1.7,0.742364817767));
#5871 = VECTOR('',#5872,1.);
#5872 = DIRECTION('',(-0.161691392282,1.85013394127E-18,-0.986841372087)
  );
#5873 = ORIENTED_EDGE('',*,*,#5874,.T.);
#5874 = EDGE_CURVE('',#5867,#5875,#5877,.T.);
#5875 = VERTEX_POINT('',#5876);
#5876 = CARTESIAN_POINT('',(-2.724938966801,-1.7,-1.665334536938E-16));
#5877 = CIRCLE('',#5878,0.3);
#5878 = AXIS2_PLACEMENT_3D('',#5879,#5880,#5881);
#5879 = CARTESIAN_POINT('',(-2.724938966801,-1.7,0.3));
#5880 = DIRECTION('',(1.144237745222E-17,1.,7.703719777549E-34));
#5881 = DIRECTION('',(0.984807753012,-1.126854202784E-17,-0.173648177667
    ));
#5882 = ORIENTED_EDGE('',*,*,#5883,.T.);
#5883 = EDGE_CURVE('',#5875,#5884,#5886,.T.);
#5884 = VERTEX_POINT('',#5885);
#5885 = CARTESIAN_POINT('',(-3.,-1.7,-1.665334536938E-16));
#5886 = LINE('',#5887,#5888);
#5887 = CARTESIAN_POINT('',(-2.724938966801,-1.7,-1.665334536938E-16));
#5888 = VECTOR('',#5889,1.);
#5889 = DIRECTION('',(-1.,1.144237745222E-17,0.));
#5890 = ORIENTED_EDGE('',*,*,#5891,.T.);
#5891 = EDGE_CURVE('',#5884,#5892,#5894,.T.);
#5892 = VERTEX_POINT('',#5893);
#5893 = CARTESIAN_POINT('',(-3.,-1.7,0.2));
#5894 = LINE('',#5895,#5896);
#5895 = CARTESIAN_POINT('',(-3.,-1.7,-1.665334536938E-16));
#5896 = VECTOR('',#5897,1.);
#5897 = DIRECTION('',(0.,0.,1.));
#5898 = ORIENTED_EDGE('',*,*,#5899,.T.);
#5899 = EDGE_CURVE('',#5892,#5900,#5902,.T.);
#5900 = VERTEX_POINT('',#5901);
#5901 = CARTESIAN_POINT('',(-2.724938966801,-1.7,0.2));
#5902 = LINE('',#5903,#5904);
#5903 = CARTESIAN_POINT('',(-3.,-1.7,0.2));
#5904 = VECTOR('',#5905,1.);
#5905 = DIRECTION('',(1.,-1.144237745222E-17,0.));
#5906 = ORIENTED_EDGE('',*,*,#5907,.T.);
#5907 = EDGE_CURVE('',#5900,#5908,#5910,.T.);
#5908 = VERTEX_POINT('',#5909);
#5909 = CARTESIAN_POINT('',(-2.6264581915,-1.7,0.282635182233));
#5910 = CIRCLE('',#5911,0.1);
#5911 = AXIS2_PLACEMENT_3D('',#5912,#5913,#5914);
#5912 = CARTESIAN_POINT('',(-2.724938966801,-1.7,0.3));
#5913 = DIRECTION('',(-1.144237745222E-17,-1.,-0.));
#5914 = DIRECTION('',(0.,0.,-1.));
#5915 = ORIENTED_EDGE('',*,*,#5916,.T.);
#5916 = EDGE_CURVE('',#5908,#5917,#5919,.T.);
#5917 = VERTEX_POINT('',#5918);
#5918 = CARTESIAN_POINT('',(-2.545442325904,-1.7,0.7770944533));
#5919 = LINE('',#5920,#5921);
#5920 = CARTESIAN_POINT('',(-2.6264581915,-1.7,0.282635182233));
#5921 = VECTOR('',#5922,1.);
#5922 = DIRECTION('',(0.161691392282,-1.85013394127E-18,0.986841372087)
  );
#5923 = ORIENTED_EDGE('',*,*,#5924,.T.);
#5924 = EDGE_CURVE('',#5917,#5925,#5927,.T.);
#5925 = VERTEX_POINT('',#5926);
#5926 = CARTESIAN_POINT('',(-2.25,-1.7,1.025));
#5927 = CIRCLE('',#5928,0.3);
#5928 = AXIS2_PLACEMENT_3D('',#5929,#5930,#5931);
#5929 = CARTESIAN_POINT('',(-2.25,-1.7,0.725));
#5930 = DIRECTION('',(1.144237745222E-17,1.,7.703719777549E-34));
#5931 = DIRECTION('',(-0.984807753012,1.126854202784E-17,0.173648177667)
  );
#5932 = ORIENTED_EDGE('',*,*,#5933,.T.);
#5933 = EDGE_CURVE('',#5925,#4843,#5934,.T.);
#5934 = LINE('',#5935,#5936);
#5935 = CARTESIAN_POINT('',(-2.25,-1.7,1.025));
#5936 = VECTOR('',#5937,1.);
#5937 = DIRECTION('',(1.,-1.144237745222E-17,0.));
#5938 = PLANE('',#5939);
#5939 = AXIS2_PLACEMENT_3D('',#5940,#5941,#5942);
#5940 = CARTESIAN_POINT('',(-2.42560961319,-1.7,0.548953137803));
#5941 = DIRECTION('',(1.144237745222E-17,1.,0.));
#5942 = DIRECTION('',(0.,-0.,1.));
#5943 = ADVANCED_FACE('',(#5944),#5960,.F.);
#5944 = FACE_BOUND('',#5945,.F.);
#5945 = EDGE_LOOP('',(#5946,#5947,#5953,#5954));
#5946 = ORIENTED_EDGE('',*,*,#4859,.T.);
#5947 = ORIENTED_EDGE('',*,*,#5948,.T.);
#5948 = EDGE_CURVE('',#4852,#5436,#5949,.T.);
#5949 = LINE('',#5950,#5951);
#5950 = CARTESIAN_POINT('',(-2.25,-0.84,1.025));
#5951 = VECTOR('',#5952,1.);
#5952 = DIRECTION('',(1.,-1.144237745222E-17,0.));
#5953 = ORIENTED_EDGE('',*,*,#5435,.F.);
#5954 = ORIENTED_EDGE('',*,*,#5955,.F.);
#5955 = EDGE_CURVE('',#4843,#5428,#5956,.T.);
#5956 = LINE('',#5957,#5958);
#5957 = CARTESIAN_POINT('',(-2.25,-1.7,1.025));
#5958 = VECTOR('',#5959,1.);
#5959 = DIRECTION('',(1.,-1.144237745222E-17,0.));
#5960 = PLANE('',#5961);
#5961 = AXIS2_PLACEMENT_3D('',#5962,#5963,#5964);
#5962 = CARTESIAN_POINT('',(-3.027078129022E-16,2.4125,1.025));
#5963 = DIRECTION('',(2.007919022429E-31,-7.713306628828E-27,-1.));
#5964 = DIRECTION('',(1.,1.112083013911E-16,2.00791902242E-31));
#5965 = ADVANCED_FACE('',(#5966),#6052,.F.);
#5966 = FACE_BOUND('',#5967,.F.);
#5967 = EDGE_LOOP('',(#5968,#5969,#5970,#5979,#5987,#5996,#6004,#6012,
    #6020,#6029,#6037,#6046));
#5968 = ORIENTED_EDGE('',*,*,#4851,.F.);
#5969 = ORIENTED_EDGE('',*,*,#4873,.T.);
#5970 = ORIENTED_EDGE('',*,*,#5971,.T.);
#5971 = EDGE_CURVE('',#4874,#5972,#5974,.T.);
#5972 = VERTEX_POINT('',#5973);
#5973 = CARTESIAN_POINT('',(-2.348480775301,-0.84,0.742364817767));
#5974 = CIRCLE('',#5975,0.1);
#5975 = AXIS2_PLACEMENT_3D('',#5976,#5977,#5978);
#5976 = CARTESIAN_POINT('',(-2.25,-0.84,0.725));
#5977 = DIRECTION('',(-1.144237745222E-17,-1.,3.284293275761E-47));
#5978 = DIRECTION('',(-4.440892098501E-15,5.081436361563E-32,1.));
#5979 = ORIENTED_EDGE('',*,*,#5980,.T.);
#5980 = EDGE_CURVE('',#5972,#5981,#5983,.T.);
#5981 = VERTEX_POINT('',#5982);
#5982 = CARTESIAN_POINT('',(-2.429496640897,-0.84,0.2479055467));
#5983 = LINE('',#5984,#5985);
#5984 = CARTESIAN_POINT('',(-2.348480775301,-0.84,0.742364817767));
#5985 = VECTOR('',#5986,1.);
#5986 = DIRECTION('',(-0.161691392282,1.85013394127E-18,-0.986841372087)
  );
#5987 = ORIENTED_EDGE('',*,*,#5988,.T.);
#5988 = EDGE_CURVE('',#5981,#5989,#5991,.T.);
#5989 = VERTEX_POINT('',#5990);
#5990 = CARTESIAN_POINT('',(-2.724938966801,-0.84,-1.665334536938E-16));
#5991 = CIRCLE('',#5992,0.3);
#5992 = AXIS2_PLACEMENT_3D('',#5993,#5994,#5995);
#5993 = CARTESIAN_POINT('',(-2.724938966801,-0.84,0.3));
#5994 = DIRECTION('',(1.144237745222E-17,1.,7.703719777549E-34));
#5995 = DIRECTION('',(0.984807753012,-1.126854202784E-17,-0.173648177667
    ));
#5996 = ORIENTED_EDGE('',*,*,#5997,.T.);
#5997 = EDGE_CURVE('',#5989,#5998,#6000,.T.);
#5998 = VERTEX_POINT('',#5999);
#5999 = CARTESIAN_POINT('',(-3.,-0.84,-1.665334536938E-16));
#6000 = LINE('',#6001,#6002);
#6001 = CARTESIAN_POINT('',(-2.724938966801,-0.84,-1.665334536938E-16));
#6002 = VECTOR('',#6003,1.);
#6003 = DIRECTION('',(-1.,1.144237745222E-17,0.));
#6004 = ORIENTED_EDGE('',*,*,#6005,.T.);
#6005 = EDGE_CURVE('',#5998,#6006,#6008,.T.);
#6006 = VERTEX_POINT('',#6007);
#6007 = CARTESIAN_POINT('',(-3.,-0.84,0.2));
#6008 = LINE('',#6009,#6010);
#6009 = CARTESIAN_POINT('',(-3.,-0.84,-1.665334536938E-16));
#6010 = VECTOR('',#6011,1.);
#6011 = DIRECTION('',(0.,0.,1.));
#6012 = ORIENTED_EDGE('',*,*,#6013,.T.);
#6013 = EDGE_CURVE('',#6006,#6014,#6016,.T.);
#6014 = VERTEX_POINT('',#6015);
#6015 = CARTESIAN_POINT('',(-2.724938966801,-0.84,0.2));
#6016 = LINE('',#6017,#6018);
#6017 = CARTESIAN_POINT('',(-3.,-0.84,0.2));
#6018 = VECTOR('',#6019,1.);
#6019 = DIRECTION('',(1.,-1.144237745222E-17,0.));
#6020 = ORIENTED_EDGE('',*,*,#6021,.T.);
#6021 = EDGE_CURVE('',#6014,#6022,#6024,.T.);
#6022 = VERTEX_POINT('',#6023);
#6023 = CARTESIAN_POINT('',(-2.6264581915,-0.84,0.282635182233));
#6024 = CIRCLE('',#6025,0.1);
#6025 = AXIS2_PLACEMENT_3D('',#6026,#6027,#6028);
#6026 = CARTESIAN_POINT('',(-2.724938966801,-0.84,0.3));
#6027 = DIRECTION('',(-1.144237745222E-17,-1.,-0.));
#6028 = DIRECTION('',(0.,0.,-1.));
#6029 = ORIENTED_EDGE('',*,*,#6030,.T.);
#6030 = EDGE_CURVE('',#6022,#6031,#6033,.T.);
#6031 = VERTEX_POINT('',#6032);
#6032 = CARTESIAN_POINT('',(-2.545442325904,-0.84,0.7770944533));
#6033 = LINE('',#6034,#6035);
#6034 = CARTESIAN_POINT('',(-2.6264581915,-0.84,0.282635182233));
#6035 = VECTOR('',#6036,1.);
#6036 = DIRECTION('',(0.161691392282,-1.85013394127E-18,0.986841372087)
  );
#6037 = ORIENTED_EDGE('',*,*,#6038,.T.);
#6038 = EDGE_CURVE('',#6031,#6039,#6041,.T.);
#6039 = VERTEX_POINT('',#6040);
#6040 = CARTESIAN_POINT('',(-2.25,-0.84,1.025));
#6041 = CIRCLE('',#6042,0.3);
#6042 = AXIS2_PLACEMENT_3D('',#6043,#6044,#6045);
#6043 = CARTESIAN_POINT('',(-2.25,-0.84,0.725));
#6044 = DIRECTION('',(1.144237745222E-17,1.,7.703719777549E-34));
#6045 = DIRECTION('',(-0.984807753012,1.126854202784E-17,0.173648177667)
  );
#6046 = ORIENTED_EDGE('',*,*,#6047,.T.);
#6047 = EDGE_CURVE('',#6039,#4852,#6048,.T.);
#6048 = LINE('',#6049,#6050);
#6049 = CARTESIAN_POINT('',(-2.25,-0.84,1.025));
#6050 = VECTOR('',#6051,1.);
#6051 = DIRECTION('',(1.,-1.144237745222E-17,0.));
#6052 = PLANE('',#6053);
#6053 = AXIS2_PLACEMENT_3D('',#6054,#6055,#6056);
#6054 = CARTESIAN_POINT('',(-2.42560961319,-0.84,0.548953137803));
#6055 = DIRECTION('',(1.144237745222E-17,1.,0.));
#6056 = DIRECTION('',(0.,-0.,1.));
#6057 = ADVANCED_FACE('',(#6058),#6077,.F.);
#6058 = FACE_BOUND('',#6059,.F.);
#6059 = EDGE_LOOP('',(#6060,#6061,#6070,#6076));
#6060 = ORIENTED_EDGE('',*,*,#4890,.T.);
#6061 = ORIENTED_EDGE('',*,*,#6062,.T.);
#6062 = EDGE_CURVE('',#4883,#6063,#6065,.T.);
#6063 = VERTEX_POINT('',#6064);
#6064 = CARTESIAN_POINT('',(-2.348480775301,-0.43,0.742364817767));
#6065 = CIRCLE('',#6066,0.1);
#6066 = AXIS2_PLACEMENT_3D('',#6067,#6068,#6069);
#6067 = CARTESIAN_POINT('',(-2.25,-0.43,0.725));
#6068 = DIRECTION('',(-1.144237745222E-17,-1.,3.284293275761E-47));
#6069 = DIRECTION('',(-4.440892098501E-15,5.081436361563E-32,1.));
#6070 = ORIENTED_EDGE('',*,*,#6071,.F.);
#6071 = EDGE_CURVE('',#5972,#6063,#6072,.T.);
#6072 = LINE('',#6073,#6074);
#6073 = CARTESIAN_POINT('',(-2.348480775301,-0.84,0.742364817767));
#6074 = VECTOR('',#6075,1.);
#6075 = DIRECTION('',(1.144237745222E-17,1.,0.));
#6076 = ORIENTED_EDGE('',*,*,#5971,.F.);
#6077 = CYLINDRICAL_SURFACE('',#6078,0.1);
#6078 = AXIS2_PLACEMENT_3D('',#6079,#6080,#6081);
#6079 = CARTESIAN_POINT('',(-2.25,-0.84,0.725));
#6080 = DIRECTION('',(-1.144237745222E-17,-1.,0.));
#6081 = DIRECTION('',(-4.440892098501E-15,5.081436361563E-32,1.));
#6082 = ADVANCED_FACE('',(#6083),#6161,.T.);
#6083 = FACE_BOUND('',#6084,.T.);
#6084 = EDGE_LOOP('',(#6085,#6086,#6087,#6088,#6096,#6105,#6113,#6121,
    #6129,#6138,#6146,#6155));
#6085 = ORIENTED_EDGE('',*,*,#4904,.F.);
#6086 = ORIENTED_EDGE('',*,*,#4882,.T.);
#6087 = ORIENTED_EDGE('',*,*,#6062,.T.);
#6088 = ORIENTED_EDGE('',*,*,#6089,.T.);
#6089 = EDGE_CURVE('',#6063,#6090,#6092,.T.);
#6090 = VERTEX_POINT('',#6091);
#6091 = CARTESIAN_POINT('',(-2.429496640897,-0.43,0.2479055467));
#6092 = LINE('',#6093,#6094);
#6093 = CARTESIAN_POINT('',(-2.348480775301,-0.43,0.742364817767));
#6094 = VECTOR('',#6095,1.);
#6095 = DIRECTION('',(-0.161691392282,1.85013394127E-18,-0.986841372087)
  );
#6096 = ORIENTED_EDGE('',*,*,#6097,.T.);
#6097 = EDGE_CURVE('',#6090,#6098,#6100,.T.);
#6098 = VERTEX_POINT('',#6099);
#6099 = CARTESIAN_POINT('',(-2.724938966801,-0.43,-1.665334536938E-16));
#6100 = CIRCLE('',#6101,0.3);
#6101 = AXIS2_PLACEMENT_3D('',#6102,#6103,#6104);
#6102 = CARTESIAN_POINT('',(-2.724938966801,-0.43,0.3));
#6103 = DIRECTION('',(1.144237745222E-17,1.,7.703719777549E-34));
#6104 = DIRECTION('',(0.984807753012,-1.126854202784E-17,-0.173648177667
    ));
#6105 = ORIENTED_EDGE('',*,*,#6106,.T.);
#6106 = EDGE_CURVE('',#6098,#6107,#6109,.T.);
#6107 = VERTEX_POINT('',#6108);
#6108 = CARTESIAN_POINT('',(-3.,-0.43,-1.665334536938E-16));
#6109 = LINE('',#6110,#6111);
#6110 = CARTESIAN_POINT('',(-2.724938966801,-0.43,-1.665334536938E-16));
#6111 = VECTOR('',#6112,1.);
#6112 = DIRECTION('',(-1.,1.144237745222E-17,0.));
#6113 = ORIENTED_EDGE('',*,*,#6114,.T.);
#6114 = EDGE_CURVE('',#6107,#6115,#6117,.T.);
#6115 = VERTEX_POINT('',#6116);
#6116 = CARTESIAN_POINT('',(-3.,-0.43,0.2));
#6117 = LINE('',#6118,#6119);
#6118 = CARTESIAN_POINT('',(-3.,-0.43,-1.665334536938E-16));
#6119 = VECTOR('',#6120,1.);
#6120 = DIRECTION('',(0.,0.,1.));
#6121 = ORIENTED_EDGE('',*,*,#6122,.T.);
#6122 = EDGE_CURVE('',#6115,#6123,#6125,.T.);
#6123 = VERTEX_POINT('',#6124);
#6124 = CARTESIAN_POINT('',(-2.724938966801,-0.43,0.2));
#6125 = LINE('',#6126,#6127);
#6126 = CARTESIAN_POINT('',(-3.,-0.43,0.2));
#6127 = VECTOR('',#6128,1.);
#6128 = DIRECTION('',(1.,-1.144237745222E-17,0.));
#6129 = ORIENTED_EDGE('',*,*,#6130,.T.);
#6130 = EDGE_CURVE('',#6123,#6131,#6133,.T.);
#6131 = VERTEX_POINT('',#6132);
#6132 = CARTESIAN_POINT('',(-2.6264581915,-0.43,0.282635182233));
#6133 = CIRCLE('',#6134,0.1);
#6134 = AXIS2_PLACEMENT_3D('',#6135,#6136,#6137);
#6135 = CARTESIAN_POINT('',(-2.724938966801,-0.43,0.3));
#6136 = DIRECTION('',(-1.144237745222E-17,-1.,-0.));
#6137 = DIRECTION('',(0.,0.,-1.));
#6138 = ORIENTED_EDGE('',*,*,#6139,.T.);
#6139 = EDGE_CURVE('',#6131,#6140,#6142,.T.);
#6140 = VERTEX_POINT('',#6141);
#6141 = CARTESIAN_POINT('',(-2.545442325904,-0.43,0.7770944533));
#6142 = LINE('',#6143,#6144);
#6143 = CARTESIAN_POINT('',(-2.6264581915,-0.43,0.282635182233));
#6144 = VECTOR('',#6145,1.);
#6145 = DIRECTION('',(0.161691392282,-1.85013394127E-18,0.986841372087)
  );
#6146 = ORIENTED_EDGE('',*,*,#6147,.T.);
#6147 = EDGE_CURVE('',#6140,#6148,#6150,.T.);
#6148 = VERTEX_POINT('',#6149);
#6149 = CARTESIAN_POINT('',(-2.25,-0.43,1.025));
#6150 = CIRCLE('',#6151,0.3);
#6151 = AXIS2_PLACEMENT_3D('',#6152,#6153,#6154);
#6152 = CARTESIAN_POINT('',(-2.25,-0.43,0.725));
#6153 = DIRECTION('',(1.144237745222E-17,1.,7.703719777549E-34));
#6154 = DIRECTION('',(-0.984807753012,1.126854202784E-17,0.173648177667)
  );
#6155 = ORIENTED_EDGE('',*,*,#6156,.T.);
#6156 = EDGE_CURVE('',#6148,#4905,#6157,.T.);
#6157 = LINE('',#6158,#6159);
#6158 = CARTESIAN_POINT('',(-2.25,-0.43,1.025));
#6159 = VECTOR('',#6160,1.);
#6160 = DIRECTION('',(1.,-1.144237745222E-17,0.));
#6161 = PLANE('',#6162);
#6162 = AXIS2_PLACEMENT_3D('',#6163,#6164,#6165);
#6163 = CARTESIAN_POINT('',(-2.42560961319,-0.43,0.548953137803));
#6164 = DIRECTION('',(1.144237745222E-17,1.,0.));
#6165 = DIRECTION('',(0.,-0.,1.));
#6166 = ADVANCED_FACE('',(#6167),#6183,.F.);
#6167 = FACE_BOUND('',#6168,.F.);
#6168 = EDGE_LOOP('',(#6169,#6170,#6176,#6177));
#6169 = ORIENTED_EDGE('',*,*,#4921,.T.);
#6170 = ORIENTED_EDGE('',*,*,#6171,.T.);
#6171 = EDGE_CURVE('',#4914,#5452,#6172,.T.);
#6172 = LINE('',#6173,#6174);
#6173 = CARTESIAN_POINT('',(-2.25,0.43,1.025));
#6174 = VECTOR('',#6175,1.);
#6175 = DIRECTION('',(1.,-1.144237745222E-17,0.));
#6176 = ORIENTED_EDGE('',*,*,#5451,.F.);
#6177 = ORIENTED_EDGE('',*,*,#6178,.F.);
#6178 = EDGE_CURVE('',#4905,#5444,#6179,.T.);
#6179 = LINE('',#6180,#6181);
#6180 = CARTESIAN_POINT('',(-2.25,-0.43,1.025));
#6181 = VECTOR('',#6182,1.);
#6182 = DIRECTION('',(1.,-1.144237745222E-17,0.));
#6183 = PLANE('',#6184);
#6184 = AXIS2_PLACEMENT_3D('',#6185,#6186,#6187);
#6185 = CARTESIAN_POINT('',(-3.027078129022E-16,2.4125,1.025));
#6186 = DIRECTION('',(2.007919022429E-31,-7.713306628828E-27,-1.));
#6187 = DIRECTION('',(1.,1.112083013911E-16,2.00791902242E-31));
#6188 = ADVANCED_FACE('',(#6189),#6275,.F.);
#6189 = FACE_BOUND('',#6190,.F.);
#6190 = EDGE_LOOP('',(#6191,#6192,#6193,#6202,#6210,#6219,#6227,#6235,
    #6243,#6252,#6260,#6269));
#6191 = ORIENTED_EDGE('',*,*,#4913,.F.);
#6192 = ORIENTED_EDGE('',*,*,#4935,.T.);
#6193 = ORIENTED_EDGE('',*,*,#6194,.T.);
#6194 = EDGE_CURVE('',#4936,#6195,#6197,.T.);
#6195 = VERTEX_POINT('',#6196);
#6196 = CARTESIAN_POINT('',(-2.348480775301,0.43,0.742364817767));
#6197 = CIRCLE('',#6198,0.1);
#6198 = AXIS2_PLACEMENT_3D('',#6199,#6200,#6201);
#6199 = CARTESIAN_POINT('',(-2.25,0.43,0.725));
#6200 = DIRECTION('',(-1.144237745222E-17,-1.,3.284293275761E-47));
#6201 = DIRECTION('',(-4.440892098501E-15,5.081436361563E-32,1.));
#6202 = ORIENTED_EDGE('',*,*,#6203,.T.);
#6203 = EDGE_CURVE('',#6195,#6204,#6206,.T.);
#6204 = VERTEX_POINT('',#6205);
#6205 = CARTESIAN_POINT('',(-2.429496640897,0.43,0.2479055467));
#6206 = LINE('',#6207,#6208);
#6207 = CARTESIAN_POINT('',(-2.348480775301,0.43,0.742364817767));
#6208 = VECTOR('',#6209,1.);
#6209 = DIRECTION('',(-0.161691392282,1.85013394127E-18,-0.986841372087)
  );
#6210 = ORIENTED_EDGE('',*,*,#6211,.T.);
#6211 = EDGE_CURVE('',#6204,#6212,#6214,.T.);
#6212 = VERTEX_POINT('',#6213);
#6213 = CARTESIAN_POINT('',(-2.724938966801,0.43,-1.665334536938E-16));
#6214 = CIRCLE('',#6215,0.3);
#6215 = AXIS2_PLACEMENT_3D('',#6216,#6217,#6218);
#6216 = CARTESIAN_POINT('',(-2.724938966801,0.43,0.3));
#6217 = DIRECTION('',(1.144237745222E-17,1.,7.703719777549E-34));
#6218 = DIRECTION('',(0.984807753012,-1.126854202784E-17,-0.173648177667
    ));
#6219 = ORIENTED_EDGE('',*,*,#6220,.T.);
#6220 = EDGE_CURVE('',#6212,#6221,#6223,.T.);
#6221 = VERTEX_POINT('',#6222);
#6222 = CARTESIAN_POINT('',(-3.,0.43,-1.665334536938E-16));
#6223 = LINE('',#6224,#6225);
#6224 = CARTESIAN_POINT('',(-2.724938966801,0.43,-1.665334536938E-16));
#6225 = VECTOR('',#6226,1.);
#6226 = DIRECTION('',(-1.,1.144237745222E-17,0.));
#6227 = ORIENTED_EDGE('',*,*,#6228,.T.);
#6228 = EDGE_CURVE('',#6221,#6229,#6231,.T.);
#6229 = VERTEX_POINT('',#6230);
#6230 = CARTESIAN_POINT('',(-3.,0.43,0.2));
#6231 = LINE('',#6232,#6233);
#6232 = CARTESIAN_POINT('',(-3.,0.43,-1.665334536938E-16));
#6233 = VECTOR('',#6234,1.);
#6234 = DIRECTION('',(0.,0.,1.));
#6235 = ORIENTED_EDGE('',*,*,#6236,.T.);
#6236 = EDGE_CURVE('',#6229,#6237,#6239,.T.);
#6237 = VERTEX_POINT('',#6238);
#6238 = CARTESIAN_POINT('',(-2.724938966801,0.43,0.2));
#6239 = LINE('',#6240,#6241);
#6240 = CARTESIAN_POINT('',(-3.,0.43,0.2));
#6241 = VECTOR('',#6242,1.);
#6242 = DIRECTION('',(1.,-1.144237745222E-17,0.));
#6243 = ORIENTED_EDGE('',*,*,#6244,.T.);
#6244 = EDGE_CURVE('',#6237,#6245,#6247,.T.);
#6245 = VERTEX_POINT('',#6246);
#6246 = CARTESIAN_POINT('',(-2.6264581915,0.43,0.282635182233));
#6247 = CIRCLE('',#6248,0.1);
#6248 = AXIS2_PLACEMENT_3D('',#6249,#6250,#6251);
#6249 = CARTESIAN_POINT('',(-2.724938966801,0.43,0.3));
#6250 = DIRECTION('',(-1.144237745222E-17,-1.,-0.));
#6251 = DIRECTION('',(0.,0.,-1.));
#6252 = ORIENTED_EDGE('',*,*,#6253,.T.);
#6253 = EDGE_CURVE('',#6245,#6254,#6256,.T.);
#6254 = VERTEX_POINT('',#6255);
#6255 = CARTESIAN_POINT('',(-2.545442325904,0.43,0.7770944533));
#6256 = LINE('',#6257,#6258);
#6257 = CARTESIAN_POINT('',(-2.6264581915,0.43,0.282635182233));
#6258 = VECTOR('',#6259,1.);
#6259 = DIRECTION('',(0.161691392282,-1.85013394127E-18,0.986841372087)
  );
#6260 = ORIENTED_EDGE('',*,*,#6261,.T.);
#6261 = EDGE_CURVE('',#6254,#6262,#6264,.T.);
#6262 = VERTEX_POINT('',#6263);
#6263 = CARTESIAN_POINT('',(-2.25,0.43,1.025));
#6264 = CIRCLE('',#6265,0.3);
#6265 = AXIS2_PLACEMENT_3D('',#6266,#6267,#6268);
#6266 = CARTESIAN_POINT('',(-2.25,0.43,0.725));
#6267 = DIRECTION('',(1.144237745222E-17,1.,7.703719777549E-34));
#6268 = DIRECTION('',(-0.984807753012,1.126854202784E-17,0.173648177667)
  );
#6269 = ORIENTED_EDGE('',*,*,#6270,.T.);
#6270 = EDGE_CURVE('',#6262,#4914,#6271,.T.);
#6271 = LINE('',#6272,#6273);
#6272 = CARTESIAN_POINT('',(-2.25,0.43,1.025));
#6273 = VECTOR('',#6274,1.);
#6274 = DIRECTION('',(1.,-1.144237745222E-17,0.));
#6275 = PLANE('',#6276);
#6276 = AXIS2_PLACEMENT_3D('',#6277,#6278,#6279);
#6277 = CARTESIAN_POINT('',(-2.42560961319,0.43,0.548953137803));
#6278 = DIRECTION('',(1.144237745222E-17,1.,0.));
#6279 = DIRECTION('',(0.,-0.,1.));
#6280 = ADVANCED_FACE('',(#6281),#6300,.F.);
#6281 = FACE_BOUND('',#6282,.F.);
#6282 = EDGE_LOOP('',(#6283,#6284,#6293,#6299));
#6283 = ORIENTED_EDGE('',*,*,#4952,.T.);
#6284 = ORIENTED_EDGE('',*,*,#6285,.T.);
#6285 = EDGE_CURVE('',#4945,#6286,#6288,.T.);
#6286 = VERTEX_POINT('',#6287);
#6287 = CARTESIAN_POINT('',(-2.348480775301,0.84,0.742364817767));
#6288 = CIRCLE('',#6289,0.1);
#6289 = AXIS2_PLACEMENT_3D('',#6290,#6291,#6292);
#6290 = CARTESIAN_POINT('',(-2.25,0.84,0.725));
#6291 = DIRECTION('',(-1.144237745222E-17,-1.,3.284293275761E-47));
#6292 = DIRECTION('',(-4.440892098501E-15,5.081436361563E-32,1.));
#6293 = ORIENTED_EDGE('',*,*,#6294,.F.);
#6294 = EDGE_CURVE('',#6195,#6286,#6295,.T.);
#6295 = LINE('',#6296,#6297);
#6296 = CARTESIAN_POINT('',(-2.348480775301,0.43,0.742364817767));
#6297 = VECTOR('',#6298,1.);
#6298 = DIRECTION('',(1.144237745222E-17,1.,0.));
#6299 = ORIENTED_EDGE('',*,*,#6194,.F.);
#6300 = CYLINDRICAL_SURFACE('',#6301,0.1);
#6301 = AXIS2_PLACEMENT_3D('',#6302,#6303,#6304);
#6302 = CARTESIAN_POINT('',(-2.25,0.43,0.725));
#6303 = DIRECTION('',(-1.144237745222E-17,-1.,0.));
#6304 = DIRECTION('',(-4.440892098501E-15,5.081436361563E-32,1.));
#6305 = ADVANCED_FACE('',(#6306),#6384,.T.);
#6306 = FACE_BOUND('',#6307,.T.);
#6307 = EDGE_LOOP('',(#6308,#6309,#6310,#6311,#6319,#6328,#6336,#6344,
    #6352,#6361,#6369,#6378));
#6308 = ORIENTED_EDGE('',*,*,#4966,.F.);
#6309 = ORIENTED_EDGE('',*,*,#4944,.T.);
#6310 = ORIENTED_EDGE('',*,*,#6285,.T.);
#6311 = ORIENTED_EDGE('',*,*,#6312,.T.);
#6312 = EDGE_CURVE('',#6286,#6313,#6315,.T.);
#6313 = VERTEX_POINT('',#6314);
#6314 = CARTESIAN_POINT('',(-2.429496640897,0.84,0.2479055467));
#6315 = LINE('',#6316,#6317);
#6316 = CARTESIAN_POINT('',(-2.348480775301,0.84,0.742364817767));
#6317 = VECTOR('',#6318,1.);
#6318 = DIRECTION('',(-0.161691392282,1.85013394127E-18,-0.986841372087)
  );
#6319 = ORIENTED_EDGE('',*,*,#6320,.T.);
#6320 = EDGE_CURVE('',#6313,#6321,#6323,.T.);
#6321 = VERTEX_POINT('',#6322);
#6322 = CARTESIAN_POINT('',(-2.724938966801,0.84,-1.665334536938E-16));
#6323 = CIRCLE('',#6324,0.3);
#6324 = AXIS2_PLACEMENT_3D('',#6325,#6326,#6327);
#6325 = CARTESIAN_POINT('',(-2.724938966801,0.84,0.3));
#6326 = DIRECTION('',(1.144237745222E-17,1.,7.703719777549E-34));
#6327 = DIRECTION('',(0.984807753012,-1.126854202784E-17,-0.173648177667
    ));
#6328 = ORIENTED_EDGE('',*,*,#6329,.T.);
#6329 = EDGE_CURVE('',#6321,#6330,#6332,.T.);
#6330 = VERTEX_POINT('',#6331);
#6331 = CARTESIAN_POINT('',(-3.,0.84,-1.665334536938E-16));
#6332 = LINE('',#6333,#6334);
#6333 = CARTESIAN_POINT('',(-2.724938966801,0.84,-1.665334536938E-16));
#6334 = VECTOR('',#6335,1.);
#6335 = DIRECTION('',(-1.,1.144237745222E-17,0.));
#6336 = ORIENTED_EDGE('',*,*,#6337,.T.);
#6337 = EDGE_CURVE('',#6330,#6338,#6340,.T.);
#6338 = VERTEX_POINT('',#6339);
#6339 = CARTESIAN_POINT('',(-3.,0.84,0.2));
#6340 = LINE('',#6341,#6342);
#6341 = CARTESIAN_POINT('',(-3.,0.84,-1.665334536938E-16));
#6342 = VECTOR('',#6343,1.);
#6343 = DIRECTION('',(0.,0.,1.));
#6344 = ORIENTED_EDGE('',*,*,#6345,.T.);
#6345 = EDGE_CURVE('',#6338,#6346,#6348,.T.);
#6346 = VERTEX_POINT('',#6347);
#6347 = CARTESIAN_POINT('',(-2.724938966801,0.84,0.2));
#6348 = LINE('',#6349,#6350);
#6349 = CARTESIAN_POINT('',(-3.,0.84,0.2));
#6350 = VECTOR('',#6351,1.);
#6351 = DIRECTION('',(1.,-1.144237745222E-17,0.));
#6352 = ORIENTED_EDGE('',*,*,#6353,.T.);
#6353 = EDGE_CURVE('',#6346,#6354,#6356,.T.);
#6354 = VERTEX_POINT('',#6355);
#6355 = CARTESIAN_POINT('',(-2.6264581915,0.84,0.282635182233));
#6356 = CIRCLE('',#6357,0.1);
#6357 = AXIS2_PLACEMENT_3D('',#6358,#6359,#6360);
#6358 = CARTESIAN_POINT('',(-2.724938966801,0.84,0.3));
#6359 = DIRECTION('',(-1.144237745222E-17,-1.,-0.));
#6360 = DIRECTION('',(0.,0.,-1.));
#6361 = ORIENTED_EDGE('',*,*,#6362,.T.);
#6362 = EDGE_CURVE('',#6354,#6363,#6365,.T.);
#6363 = VERTEX_POINT('',#6364);
#6364 = CARTESIAN_POINT('',(-2.545442325904,0.84,0.7770944533));
#6365 = LINE('',#6366,#6367);
#6366 = CARTESIAN_POINT('',(-2.6264581915,0.84,0.282635182233));
#6367 = VECTOR('',#6368,1.);
#6368 = DIRECTION('',(0.161691392282,-1.85013394127E-18,0.986841372087)
  );
#6369 = ORIENTED_EDGE('',*,*,#6370,.T.);
#6370 = EDGE_CURVE('',#6363,#6371,#6373,.T.);
#6371 = VERTEX_POINT('',#6372);
#6372 = CARTESIAN_POINT('',(-2.25,0.84,1.025));
#6373 = CIRCLE('',#6374,0.3);
#6374 = AXIS2_PLACEMENT_3D('',#6375,#6376,#6377);
#6375 = CARTESIAN_POINT('',(-2.25,0.84,0.725));
#6376 = DIRECTION('',(1.144237745222E-17,1.,7.703719777549E-34));
#6377 = DIRECTION('',(-0.984807753012,1.126854202784E-17,0.173648177667)
  );
#6378 = ORIENTED_EDGE('',*,*,#6379,.T.);
#6379 = EDGE_CURVE('',#6371,#4967,#6380,.T.);
#6380 = LINE('',#6381,#6382);
#6381 = CARTESIAN_POINT('',(-2.25,0.84,1.025));
#6382 = VECTOR('',#6383,1.);
#6383 = DIRECTION('',(1.,-1.144237745222E-17,0.));
#6384 = PLANE('',#6385);
#6385 = AXIS2_PLACEMENT_3D('',#6386,#6387,#6388);
#6386 = CARTESIAN_POINT('',(-2.42560961319,0.84,0.548953137803));
#6387 = DIRECTION('',(1.144237745222E-17,1.,0.));
#6388 = DIRECTION('',(0.,-0.,1.));
#6389 = ADVANCED_FACE('',(#6390),#6401,.F.);
#6390 = FACE_BOUND('',#6391,.F.);
#6391 = EDGE_LOOP('',(#6392,#6393,#6394,#6395));
#6392 = ORIENTED_EDGE('',*,*,#4983,.T.);
#6393 = ORIENTED_EDGE('',*,*,#5403,.T.);
#6394 = ORIENTED_EDGE('',*,*,#5467,.F.);
#6395 = ORIENTED_EDGE('',*,*,#6396,.F.);
#6396 = EDGE_CURVE('',#4967,#5460,#6397,.T.);
#6397 = LINE('',#6398,#6399);
#6398 = CARTESIAN_POINT('',(-2.25,0.84,1.025));
#6399 = VECTOR('',#6400,1.);
#6400 = DIRECTION('',(1.,-1.144237745222E-17,0.));
#6401 = PLANE('',#6402);
#6402 = AXIS2_PLACEMENT_3D('',#6403,#6404,#6405);
#6403 = CARTESIAN_POINT('',(-3.027078129022E-16,2.4125,1.025));
#6404 = DIRECTION('',(2.007919022429E-31,-7.713306628828E-27,-1.));
#6405 = DIRECTION('',(1.,1.112083013911E-16,2.00791902242E-31));
#6406 = ADVANCED_FACE('',(#6407),#6486,.F.);
#6407 = FACE_BOUND('',#6408,.F.);
#6408 = EDGE_LOOP('',(#6409,#6410,#6411,#6420,#6428,#6437,#6445,#6453,
    #6461,#6470,#6478,#6485));
#6409 = ORIENTED_EDGE('',*,*,#4975,.F.);
#6410 = ORIENTED_EDGE('',*,*,#4997,.T.);
#6411 = ORIENTED_EDGE('',*,*,#6412,.T.);
#6412 = EDGE_CURVE('',#4998,#6413,#6415,.T.);
#6413 = VERTEX_POINT('',#6414);
#6414 = CARTESIAN_POINT('',(-2.348480775301,1.7,0.742364817767));
#6415 = CIRCLE('',#6416,0.1);
#6416 = AXIS2_PLACEMENT_3D('',#6417,#6418,#6419);
#6417 = CARTESIAN_POINT('',(-2.25,1.7,0.725));
#6418 = DIRECTION('',(-1.144237745222E-17,-1.,3.284293275761E-47));
#6419 = DIRECTION('',(-4.440892098501E-15,5.081436361563E-32,1.));
#6420 = ORIENTED_EDGE('',*,*,#6421,.T.);
#6421 = EDGE_CURVE('',#6413,#6422,#6424,.T.);
#6422 = VERTEX_POINT('',#6423);
#6423 = CARTESIAN_POINT('',(-2.429496640897,1.7,0.2479055467));
#6424 = LINE('',#6425,#6426);
#6425 = CARTESIAN_POINT('',(-2.348480775301,1.7,0.742364817767));
#6426 = VECTOR('',#6427,1.);
#6427 = DIRECTION('',(-0.161691392282,1.85013394127E-18,-0.986841372087)
  );
#6428 = ORIENTED_EDGE('',*,*,#6429,.T.);
#6429 = EDGE_CURVE('',#6422,#6430,#6432,.T.);
#6430 = VERTEX_POINT('',#6431);
#6431 = CARTESIAN_POINT('',(-2.724938966801,1.7,-1.665334536938E-16));
#6432 = CIRCLE('',#6433,0.3);
#6433 = AXIS2_PLACEMENT_3D('',#6434,#6435,#6436);
#6434 = CARTESIAN_POINT('',(-2.724938966801,1.7,0.3));
#6435 = DIRECTION('',(1.144237745222E-17,1.,7.703719777549E-34));
#6436 = DIRECTION('',(0.984807753012,-1.126854202784E-17,-0.173648177667
    ));
#6437 = ORIENTED_EDGE('',*,*,#6438,.T.);
#6438 = EDGE_CURVE('',#6430,#6439,#6441,.T.);
#6439 = VERTEX_POINT('',#6440);
#6440 = CARTESIAN_POINT('',(-3.,1.7,-1.665334536938E-16));
#6441 = LINE('',#6442,#6443);
#6442 = CARTESIAN_POINT('',(-2.724938966801,1.7,-1.665334536938E-16));
#6443 = VECTOR('',#6444,1.);
#6444 = DIRECTION('',(-1.,1.144237745222E-17,0.));
#6445 = ORIENTED_EDGE('',*,*,#6446,.T.);
#6446 = EDGE_CURVE('',#6439,#6447,#6449,.T.);
#6447 = VERTEX_POINT('',#6448);
#6448 = CARTESIAN_POINT('',(-3.,1.7,0.2));
#6449 = LINE('',#6450,#6451);
#6450 = CARTESIAN_POINT('',(-3.,1.7,-1.665334536938E-16));
#6451 = VECTOR('',#6452,1.);
#6452 = DIRECTION('',(0.,0.,1.));
#6453 = ORIENTED_EDGE('',*,*,#6454,.T.);
#6454 = EDGE_CURVE('',#6447,#6455,#6457,.T.);
#6455 = VERTEX_POINT('',#6456);
#6456 = CARTESIAN_POINT('',(-2.724938966801,1.7,0.2));
#6457 = LINE('',#6458,#6459);
#6458 = CARTESIAN_POINT('',(-3.,1.7,0.2));
#6459 = VECTOR('',#6460,1.);
#6460 = DIRECTION('',(1.,-1.144237745222E-17,0.));
#6461 = ORIENTED_EDGE('',*,*,#6462,.T.);
#6462 = EDGE_CURVE('',#6455,#6463,#6465,.T.);
#6463 = VERTEX_POINT('',#6464);
#6464 = CARTESIAN_POINT('',(-2.6264581915,1.7,0.282635182233));
#6465 = CIRCLE('',#6466,0.1);
#6466 = AXIS2_PLACEMENT_3D('',#6467,#6468,#6469);
#6467 = CARTESIAN_POINT('',(-2.724938966801,1.7,0.3));
#6468 = DIRECTION('',(-1.144237745222E-17,-1.,-0.));
#6469 = DIRECTION('',(0.,0.,-1.));
#6470 = ORIENTED_EDGE('',*,*,#6471,.T.);
#6471 = EDGE_CURVE('',#6463,#6472,#6474,.T.);
#6472 = VERTEX_POINT('',#6473);
#6473 = CARTESIAN_POINT('',(-2.545442325904,1.7,0.7770944533));
#6474 = LINE('',#6475,#6476);
#6475 = CARTESIAN_POINT('',(-2.6264581915,1.7,0.282635182233));
#6476 = VECTOR('',#6477,1.);
#6477 = DIRECTION('',(0.161691392282,-1.85013394127E-18,0.986841372087)
  );
#6478 = ORIENTED_EDGE('',*,*,#6479,.T.);
#6479 = EDGE_CURVE('',#6472,#5373,#6480,.T.);
#6480 = CIRCLE('',#6481,0.3);
#6481 = AXIS2_PLACEMENT_3D('',#6482,#6483,#6484);
#6482 = CARTESIAN_POINT('',(-2.25,1.7,0.725));
#6483 = DIRECTION('',(1.144237745222E-17,1.,7.703719777549E-34));
#6484 = DIRECTION('',(-0.984807753012,1.126854202784E-17,0.173648177667)
  );
#6485 = ORIENTED_EDGE('',*,*,#5372,.T.);
#6486 = PLANE('',#6487);
#6487 = AXIS2_PLACEMENT_3D('',#6488,#6489,#6490);
#6488 = CARTESIAN_POINT('',(-2.42560961319,1.7,0.548953137803));
#6489 = DIRECTION('',(1.144237745222E-17,1.,0.));
#6490 = DIRECTION('',(0.,-0.,1.));
#6491 = ADVANCED_FACE('',(#6492),#6511,.F.);
#6492 = FACE_BOUND('',#6493,.F.);
#6493 = EDGE_LOOP('',(#6494,#6495,#6504,#6510));
#6494 = ORIENTED_EDGE('',*,*,#5014,.T.);
#6495 = ORIENTED_EDGE('',*,*,#6496,.T.);
#6496 = EDGE_CURVE('',#5007,#6497,#6499,.T.);
#6497 = VERTEX_POINT('',#6498);
#6498 = CARTESIAN_POINT('',(-2.348480775301,2.11,0.742364817767));
#6499 = CIRCLE('',#6500,0.1);
#6500 = AXIS2_PLACEMENT_3D('',#6501,#6502,#6503);
#6501 = CARTESIAN_POINT('',(-2.25,2.11,0.725));
#6502 = DIRECTION('',(-1.144237745222E-17,-1.,3.284293275761E-47));
#6503 = DIRECTION('',(-4.440892098501E-15,5.081436361563E-32,1.));
#6504 = ORIENTED_EDGE('',*,*,#6505,.F.);
#6505 = EDGE_CURVE('',#6413,#6497,#6506,.T.);
#6506 = LINE('',#6507,#6508);
#6507 = CARTESIAN_POINT('',(-2.348480775301,1.7,0.742364817767));
#6508 = VECTOR('',#6509,1.);
#6509 = DIRECTION('',(1.144237745222E-17,1.,0.));
#6510 = ORIENTED_EDGE('',*,*,#6412,.F.);
#6511 = CYLINDRICAL_SURFACE('',#6512,0.1);
#6512 = AXIS2_PLACEMENT_3D('',#6513,#6514,#6515);
#6513 = CARTESIAN_POINT('',(-2.25,1.7,0.725));
#6514 = DIRECTION('',(-1.144237745222E-17,-1.,0.));
#6515 = DIRECTION('',(-4.440892098501E-15,5.081436361563E-32,1.));
#6516 = ADVANCED_FACE('',(#6517),#6588,.T.);
#6517 = FACE_BOUND('',#6518,.T.);
#6518 = EDGE_LOOP('',(#6519,#6520,#6521,#6522,#6530,#6539,#6547,#6555,
    #6563,#6572,#6580,#6587));
#6519 = ORIENTED_EDGE('',*,*,#5028,.F.);
#6520 = ORIENTED_EDGE('',*,*,#5006,.T.);
#6521 = ORIENTED_EDGE('',*,*,#6496,.T.);
#6522 = ORIENTED_EDGE('',*,*,#6523,.T.);
#6523 = EDGE_CURVE('',#6497,#6524,#6526,.T.);
#6524 = VERTEX_POINT('',#6525);
#6525 = CARTESIAN_POINT('',(-2.429496640897,2.11,0.2479055467));
#6526 = LINE('',#6527,#6528);
#6527 = CARTESIAN_POINT('',(-2.348480775301,2.11,0.742364817767));
#6528 = VECTOR('',#6529,1.);
#6529 = DIRECTION('',(-0.161691392282,1.85013394127E-18,-0.986841372087)
  );
#6530 = ORIENTED_EDGE('',*,*,#6531,.T.);
#6531 = EDGE_CURVE('',#6524,#6532,#6534,.T.);
#6532 = VERTEX_POINT('',#6533);
#6533 = CARTESIAN_POINT('',(-2.724938966801,2.11,-1.665334536938E-16));
#6534 = CIRCLE('',#6535,0.3);
#6535 = AXIS2_PLACEMENT_3D('',#6536,#6537,#6538);
#6536 = CARTESIAN_POINT('',(-2.724938966801,2.11,0.3));
#6537 = DIRECTION('',(1.144237745222E-17,1.,7.703719777549E-34));
#6538 = DIRECTION('',(0.984807753012,-1.126854202784E-17,-0.173648177667
    ));
#6539 = ORIENTED_EDGE('',*,*,#6540,.T.);
#6540 = EDGE_CURVE('',#6532,#6541,#6543,.T.);
#6541 = VERTEX_POINT('',#6542);
#6542 = CARTESIAN_POINT('',(-3.,2.11,-1.665334536938E-16));
#6543 = LINE('',#6544,#6545);
#6544 = CARTESIAN_POINT('',(-2.724938966801,2.11,-1.665334536938E-16));
#6545 = VECTOR('',#6546,1.);
#6546 = DIRECTION('',(-1.,1.144237745222E-17,0.));
#6547 = ORIENTED_EDGE('',*,*,#6548,.T.);
#6548 = EDGE_CURVE('',#6541,#6549,#6551,.T.);
#6549 = VERTEX_POINT('',#6550);
#6550 = CARTESIAN_POINT('',(-3.,2.11,0.2));
#6551 = LINE('',#6552,#6553);
#6552 = CARTESIAN_POINT('',(-3.,2.11,-1.665334536938E-16));
#6553 = VECTOR('',#6554,1.);
#6554 = DIRECTION('',(0.,0.,1.));
#6555 = ORIENTED_EDGE('',*,*,#6556,.T.);
#6556 = EDGE_CURVE('',#6549,#6557,#6559,.T.);
#6557 = VERTEX_POINT('',#6558);
#6558 = CARTESIAN_POINT('',(-2.724938966801,2.11,0.2));
#6559 = LINE('',#6560,#6561);
#6560 = CARTESIAN_POINT('',(-3.,2.11,0.2));
#6561 = VECTOR('',#6562,1.);
#6562 = DIRECTION('',(1.,-1.144237745222E-17,0.));
#6563 = ORIENTED_EDGE('',*,*,#6564,.T.);
#6564 = EDGE_CURVE('',#6557,#6565,#6567,.T.);
#6565 = VERTEX_POINT('',#6566);
#6566 = CARTESIAN_POINT('',(-2.6264581915,2.11,0.282635182233));
#6567 = CIRCLE('',#6568,0.1);
#6568 = AXIS2_PLACEMENT_3D('',#6569,#6570,#6571);
#6569 = CARTESIAN_POINT('',(-2.724938966801,2.11,0.3));
#6570 = DIRECTION('',(-1.144237745222E-17,-1.,-0.));
#6571 = DIRECTION('',(0.,0.,-1.));
#6572 = ORIENTED_EDGE('',*,*,#6573,.T.);
#6573 = EDGE_CURVE('',#6565,#6574,#6576,.T.);
#6574 = VERTEX_POINT('',#6575);
#6575 = CARTESIAN_POINT('',(-2.545442325904,2.11,0.7770944533));
#6576 = LINE('',#6577,#6578);
#6577 = CARTESIAN_POINT('',(-2.6264581915,2.11,0.282635182233));
#6578 = VECTOR('',#6579,1.);
#6579 = DIRECTION('',(0.161691392282,-1.85013394127E-18,0.986841372087)
  );
#6580 = ORIENTED_EDGE('',*,*,#6581,.T.);
#6581 = EDGE_CURVE('',#6574,#5381,#6582,.T.);
#6582 = CIRCLE('',#6583,0.3);
#6583 = AXIS2_PLACEMENT_3D('',#6584,#6585,#6586);
#6584 = CARTESIAN_POINT('',(-2.25,2.11,0.725));
#6585 = DIRECTION('',(1.144237745222E-17,1.,7.703719777549E-34));
#6586 = DIRECTION('',(-0.984807753012,1.126854202784E-17,0.173648177667)
  );
#6587 = ORIENTED_EDGE('',*,*,#5388,.T.);
#6588 = PLANE('',#6589);
#6589 = AXIS2_PLACEMENT_3D('',#6590,#6591,#6592);
#6590 = CARTESIAN_POINT('',(-2.42560961319,2.11,0.548953137803));
#6591 = DIRECTION('',(1.144237745222E-17,1.,0.));
#6592 = DIRECTION('',(0.,-0.,1.));
#6593 = ADVANCED_FACE('',(#6594),#6673,.F.);
#6594 = FACE_BOUND('',#6595,.F.);
#6595 = EDGE_LOOP('',(#6596,#6597,#6598,#6607,#6615,#6624,#6632,#6640,
    #6648,#6657,#6665,#6672));
#6596 = ORIENTED_EDGE('',*,*,#5047,.F.);
#6597 = ORIENTED_EDGE('',*,*,#5062,.T.);
#6598 = ORIENTED_EDGE('',*,*,#6599,.T.);
#6599 = EDGE_CURVE('',#5063,#6600,#6602,.T.);
#6600 = VERTEX_POINT('',#6601);
#6601 = CARTESIAN_POINT('',(2.348480775301,2.11,0.742364817767));
#6602 = CIRCLE('',#6603,0.1);
#6603 = AXIS2_PLACEMENT_3D('',#6604,#6605,#6606);
#6604 = CARTESIAN_POINT('',(2.25,2.11,0.725));
#6605 = DIRECTION('',(-1.110223024625E-16,1.,0.));
#6606 = DIRECTION('',(4.440892098501E-15,4.930380657631E-31,1.));
#6607 = ORIENTED_EDGE('',*,*,#6608,.T.);
#6608 = EDGE_CURVE('',#6600,#6609,#6611,.T.);
#6609 = VERTEX_POINT('',#6610);
#6610 = CARTESIAN_POINT('',(2.429496640897,2.11,0.2479055467));
#6611 = LINE('',#6612,#6613);
#6612 = CARTESIAN_POINT('',(2.348480775301,2.11,0.742364817767));
#6613 = VECTOR('',#6614,1.);
#6614 = DIRECTION('',(0.161691392282,1.795135065956E-17,-0.986841372087)
  );
#6615 = ORIENTED_EDGE('',*,*,#6616,.T.);
#6616 = EDGE_CURVE('',#6609,#6617,#6619,.T.);
#6617 = VERTEX_POINT('',#6618);
#6618 = CARTESIAN_POINT('',(2.724938966801,2.11,-1.665334536938E-16));
#6619 = CIRCLE('',#6620,0.3);
#6620 = AXIS2_PLACEMENT_3D('',#6621,#6622,#6623);
#6621 = CARTESIAN_POINT('',(2.724938966801,2.11,0.3));
#6622 = DIRECTION('',(1.110223024625E-16,-1.,0.));
#6623 = DIRECTION('',(-0.984807753012,-1.093356242223E-16,
    -0.173648177667));
#6624 = ORIENTED_EDGE('',*,*,#6625,.T.);
#6625 = EDGE_CURVE('',#6617,#6626,#6628,.T.);
#6626 = VERTEX_POINT('',#6627);
#6627 = CARTESIAN_POINT('',(3.,2.11,-1.665334536938E-16));
#6628 = LINE('',#6629,#6630);
#6629 = CARTESIAN_POINT('',(2.724938966801,2.11,-1.665334536938E-16));
#6630 = VECTOR('',#6631,1.);
#6631 = DIRECTION('',(1.,1.110223024625E-16,0.));
#6632 = ORIENTED_EDGE('',*,*,#6633,.T.);
#6633 = EDGE_CURVE('',#6626,#6634,#6636,.T.);
#6634 = VERTEX_POINT('',#6635);
#6635 = CARTESIAN_POINT('',(3.,2.11,0.2));
#6636 = LINE('',#6637,#6638);
#6637 = CARTESIAN_POINT('',(3.,2.11,-1.665334536938E-16));
#6638 = VECTOR('',#6639,1.);
#6639 = DIRECTION('',(0.,0.,1.));
#6640 = ORIENTED_EDGE('',*,*,#6641,.T.);
#6641 = EDGE_CURVE('',#6634,#6642,#6644,.T.);
#6642 = VERTEX_POINT('',#6643);
#6643 = CARTESIAN_POINT('',(2.724938966801,2.11,0.2));
#6644 = LINE('',#6645,#6646);
#6645 = CARTESIAN_POINT('',(3.,2.11,0.2));
#6646 = VECTOR('',#6647,1.);
#6647 = DIRECTION('',(-1.,-1.110223024625E-16,0.));
#6648 = ORIENTED_EDGE('',*,*,#6649,.T.);
#6649 = EDGE_CURVE('',#6642,#6650,#6652,.T.);
#6650 = VERTEX_POINT('',#6651);
#6651 = CARTESIAN_POINT('',(2.6264581915,2.11,0.282635182233));
#6652 = CIRCLE('',#6653,0.1);
#6653 = AXIS2_PLACEMENT_3D('',#6654,#6655,#6656);
#6654 = CARTESIAN_POINT('',(2.724938966801,2.11,0.3));
#6655 = DIRECTION('',(-1.110223024625E-16,1.,0.));
#6656 = DIRECTION('',(0.,0.,-1.));
#6657 = ORIENTED_EDGE('',*,*,#6658,.T.);
#6658 = EDGE_CURVE('',#6650,#6659,#6661,.T.);
#6659 = VERTEX_POINT('',#6660);
#6660 = CARTESIAN_POINT('',(2.545442325904,2.11,0.7770944533));
#6661 = LINE('',#6662,#6663);
#6662 = CARTESIAN_POINT('',(2.6264581915,2.11,0.282635182233));
#6663 = VECTOR('',#6664,1.);
#6664 = DIRECTION('',(-0.161691392282,-1.795135065956E-17,0.986841372087
    ));
#6665 = ORIENTED_EDGE('',*,*,#6666,.T.);
#6666 = EDGE_CURVE('',#6659,#5660,#6667,.T.);
#6667 = CIRCLE('',#6668,0.3);
#6668 = AXIS2_PLACEMENT_3D('',#6669,#6670,#6671);
#6669 = CARTESIAN_POINT('',(2.25,2.11,0.725));
#6670 = DIRECTION('',(1.110223024625E-16,-1.,0.));
#6671 = DIRECTION('',(0.984807753012,1.093356242223E-16,0.173648177667)
  );
#6672 = ORIENTED_EDGE('',*,*,#5659,.T.);
#6673 = PLANE('',#6674);
#6674 = AXIS2_PLACEMENT_3D('',#6675,#6676,#6677);
#6675 = CARTESIAN_POINT('',(2.42560961319,2.11,0.548953137803));
#6676 = DIRECTION('',(1.110223024625E-16,-1.,0.));
#6677 = DIRECTION('',(0.,0.,1.));
#6678 = ADVANCED_FACE('',(#6679),#6698,.F.);
#6679 = FACE_BOUND('',#6680,.F.);
#6680 = EDGE_LOOP('',(#6681,#6682,#6691,#6697));
#6681 = ORIENTED_EDGE('',*,*,#5079,.T.);
#6682 = ORIENTED_EDGE('',*,*,#6683,.T.);
#6683 = EDGE_CURVE('',#5072,#6684,#6686,.T.);
#6684 = VERTEX_POINT('',#6685);
#6685 = CARTESIAN_POINT('',(2.348480775301,1.7,0.742364817767));
#6686 = CIRCLE('',#6687,0.1);
#6687 = AXIS2_PLACEMENT_3D('',#6688,#6689,#6690);
#6688 = CARTESIAN_POINT('',(2.25,1.7,0.725));
#6689 = DIRECTION('',(-1.110223024625E-16,1.,0.));
#6690 = DIRECTION('',(4.440892098501E-15,4.930380657631E-31,1.));
#6691 = ORIENTED_EDGE('',*,*,#6692,.F.);
#6692 = EDGE_CURVE('',#6600,#6684,#6693,.T.);
#6693 = LINE('',#6694,#6695);
#6694 = CARTESIAN_POINT('',(2.348480775301,2.11,0.742364817767));
#6695 = VECTOR('',#6696,1.);
#6696 = DIRECTION('',(1.110223024625E-16,-1.,0.));
#6697 = ORIENTED_EDGE('',*,*,#6599,.F.);
#6698 = CYLINDRICAL_SURFACE('',#6699,0.1);
#6699 = AXIS2_PLACEMENT_3D('',#6700,#6701,#6702);
#6700 = CARTESIAN_POINT('',(2.25,2.11,0.725));
#6701 = DIRECTION('',(-1.110223024625E-16,1.,0.));
#6702 = DIRECTION('',(4.440892098501E-15,4.930380657631E-31,1.));
#6703 = ADVANCED_FACE('',(#6704),#6775,.T.);
#6704 = FACE_BOUND('',#6705,.T.);
#6705 = EDGE_LOOP('',(#6706,#6707,#6708,#6709,#6717,#6726,#6734,#6742,
    #6750,#6759,#6767,#6774));
#6706 = ORIENTED_EDGE('',*,*,#5093,.F.);
#6707 = ORIENTED_EDGE('',*,*,#5071,.T.);
#6708 = ORIENTED_EDGE('',*,*,#6683,.T.);
#6709 = ORIENTED_EDGE('',*,*,#6710,.T.);
#6710 = EDGE_CURVE('',#6684,#6711,#6713,.T.);
#6711 = VERTEX_POINT('',#6712);
#6712 = CARTESIAN_POINT('',(2.429496640897,1.7,0.2479055467));
#6713 = LINE('',#6714,#6715);
#6714 = CARTESIAN_POINT('',(2.348480775301,1.7,0.742364817767));
#6715 = VECTOR('',#6716,1.);
#6716 = DIRECTION('',(0.161691392282,1.795135065956E-17,-0.986841372087)
  );
#6717 = ORIENTED_EDGE('',*,*,#6718,.T.);
#6718 = EDGE_CURVE('',#6711,#6719,#6721,.T.);
#6719 = VERTEX_POINT('',#6720);
#6720 = CARTESIAN_POINT('',(2.724938966801,1.7,-1.665334536938E-16));
#6721 = CIRCLE('',#6722,0.3);
#6722 = AXIS2_PLACEMENT_3D('',#6723,#6724,#6725);
#6723 = CARTESIAN_POINT('',(2.724938966801,1.7,0.3));
#6724 = DIRECTION('',(1.110223024625E-16,-1.,0.));
#6725 = DIRECTION('',(-0.984807753012,-1.093356242223E-16,
    -0.173648177667));
#6726 = ORIENTED_EDGE('',*,*,#6727,.T.);
#6727 = EDGE_CURVE('',#6719,#6728,#6730,.T.);
#6728 = VERTEX_POINT('',#6729);
#6729 = CARTESIAN_POINT('',(3.,1.7,-1.665334536938E-16));
#6730 = LINE('',#6731,#6732);
#6731 = CARTESIAN_POINT('',(2.724938966801,1.7,-1.665334536938E-16));
#6732 = VECTOR('',#6733,1.);
#6733 = DIRECTION('',(1.,1.110223024625E-16,0.));
#6734 = ORIENTED_EDGE('',*,*,#6735,.T.);
#6735 = EDGE_CURVE('',#6728,#6736,#6738,.T.);
#6736 = VERTEX_POINT('',#6737);
#6737 = CARTESIAN_POINT('',(3.,1.7,0.2));
#6738 = LINE('',#6739,#6740);
#6739 = CARTESIAN_POINT('',(3.,1.7,-1.665334536938E-16));
#6740 = VECTOR('',#6741,1.);
#6741 = DIRECTION('',(0.,0.,1.));
#6742 = ORIENTED_EDGE('',*,*,#6743,.T.);
#6743 = EDGE_CURVE('',#6736,#6744,#6746,.T.);
#6744 = VERTEX_POINT('',#6745);
#6745 = CARTESIAN_POINT('',(2.724938966801,1.7,0.2));
#6746 = LINE('',#6747,#6748);
#6747 = CARTESIAN_POINT('',(3.,1.7,0.2));
#6748 = VECTOR('',#6749,1.);
#6749 = DIRECTION('',(-1.,-1.110223024625E-16,0.));
#6750 = ORIENTED_EDGE('',*,*,#6751,.T.);
#6751 = EDGE_CURVE('',#6744,#6752,#6754,.T.);
#6752 = VERTEX_POINT('',#6753);
#6753 = CARTESIAN_POINT('',(2.6264581915,1.7,0.282635182233));
#6754 = CIRCLE('',#6755,0.1);
#6755 = AXIS2_PLACEMENT_3D('',#6756,#6757,#6758);
#6756 = CARTESIAN_POINT('',(2.724938966801,1.7,0.3));
#6757 = DIRECTION('',(-1.110223024625E-16,1.,0.));
#6758 = DIRECTION('',(0.,0.,-1.));
#6759 = ORIENTED_EDGE('',*,*,#6760,.T.);
#6760 = EDGE_CURVE('',#6752,#6761,#6763,.T.);
#6761 = VERTEX_POINT('',#6762);
#6762 = CARTESIAN_POINT('',(2.545442325904,1.7,0.7770944533));
#6763 = LINE('',#6764,#6765);
#6764 = CARTESIAN_POINT('',(2.6264581915,1.7,0.282635182233));
#6765 = VECTOR('',#6766,1.);
#6766 = DIRECTION('',(-0.161691392282,-1.795135065956E-17,0.986841372087
    ));
#6767 = ORIENTED_EDGE('',*,*,#6768,.T.);
#6768 = EDGE_CURVE('',#6761,#5668,#6769,.T.);
#6769 = CIRCLE('',#6770,0.3);
#6770 = AXIS2_PLACEMENT_3D('',#6771,#6772,#6773);
#6771 = CARTESIAN_POINT('',(2.25,1.7,0.725));
#6772 = DIRECTION('',(1.110223024625E-16,-1.,0.));
#6773 = DIRECTION('',(0.984807753012,1.093356242223E-16,0.173648177667)
  );
#6774 = ORIENTED_EDGE('',*,*,#5675,.T.);
#6775 = PLANE('',#6776);
#6776 = AXIS2_PLACEMENT_3D('',#6777,#6778,#6779);
#6777 = CARTESIAN_POINT('',(2.42560961319,1.7,0.548953137803));
#6778 = DIRECTION('',(1.110223024625E-16,-1.,0.));
#6779 = DIRECTION('',(0.,0.,1.));
#6780 = ADVANCED_FACE('',(#6781),#6792,.F.);
#6781 = FACE_BOUND('',#6782,.F.);
#6782 = EDGE_LOOP('',(#6783,#6784,#6785,#6791));
#6783 = ORIENTED_EDGE('',*,*,#5681,.F.);
#6784 = ORIENTED_EDGE('',*,*,#5110,.T.);
#6785 = ORIENTED_EDGE('',*,*,#6786,.T.);
#6786 = EDGE_CURVE('',#5103,#5582,#6787,.T.);
#6787 = LINE('',#6788,#6789);
#6788 = CARTESIAN_POINT('',(2.25,0.84,1.025));
#6789 = VECTOR('',#6790,1.);
#6790 = DIRECTION('',(-1.,-1.110223024625E-16,0.));
#6791 = ORIENTED_EDGE('',*,*,#5581,.F.);
#6792 = PLANE('',#6793);
#6793 = AXIS2_PLACEMENT_3D('',#6794,#6795,#6796);
#6794 = CARTESIAN_POINT('',(-3.027078129022E-16,2.4125,1.025));
#6795 = DIRECTION('',(2.007919022429E-31,-7.713306628828E-27,-1.));
#6796 = DIRECTION('',(1.,1.112083013911E-16,2.00791902242E-31));
#6797 = ADVANCED_FACE('',(#6798),#6884,.F.);
#6798 = FACE_BOUND('',#6799,.F.);
#6799 = EDGE_LOOP('',(#6800,#6801,#6802,#6811,#6819,#6828,#6836,#6844,
    #6852,#6861,#6869,#6878));
#6800 = ORIENTED_EDGE('',*,*,#5102,.F.);
#6801 = ORIENTED_EDGE('',*,*,#5124,.T.);
#6802 = ORIENTED_EDGE('',*,*,#6803,.T.);
#6803 = EDGE_CURVE('',#5125,#6804,#6806,.T.);
#6804 = VERTEX_POINT('',#6805);
#6805 = CARTESIAN_POINT('',(2.348480775301,0.84,0.742364817767));
#6806 = CIRCLE('',#6807,0.1);
#6807 = AXIS2_PLACEMENT_3D('',#6808,#6809,#6810);
#6808 = CARTESIAN_POINT('',(2.25,0.84,0.725));
#6809 = DIRECTION('',(-1.110223024625E-16,1.,0.));
#6810 = DIRECTION('',(4.440892098501E-15,4.930380657631E-31,1.));
#6811 = ORIENTED_EDGE('',*,*,#6812,.T.);
#6812 = EDGE_CURVE('',#6804,#6813,#6815,.T.);
#6813 = VERTEX_POINT('',#6814);
#6814 = CARTESIAN_POINT('',(2.429496640897,0.84,0.2479055467));
#6815 = LINE('',#6816,#6817);
#6816 = CARTESIAN_POINT('',(2.348480775301,0.84,0.742364817767));
#6817 = VECTOR('',#6818,1.);
#6818 = DIRECTION('',(0.161691392282,1.795135065956E-17,-0.986841372087)
  );
#6819 = ORIENTED_EDGE('',*,*,#6820,.T.);
#6820 = EDGE_CURVE('',#6813,#6821,#6823,.T.);
#6821 = VERTEX_POINT('',#6822);
#6822 = CARTESIAN_POINT('',(2.724938966801,0.84,-1.665334536938E-16));
#6823 = CIRCLE('',#6824,0.3);
#6824 = AXIS2_PLACEMENT_3D('',#6825,#6826,#6827);
#6825 = CARTESIAN_POINT('',(2.724938966801,0.84,0.3));
#6826 = DIRECTION('',(1.110223024625E-16,-1.,0.));
#6827 = DIRECTION('',(-0.984807753012,-1.093356242223E-16,
    -0.173648177667));
#6828 = ORIENTED_EDGE('',*,*,#6829,.T.);
#6829 = EDGE_CURVE('',#6821,#6830,#6832,.T.);
#6830 = VERTEX_POINT('',#6831);
#6831 = CARTESIAN_POINT('',(3.,0.84,-1.665334536938E-16));
#6832 = LINE('',#6833,#6834);
#6833 = CARTESIAN_POINT('',(2.724938966801,0.84,-1.665334536938E-16));
#6834 = VECTOR('',#6835,1.);
#6835 = DIRECTION('',(1.,1.110223024625E-16,0.));
#6836 = ORIENTED_EDGE('',*,*,#6837,.T.);
#6837 = EDGE_CURVE('',#6830,#6838,#6840,.T.);
#6838 = VERTEX_POINT('',#6839);
#6839 = CARTESIAN_POINT('',(3.,0.84,0.2));
#6840 = LINE('',#6841,#6842);
#6841 = CARTESIAN_POINT('',(3.,0.84,-1.665334536938E-16));
#6842 = VECTOR('',#6843,1.);
#6843 = DIRECTION('',(0.,0.,1.));
#6844 = ORIENTED_EDGE('',*,*,#6845,.T.);
#6845 = EDGE_CURVE('',#6838,#6846,#6848,.T.);
#6846 = VERTEX_POINT('',#6847);
#6847 = CARTESIAN_POINT('',(2.724938966801,0.84,0.2));
#6848 = LINE('',#6849,#6850);
#6849 = CARTESIAN_POINT('',(3.,0.84,0.2));
#6850 = VECTOR('',#6851,1.);
#6851 = DIRECTION('',(-1.,-1.110223024625E-16,0.));
#6852 = ORIENTED_EDGE('',*,*,#6853,.T.);
#6853 = EDGE_CURVE('',#6846,#6854,#6856,.T.);
#6854 = VERTEX_POINT('',#6855);
#6855 = CARTESIAN_POINT('',(2.6264581915,0.84,0.282635182233));
#6856 = CIRCLE('',#6857,0.1);
#6857 = AXIS2_PLACEMENT_3D('',#6858,#6859,#6860);
#6858 = CARTESIAN_POINT('',(2.724938966801,0.84,0.3));
#6859 = DIRECTION('',(-1.110223024625E-16,1.,0.));
#6860 = DIRECTION('',(0.,0.,-1.));
#6861 = ORIENTED_EDGE('',*,*,#6862,.T.);
#6862 = EDGE_CURVE('',#6854,#6863,#6865,.T.);
#6863 = VERTEX_POINT('',#6864);
#6864 = CARTESIAN_POINT('',(2.545442325904,0.84,0.7770944533));
#6865 = LINE('',#6866,#6867);
#6866 = CARTESIAN_POINT('',(2.6264581915,0.84,0.282635182233));
#6867 = VECTOR('',#6868,1.);
#6868 = DIRECTION('',(-0.161691392282,-1.795135065956E-17,0.986841372087
    ));
#6869 = ORIENTED_EDGE('',*,*,#6870,.T.);
#6870 = EDGE_CURVE('',#6863,#6871,#6873,.T.);
#6871 = VERTEX_POINT('',#6872);
#6872 = CARTESIAN_POINT('',(2.25,0.84,1.025));
#6873 = CIRCLE('',#6874,0.3);
#6874 = AXIS2_PLACEMENT_3D('',#6875,#6876,#6877);
#6875 = CARTESIAN_POINT('',(2.25,0.84,0.725));
#6876 = DIRECTION('',(1.110223024625E-16,-1.,0.));
#6877 = DIRECTION('',(0.984807753012,1.093356242223E-16,0.173648177667)
  );
#6878 = ORIENTED_EDGE('',*,*,#6879,.T.);
#6879 = EDGE_CURVE('',#6871,#5103,#6880,.T.);
#6880 = LINE('',#6881,#6882);
#6881 = CARTESIAN_POINT('',(2.25,0.84,1.025));
#6882 = VECTOR('',#6883,1.);
#6883 = DIRECTION('',(-1.,-1.110223024625E-16,0.));
#6884 = PLANE('',#6885);
#6885 = AXIS2_PLACEMENT_3D('',#6886,#6887,#6888);
#6886 = CARTESIAN_POINT('',(2.42560961319,0.84,0.548953137803));
#6887 = DIRECTION('',(1.110223024625E-16,-1.,0.));
#6888 = DIRECTION('',(0.,0.,1.));
#6889 = ADVANCED_FACE('',(#6890),#6909,.F.);
#6890 = FACE_BOUND('',#6891,.F.);
#6891 = EDGE_LOOP('',(#6892,#6893,#6902,#6908));
#6892 = ORIENTED_EDGE('',*,*,#5141,.T.);
#6893 = ORIENTED_EDGE('',*,*,#6894,.T.);
#6894 = EDGE_CURVE('',#5134,#6895,#6897,.T.);
#6895 = VERTEX_POINT('',#6896);
#6896 = CARTESIAN_POINT('',(2.348480775301,0.43,0.742364817767));
#6897 = CIRCLE('',#6898,0.1);
#6898 = AXIS2_PLACEMENT_3D('',#6899,#6900,#6901);
#6899 = CARTESIAN_POINT('',(2.25,0.43,0.725));
#6900 = DIRECTION('',(-1.110223024625E-16,1.,0.));
#6901 = DIRECTION('',(4.440892098501E-15,4.930380657631E-31,1.));
#6902 = ORIENTED_EDGE('',*,*,#6903,.F.);
#6903 = EDGE_CURVE('',#6804,#6895,#6904,.T.);
#6904 = LINE('',#6905,#6906);
#6905 = CARTESIAN_POINT('',(2.348480775301,0.84,0.742364817767));
#6906 = VECTOR('',#6907,1.);
#6907 = DIRECTION('',(1.110223024625E-16,-1.,0.));
#6908 = ORIENTED_EDGE('',*,*,#6803,.F.);
#6909 = CYLINDRICAL_SURFACE('',#6910,0.1);
#6910 = AXIS2_PLACEMENT_3D('',#6911,#6912,#6913);
#6911 = CARTESIAN_POINT('',(2.25,0.84,0.725));
#6912 = DIRECTION('',(-1.110223024625E-16,1.,0.));
#6913 = DIRECTION('',(4.440892098501E-15,4.930380657631E-31,1.));
#6914 = ADVANCED_FACE('',(#6915),#6993,.T.);
#6915 = FACE_BOUND('',#6916,.T.);
#6916 = EDGE_LOOP('',(#6917,#6918,#6919,#6920,#6928,#6937,#6945,#6953,
    #6961,#6970,#6978,#6987));
#6917 = ORIENTED_EDGE('',*,*,#5155,.F.);
#6918 = ORIENTED_EDGE('',*,*,#5133,.T.);
#6919 = ORIENTED_EDGE('',*,*,#6894,.T.);
#6920 = ORIENTED_EDGE('',*,*,#6921,.T.);
#6921 = EDGE_CURVE('',#6895,#6922,#6924,.T.);
#6922 = VERTEX_POINT('',#6923);
#6923 = CARTESIAN_POINT('',(2.429496640897,0.43,0.2479055467));
#6924 = LINE('',#6925,#6926);
#6925 = CARTESIAN_POINT('',(2.348480775301,0.43,0.742364817767));
#6926 = VECTOR('',#6927,1.);
#6927 = DIRECTION('',(0.161691392282,1.795135065956E-17,-0.986841372087)
  );
#6928 = ORIENTED_EDGE('',*,*,#6929,.T.);
#6929 = EDGE_CURVE('',#6922,#6930,#6932,.T.);
#6930 = VERTEX_POINT('',#6931);
#6931 = CARTESIAN_POINT('',(2.724938966801,0.43,-1.665334536938E-16));
#6932 = CIRCLE('',#6933,0.3);
#6933 = AXIS2_PLACEMENT_3D('',#6934,#6935,#6936);
#6934 = CARTESIAN_POINT('',(2.724938966801,0.43,0.3));
#6935 = DIRECTION('',(1.110223024625E-16,-1.,0.));
#6936 = DIRECTION('',(-0.984807753012,-1.093356242223E-16,
    -0.173648177667));
#6937 = ORIENTED_EDGE('',*,*,#6938,.T.);
#6938 = EDGE_CURVE('',#6930,#6939,#6941,.T.);
#6939 = VERTEX_POINT('',#6940);
#6940 = CARTESIAN_POINT('',(3.,0.43,-1.665334536938E-16));
#6941 = LINE('',#6942,#6943);
#6942 = CARTESIAN_POINT('',(2.724938966801,0.43,-1.665334536938E-16));
#6943 = VECTOR('',#6944,1.);
#6944 = DIRECTION('',(1.,1.110223024625E-16,0.));
#6945 = ORIENTED_EDGE('',*,*,#6946,.T.);
#6946 = EDGE_CURVE('',#6939,#6947,#6949,.T.);
#6947 = VERTEX_POINT('',#6948);
#6948 = CARTESIAN_POINT('',(3.,0.43,0.2));
#6949 = LINE('',#6950,#6951);
#6950 = CARTESIAN_POINT('',(3.,0.43,-1.665334536938E-16));
#6951 = VECTOR('',#6952,1.);
#6952 = DIRECTION('',(0.,0.,1.));
#6953 = ORIENTED_EDGE('',*,*,#6954,.T.);
#6954 = EDGE_CURVE('',#6947,#6955,#6957,.T.);
#6955 = VERTEX_POINT('',#6956);
#6956 = CARTESIAN_POINT('',(2.724938966801,0.43,0.2));
#6957 = LINE('',#6958,#6959);
#6958 = CARTESIAN_POINT('',(3.,0.43,0.2));
#6959 = VECTOR('',#6960,1.);
#6960 = DIRECTION('',(-1.,-1.110223024625E-16,0.));
#6961 = ORIENTED_EDGE('',*,*,#6962,.T.);
#6962 = EDGE_CURVE('',#6955,#6963,#6965,.T.);
#6963 = VERTEX_POINT('',#6964);
#6964 = CARTESIAN_POINT('',(2.6264581915,0.43,0.282635182233));
#6965 = CIRCLE('',#6966,0.1);
#6966 = AXIS2_PLACEMENT_3D('',#6967,#6968,#6969);
#6967 = CARTESIAN_POINT('',(2.724938966801,0.43,0.3));
#6968 = DIRECTION('',(-1.110223024625E-16,1.,0.));
#6969 = DIRECTION('',(0.,0.,-1.));
#6970 = ORIENTED_EDGE('',*,*,#6971,.T.);
#6971 = EDGE_CURVE('',#6963,#6972,#6974,.T.);
#6972 = VERTEX_POINT('',#6973);
#6973 = CARTESIAN_POINT('',(2.545442325904,0.43,0.7770944533));
#6974 = LINE('',#6975,#6976);
#6975 = CARTESIAN_POINT('',(2.6264581915,0.43,0.282635182233));
#6976 = VECTOR('',#6977,1.);
#6977 = DIRECTION('',(-0.161691392282,-1.795135065956E-17,0.986841372087
    ));
#6978 = ORIENTED_EDGE('',*,*,#6979,.T.);
#6979 = EDGE_CURVE('',#6972,#6980,#6982,.T.);
#6980 = VERTEX_POINT('',#6981);
#6981 = CARTESIAN_POINT('',(2.25,0.43,1.025));
#6982 = CIRCLE('',#6983,0.3);
#6983 = AXIS2_PLACEMENT_3D('',#6984,#6985,#6986);
#6984 = CARTESIAN_POINT('',(2.25,0.43,0.725));
#6985 = DIRECTION('',(1.110223024625E-16,-1.,0.));
#6986 = DIRECTION('',(0.984807753012,1.093356242223E-16,0.173648177667)
  );
#6987 = ORIENTED_EDGE('',*,*,#6988,.T.);
#6988 = EDGE_CURVE('',#6980,#5156,#6989,.T.);
#6989 = LINE('',#6990,#6991);
#6990 = CARTESIAN_POINT('',(2.25,0.43,1.025));
#6991 = VECTOR('',#6992,1.);
#6992 = DIRECTION('',(-1.,-1.110223024625E-16,0.));
#6993 = PLANE('',#6994);
#6994 = AXIS2_PLACEMENT_3D('',#6995,#6996,#6997);
#6995 = CARTESIAN_POINT('',(2.42560961319,0.43,0.548953137803));
#6996 = DIRECTION('',(1.110223024625E-16,-1.,0.));
#6997 = DIRECTION('',(0.,0.,1.));
#6998 = ADVANCED_FACE('',(#6999),#7015,.F.);
#6999 = FACE_BOUND('',#7000,.F.);
#7000 = EDGE_LOOP('',(#7001,#7007,#7008,#7014));
#7001 = ORIENTED_EDGE('',*,*,#7002,.F.);
#7002 = EDGE_CURVE('',#5156,#5590,#7003,.T.);
#7003 = LINE('',#7004,#7005);
#7004 = CARTESIAN_POINT('',(2.25,0.43,1.025));
#7005 = VECTOR('',#7006,1.);
#7006 = DIRECTION('',(-1.,-1.110223024625E-16,0.));
#7007 = ORIENTED_EDGE('',*,*,#5172,.T.);
#7008 = ORIENTED_EDGE('',*,*,#7009,.T.);
#7009 = EDGE_CURVE('',#5165,#5598,#7010,.T.);
#7010 = LINE('',#7011,#7012);
#7011 = CARTESIAN_POINT('',(2.25,-0.43,1.025));
#7012 = VECTOR('',#7013,1.);
#7013 = DIRECTION('',(-1.,-1.110223024625E-16,0.));
#7014 = ORIENTED_EDGE('',*,*,#5597,.F.);
#7015 = PLANE('',#7016);
#7016 = AXIS2_PLACEMENT_3D('',#7017,#7018,#7019);
#7017 = CARTESIAN_POINT('',(-3.027078129022E-16,2.4125,1.025));
#7018 = DIRECTION('',(2.007919022429E-31,-7.713306628828E-27,-1.));
#7019 = DIRECTION('',(1.,1.112083013911E-16,2.00791902242E-31));
#7020 = ADVANCED_FACE('',(#7021),#7107,.F.);
#7021 = FACE_BOUND('',#7022,.F.);
#7022 = EDGE_LOOP('',(#7023,#7024,#7025,#7034,#7042,#7051,#7059,#7067,
    #7075,#7084,#7092,#7101));
#7023 = ORIENTED_EDGE('',*,*,#5164,.F.);
#7024 = ORIENTED_EDGE('',*,*,#5186,.T.);
#7025 = ORIENTED_EDGE('',*,*,#7026,.T.);
#7026 = EDGE_CURVE('',#5187,#7027,#7029,.T.);
#7027 = VERTEX_POINT('',#7028);
#7028 = CARTESIAN_POINT('',(2.348480775301,-0.43,0.742364817767));
#7029 = CIRCLE('',#7030,0.1);
#7030 = AXIS2_PLACEMENT_3D('',#7031,#7032,#7033);
#7031 = CARTESIAN_POINT('',(2.25,-0.43,0.725));
#7032 = DIRECTION('',(-1.110223024625E-16,1.,0.));
#7033 = DIRECTION('',(4.440892098501E-15,4.930380657631E-31,1.));
#7034 = ORIENTED_EDGE('',*,*,#7035,.T.);
#7035 = EDGE_CURVE('',#7027,#7036,#7038,.T.);
#7036 = VERTEX_POINT('',#7037);
#7037 = CARTESIAN_POINT('',(2.429496640897,-0.43,0.2479055467));
#7038 = LINE('',#7039,#7040);
#7039 = CARTESIAN_POINT('',(2.348480775301,-0.43,0.742364817767));
#7040 = VECTOR('',#7041,1.);
#7041 = DIRECTION('',(0.161691392282,1.795135065956E-17,-0.986841372087)
  );
#7042 = ORIENTED_EDGE('',*,*,#7043,.T.);
#7043 = EDGE_CURVE('',#7036,#7044,#7046,.T.);
#7044 = VERTEX_POINT('',#7045);
#7045 = CARTESIAN_POINT('',(2.724938966801,-0.43,-1.665334536938E-16));
#7046 = CIRCLE('',#7047,0.3);
#7047 = AXIS2_PLACEMENT_3D('',#7048,#7049,#7050);
#7048 = CARTESIAN_POINT('',(2.724938966801,-0.43,0.3));
#7049 = DIRECTION('',(1.110223024625E-16,-1.,0.));
#7050 = DIRECTION('',(-0.984807753012,-1.093356242223E-16,
    -0.173648177667));
#7051 = ORIENTED_EDGE('',*,*,#7052,.T.);
#7052 = EDGE_CURVE('',#7044,#7053,#7055,.T.);
#7053 = VERTEX_POINT('',#7054);
#7054 = CARTESIAN_POINT('',(3.,-0.43,-1.665334536938E-16));
#7055 = LINE('',#7056,#7057);
#7056 = CARTESIAN_POINT('',(2.724938966801,-0.43,-1.665334536938E-16));
#7057 = VECTOR('',#7058,1.);
#7058 = DIRECTION('',(1.,1.110223024625E-16,0.));
#7059 = ORIENTED_EDGE('',*,*,#7060,.T.);
#7060 = EDGE_CURVE('',#7053,#7061,#7063,.T.);
#7061 = VERTEX_POINT('',#7062);
#7062 = CARTESIAN_POINT('',(3.,-0.43,0.2));
#7063 = LINE('',#7064,#7065);
#7064 = CARTESIAN_POINT('',(3.,-0.43,-1.665334536938E-16));
#7065 = VECTOR('',#7066,1.);
#7066 = DIRECTION('',(0.,0.,1.));
#7067 = ORIENTED_EDGE('',*,*,#7068,.T.);
#7068 = EDGE_CURVE('',#7061,#7069,#7071,.T.);
#7069 = VERTEX_POINT('',#7070);
#7070 = CARTESIAN_POINT('',(2.724938966801,-0.43,0.2));
#7071 = LINE('',#7072,#7073);
#7072 = CARTESIAN_POINT('',(3.,-0.43,0.2));
#7073 = VECTOR('',#7074,1.);
#7074 = DIRECTION('',(-1.,-1.110223024625E-16,0.));
#7075 = ORIENTED_EDGE('',*,*,#7076,.T.);
#7076 = EDGE_CURVE('',#7069,#7077,#7079,.T.);
#7077 = VERTEX_POINT('',#7078);
#7078 = CARTESIAN_POINT('',(2.6264581915,-0.43,0.282635182233));
#7079 = CIRCLE('',#7080,0.1);
#7080 = AXIS2_PLACEMENT_3D('',#7081,#7082,#7083);
#7081 = CARTESIAN_POINT('',(2.724938966801,-0.43,0.3));
#7082 = DIRECTION('',(-1.110223024625E-16,1.,0.));
#7083 = DIRECTION('',(0.,0.,-1.));
#7084 = ORIENTED_EDGE('',*,*,#7085,.T.);
#7085 = EDGE_CURVE('',#7077,#7086,#7088,.T.);
#7086 = VERTEX_POINT('',#7087);
#7087 = CARTESIAN_POINT('',(2.545442325904,-0.43,0.7770944533));
#7088 = LINE('',#7089,#7090);
#7089 = CARTESIAN_POINT('',(2.6264581915,-0.43,0.282635182233));
#7090 = VECTOR('',#7091,1.);
#7091 = DIRECTION('',(-0.161691392282,-1.795135065956E-17,0.986841372087
    ));
#7092 = ORIENTED_EDGE('',*,*,#7093,.T.);
#7093 = EDGE_CURVE('',#7086,#7094,#7096,.T.);
#7094 = VERTEX_POINT('',#7095);
#7095 = CARTESIAN_POINT('',(2.25,-0.43,1.025));
#7096 = CIRCLE('',#7097,0.3);
#7097 = AXIS2_PLACEMENT_3D('',#7098,#7099,#7100);
#7098 = CARTESIAN_POINT('',(2.25,-0.43,0.725));
#7099 = DIRECTION('',(1.110223024625E-16,-1.,0.));
#7100 = DIRECTION('',(0.984807753012,1.093356242223E-16,0.173648177667)
  );
#7101 = ORIENTED_EDGE('',*,*,#7102,.T.);
#7102 = EDGE_CURVE('',#7094,#5165,#7103,.T.);
#7103 = LINE('',#7104,#7105);
#7104 = CARTESIAN_POINT('',(2.25,-0.43,1.025));
#7105 = VECTOR('',#7106,1.);
#7106 = DIRECTION('',(-1.,-1.110223024625E-16,0.));
#7107 = PLANE('',#7108);
#7108 = AXIS2_PLACEMENT_3D('',#7109,#7110,#7111);
#7109 = CARTESIAN_POINT('',(2.42560961319,-0.43,0.548953137803));
#7110 = DIRECTION('',(1.110223024625E-16,-1.,0.));
#7111 = DIRECTION('',(0.,0.,1.));
#7112 = ADVANCED_FACE('',(#7113),#7132,.F.);
#7113 = FACE_BOUND('',#7114,.F.);
#7114 = EDGE_LOOP('',(#7115,#7116,#7125,#7131));
#7115 = ORIENTED_EDGE('',*,*,#5203,.T.);
#7116 = ORIENTED_EDGE('',*,*,#7117,.T.);
#7117 = EDGE_CURVE('',#5196,#7118,#7120,.T.);
#7118 = VERTEX_POINT('',#7119);
#7119 = CARTESIAN_POINT('',(2.348480775301,-0.84,0.742364817767));
#7120 = CIRCLE('',#7121,0.1);
#7121 = AXIS2_PLACEMENT_3D('',#7122,#7123,#7124);
#7122 = CARTESIAN_POINT('',(2.25,-0.84,0.725));
#7123 = DIRECTION('',(-1.110223024625E-16,1.,0.));
#7124 = DIRECTION('',(4.440892098501E-15,4.930380657631E-31,1.));
#7125 = ORIENTED_EDGE('',*,*,#7126,.F.);
#7126 = EDGE_CURVE('',#7027,#7118,#7127,.T.);
#7127 = LINE('',#7128,#7129);
#7128 = CARTESIAN_POINT('',(2.348480775301,-0.43,0.742364817767));
#7129 = VECTOR('',#7130,1.);
#7130 = DIRECTION('',(1.110223024625E-16,-1.,0.));
#7131 = ORIENTED_EDGE('',*,*,#7026,.F.);
#7132 = CYLINDRICAL_SURFACE('',#7133,0.1);
#7133 = AXIS2_PLACEMENT_3D('',#7134,#7135,#7136);
#7134 = CARTESIAN_POINT('',(2.25,-0.43,0.725));
#7135 = DIRECTION('',(-1.110223024625E-16,1.,0.));
#7136 = DIRECTION('',(4.440892098501E-15,4.930380657631E-31,1.));
#7137 = ADVANCED_FACE('',(#7138),#7216,.T.);
#7138 = FACE_BOUND('',#7139,.T.);
#7139 = EDGE_LOOP('',(#7140,#7141,#7142,#7143,#7151,#7160,#7168,#7176,
    #7184,#7193,#7201,#7210));
#7140 = ORIENTED_EDGE('',*,*,#5217,.F.);
#7141 = ORIENTED_EDGE('',*,*,#5195,.T.);
#7142 = ORIENTED_EDGE('',*,*,#7117,.T.);
#7143 = ORIENTED_EDGE('',*,*,#7144,.T.);
#7144 = EDGE_CURVE('',#7118,#7145,#7147,.T.);
#7145 = VERTEX_POINT('',#7146);
#7146 = CARTESIAN_POINT('',(2.429496640897,-0.84,0.2479055467));
#7147 = LINE('',#7148,#7149);
#7148 = CARTESIAN_POINT('',(2.348480775301,-0.84,0.742364817767));
#7149 = VECTOR('',#7150,1.);
#7150 = DIRECTION('',(0.161691392282,1.795135065956E-17,-0.986841372087)
  );
#7151 = ORIENTED_EDGE('',*,*,#7152,.T.);
#7152 = EDGE_CURVE('',#7145,#7153,#7155,.T.);
#7153 = VERTEX_POINT('',#7154);
#7154 = CARTESIAN_POINT('',(2.724938966801,-0.84,-1.665334536938E-16));
#7155 = CIRCLE('',#7156,0.3);
#7156 = AXIS2_PLACEMENT_3D('',#7157,#7158,#7159);
#7157 = CARTESIAN_POINT('',(2.724938966801,-0.84,0.3));
#7158 = DIRECTION('',(1.110223024625E-16,-1.,0.));
#7159 = DIRECTION('',(-0.984807753012,-1.093356242223E-16,
    -0.173648177667));
#7160 = ORIENTED_EDGE('',*,*,#7161,.T.);
#7161 = EDGE_CURVE('',#7153,#7162,#7164,.T.);
#7162 = VERTEX_POINT('',#7163);
#7163 = CARTESIAN_POINT('',(3.,-0.84,-1.665334536938E-16));
#7164 = LINE('',#7165,#7166);
#7165 = CARTESIAN_POINT('',(2.724938966801,-0.84,-1.665334536938E-16));
#7166 = VECTOR('',#7167,1.);
#7167 = DIRECTION('',(1.,1.110223024625E-16,0.));
#7168 = ORIENTED_EDGE('',*,*,#7169,.T.);
#7169 = EDGE_CURVE('',#7162,#7170,#7172,.T.);
#7170 = VERTEX_POINT('',#7171);
#7171 = CARTESIAN_POINT('',(3.,-0.84,0.2));
#7172 = LINE('',#7173,#7174);
#7173 = CARTESIAN_POINT('',(3.,-0.84,-1.665334536938E-16));
#7174 = VECTOR('',#7175,1.);
#7175 = DIRECTION('',(0.,0.,1.));
#7176 = ORIENTED_EDGE('',*,*,#7177,.T.);
#7177 = EDGE_CURVE('',#7170,#7178,#7180,.T.);
#7178 = VERTEX_POINT('',#7179);
#7179 = CARTESIAN_POINT('',(2.724938966801,-0.84,0.2));
#7180 = LINE('',#7181,#7182);
#7181 = CARTESIAN_POINT('',(3.,-0.84,0.2));
#7182 = VECTOR('',#7183,1.);
#7183 = DIRECTION('',(-1.,-1.110223024625E-16,0.));
#7184 = ORIENTED_EDGE('',*,*,#7185,.T.);
#7185 = EDGE_CURVE('',#7178,#7186,#7188,.T.);
#7186 = VERTEX_POINT('',#7187);
#7187 = CARTESIAN_POINT('',(2.6264581915,-0.84,0.282635182233));
#7188 = CIRCLE('',#7189,0.1);
#7189 = AXIS2_PLACEMENT_3D('',#7190,#7191,#7192);
#7190 = CARTESIAN_POINT('',(2.724938966801,-0.84,0.3));
#7191 = DIRECTION('',(-1.110223024625E-16,1.,0.));
#7192 = DIRECTION('',(0.,0.,-1.));
#7193 = ORIENTED_EDGE('',*,*,#7194,.T.);
#7194 = EDGE_CURVE('',#7186,#7195,#7197,.T.);
#7195 = VERTEX_POINT('',#7196);
#7196 = CARTESIAN_POINT('',(2.545442325904,-0.84,0.7770944533));
#7197 = LINE('',#7198,#7199);
#7198 = CARTESIAN_POINT('',(2.6264581915,-0.84,0.282635182233));
#7199 = VECTOR('',#7200,1.);
#7200 = DIRECTION('',(-0.161691392282,-1.795135065956E-17,0.986841372087
    ));
#7201 = ORIENTED_EDGE('',*,*,#7202,.T.);
#7202 = EDGE_CURVE('',#7195,#7203,#7205,.T.);
#7203 = VERTEX_POINT('',#7204);
#7204 = CARTESIAN_POINT('',(2.25,-0.84,1.025));
#7205 = CIRCLE('',#7206,0.3);
#7206 = AXIS2_PLACEMENT_3D('',#7207,#7208,#7209);
#7207 = CARTESIAN_POINT('',(2.25,-0.84,0.725));
#7208 = DIRECTION('',(1.110223024625E-16,-1.,0.));
#7209 = DIRECTION('',(0.984807753012,1.093356242223E-16,0.173648177667)
  );
#7210 = ORIENTED_EDGE('',*,*,#7211,.T.);
#7211 = EDGE_CURVE('',#7203,#5218,#7212,.T.);
#7212 = LINE('',#7213,#7214);
#7213 = CARTESIAN_POINT('',(2.25,-0.84,1.025));
#7214 = VECTOR('',#7215,1.);
#7215 = DIRECTION('',(-1.,-1.110223024625E-16,0.));
#7216 = PLANE('',#7217);
#7217 = AXIS2_PLACEMENT_3D('',#7218,#7219,#7220);
#7218 = CARTESIAN_POINT('',(2.42560961319,-0.84,0.548953137803));
#7219 = DIRECTION('',(1.110223024625E-16,-1.,0.));
#7220 = DIRECTION('',(0.,0.,1.));
#7221 = ADVANCED_FACE('',(#7222),#7238,.F.);
#7222 = FACE_BOUND('',#7223,.F.);
#7223 = EDGE_LOOP('',(#7224,#7230,#7231,#7237));
#7224 = ORIENTED_EDGE('',*,*,#7225,.F.);
#7225 = EDGE_CURVE('',#5218,#5606,#7226,.T.);
#7226 = LINE('',#7227,#7228);
#7227 = CARTESIAN_POINT('',(2.25,-0.84,1.025));
#7228 = VECTOR('',#7229,1.);
#7229 = DIRECTION('',(-1.,-1.110223024625E-16,0.));
#7230 = ORIENTED_EDGE('',*,*,#5234,.T.);
#7231 = ORIENTED_EDGE('',*,*,#7232,.T.);
#7232 = EDGE_CURVE('',#5227,#5614,#7233,.T.);
#7233 = LINE('',#7234,#7235);
#7234 = CARTESIAN_POINT('',(2.25,-1.7,1.025));
#7235 = VECTOR('',#7236,1.);
#7236 = DIRECTION('',(-1.,-1.110223024625E-16,0.));
#7237 = ORIENTED_EDGE('',*,*,#5613,.F.);
#7238 = PLANE('',#7239);
#7239 = AXIS2_PLACEMENT_3D('',#7240,#7241,#7242);
#7240 = CARTESIAN_POINT('',(-3.027078129022E-16,2.4125,1.025));
#7241 = DIRECTION('',(2.007919022429E-31,-7.713306628828E-27,-1.));
#7242 = DIRECTION('',(1.,1.112083013911E-16,2.00791902242E-31));
#7243 = ADVANCED_FACE('',(#7244),#7330,.F.);
#7244 = FACE_BOUND('',#7245,.F.);
#7245 = EDGE_LOOP('',(#7246,#7247,#7248,#7257,#7265,#7274,#7282,#7290,
    #7298,#7307,#7315,#7324));
#7246 = ORIENTED_EDGE('',*,*,#5226,.F.);
#7247 = ORIENTED_EDGE('',*,*,#5248,.T.);
#7248 = ORIENTED_EDGE('',*,*,#7249,.T.);
#7249 = EDGE_CURVE('',#5249,#7250,#7252,.T.);
#7250 = VERTEX_POINT('',#7251);
#7251 = CARTESIAN_POINT('',(2.348480775301,-1.7,0.742364817767));
#7252 = CIRCLE('',#7253,0.1);
#7253 = AXIS2_PLACEMENT_3D('',#7254,#7255,#7256);
#7254 = CARTESIAN_POINT('',(2.25,-1.7,0.725));
#7255 = DIRECTION('',(-1.110223024625E-16,1.,0.));
#7256 = DIRECTION('',(4.440892098501E-15,4.930380657631E-31,1.));
#7257 = ORIENTED_EDGE('',*,*,#7258,.T.);
#7258 = EDGE_CURVE('',#7250,#7259,#7261,.T.);
#7259 = VERTEX_POINT('',#7260);
#7260 = CARTESIAN_POINT('',(2.429496640897,-1.7,0.2479055467));
#7261 = LINE('',#7262,#7263);
#7262 = CARTESIAN_POINT('',(2.348480775301,-1.7,0.742364817767));
#7263 = VECTOR('',#7264,1.);
#7264 = DIRECTION('',(0.161691392282,1.795135065956E-17,-0.986841372087)
  );
#7265 = ORIENTED_EDGE('',*,*,#7266,.T.);
#7266 = EDGE_CURVE('',#7259,#7267,#7269,.T.);
#7267 = VERTEX_POINT('',#7268);
#7268 = CARTESIAN_POINT('',(2.724938966801,-1.7,-1.665334536938E-16));
#7269 = CIRCLE('',#7270,0.3);
#7270 = AXIS2_PLACEMENT_3D('',#7271,#7272,#7273);
#7271 = CARTESIAN_POINT('',(2.724938966801,-1.7,0.3));
#7272 = DIRECTION('',(1.110223024625E-16,-1.,0.));
#7273 = DIRECTION('',(-0.984807753012,-1.093356242223E-16,
    -0.173648177667));
#7274 = ORIENTED_EDGE('',*,*,#7275,.T.);
#7275 = EDGE_CURVE('',#7267,#7276,#7278,.T.);
#7276 = VERTEX_POINT('',#7277);
#7277 = CARTESIAN_POINT('',(3.,-1.7,-1.665334536938E-16));
#7278 = LINE('',#7279,#7280);
#7279 = CARTESIAN_POINT('',(2.724938966801,-1.7,-1.665334536938E-16));
#7280 = VECTOR('',#7281,1.);
#7281 = DIRECTION('',(1.,1.110223024625E-16,0.));
#7282 = ORIENTED_EDGE('',*,*,#7283,.T.);
#7283 = EDGE_CURVE('',#7276,#7284,#7286,.T.);
#7284 = VERTEX_POINT('',#7285);
#7285 = CARTESIAN_POINT('',(3.,-1.7,0.2));
#7286 = LINE('',#7287,#7288);
#7287 = CARTESIAN_POINT('',(3.,-1.7,-1.665334536938E-16));
#7288 = VECTOR('',#7289,1.);
#7289 = DIRECTION('',(0.,0.,1.));
#7290 = ORIENTED_EDGE('',*,*,#7291,.T.);
#7291 = EDGE_CURVE('',#7284,#7292,#7294,.T.);
#7292 = VERTEX_POINT('',#7293);
#7293 = CARTESIAN_POINT('',(2.724938966801,-1.7,0.2));
#7294 = LINE('',#7295,#7296);
#7295 = CARTESIAN_POINT('',(3.,-1.7,0.2));
#7296 = VECTOR('',#7297,1.);
#7297 = DIRECTION('',(-1.,-1.110223024625E-16,0.));
#7298 = ORIENTED_EDGE('',*,*,#7299,.T.);
#7299 = EDGE_CURVE('',#7292,#7300,#7302,.T.);
#7300 = VERTEX_POINT('',#7301);
#7301 = CARTESIAN_POINT('',(2.6264581915,-1.7,0.282635182233));
#7302 = CIRCLE('',#7303,0.1);
#7303 = AXIS2_PLACEMENT_3D('',#7304,#7305,#7306);
#7304 = CARTESIAN_POINT('',(2.724938966801,-1.7,0.3));
#7305 = DIRECTION('',(-1.110223024625E-16,1.,0.));
#7306 = DIRECTION('',(0.,0.,-1.));
#7307 = ORIENTED_EDGE('',*,*,#7308,.T.);
#7308 = EDGE_CURVE('',#7300,#7309,#7311,.T.);
#7309 = VERTEX_POINT('',#7310);
#7310 = CARTESIAN_POINT('',(2.545442325904,-1.7,0.7770944533));
#7311 = LINE('',#7312,#7313);
#7312 = CARTESIAN_POINT('',(2.6264581915,-1.7,0.282635182233));
#7313 = VECTOR('',#7314,1.);
#7314 = DIRECTION('',(-0.161691392282,-1.795135065956E-17,0.986841372087
    ));
#7315 = ORIENTED_EDGE('',*,*,#7316,.T.);
#7316 = EDGE_CURVE('',#7309,#7317,#7319,.T.);
#7317 = VERTEX_POINT('',#7318);
#7318 = CARTESIAN_POINT('',(2.25,-1.7,1.025));
#7319 = CIRCLE('',#7320,0.3);
#7320 = AXIS2_PLACEMENT_3D('',#7321,#7322,#7323);
#7321 = CARTESIAN_POINT('',(2.25,-1.7,0.725));
#7322 = DIRECTION('',(1.110223024625E-16,-1.,0.));
#7323 = DIRECTION('',(0.984807753012,1.093356242223E-16,0.173648177667)
  );
#7324 = ORIENTED_EDGE('',*,*,#7325,.T.);
#7325 = EDGE_CURVE('',#7317,#5227,#7326,.T.);
#7326 = LINE('',#7327,#7328);
#7327 = CARTESIAN_POINT('',(2.25,-1.7,1.025));
#7328 = VECTOR('',#7329,1.);
#7329 = DIRECTION('',(-1.,-1.110223024625E-16,0.));
#7330 = PLANE('',#7331);
#7331 = AXIS2_PLACEMENT_3D('',#7332,#7333,#7334);
#7332 = CARTESIAN_POINT('',(2.42560961319,-1.7,0.548953137803));
#7333 = DIRECTION('',(1.110223024625E-16,-1.,0.));
#7334 = DIRECTION('',(0.,0.,1.));
#7335 = ADVANCED_FACE('',(#7336),#7355,.F.);
#7336 = FACE_BOUND('',#7337,.F.);
#7337 = EDGE_LOOP('',(#7338,#7339,#7348,#7354));
#7338 = ORIENTED_EDGE('',*,*,#5265,.T.);
#7339 = ORIENTED_EDGE('',*,*,#7340,.T.);
#7340 = EDGE_CURVE('',#5258,#7341,#7343,.T.);
#7341 = VERTEX_POINT('',#7342);
#7342 = CARTESIAN_POINT('',(2.348480775301,-2.11,0.742364817767));
#7343 = CIRCLE('',#7344,0.1);
#7344 = AXIS2_PLACEMENT_3D('',#7345,#7346,#7347);
#7345 = CARTESIAN_POINT('',(2.25,-2.11,0.725));
#7346 = DIRECTION('',(-1.110223024625E-16,1.,0.));
#7347 = DIRECTION('',(4.440892098501E-15,4.930380657631E-31,1.));
#7348 = ORIENTED_EDGE('',*,*,#7349,.F.);
#7349 = EDGE_CURVE('',#7250,#7341,#7350,.T.);
#7350 = LINE('',#7351,#7352);
#7351 = CARTESIAN_POINT('',(2.348480775301,-1.7,0.742364817767));
#7352 = VECTOR('',#7353,1.);
#7353 = DIRECTION('',(1.110223024625E-16,-1.,0.));
#7354 = ORIENTED_EDGE('',*,*,#7249,.F.);
#7355 = CYLINDRICAL_SURFACE('',#7356,0.1);
#7356 = AXIS2_PLACEMENT_3D('',#7357,#7358,#7359);
#7357 = CARTESIAN_POINT('',(2.25,-1.7,0.725));
#7358 = DIRECTION('',(-1.110223024625E-16,1.,0.));
#7359 = DIRECTION('',(4.440892098501E-15,4.930380657631E-31,1.));
#7360 = ADVANCED_FACE('',(#7361),#7439,.T.);
#7361 = FACE_BOUND('',#7362,.T.);
#7362 = EDGE_LOOP('',(#7363,#7364,#7365,#7366,#7374,#7383,#7391,#7399,
    #7407,#7416,#7424,#7433));
#7363 = ORIENTED_EDGE('',*,*,#5279,.F.);
#7364 = ORIENTED_EDGE('',*,*,#5257,.T.);
#7365 = ORIENTED_EDGE('',*,*,#7340,.T.);
#7366 = ORIENTED_EDGE('',*,*,#7367,.T.);
#7367 = EDGE_CURVE('',#7341,#7368,#7370,.T.);
#7368 = VERTEX_POINT('',#7369);
#7369 = CARTESIAN_POINT('',(2.429496640897,-2.11,0.2479055467));
#7370 = LINE('',#7371,#7372);
#7371 = CARTESIAN_POINT('',(2.348480775301,-2.11,0.742364817767));
#7372 = VECTOR('',#7373,1.);
#7373 = DIRECTION('',(0.161691392282,1.795135065956E-17,-0.986841372087)
  );
#7374 = ORIENTED_EDGE('',*,*,#7375,.T.);
#7375 = EDGE_CURVE('',#7368,#7376,#7378,.T.);
#7376 = VERTEX_POINT('',#7377);
#7377 = CARTESIAN_POINT('',(2.724938966801,-2.11,-1.665334536938E-16));
#7378 = CIRCLE('',#7379,0.3);
#7379 = AXIS2_PLACEMENT_3D('',#7380,#7381,#7382);
#7380 = CARTESIAN_POINT('',(2.724938966801,-2.11,0.3));
#7381 = DIRECTION('',(1.110223024625E-16,-1.,0.));
#7382 = DIRECTION('',(-0.984807753012,-1.093356242223E-16,
    -0.173648177667));
#7383 = ORIENTED_EDGE('',*,*,#7384,.T.);
#7384 = EDGE_CURVE('',#7376,#7385,#7387,.T.);
#7385 = VERTEX_POINT('',#7386);
#7386 = CARTESIAN_POINT('',(3.,-2.11,-1.665334536938E-16));
#7387 = LINE('',#7388,#7389);
#7388 = CARTESIAN_POINT('',(2.724938966801,-2.11,-1.665334536938E-16));
#7389 = VECTOR('',#7390,1.);
#7390 = DIRECTION('',(1.,1.110223024625E-16,0.));
#7391 = ORIENTED_EDGE('',*,*,#7392,.T.);
#7392 = EDGE_CURVE('',#7385,#7393,#7395,.T.);
#7393 = VERTEX_POINT('',#7394);
#7394 = CARTESIAN_POINT('',(3.,-2.11,0.2));
#7395 = LINE('',#7396,#7397);
#7396 = CARTESIAN_POINT('',(3.,-2.11,-1.665334536938E-16));
#7397 = VECTOR('',#7398,1.);
#7398 = DIRECTION('',(0.,0.,1.));
#7399 = ORIENTED_EDGE('',*,*,#7400,.T.);
#7400 = EDGE_CURVE('',#7393,#7401,#7403,.T.);
#7401 = VERTEX_POINT('',#7402);
#7402 = CARTESIAN_POINT('',(2.724938966801,-2.11,0.2));
#7403 = LINE('',#7404,#7405);
#7404 = CARTESIAN_POINT('',(3.,-2.11,0.2));
#7405 = VECTOR('',#7406,1.);
#7406 = DIRECTION('',(-1.,-1.110223024625E-16,0.));
#7407 = ORIENTED_EDGE('',*,*,#7408,.T.);
#7408 = EDGE_CURVE('',#7401,#7409,#7411,.T.);
#7409 = VERTEX_POINT('',#7410);
#7410 = CARTESIAN_POINT('',(2.6264581915,-2.11,0.282635182233));
#7411 = CIRCLE('',#7412,0.1);
#7412 = AXIS2_PLACEMENT_3D('',#7413,#7414,#7415);
#7413 = CARTESIAN_POINT('',(2.724938966801,-2.11,0.3));
#7414 = DIRECTION('',(-1.110223024625E-16,1.,0.));
#7415 = DIRECTION('',(0.,0.,-1.));
#7416 = ORIENTED_EDGE('',*,*,#7417,.T.);
#7417 = EDGE_CURVE('',#7409,#7418,#7420,.T.);
#7418 = VERTEX_POINT('',#7419);
#7419 = CARTESIAN_POINT('',(2.545442325904,-2.11,0.7770944533));
#7420 = LINE('',#7421,#7422);
#7421 = CARTESIAN_POINT('',(2.6264581915,-2.11,0.282635182233));
#7422 = VECTOR('',#7423,1.);
#7423 = DIRECTION('',(-0.161691392282,-1.795135065956E-17,0.986841372087
    ));
#7424 = ORIENTED_EDGE('',*,*,#7425,.T.);
#7425 = EDGE_CURVE('',#7418,#7426,#7428,.T.);
#7426 = VERTEX_POINT('',#7427);
#7427 = CARTESIAN_POINT('',(2.25,-2.11,1.025));
#7428 = CIRCLE('',#7429,0.3);
#7429 = AXIS2_PLACEMENT_3D('',#7430,#7431,#7432);
#7430 = CARTESIAN_POINT('',(2.25,-2.11,0.725));
#7431 = DIRECTION('',(1.110223024625E-16,-1.,0.));
#7432 = DIRECTION('',(0.984807753012,1.093356242223E-16,0.173648177667)
  );
#7433 = ORIENTED_EDGE('',*,*,#7434,.T.);
#7434 = EDGE_CURVE('',#7426,#5280,#7435,.T.);
#7435 = LINE('',#7436,#7437);
#7436 = CARTESIAN_POINT('',(2.25,-2.11,1.025));
#7437 = VECTOR('',#7438,1.);
#7438 = DIRECTION('',(-1.,-1.110223024625E-16,0.));
#7439 = PLANE('',#7440);
#7440 = AXIS2_PLACEMENT_3D('',#7441,#7442,#7443);
#7441 = CARTESIAN_POINT('',(2.42560961319,-2.11,0.548953137803));
#7442 = DIRECTION('',(1.110223024625E-16,-1.,0.));
#7443 = DIRECTION('',(0.,0.,1.));
#7444 = ADVANCED_FACE('',(#7445),#7456,.T.);
#7445 = FACE_BOUND('',#7446,.T.);
#7446 = EDGE_LOOP('',(#7447,#7448,#7449,#7450));
#7447 = ORIENTED_EDGE('',*,*,#6479,.T.);
#7448 = ORIENTED_EDGE('',*,*,#5380,.T.);
#7449 = ORIENTED_EDGE('',*,*,#6581,.F.);
#7450 = ORIENTED_EDGE('',*,*,#7451,.F.);
#7451 = EDGE_CURVE('',#6472,#6574,#7452,.T.);
#7452 = LINE('',#7453,#7454);
#7453 = CARTESIAN_POINT('',(-2.545442325904,1.7,0.7770944533));
#7454 = VECTOR('',#7455,1.);
#7455 = DIRECTION('',(1.144237745222E-17,1.,0.));
#7456 = CYLINDRICAL_SURFACE('',#7457,0.3);
#7457 = AXIS2_PLACEMENT_3D('',#7458,#7459,#7460);
#7458 = CARTESIAN_POINT('',(-2.25,1.7,0.725));
#7459 = DIRECTION('',(-1.144237745222E-17,-1.,0.));
#7460 = DIRECTION('',(-0.984807753012,1.126854202784E-17,0.173648177667)
  );
#7461 = ADVANCED_FACE('',(#7462),#7475,.F.);
#7462 = FACE_BOUND('',#7463,.F.);
#7463 = EDGE_LOOP('',(#7464,#7465,#7471,#7472,#7473,#7474));
#7464 = ORIENTED_EDGE('',*,*,#5824,.F.);
#7465 = ORIENTED_EDGE('',*,*,#7466,.T.);
#7466 = EDGE_CURVE('',#5816,#5925,#7467,.T.);
#7467 = LINE('',#7468,#7469);
#7468 = CARTESIAN_POINT('',(-2.25,-2.11,1.025));
#7469 = VECTOR('',#7470,1.);
#7470 = DIRECTION('',(1.144237745222E-17,1.,0.));
#7471 = ORIENTED_EDGE('',*,*,#5933,.T.);
#7472 = ORIENTED_EDGE('',*,*,#5955,.T.);
#7473 = ORIENTED_EDGE('',*,*,#5427,.F.);
#7474 = ORIENTED_EDGE('',*,*,#5698,.F.);
#7475 = PLANE('',#7476);
#7476 = AXIS2_PLACEMENT_3D('',#7477,#7478,#7479);
#7477 = CARTESIAN_POINT('',(-2.25,-2.11,1.025));
#7478 = DIRECTION('',(0.,0.,-1.));
#7479 = DIRECTION('',(1.,-1.144237745222E-17,0.));
#7480 = ADVANCED_FACE('',(#7481),#7494,.F.);
#7481 = FACE_BOUND('',#7482,.F.);
#7482 = EDGE_LOOP('',(#7483,#7484,#7490,#7491,#7492,#7493));
#7483 = ORIENTED_EDGE('',*,*,#6047,.F.);
#7484 = ORIENTED_EDGE('',*,*,#7485,.T.);
#7485 = EDGE_CURVE('',#6039,#6148,#7486,.T.);
#7486 = LINE('',#7487,#7488);
#7487 = CARTESIAN_POINT('',(-2.25,-0.84,1.025));
#7488 = VECTOR('',#7489,1.);
#7489 = DIRECTION('',(1.144237745222E-17,1.,0.));
#7490 = ORIENTED_EDGE('',*,*,#6156,.T.);
#7491 = ORIENTED_EDGE('',*,*,#6178,.T.);
#7492 = ORIENTED_EDGE('',*,*,#5443,.F.);
#7493 = ORIENTED_EDGE('',*,*,#5948,.F.);
#7494 = PLANE('',#7495);
#7495 = AXIS2_PLACEMENT_3D('',#7496,#7497,#7498);
#7496 = CARTESIAN_POINT('',(-2.25,-0.84,1.025));
#7497 = DIRECTION('',(0.,0.,-1.));
#7498 = DIRECTION('',(1.,-1.144237745222E-17,0.));
#7499 = ADVANCED_FACE('',(#7500),#7513,.F.);
#7500 = FACE_BOUND('',#7501,.F.);
#7501 = EDGE_LOOP('',(#7502,#7503,#7509,#7510,#7511,#7512));
#7502 = ORIENTED_EDGE('',*,*,#6270,.F.);
#7503 = ORIENTED_EDGE('',*,*,#7504,.T.);
#7504 = EDGE_CURVE('',#6262,#6371,#7505,.T.);
#7505 = LINE('',#7506,#7507);
#7506 = CARTESIAN_POINT('',(-2.25,0.43,1.025));
#7507 = VECTOR('',#7508,1.);
#7508 = DIRECTION('',(1.144237745222E-17,1.,0.));
#7509 = ORIENTED_EDGE('',*,*,#6379,.T.);
#7510 = ORIENTED_EDGE('',*,*,#6396,.T.);
#7511 = ORIENTED_EDGE('',*,*,#5459,.F.);
#7512 = ORIENTED_EDGE('',*,*,#6171,.F.);
#7513 = PLANE('',#7514);
#7514 = AXIS2_PLACEMENT_3D('',#7515,#7516,#7517);
#7515 = CARTESIAN_POINT('',(-2.25,0.43,1.025));
#7516 = DIRECTION('',(0.,0.,-1.));
#7517 = DIRECTION('',(1.,-1.144237745222E-17,0.));
#7518 = ADVANCED_FACE('',(#7519,#7548),#7559,.F.);
#7519 = FACE_BOUND('',#7520,.F.);
#7520 = EDGE_LOOP('',(#7521,#7522,#7523,#7524,#7532,#7540,#7546,#7547));
#7521 = ORIENTED_EDGE('',*,*,#5534,.T.);
#7522 = ORIENTED_EDGE('',*,*,#5557,.T.);
#7523 = ORIENTED_EDGE('',*,*,#5644,.T.);
#7524 = ORIENTED_EDGE('',*,*,#7525,.T.);
#7525 = EDGE_CURVE('',#5638,#7526,#7528,.T.);
#7526 = VERTEX_POINT('',#7527);
#7527 = CARTESIAN_POINT('',(1.680085640382,-2.260171280765,1.75));
#7528 = LINE('',#7529,#7530);
#7529 = CARTESIAN_POINT('',(1.760171280765,-2.180085640382,1.75));
#7530 = VECTOR('',#7531,1.);
#7531 = DIRECTION('',(-0.707106781187,-0.707106781187,0.));
#7532 = ORIENTED_EDGE('',*,*,#7533,.T.);
#7533 = EDGE_CURVE('',#7526,#7534,#7536,.T.);
#7534 = VERTEX_POINT('',#7535);
#7535 = CARTESIAN_POINT('',(-1.680085640382,-2.260171280765,1.75));
#7536 = LINE('',#7537,#7538);
#7537 = CARTESIAN_POINT('',(1.680085640382,-2.260171280765,1.75));
#7538 = VECTOR('',#7539,1.);
#7539 = DIRECTION('',(-1.,-1.110223024625E-16,0.));
#7540 = ORIENTED_EDGE('',*,*,#7541,.T.);
#7541 = EDGE_CURVE('',#7534,#5483,#7542,.T.);
#7542 = LINE('',#7543,#7544);
#7543 = CARTESIAN_POINT('',(-1.680085640382,-2.260171280765,1.75));
#7544 = VECTOR('',#7545,1.);
#7545 = DIRECTION('',(-0.707106781187,0.707106781187,0.));
#7546 = ORIENTED_EDGE('',*,*,#5482,.T.);
#7547 = ORIENTED_EDGE('',*,*,#5511,.T.);
#7548 = FACE_BOUND('',#7549,.F.);
#7549 = EDGE_LOOP('',(#7550));
#7550 = ORIENTED_EDGE('',*,*,#7551,.F.);
#7551 = EDGE_CURVE('',#7552,#7552,#7554,.T.);
#7552 = VERTEX_POINT('',#7553);
#7553 = CARTESIAN_POINT('',(-1.110171280765,1.310171280765,1.75));
#7554 = CIRCLE('',#7555,0.3);
#7555 = AXIS2_PLACEMENT_3D('',#7556,#7557,#7558);
#7556 = CARTESIAN_POINT('',(-1.110171280765,1.610171280765,1.75));
#7557 = DIRECTION('',(0.,-0.,-1.));
#7558 = DIRECTION('',(1.110223024625E-16,-1.,0.));
#7559 = PLANE('',#7560);
#7560 = AXIS2_PLACEMENT_3D('',#7561,#7562,#7563);
#7561 = CARTESIAN_POINT('',(-1.680085640382,2.260171280765,1.75));
#7562 = DIRECTION('',(0.,0.,-1.));
#7563 = DIRECTION('',(0.596575959062,-0.802556617983,0.));
#7564 = ADVANCED_FACE('',(#7565),#7575,.F.);
#7565 = FACE_BOUND('',#7566,.F.);
#7566 = EDGE_LOOP('',(#7567,#7568,#7569,#7570));
#7567 = ORIENTED_EDGE('',*,*,#5705,.T.);
#7568 = ORIENTED_EDGE('',*,*,#5490,.T.);
#7569 = ORIENTED_EDGE('',*,*,#7541,.F.);
#7570 = ORIENTED_EDGE('',*,*,#7571,.F.);
#7571 = EDGE_CURVE('',#5706,#7534,#7572,.T.);
#7572 = B_SPLINE_CURVE_WITH_KNOTS('',1,(#7573,#7574),.UNSPECIFIED.,.F.,
  .F.,(2,2),(0.,1.),.PIECEWISE_BEZIER_KNOTS.);
#7573 = CARTESIAN_POINT('',(-1.7375,-2.375,1.025));
#7574 = CARTESIAN_POINT('',(-1.680085640382,-2.260171280765,1.75));
#7575 = B_SPLINE_SURFACE_WITH_KNOTS('',1,1,(
    (#7576,#7577)
    ,(#7578,#7579
    )),.UNSPECIFIED.,.F.,.F.,.F.,(2,2),(2,2),(0.,0.194454364826),(0.,1.)
  ,.PIECEWISE_BEZIER_KNOTS.);
#7576 = CARTESIAN_POINT('',(-1.7375,-2.375,1.025));
#7577 = CARTESIAN_POINT('',(-1.680085640382,-2.260171280765,1.75));
#7578 = CARTESIAN_POINT('',(-1.875,-2.2375,1.025));
#7579 = CARTESIAN_POINT('',(-1.760171280765,-2.180085640382,1.75));
#7580 = ADVANCED_FACE('',(#7581),#7594,.F.);
#7581 = FACE_BOUND('',#7582,.F.);
#7582 = EDGE_LOOP('',(#7583,#7584,#7590,#7591,#7592,#7593));
#7583 = ORIENTED_EDGE('',*,*,#6879,.F.);
#7584 = ORIENTED_EDGE('',*,*,#7585,.T.);
#7585 = EDGE_CURVE('',#6871,#6980,#7586,.T.);
#7586 = LINE('',#7587,#7588);
#7587 = CARTESIAN_POINT('',(2.25,0.84,1.025));
#7588 = VECTOR('',#7589,1.);
#7589 = DIRECTION('',(1.110223024625E-16,-1.,0.));
#7590 = ORIENTED_EDGE('',*,*,#6988,.T.);
#7591 = ORIENTED_EDGE('',*,*,#7002,.T.);
#7592 = ORIENTED_EDGE('',*,*,#5589,.F.);
#7593 = ORIENTED_EDGE('',*,*,#6786,.F.);
#7594 = PLANE('',#7595);
#7595 = AXIS2_PLACEMENT_3D('',#7596,#7597,#7598);
#7596 = CARTESIAN_POINT('',(2.25,0.84,1.025));
#7597 = DIRECTION('',(0.,0.,-1.));
#7598 = DIRECTION('',(-1.,-1.110223024625E-16,-0.));
#7599 = ADVANCED_FACE('',(#7600),#7613,.F.);
#7600 = FACE_BOUND('',#7601,.F.);
#7601 = EDGE_LOOP('',(#7602,#7603,#7609,#7610,#7611,#7612));
#7602 = ORIENTED_EDGE('',*,*,#7102,.F.);
#7603 = ORIENTED_EDGE('',*,*,#7604,.T.);
#7604 = EDGE_CURVE('',#7094,#7203,#7605,.T.);
#7605 = LINE('',#7606,#7607);
#7606 = CARTESIAN_POINT('',(2.25,-0.43,1.025));
#7607 = VECTOR('',#7608,1.);
#7608 = DIRECTION('',(1.110223024625E-16,-1.,0.));
#7609 = ORIENTED_EDGE('',*,*,#7211,.T.);
#7610 = ORIENTED_EDGE('',*,*,#7225,.T.);
#7611 = ORIENTED_EDGE('',*,*,#5605,.F.);
#7612 = ORIENTED_EDGE('',*,*,#7009,.F.);
#7613 = PLANE('',#7614);
#7614 = AXIS2_PLACEMENT_3D('',#7615,#7616,#7617);
#7615 = CARTESIAN_POINT('',(2.25,-0.43,1.025));
#7616 = DIRECTION('',(0.,0.,-1.));
#7617 = DIRECTION('',(-1.,-1.110223024625E-16,-0.));
#7618 = ADVANCED_FACE('',(#7619),#7632,.F.);
#7619 = FACE_BOUND('',#7620,.F.);
#7620 = EDGE_LOOP('',(#7621,#7622,#7628,#7629,#7630,#7631));
#7621 = ORIENTED_EDGE('',*,*,#7325,.F.);
#7622 = ORIENTED_EDGE('',*,*,#7623,.T.);
#7623 = EDGE_CURVE('',#7317,#7426,#7624,.T.);
#7624 = LINE('',#7625,#7626);
#7625 = CARTESIAN_POINT('',(2.25,-1.7,1.025));
#7626 = VECTOR('',#7627,1.);
#7627 = DIRECTION('',(1.110223024625E-16,-1.,0.));
#7628 = ORIENTED_EDGE('',*,*,#7434,.T.);
#7629 = ORIENTED_EDGE('',*,*,#5728,.T.);
#7630 = ORIENTED_EDGE('',*,*,#5621,.F.);
#7631 = ORIENTED_EDGE('',*,*,#7232,.F.);
#7632 = PLANE('',#7633);
#7633 = AXIS2_PLACEMENT_3D('',#7634,#7635,#7636);
#7634 = CARTESIAN_POINT('',(2.25,-1.7,1.025));
#7635 = DIRECTION('',(0.,0.,-1.));
#7636 = DIRECTION('',(-1.,-1.110223024625E-16,-0.));
#7637 = ADVANCED_FACE('',(#7638),#7648,.F.);
#7638 = FACE_BOUND('',#7639,.F.);
#7639 = EDGE_LOOP('',(#7640,#7641,#7646,#7647));
#7640 = ORIENTED_EDGE('',*,*,#5721,.T.);
#7641 = ORIENTED_EDGE('',*,*,#7642,.T.);
#7642 = EDGE_CURVE('',#5714,#7526,#7643,.T.);
#7643 = B_SPLINE_CURVE_WITH_KNOTS('',1,(#7644,#7645),.UNSPECIFIED.,.F.,
  .F.,(2,2),(0.,1.),.PIECEWISE_BEZIER_KNOTS.);
#7644 = CARTESIAN_POINT('',(1.7375,-2.375,1.025));
#7645 = CARTESIAN_POINT('',(1.680085640382,-2.260171280765,1.75));
#7646 = ORIENTED_EDGE('',*,*,#7525,.F.);
#7647 = ORIENTED_EDGE('',*,*,#5637,.F.);
#7648 = B_SPLINE_SURFACE_WITH_KNOTS('',1,1,(
    (#7649,#7650)
    ,(#7651,#7652
    )),.UNSPECIFIED.,.F.,.F.,.F.,(2,2),(2,2),(0.,0.194454364826),(0.,1.)
  ,.PIECEWISE_BEZIER_KNOTS.);
#7649 = CARTESIAN_POINT('',(1.875,-2.2375,1.025));
#7650 = CARTESIAN_POINT('',(1.760171280765,-2.180085640382,1.75));
#7651 = CARTESIAN_POINT('',(1.7375,-2.375,1.025));
#7652 = CARTESIAN_POINT('',(1.680085640382,-2.260171280765,1.75));
#7653 = ADVANCED_FACE('',(#7654),#7665,.T.);
#7654 = FACE_BOUND('',#7655,.T.);
#7655 = EDGE_LOOP('',(#7656,#7657,#7658,#7659));
#7656 = ORIENTED_EDGE('',*,*,#6666,.T.);
#7657 = ORIENTED_EDGE('',*,*,#5667,.T.);
#7658 = ORIENTED_EDGE('',*,*,#6768,.F.);
#7659 = ORIENTED_EDGE('',*,*,#7660,.F.);
#7660 = EDGE_CURVE('',#6659,#6761,#7661,.T.);
#7661 = LINE('',#7662,#7663);
#7662 = CARTESIAN_POINT('',(2.545442325904,2.11,0.7770944533));
#7663 = VECTOR('',#7664,1.);
#7664 = DIRECTION('',(1.110223024625E-16,-1.,0.));
#7665 = CYLINDRICAL_SURFACE('',#7666,0.3);
#7666 = AXIS2_PLACEMENT_3D('',#7667,#7668,#7669);
#7667 = CARTESIAN_POINT('',(2.25,2.11,0.725));
#7668 = DIRECTION('',(-1.110223024625E-16,1.,0.));
#7669 = DIRECTION('',(0.984807753012,1.093356242223E-16,0.173648177667)
  );
#7670 = ADVANCED_FACE('',(#7671),#7677,.F.);
#7671 = FACE_BOUND('',#7672,.F.);
#7672 = EDGE_LOOP('',(#7673,#7674,#7675,#7676));
#7673 = ORIENTED_EDGE('',*,*,#5713,.T.);
#7674 = ORIENTED_EDGE('',*,*,#7571,.T.);
#7675 = ORIENTED_EDGE('',*,*,#7533,.F.);
#7676 = ORIENTED_EDGE('',*,*,#7642,.F.);
#7677 = B_SPLINE_SURFACE_WITH_KNOTS('',1,1,(
    (#7678,#7679)
    ,(#7680,#7681
    )),.UNSPECIFIED.,.F.,.F.,.F.,(2,2),(2,2),(0.,3.475),(0.,1.),
  .PIECEWISE_BEZIER_KNOTS.);
#7678 = CARTESIAN_POINT('',(1.7375,-2.375,1.025));
#7679 = CARTESIAN_POINT('',(1.680085640382,-2.260171280765,1.75));
#7680 = CARTESIAN_POINT('',(-1.7375,-2.375,1.025));
#7681 = CARTESIAN_POINT('',(-1.680085640382,-2.260171280765,1.75));
#7682 = ADVANCED_FACE('',(#7683),#7694,.T.);
#7683 = FACE_BOUND('',#7684,.T.);
#7684 = EDGE_LOOP('',(#7685,#7686,#7687,#7688));
#7685 = ORIENTED_EDGE('',*,*,#5815,.T.);
#7686 = ORIENTED_EDGE('',*,*,#7466,.T.);
#7687 = ORIENTED_EDGE('',*,*,#5924,.F.);
#7688 = ORIENTED_EDGE('',*,*,#7689,.F.);
#7689 = EDGE_CURVE('',#5808,#5917,#7690,.T.);
#7690 = LINE('',#7691,#7692);
#7691 = CARTESIAN_POINT('',(-2.545442325904,-2.11,0.7770944533));
#7692 = VECTOR('',#7693,1.);
#7693 = DIRECTION('',(1.144237745222E-17,1.,0.));
#7694 = CYLINDRICAL_SURFACE('',#7695,0.3);
#7695 = AXIS2_PLACEMENT_3D('',#7696,#7697,#7698);
#7696 = CARTESIAN_POINT('',(-2.25,-2.11,0.725));
#7697 = DIRECTION('',(-1.144237745222E-17,-1.,0.));
#7698 = DIRECTION('',(-0.984807753012,1.126854202784E-17,0.173648177667)
  );
#7699 = ADVANCED_FACE('',(#7700),#7711,.F.);
#7700 = FACE_BOUND('',#7701,.F.);
#7701 = EDGE_LOOP('',(#7702,#7708,#7709,#7710));
#7702 = ORIENTED_EDGE('',*,*,#7703,.T.);
#7703 = EDGE_CURVE('',#5799,#5908,#7704,.T.);
#7704 = LINE('',#7705,#7706);
#7705 = CARTESIAN_POINT('',(-2.6264581915,-2.11,0.282635182233));
#7706 = VECTOR('',#7707,1.);
#7707 = DIRECTION('',(1.144237745222E-17,1.,0.));
#7708 = ORIENTED_EDGE('',*,*,#5916,.T.);
#7709 = ORIENTED_EDGE('',*,*,#7689,.F.);
#7710 = ORIENTED_EDGE('',*,*,#5807,.F.);
#7711 = PLANE('',#7712);
#7712 = AXIS2_PLACEMENT_3D('',#7713,#7714,#7715);
#7713 = CARTESIAN_POINT('',(-2.6264581915,-2.11,0.282635182233));
#7714 = DIRECTION('',(0.986841372087,-1.129181146488E-17,-0.161691392282
    ));
#7715 = DIRECTION('',(0.161691392282,-1.85013394127E-18,0.986841372087)
  );
#7716 = ADVANCED_FACE('',(#7717),#7728,.F.);
#7717 = FACE_BOUND('',#7718,.F.);
#7718 = EDGE_LOOP('',(#7719,#7725,#7726,#7727));
#7719 = ORIENTED_EDGE('',*,*,#7720,.T.);
#7720 = EDGE_CURVE('',#5791,#5900,#7721,.T.);
#7721 = LINE('',#7722,#7723);
#7722 = CARTESIAN_POINT('',(-2.724938966801,-2.11,0.2));
#7723 = VECTOR('',#7724,1.);
#7724 = DIRECTION('',(1.144237745222E-17,1.,0.));
#7725 = ORIENTED_EDGE('',*,*,#5907,.T.);
#7726 = ORIENTED_EDGE('',*,*,#7703,.F.);
#7727 = ORIENTED_EDGE('',*,*,#5798,.F.);
#7728 = CYLINDRICAL_SURFACE('',#7729,0.1);
#7729 = AXIS2_PLACEMENT_3D('',#7730,#7731,#7732);
#7730 = CARTESIAN_POINT('',(-2.724938966801,-2.11,0.3));
#7731 = DIRECTION('',(-1.144237745222E-17,-1.,0.));
#7732 = DIRECTION('',(-0.,0.,-1.));
#7733 = ADVANCED_FACE('',(#7734),#7745,.F.);
#7734 = FACE_BOUND('',#7735,.F.);
#7735 = EDGE_LOOP('',(#7736,#7742,#7743,#7744));
#7736 = ORIENTED_EDGE('',*,*,#7737,.T.);
#7737 = EDGE_CURVE('',#5783,#5892,#7738,.T.);
#7738 = LINE('',#7739,#7740);
#7739 = CARTESIAN_POINT('',(-3.,-2.11,0.2));
#7740 = VECTOR('',#7741,1.);
#7741 = DIRECTION('',(1.144237745222E-17,1.,0.));
#7742 = ORIENTED_EDGE('',*,*,#5899,.T.);
#7743 = ORIENTED_EDGE('',*,*,#7720,.F.);
#7744 = ORIENTED_EDGE('',*,*,#5790,.F.);
#7745 = PLANE('',#7746);
#7746 = AXIS2_PLACEMENT_3D('',#7747,#7748,#7749);
#7747 = CARTESIAN_POINT('',(-3.,-2.11,0.2));
#7748 = DIRECTION('',(0.,0.,-1.));
#7749 = DIRECTION('',(1.,-1.144237745222E-17,0.));
#7750 = ADVANCED_FACE('',(#7751),#7762,.F.);
#7751 = FACE_BOUND('',#7752,.F.);
#7752 = EDGE_LOOP('',(#7753,#7759,#7760,#7761));
#7753 = ORIENTED_EDGE('',*,*,#7754,.T.);
#7754 = EDGE_CURVE('',#5775,#5884,#7755,.T.);
#7755 = LINE('',#7756,#7757);
#7756 = CARTESIAN_POINT('',(-3.,-2.11,-1.665334536938E-16));
#7757 = VECTOR('',#7758,1.);
#7758 = DIRECTION('',(1.144237745222E-17,1.,0.));
#7759 = ORIENTED_EDGE('',*,*,#5891,.T.);
#7760 = ORIENTED_EDGE('',*,*,#7737,.F.);
#7761 = ORIENTED_EDGE('',*,*,#5782,.F.);
#7762 = PLANE('',#7763);
#7763 = AXIS2_PLACEMENT_3D('',#7764,#7765,#7766);
#7764 = CARTESIAN_POINT('',(-3.,-2.11,-1.665334536938E-16));
#7765 = DIRECTION('',(1.,-1.144237745222E-17,0.));
#7766 = DIRECTION('',(0.,0.,1.));
#7767 = ADVANCED_FACE('',(#7768),#7779,.F.);
#7768 = FACE_BOUND('',#7769,.F.);
#7769 = EDGE_LOOP('',(#7770,#7776,#7777,#7778));
#7770 = ORIENTED_EDGE('',*,*,#7771,.T.);
#7771 = EDGE_CURVE('',#5766,#5875,#7772,.T.);
#7772 = LINE('',#7773,#7774);
#7773 = CARTESIAN_POINT('',(-2.724938966801,-2.11,-1.665334536938E-16));
#7774 = VECTOR('',#7775,1.);
#7775 = DIRECTION('',(1.144237745222E-17,1.,0.));
#7776 = ORIENTED_EDGE('',*,*,#5883,.T.);
#7777 = ORIENTED_EDGE('',*,*,#7754,.F.);
#7778 = ORIENTED_EDGE('',*,*,#5774,.F.);
#7779 = PLANE('',#7780);
#7780 = AXIS2_PLACEMENT_3D('',#7781,#7782,#7783);
#7781 = CARTESIAN_POINT('',(-2.724938966801,-2.11,-1.665334536938E-16));
#7782 = DIRECTION('',(0.,0.,1.));
#7783 = DIRECTION('',(-1.,1.144237745222E-17,0.));
#7784 = ADVANCED_FACE('',(#7785),#7796,.T.);
#7785 = FACE_BOUND('',#7786,.T.);
#7786 = EDGE_LOOP('',(#7787,#7788,#7789,#7790));
#7787 = ORIENTED_EDGE('',*,*,#5765,.T.);
#7788 = ORIENTED_EDGE('',*,*,#7771,.T.);
#7789 = ORIENTED_EDGE('',*,*,#5874,.F.);
#7790 = ORIENTED_EDGE('',*,*,#7791,.F.);
#7791 = EDGE_CURVE('',#5758,#5867,#7792,.T.);
#7792 = LINE('',#7793,#7794);
#7793 = CARTESIAN_POINT('',(-2.429496640897,-2.11,0.2479055467));
#7794 = VECTOR('',#7795,1.);
#7795 = DIRECTION('',(1.144237745222E-17,1.,0.));
#7796 = CYLINDRICAL_SURFACE('',#7797,0.3);
#7797 = AXIS2_PLACEMENT_3D('',#7798,#7799,#7800);
#7798 = CARTESIAN_POINT('',(-2.724938966801,-2.11,0.3));
#7799 = DIRECTION('',(-1.144237745222E-17,-1.,0.));
#7800 = DIRECTION('',(0.984807753012,-1.126854202784E-17,-0.173648177667
    ));
#7801 = ADVANCED_FACE('',(#7802),#7808,.F.);
#7802 = FACE_BOUND('',#7803,.F.);
#7803 = EDGE_LOOP('',(#7804,#7805,#7806,#7807));
#7804 = ORIENTED_EDGE('',*,*,#5848,.T.);
#7805 = ORIENTED_EDGE('',*,*,#5866,.T.);
#7806 = ORIENTED_EDGE('',*,*,#7791,.F.);
#7807 = ORIENTED_EDGE('',*,*,#5757,.F.);
#7808 = PLANE('',#7809);
#7809 = AXIS2_PLACEMENT_3D('',#7810,#7811,#7812);
#7810 = CARTESIAN_POINT('',(-2.348480775301,-2.11,0.742364817767));
#7811 = DIRECTION('',(-0.986841372087,1.129181146488E-17,0.161691392282)
  );
#7812 = DIRECTION('',(-0.161691392282,1.85013394127E-18,-0.986841372087)
  );
#7813 = ADVANCED_FACE('',(#7814),#7825,.T.);
#7814 = FACE_BOUND('',#7815,.T.);
#7815 = EDGE_LOOP('',(#7816,#7817,#7818,#7819));
#7816 = ORIENTED_EDGE('',*,*,#6038,.T.);
#7817 = ORIENTED_EDGE('',*,*,#7485,.T.);
#7818 = ORIENTED_EDGE('',*,*,#6147,.F.);
#7819 = ORIENTED_EDGE('',*,*,#7820,.F.);
#7820 = EDGE_CURVE('',#6031,#6140,#7821,.T.);
#7821 = LINE('',#7822,#7823);
#7822 = CARTESIAN_POINT('',(-2.545442325904,-0.84,0.7770944533));
#7823 = VECTOR('',#7824,1.);
#7824 = DIRECTION('',(1.144237745222E-17,1.,0.));
#7825 = CYLINDRICAL_SURFACE('',#7826,0.3);
#7826 = AXIS2_PLACEMENT_3D('',#7827,#7828,#7829);
#7827 = CARTESIAN_POINT('',(-2.25,-0.84,0.725));
#7828 = DIRECTION('',(-1.144237745222E-17,-1.,0.));
#7829 = DIRECTION('',(-0.984807753012,1.126854202784E-17,0.173648177667)
  );
#7830 = ADVANCED_FACE('',(#7831),#7842,.F.);
#7831 = FACE_BOUND('',#7832,.F.);
#7832 = EDGE_LOOP('',(#7833,#7839,#7840,#7841));
#7833 = ORIENTED_EDGE('',*,*,#7834,.T.);
#7834 = EDGE_CURVE('',#6022,#6131,#7835,.T.);
#7835 = LINE('',#7836,#7837);
#7836 = CARTESIAN_POINT('',(-2.6264581915,-0.84,0.282635182233));
#7837 = VECTOR('',#7838,1.);
#7838 = DIRECTION('',(1.144237745222E-17,1.,0.));
#7839 = ORIENTED_EDGE('',*,*,#6139,.T.);
#7840 = ORIENTED_EDGE('',*,*,#7820,.F.);
#7841 = ORIENTED_EDGE('',*,*,#6030,.F.);
#7842 = PLANE('',#7843);
#7843 = AXIS2_PLACEMENT_3D('',#7844,#7845,#7846);
#7844 = CARTESIAN_POINT('',(-2.6264581915,-0.84,0.282635182233));
#7845 = DIRECTION('',(0.986841372087,-1.129181146488E-17,-0.161691392282
    ));
#7846 = DIRECTION('',(0.161691392282,-1.85013394127E-18,0.986841372087)
  );
#7847 = ADVANCED_FACE('',(#7848),#7859,.F.);
#7848 = FACE_BOUND('',#7849,.F.);
#7849 = EDGE_LOOP('',(#7850,#7856,#7857,#7858));
#7850 = ORIENTED_EDGE('',*,*,#7851,.T.);
#7851 = EDGE_CURVE('',#6014,#6123,#7852,.T.);
#7852 = LINE('',#7853,#7854);
#7853 = CARTESIAN_POINT('',(-2.724938966801,-0.84,0.2));
#7854 = VECTOR('',#7855,1.);
#7855 = DIRECTION('',(1.144237745222E-17,1.,0.));
#7856 = ORIENTED_EDGE('',*,*,#6130,.T.);
#7857 = ORIENTED_EDGE('',*,*,#7834,.F.);
#7858 = ORIENTED_EDGE('',*,*,#6021,.F.);
#7859 = CYLINDRICAL_SURFACE('',#7860,0.1);
#7860 = AXIS2_PLACEMENT_3D('',#7861,#7862,#7863);
#7861 = CARTESIAN_POINT('',(-2.724938966801,-0.84,0.3));
#7862 = DIRECTION('',(-1.144237745222E-17,-1.,0.));
#7863 = DIRECTION('',(-0.,0.,-1.));
#7864 = ADVANCED_FACE('',(#7865),#7876,.F.);
#7865 = FACE_BOUND('',#7866,.F.);
#7866 = EDGE_LOOP('',(#7867,#7873,#7874,#7875));
#7867 = ORIENTED_EDGE('',*,*,#7868,.T.);
#7868 = EDGE_CURVE('',#6006,#6115,#7869,.T.);
#7869 = LINE('',#7870,#7871);
#7870 = CARTESIAN_POINT('',(-3.,-0.84,0.2));
#7871 = VECTOR('',#7872,1.);
#7872 = DIRECTION('',(1.144237745222E-17,1.,0.));
#7873 = ORIENTED_EDGE('',*,*,#6122,.T.);
#7874 = ORIENTED_EDGE('',*,*,#7851,.F.);
#7875 = ORIENTED_EDGE('',*,*,#6013,.F.);
#7876 = PLANE('',#7877);
#7877 = AXIS2_PLACEMENT_3D('',#7878,#7879,#7880);
#7878 = CARTESIAN_POINT('',(-3.,-0.84,0.2));
#7879 = DIRECTION('',(0.,0.,-1.));
#7880 = DIRECTION('',(1.,-1.144237745222E-17,0.));
#7881 = ADVANCED_FACE('',(#7882),#7893,.F.);
#7882 = FACE_BOUND('',#7883,.F.);
#7883 = EDGE_LOOP('',(#7884,#7890,#7891,#7892));
#7884 = ORIENTED_EDGE('',*,*,#7885,.T.);
#7885 = EDGE_CURVE('',#5998,#6107,#7886,.T.);
#7886 = LINE('',#7887,#7888);
#7887 = CARTESIAN_POINT('',(-3.,-0.84,-1.665334536938E-16));
#7888 = VECTOR('',#7889,1.);
#7889 = DIRECTION('',(1.144237745222E-17,1.,0.));
#7890 = ORIENTED_EDGE('',*,*,#6114,.T.);
#7891 = ORIENTED_EDGE('',*,*,#7868,.F.);
#7892 = ORIENTED_EDGE('',*,*,#6005,.F.);
#7893 = PLANE('',#7894);
#7894 = AXIS2_PLACEMENT_3D('',#7895,#7896,#7897);
#7895 = CARTESIAN_POINT('',(-3.,-0.84,-1.665334536938E-16));
#7896 = DIRECTION('',(1.,-1.144237745222E-17,0.));
#7897 = DIRECTION('',(0.,0.,1.));
#7898 = ADVANCED_FACE('',(#7899),#7910,.F.);
#7899 = FACE_BOUND('',#7900,.F.);
#7900 = EDGE_LOOP('',(#7901,#7907,#7908,#7909));
#7901 = ORIENTED_EDGE('',*,*,#7902,.T.);
#7902 = EDGE_CURVE('',#5989,#6098,#7903,.T.);
#7903 = LINE('',#7904,#7905);
#7904 = CARTESIAN_POINT('',(-2.724938966801,-0.84,-1.665334536938E-16));
#7905 = VECTOR('',#7906,1.);
#7906 = DIRECTION('',(1.144237745222E-17,1.,0.));
#7907 = ORIENTED_EDGE('',*,*,#6106,.T.);
#7908 = ORIENTED_EDGE('',*,*,#7885,.F.);
#7909 = ORIENTED_EDGE('',*,*,#5997,.F.);
#7910 = PLANE('',#7911);
#7911 = AXIS2_PLACEMENT_3D('',#7912,#7913,#7914);
#7912 = CARTESIAN_POINT('',(-2.724938966801,-0.84,-1.665334536938E-16));
#7913 = DIRECTION('',(0.,0.,1.));
#7914 = DIRECTION('',(-1.,1.144237745222E-17,0.));
#7915 = ADVANCED_FACE('',(#7916),#7927,.T.);
#7916 = FACE_BOUND('',#7917,.T.);
#7917 = EDGE_LOOP('',(#7918,#7919,#7920,#7921));
#7918 = ORIENTED_EDGE('',*,*,#5988,.T.);
#7919 = ORIENTED_EDGE('',*,*,#7902,.T.);
#7920 = ORIENTED_EDGE('',*,*,#6097,.F.);
#7921 = ORIENTED_EDGE('',*,*,#7922,.F.);
#7922 = EDGE_CURVE('',#5981,#6090,#7923,.T.);
#7923 = LINE('',#7924,#7925);
#7924 = CARTESIAN_POINT('',(-2.429496640897,-0.84,0.2479055467));
#7925 = VECTOR('',#7926,1.);
#7926 = DIRECTION('',(1.144237745222E-17,1.,0.));
#7927 = CYLINDRICAL_SURFACE('',#7928,0.3);
#7928 = AXIS2_PLACEMENT_3D('',#7929,#7930,#7931);
#7929 = CARTESIAN_POINT('',(-2.724938966801,-0.84,0.3));
#7930 = DIRECTION('',(-1.144237745222E-17,-1.,0.));
#7931 = DIRECTION('',(0.984807753012,-1.126854202784E-17,-0.173648177667
    ));
#7932 = ADVANCED_FACE('',(#7933),#7939,.F.);
#7933 = FACE_BOUND('',#7934,.F.);
#7934 = EDGE_LOOP('',(#7935,#7936,#7937,#7938));
#7935 = ORIENTED_EDGE('',*,*,#6071,.T.);
#7936 = ORIENTED_EDGE('',*,*,#6089,.T.);
#7937 = ORIENTED_EDGE('',*,*,#7922,.F.);
#7938 = ORIENTED_EDGE('',*,*,#5980,.F.);
#7939 = PLANE('',#7940);
#7940 = AXIS2_PLACEMENT_3D('',#7941,#7942,#7943);
#7941 = CARTESIAN_POINT('',(-2.348480775301,-0.84,0.742364817767));
#7942 = DIRECTION('',(-0.986841372087,1.129181146488E-17,0.161691392282)
  );
#7943 = DIRECTION('',(-0.161691392282,1.85013394127E-18,-0.986841372087)
  );
#7944 = ADVANCED_FACE('',(#7945),#7956,.T.);
#7945 = FACE_BOUND('',#7946,.T.);
#7946 = EDGE_LOOP('',(#7947,#7948,#7949,#7950));
#7947 = ORIENTED_EDGE('',*,*,#6261,.T.);
#7948 = ORIENTED_EDGE('',*,*,#7504,.T.);
#7949 = ORIENTED_EDGE('',*,*,#6370,.F.);
#7950 = ORIENTED_EDGE('',*,*,#7951,.F.);
#7951 = EDGE_CURVE('',#6254,#6363,#7952,.T.);
#7952 = LINE('',#7953,#7954);
#7953 = CARTESIAN_POINT('',(-2.545442325904,0.43,0.7770944533));
#7954 = VECTOR('',#7955,1.);
#7955 = DIRECTION('',(1.144237745222E-17,1.,0.));
#7956 = CYLINDRICAL_SURFACE('',#7957,0.3);
#7957 = AXIS2_PLACEMENT_3D('',#7958,#7959,#7960);
#7958 = CARTESIAN_POINT('',(-2.25,0.43,0.725));
#7959 = DIRECTION('',(-1.144237745222E-17,-1.,0.));
#7960 = DIRECTION('',(-0.984807753012,1.126854202784E-17,0.173648177667)
  );
#7961 = ADVANCED_FACE('',(#7962),#7973,.F.);
#7962 = FACE_BOUND('',#7963,.F.);
#7963 = EDGE_LOOP('',(#7964,#7970,#7971,#7972));
#7964 = ORIENTED_EDGE('',*,*,#7965,.T.);
#7965 = EDGE_CURVE('',#6245,#6354,#7966,.T.);
#7966 = LINE('',#7967,#7968);
#7967 = CARTESIAN_POINT('',(-2.6264581915,0.43,0.282635182233));
#7968 = VECTOR('',#7969,1.);
#7969 = DIRECTION('',(1.144237745222E-17,1.,0.));
#7970 = ORIENTED_EDGE('',*,*,#6362,.T.);
#7971 = ORIENTED_EDGE('',*,*,#7951,.F.);
#7972 = ORIENTED_EDGE('',*,*,#6253,.F.);
#7973 = PLANE('',#7974);
#7974 = AXIS2_PLACEMENT_3D('',#7975,#7976,#7977);
#7975 = CARTESIAN_POINT('',(-2.6264581915,0.43,0.282635182233));
#7976 = DIRECTION('',(0.986841372087,-1.129181146488E-17,-0.161691392282
    ));
#7977 = DIRECTION('',(0.161691392282,-1.85013394127E-18,0.986841372087)
  );
#7978 = ADVANCED_FACE('',(#7979),#7990,.F.);
#7979 = FACE_BOUND('',#7980,.F.);
#7980 = EDGE_LOOP('',(#7981,#7987,#7988,#7989));
#7981 = ORIENTED_EDGE('',*,*,#7982,.T.);
#7982 = EDGE_CURVE('',#6237,#6346,#7983,.T.);
#7983 = LINE('',#7984,#7985);
#7984 = CARTESIAN_POINT('',(-2.724938966801,0.43,0.2));
#7985 = VECTOR('',#7986,1.);
#7986 = DIRECTION('',(1.144237745222E-17,1.,0.));
#7987 = ORIENTED_EDGE('',*,*,#6353,.T.);
#7988 = ORIENTED_EDGE('',*,*,#7965,.F.);
#7989 = ORIENTED_EDGE('',*,*,#6244,.F.);
#7990 = CYLINDRICAL_SURFACE('',#7991,0.1);
#7991 = AXIS2_PLACEMENT_3D('',#7992,#7993,#7994);
#7992 = CARTESIAN_POINT('',(-2.724938966801,0.43,0.3));
#7993 = DIRECTION('',(-1.144237745222E-17,-1.,0.));
#7994 = DIRECTION('',(-0.,0.,-1.));
#7995 = ADVANCED_FACE('',(#7996),#8007,.F.);
#7996 = FACE_BOUND('',#7997,.F.);
#7997 = EDGE_LOOP('',(#7998,#8004,#8005,#8006));
#7998 = ORIENTED_EDGE('',*,*,#7999,.T.);
#7999 = EDGE_CURVE('',#6229,#6338,#8000,.T.);
#8000 = LINE('',#8001,#8002);
#8001 = CARTESIAN_POINT('',(-3.,0.43,0.2));
#8002 = VECTOR('',#8003,1.);
#8003 = DIRECTION('',(1.144237745222E-17,1.,0.));
#8004 = ORIENTED_EDGE('',*,*,#6345,.T.);
#8005 = ORIENTED_EDGE('',*,*,#7982,.F.);
#8006 = ORIENTED_EDGE('',*,*,#6236,.F.);
#8007 = PLANE('',#8008);
#8008 = AXIS2_PLACEMENT_3D('',#8009,#8010,#8011);
#8009 = CARTESIAN_POINT('',(-3.,0.43,0.2));
#8010 = DIRECTION('',(0.,0.,-1.));
#8011 = DIRECTION('',(1.,-1.144237745222E-17,0.));
#8012 = ADVANCED_FACE('',(#8013),#8024,.F.);
#8013 = FACE_BOUND('',#8014,.F.);
#8014 = EDGE_LOOP('',(#8015,#8021,#8022,#8023));
#8015 = ORIENTED_EDGE('',*,*,#8016,.T.);
#8016 = EDGE_CURVE('',#6221,#6330,#8017,.T.);
#8017 = LINE('',#8018,#8019);
#8018 = CARTESIAN_POINT('',(-3.,0.43,-1.665334536938E-16));
#8019 = VECTOR('',#8020,1.);
#8020 = DIRECTION('',(1.144237745222E-17,1.,0.));
#8021 = ORIENTED_EDGE('',*,*,#6337,.T.);
#8022 = ORIENTED_EDGE('',*,*,#7999,.F.);
#8023 = ORIENTED_EDGE('',*,*,#6228,.F.);
#8024 = PLANE('',#8025);
#8025 = AXIS2_PLACEMENT_3D('',#8026,#8027,#8028);
#8026 = CARTESIAN_POINT('',(-3.,0.43,-1.665334536938E-16));
#8027 = DIRECTION('',(1.,-1.144237745222E-17,0.));
#8028 = DIRECTION('',(0.,0.,1.));
#8029 = ADVANCED_FACE('',(#8030),#8041,.F.);
#8030 = FACE_BOUND('',#8031,.F.);
#8031 = EDGE_LOOP('',(#8032,#8038,#8039,#8040));
#8032 = ORIENTED_EDGE('',*,*,#8033,.T.);
#8033 = EDGE_CURVE('',#6212,#6321,#8034,.T.);
#8034 = LINE('',#8035,#8036);
#8035 = CARTESIAN_POINT('',(-2.724938966801,0.43,-1.665334536938E-16));
#8036 = VECTOR('',#8037,1.);
#8037 = DIRECTION('',(1.144237745222E-17,1.,0.));
#8038 = ORIENTED_EDGE('',*,*,#6329,.T.);
#8039 = ORIENTED_EDGE('',*,*,#8016,.F.);
#8040 = ORIENTED_EDGE('',*,*,#6220,.F.);
#8041 = PLANE('',#8042);
#8042 = AXIS2_PLACEMENT_3D('',#8043,#8044,#8045);
#8043 = CARTESIAN_POINT('',(-2.724938966801,0.43,-1.665334536938E-16));
#8044 = DIRECTION('',(0.,0.,1.));
#8045 = DIRECTION('',(-1.,1.144237745222E-17,0.));
#8046 = ADVANCED_FACE('',(#8047),#8058,.T.);
#8047 = FACE_BOUND('',#8048,.T.);
#8048 = EDGE_LOOP('',(#8049,#8050,#8051,#8052));
#8049 = ORIENTED_EDGE('',*,*,#6211,.T.);
#8050 = ORIENTED_EDGE('',*,*,#8033,.T.);
#8051 = ORIENTED_EDGE('',*,*,#6320,.F.);
#8052 = ORIENTED_EDGE('',*,*,#8053,.F.);
#8053 = EDGE_CURVE('',#6204,#6313,#8054,.T.);
#8054 = LINE('',#8055,#8056);
#8055 = CARTESIAN_POINT('',(-2.429496640897,0.43,0.2479055467));
#8056 = VECTOR('',#8057,1.);
#8057 = DIRECTION('',(1.144237745222E-17,1.,0.));
#8058 = CYLINDRICAL_SURFACE('',#8059,0.3);
#8059 = AXIS2_PLACEMENT_3D('',#8060,#8061,#8062);
#8060 = CARTESIAN_POINT('',(-2.724938966801,0.43,0.3));
#8061 = DIRECTION('',(-1.144237745222E-17,-1.,0.));
#8062 = DIRECTION('',(0.984807753012,-1.126854202784E-17,-0.173648177667
    ));
#8063 = ADVANCED_FACE('',(#8064),#8070,.F.);
#8064 = FACE_BOUND('',#8065,.F.);
#8065 = EDGE_LOOP('',(#8066,#8067,#8068,#8069));
#8066 = ORIENTED_EDGE('',*,*,#6294,.T.);
#8067 = ORIENTED_EDGE('',*,*,#6312,.T.);
#8068 = ORIENTED_EDGE('',*,*,#8053,.F.);
#8069 = ORIENTED_EDGE('',*,*,#6203,.F.);
#8070 = PLANE('',#8071);
#8071 = AXIS2_PLACEMENT_3D('',#8072,#8073,#8074);
#8072 = CARTESIAN_POINT('',(-2.348480775301,0.43,0.742364817767));
#8073 = DIRECTION('',(-0.986841372087,1.129181146488E-17,0.161691392282)
  );
#8074 = DIRECTION('',(-0.161691392282,1.85013394127E-18,-0.986841372087)
  );
#8075 = ADVANCED_FACE('',(#8076),#8087,.F.);
#8076 = FACE_BOUND('',#8077,.F.);
#8077 = EDGE_LOOP('',(#8078,#8084,#8085,#8086));
#8078 = ORIENTED_EDGE('',*,*,#8079,.T.);
#8079 = EDGE_CURVE('',#6463,#6565,#8080,.T.);
#8080 = LINE('',#8081,#8082);
#8081 = CARTESIAN_POINT('',(-2.6264581915,1.7,0.282635182233));
#8082 = VECTOR('',#8083,1.);
#8083 = DIRECTION('',(1.144237745222E-17,1.,0.));
#8084 = ORIENTED_EDGE('',*,*,#6573,.T.);
#8085 = ORIENTED_EDGE('',*,*,#7451,.F.);
#8086 = ORIENTED_EDGE('',*,*,#6471,.F.);
#8087 = PLANE('',#8088);
#8088 = AXIS2_PLACEMENT_3D('',#8089,#8090,#8091);
#8089 = CARTESIAN_POINT('',(-2.6264581915,1.7,0.282635182233));
#8090 = DIRECTION('',(0.986841372087,-1.129181146488E-17,-0.161691392282
    ));
#8091 = DIRECTION('',(0.161691392282,-1.85013394127E-18,0.986841372087)
  );
#8092 = ADVANCED_FACE('',(#8093),#8104,.F.);
#8093 = FACE_BOUND('',#8094,.F.);
#8094 = EDGE_LOOP('',(#8095,#8101,#8102,#8103));
#8095 = ORIENTED_EDGE('',*,*,#8096,.T.);
#8096 = EDGE_CURVE('',#6455,#6557,#8097,.T.);
#8097 = LINE('',#8098,#8099);
#8098 = CARTESIAN_POINT('',(-2.724938966801,1.7,0.2));
#8099 = VECTOR('',#8100,1.);
#8100 = DIRECTION('',(1.144237745222E-17,1.,0.));
#8101 = ORIENTED_EDGE('',*,*,#6564,.T.);
#8102 = ORIENTED_EDGE('',*,*,#8079,.F.);
#8103 = ORIENTED_EDGE('',*,*,#6462,.F.);
#8104 = CYLINDRICAL_SURFACE('',#8105,0.1);
#8105 = AXIS2_PLACEMENT_3D('',#8106,#8107,#8108);
#8106 = CARTESIAN_POINT('',(-2.724938966801,1.7,0.3));
#8107 = DIRECTION('',(-1.144237745222E-17,-1.,0.));
#8108 = DIRECTION('',(-0.,0.,-1.));
#8109 = ADVANCED_FACE('',(#8110),#8121,.F.);
#8110 = FACE_BOUND('',#8111,.F.);
#8111 = EDGE_LOOP('',(#8112,#8118,#8119,#8120));
#8112 = ORIENTED_EDGE('',*,*,#8113,.T.);
#8113 = EDGE_CURVE('',#6447,#6549,#8114,.T.);
#8114 = LINE('',#8115,#8116);
#8115 = CARTESIAN_POINT('',(-3.,1.7,0.2));
#8116 = VECTOR('',#8117,1.);
#8117 = DIRECTION('',(1.144237745222E-17,1.,0.));
#8118 = ORIENTED_EDGE('',*,*,#6556,.T.);
#8119 = ORIENTED_EDGE('',*,*,#8096,.F.);
#8120 = ORIENTED_EDGE('',*,*,#6454,.F.);
#8121 = PLANE('',#8122);
#8122 = AXIS2_PLACEMENT_3D('',#8123,#8124,#8125);
#8123 = CARTESIAN_POINT('',(-3.,1.7,0.2));
#8124 = DIRECTION('',(0.,0.,-1.));
#8125 = DIRECTION('',(1.,-1.144237745222E-17,0.));
#8126 = ADVANCED_FACE('',(#8127),#8138,.F.);
#8127 = FACE_BOUND('',#8128,.F.);
#8128 = EDGE_LOOP('',(#8129,#8135,#8136,#8137));
#8129 = ORIENTED_EDGE('',*,*,#8130,.T.);
#8130 = EDGE_CURVE('',#6439,#6541,#8131,.T.);
#8131 = LINE('',#8132,#8133);
#8132 = CARTESIAN_POINT('',(-3.,1.7,-1.665334536938E-16));
#8133 = VECTOR('',#8134,1.);
#8134 = DIRECTION('',(1.144237745222E-17,1.,0.));
#8135 = ORIENTED_EDGE('',*,*,#6548,.T.);
#8136 = ORIENTED_EDGE('',*,*,#8113,.F.);
#8137 = ORIENTED_EDGE('',*,*,#6446,.F.);
#8138 = PLANE('',#8139);
#8139 = AXIS2_PLACEMENT_3D('',#8140,#8141,#8142);
#8140 = CARTESIAN_POINT('',(-3.,1.7,-1.665334536938E-16));
#8141 = DIRECTION('',(1.,-1.144237745222E-17,0.));
#8142 = DIRECTION('',(0.,0.,1.));
#8143 = ADVANCED_FACE('',(#8144),#8155,.F.);
#8144 = FACE_BOUND('',#8145,.F.);
#8145 = EDGE_LOOP('',(#8146,#8152,#8153,#8154));
#8146 = ORIENTED_EDGE('',*,*,#8147,.T.);
#8147 = EDGE_CURVE('',#6430,#6532,#8148,.T.);
#8148 = LINE('',#8149,#8150);
#8149 = CARTESIAN_POINT('',(-2.724938966801,1.7,-1.665334536938E-16));
#8150 = VECTOR('',#8151,1.);
#8151 = DIRECTION('',(1.144237745222E-17,1.,0.));
#8152 = ORIENTED_EDGE('',*,*,#6540,.T.);
#8153 = ORIENTED_EDGE('',*,*,#8130,.F.);
#8154 = ORIENTED_EDGE('',*,*,#6438,.F.);
#8155 = PLANE('',#8156);
#8156 = AXIS2_PLACEMENT_3D('',#8157,#8158,#8159);
#8157 = CARTESIAN_POINT('',(-2.724938966801,1.7,-1.665334536938E-16));
#8158 = DIRECTION('',(0.,0.,1.));
#8159 = DIRECTION('',(-1.,1.144237745222E-17,0.));
#8160 = ADVANCED_FACE('',(#8161),#8172,.T.);
#8161 = FACE_BOUND('',#8162,.T.);
#8162 = EDGE_LOOP('',(#8163,#8164,#8165,#8166));
#8163 = ORIENTED_EDGE('',*,*,#6429,.T.);
#8164 = ORIENTED_EDGE('',*,*,#8147,.T.);
#8165 = ORIENTED_EDGE('',*,*,#6531,.F.);
#8166 = ORIENTED_EDGE('',*,*,#8167,.F.);
#8167 = EDGE_CURVE('',#6422,#6524,#8168,.T.);
#8168 = LINE('',#8169,#8170);
#8169 = CARTESIAN_POINT('',(-2.429496640897,1.7,0.2479055467));
#8170 = VECTOR('',#8171,1.);
#8171 = DIRECTION('',(1.144237745222E-17,1.,0.));
#8172 = CYLINDRICAL_SURFACE('',#8173,0.3);
#8173 = AXIS2_PLACEMENT_3D('',#8174,#8175,#8176);
#8174 = CARTESIAN_POINT('',(-2.724938966801,1.7,0.3));
#8175 = DIRECTION('',(-1.144237745222E-17,-1.,0.));
#8176 = DIRECTION('',(0.984807753012,-1.126854202784E-17,-0.173648177667
    ));
#8177 = ADVANCED_FACE('',(#8178),#8184,.F.);
#8178 = FACE_BOUND('',#8179,.F.);
#8179 = EDGE_LOOP('',(#8180,#8181,#8182,#8183));
#8180 = ORIENTED_EDGE('',*,*,#6505,.T.);
#8181 = ORIENTED_EDGE('',*,*,#6523,.T.);
#8182 = ORIENTED_EDGE('',*,*,#8167,.F.);
#8183 = ORIENTED_EDGE('',*,*,#6421,.F.);
#8184 = PLANE('',#8185);
#8185 = AXIS2_PLACEMENT_3D('',#8186,#8187,#8188);
#8186 = CARTESIAN_POINT('',(-2.348480775301,1.7,0.742364817767));
#8187 = DIRECTION('',(-0.986841372087,1.129181146488E-17,0.161691392282)
  );
#8188 = DIRECTION('',(-0.161691392282,1.85013394127E-18,-0.986841372087)
  );
#8189 = ADVANCED_FACE('',(#8190),#8201,.F.);
#8190 = FACE_BOUND('',#8191,.F.);
#8191 = EDGE_LOOP('',(#8192,#8198,#8199,#8200));
#8192 = ORIENTED_EDGE('',*,*,#8193,.T.);
#8193 = EDGE_CURVE('',#6650,#6752,#8194,.T.);
#8194 = LINE('',#8195,#8196);
#8195 = CARTESIAN_POINT('',(2.6264581915,2.11,0.282635182233));
#8196 = VECTOR('',#8197,1.);
#8197 = DIRECTION('',(1.110223024625E-16,-1.,0.));
#8198 = ORIENTED_EDGE('',*,*,#6760,.T.);
#8199 = ORIENTED_EDGE('',*,*,#7660,.F.);
#8200 = ORIENTED_EDGE('',*,*,#6658,.F.);
#8201 = PLANE('',#8202);
#8202 = AXIS2_PLACEMENT_3D('',#8203,#8204,#8205);
#8203 = CARTESIAN_POINT('',(2.6264581915,2.11,0.282635182233));
#8204 = DIRECTION('',(-0.986841372087,-1.095614012943E-16,
    -0.161691392282));
#8205 = DIRECTION('',(-0.161691392282,-1.795135065956E-17,0.986841372087
    ));
#8206 = ADVANCED_FACE('',(#8207),#8218,.F.);
#8207 = FACE_BOUND('',#8208,.F.);
#8208 = EDGE_LOOP('',(#8209,#8215,#8216,#8217));
#8209 = ORIENTED_EDGE('',*,*,#8210,.T.);
#8210 = EDGE_CURVE('',#6642,#6744,#8211,.T.);
#8211 = LINE('',#8212,#8213);
#8212 = CARTESIAN_POINT('',(2.724938966801,2.11,0.2));
#8213 = VECTOR('',#8214,1.);
#8214 = DIRECTION('',(1.110223024625E-16,-1.,0.));
#8215 = ORIENTED_EDGE('',*,*,#6751,.T.);
#8216 = ORIENTED_EDGE('',*,*,#8193,.F.);
#8217 = ORIENTED_EDGE('',*,*,#6649,.F.);
#8218 = CYLINDRICAL_SURFACE('',#8219,0.1);
#8219 = AXIS2_PLACEMENT_3D('',#8220,#8221,#8222);
#8220 = CARTESIAN_POINT('',(2.724938966801,2.11,0.3));
#8221 = DIRECTION('',(-1.110223024625E-16,1.,0.));
#8222 = DIRECTION('',(0.,0.,-1.));
#8223 = ADVANCED_FACE('',(#8224),#8235,.F.);
#8224 = FACE_BOUND('',#8225,.F.);
#8225 = EDGE_LOOP('',(#8226,#8232,#8233,#8234));
#8226 = ORIENTED_EDGE('',*,*,#8227,.T.);
#8227 = EDGE_CURVE('',#6634,#6736,#8228,.T.);
#8228 = LINE('',#8229,#8230);
#8229 = CARTESIAN_POINT('',(3.,2.11,0.2));
#8230 = VECTOR('',#8231,1.);
#8231 = DIRECTION('',(1.110223024625E-16,-1.,0.));
#8232 = ORIENTED_EDGE('',*,*,#6743,.T.);
#8233 = ORIENTED_EDGE('',*,*,#8210,.F.);
#8234 = ORIENTED_EDGE('',*,*,#6641,.F.);
#8235 = PLANE('',#8236);
#8236 = AXIS2_PLACEMENT_3D('',#8237,#8238,#8239);
#8237 = CARTESIAN_POINT('',(3.,2.11,0.2));
#8238 = DIRECTION('',(0.,0.,-1.));
#8239 = DIRECTION('',(-1.,-1.110223024625E-16,-0.));
#8240 = ADVANCED_FACE('',(#8241),#8252,.F.);
#8241 = FACE_BOUND('',#8242,.F.);
#8242 = EDGE_LOOP('',(#8243,#8249,#8250,#8251));
#8243 = ORIENTED_EDGE('',*,*,#8244,.T.);
#8244 = EDGE_CURVE('',#6626,#6728,#8245,.T.);
#8245 = LINE('',#8246,#8247);
#8246 = CARTESIAN_POINT('',(3.,2.11,-1.665334536938E-16));
#8247 = VECTOR('',#8248,1.);
#8248 = DIRECTION('',(1.110223024625E-16,-1.,0.));
#8249 = ORIENTED_EDGE('',*,*,#6735,.T.);
#8250 = ORIENTED_EDGE('',*,*,#8227,.F.);
#8251 = ORIENTED_EDGE('',*,*,#6633,.F.);
#8252 = PLANE('',#8253);
#8253 = AXIS2_PLACEMENT_3D('',#8254,#8255,#8256);
#8254 = CARTESIAN_POINT('',(3.,2.11,-1.665334536938E-16));
#8255 = DIRECTION('',(-1.,-1.110223024625E-16,0.));
#8256 = DIRECTION('',(0.,0.,1.));
#8257 = ADVANCED_FACE('',(#8258),#8269,.F.);
#8258 = FACE_BOUND('',#8259,.F.);
#8259 = EDGE_LOOP('',(#8260,#8266,#8267,#8268));
#8260 = ORIENTED_EDGE('',*,*,#8261,.T.);
#8261 = EDGE_CURVE('',#6617,#6719,#8262,.T.);
#8262 = LINE('',#8263,#8264);
#8263 = CARTESIAN_POINT('',(2.724938966801,2.11,-1.665334536938E-16));
#8264 = VECTOR('',#8265,1.);
#8265 = DIRECTION('',(1.110223024625E-16,-1.,0.));
#8266 = ORIENTED_EDGE('',*,*,#6727,.T.);
#8267 = ORIENTED_EDGE('',*,*,#8244,.F.);
#8268 = ORIENTED_EDGE('',*,*,#6625,.F.);
#8269 = PLANE('',#8270);
#8270 = AXIS2_PLACEMENT_3D('',#8271,#8272,#8273);
#8271 = CARTESIAN_POINT('',(2.724938966801,2.11,-1.665334536938E-16));
#8272 = DIRECTION('',(0.,0.,1.));
#8273 = DIRECTION('',(1.,1.110223024625E-16,-0.));
#8274 = ADVANCED_FACE('',(#8275),#8286,.T.);
#8275 = FACE_BOUND('',#8276,.T.);
#8276 = EDGE_LOOP('',(#8277,#8278,#8279,#8280));
#8277 = ORIENTED_EDGE('',*,*,#6616,.T.);
#8278 = ORIENTED_EDGE('',*,*,#8261,.T.);
#8279 = ORIENTED_EDGE('',*,*,#6718,.F.);
#8280 = ORIENTED_EDGE('',*,*,#8281,.F.);
#8281 = EDGE_CURVE('',#6609,#6711,#8282,.T.);
#8282 = LINE('',#8283,#8284);
#8283 = CARTESIAN_POINT('',(2.429496640897,2.11,0.2479055467));
#8284 = VECTOR('',#8285,1.);
#8285 = DIRECTION('',(1.110223024625E-16,-1.,0.));
#8286 = CYLINDRICAL_SURFACE('',#8287,0.3);
#8287 = AXIS2_PLACEMENT_3D('',#8288,#8289,#8290);
#8288 = CARTESIAN_POINT('',(2.724938966801,2.11,0.3));
#8289 = DIRECTION('',(-1.110223024625E-16,1.,0.));
#8290 = DIRECTION('',(-0.984807753012,-1.093356242223E-16,
    -0.173648177667));
#8291 = ADVANCED_FACE('',(#8292),#8298,.F.);
#8292 = FACE_BOUND('',#8293,.F.);
#8293 = EDGE_LOOP('',(#8294,#8295,#8296,#8297));
#8294 = ORIENTED_EDGE('',*,*,#6692,.T.);
#8295 = ORIENTED_EDGE('',*,*,#6710,.T.);
#8296 = ORIENTED_EDGE('',*,*,#8281,.F.);
#8297 = ORIENTED_EDGE('',*,*,#6608,.F.);
#8298 = PLANE('',#8299);
#8299 = AXIS2_PLACEMENT_3D('',#8300,#8301,#8302);
#8300 = CARTESIAN_POINT('',(2.348480775301,2.11,0.742364817767));
#8301 = DIRECTION('',(0.986841372087,1.095614012943E-16,0.161691392282)
  );
#8302 = DIRECTION('',(0.161691392282,1.795135065956E-17,-0.986841372087)
  );
#8303 = ADVANCED_FACE('',(#8304),#8315,.T.);
#8304 = FACE_BOUND('',#8305,.T.);
#8305 = EDGE_LOOP('',(#8306,#8307,#8308,#8309));
#8306 = ORIENTED_EDGE('',*,*,#6870,.T.);
#8307 = ORIENTED_EDGE('',*,*,#7585,.T.);
#8308 = ORIENTED_EDGE('',*,*,#6979,.F.);
#8309 = ORIENTED_EDGE('',*,*,#8310,.F.);
#8310 = EDGE_CURVE('',#6863,#6972,#8311,.T.);
#8311 = LINE('',#8312,#8313);
#8312 = CARTESIAN_POINT('',(2.545442325904,0.84,0.7770944533));
#8313 = VECTOR('',#8314,1.);
#8314 = DIRECTION('',(1.110223024625E-16,-1.,0.));
#8315 = CYLINDRICAL_SURFACE('',#8316,0.3);
#8316 = AXIS2_PLACEMENT_3D('',#8317,#8318,#8319);
#8317 = CARTESIAN_POINT('',(2.25,0.84,0.725));
#8318 = DIRECTION('',(-1.110223024625E-16,1.,0.));
#8319 = DIRECTION('',(0.984807753012,1.093356242223E-16,0.173648177667)
  );
#8320 = ADVANCED_FACE('',(#8321),#8332,.F.);
#8321 = FACE_BOUND('',#8322,.F.);
#8322 = EDGE_LOOP('',(#8323,#8329,#8330,#8331));
#8323 = ORIENTED_EDGE('',*,*,#8324,.T.);
#8324 = EDGE_CURVE('',#6854,#6963,#8325,.T.);
#8325 = LINE('',#8326,#8327);
#8326 = CARTESIAN_POINT('',(2.6264581915,0.84,0.282635182233));
#8327 = VECTOR('',#8328,1.);
#8328 = DIRECTION('',(1.110223024625E-16,-1.,0.));
#8329 = ORIENTED_EDGE('',*,*,#6971,.T.);
#8330 = ORIENTED_EDGE('',*,*,#8310,.F.);
#8331 = ORIENTED_EDGE('',*,*,#6862,.F.);
#8332 = PLANE('',#8333);
#8333 = AXIS2_PLACEMENT_3D('',#8334,#8335,#8336);
#8334 = CARTESIAN_POINT('',(2.6264581915,0.84,0.282635182233));
#8335 = DIRECTION('',(-0.986841372087,-1.095614012943E-16,
    -0.161691392282));
#8336 = DIRECTION('',(-0.161691392282,-1.795135065956E-17,0.986841372087
    ));
#8337 = ADVANCED_FACE('',(#8338),#8349,.F.);
#8338 = FACE_BOUND('',#8339,.F.);
#8339 = EDGE_LOOP('',(#8340,#8346,#8347,#8348));
#8340 = ORIENTED_EDGE('',*,*,#8341,.T.);
#8341 = EDGE_CURVE('',#6846,#6955,#8342,.T.);
#8342 = LINE('',#8343,#8344);
#8343 = CARTESIAN_POINT('',(2.724938966801,0.84,0.2));
#8344 = VECTOR('',#8345,1.);
#8345 = DIRECTION('',(1.110223024625E-16,-1.,0.));
#8346 = ORIENTED_EDGE('',*,*,#6962,.T.);
#8347 = ORIENTED_EDGE('',*,*,#8324,.F.);
#8348 = ORIENTED_EDGE('',*,*,#6853,.F.);
#8349 = CYLINDRICAL_SURFACE('',#8350,0.1);
#8350 = AXIS2_PLACEMENT_3D('',#8351,#8352,#8353);
#8351 = CARTESIAN_POINT('',(2.724938966801,0.84,0.3));
#8352 = DIRECTION('',(-1.110223024625E-16,1.,0.));
#8353 = DIRECTION('',(0.,0.,-1.));
#8354 = ADVANCED_FACE('',(#8355),#8366,.F.);
#8355 = FACE_BOUND('',#8356,.F.);
#8356 = EDGE_LOOP('',(#8357,#8363,#8364,#8365));
#8357 = ORIENTED_EDGE('',*,*,#8358,.T.);
#8358 = EDGE_CURVE('',#6838,#6947,#8359,.T.);
#8359 = LINE('',#8360,#8361);
#8360 = CARTESIAN_POINT('',(3.,0.84,0.2));
#8361 = VECTOR('',#8362,1.);
#8362 = DIRECTION('',(1.110223024625E-16,-1.,0.));
#8363 = ORIENTED_EDGE('',*,*,#6954,.T.);
#8364 = ORIENTED_EDGE('',*,*,#8341,.F.);
#8365 = ORIENTED_EDGE('',*,*,#6845,.F.);
#8366 = PLANE('',#8367);
#8367 = AXIS2_PLACEMENT_3D('',#8368,#8369,#8370);
#8368 = CARTESIAN_POINT('',(3.,0.84,0.2));
#8369 = DIRECTION('',(0.,0.,-1.));
#8370 = DIRECTION('',(-1.,-1.110223024625E-16,-0.));
#8371 = ADVANCED_FACE('',(#8372),#8383,.F.);
#8372 = FACE_BOUND('',#8373,.F.);
#8373 = EDGE_LOOP('',(#8374,#8380,#8381,#8382));
#8374 = ORIENTED_EDGE('',*,*,#8375,.T.);
#8375 = EDGE_CURVE('',#6830,#6939,#8376,.T.);
#8376 = LINE('',#8377,#8378);
#8377 = CARTESIAN_POINT('',(3.,0.84,-1.665334536938E-16));
#8378 = VECTOR('',#8379,1.);
#8379 = DIRECTION('',(1.110223024625E-16,-1.,0.));
#8380 = ORIENTED_EDGE('',*,*,#6946,.T.);
#8381 = ORIENTED_EDGE('',*,*,#8358,.F.);
#8382 = ORIENTED_EDGE('',*,*,#6837,.F.);
#8383 = PLANE('',#8384);
#8384 = AXIS2_PLACEMENT_3D('',#8385,#8386,#8387);
#8385 = CARTESIAN_POINT('',(3.,0.84,-1.665334536938E-16));
#8386 = DIRECTION('',(-1.,-1.110223024625E-16,0.));
#8387 = DIRECTION('',(0.,0.,1.));
#8388 = ADVANCED_FACE('',(#8389),#8400,.F.);
#8389 = FACE_BOUND('',#8390,.F.);
#8390 = EDGE_LOOP('',(#8391,#8397,#8398,#8399));
#8391 = ORIENTED_EDGE('',*,*,#8392,.T.);
#8392 = EDGE_CURVE('',#6821,#6930,#8393,.T.);
#8393 = LINE('',#8394,#8395);
#8394 = CARTESIAN_POINT('',(2.724938966801,0.84,-1.665334536938E-16));
#8395 = VECTOR('',#8396,1.);
#8396 = DIRECTION('',(1.110223024625E-16,-1.,0.));
#8397 = ORIENTED_EDGE('',*,*,#6938,.T.);
#8398 = ORIENTED_EDGE('',*,*,#8375,.F.);
#8399 = ORIENTED_EDGE('',*,*,#6829,.F.);
#8400 = PLANE('',#8401);
#8401 = AXIS2_PLACEMENT_3D('',#8402,#8403,#8404);
#8402 = CARTESIAN_POINT('',(2.724938966801,0.84,-1.665334536938E-16));
#8403 = DIRECTION('',(0.,0.,1.));
#8404 = DIRECTION('',(1.,1.110223024625E-16,-0.));
#8405 = ADVANCED_FACE('',(#8406),#8417,.T.);
#8406 = FACE_BOUND('',#8407,.T.);
#8407 = EDGE_LOOP('',(#8408,#8409,#8410,#8411));
#8408 = ORIENTED_EDGE('',*,*,#6820,.T.);
#8409 = ORIENTED_EDGE('',*,*,#8392,.T.);
#8410 = ORIENTED_EDGE('',*,*,#6929,.F.);
#8411 = ORIENTED_EDGE('',*,*,#8412,.F.);
#8412 = EDGE_CURVE('',#6813,#6922,#8413,.T.);
#8413 = LINE('',#8414,#8415);
#8414 = CARTESIAN_POINT('',(2.429496640897,0.84,0.2479055467));
#8415 = VECTOR('',#8416,1.);
#8416 = DIRECTION('',(1.110223024625E-16,-1.,0.));
#8417 = CYLINDRICAL_SURFACE('',#8418,0.3);
#8418 = AXIS2_PLACEMENT_3D('',#8419,#8420,#8421);
#8419 = CARTESIAN_POINT('',(2.724938966801,0.84,0.3));
#8420 = DIRECTION('',(-1.110223024625E-16,1.,0.));
#8421 = DIRECTION('',(-0.984807753012,-1.093356242223E-16,
    -0.173648177667));
#8422 = ADVANCED_FACE('',(#8423),#8429,.F.);
#8423 = FACE_BOUND('',#8424,.F.);
#8424 = EDGE_LOOP('',(#8425,#8426,#8427,#8428));
#8425 = ORIENTED_EDGE('',*,*,#6903,.T.);
#8426 = ORIENTED_EDGE('',*,*,#6921,.T.);
#8427 = ORIENTED_EDGE('',*,*,#8412,.F.);
#8428 = ORIENTED_EDGE('',*,*,#6812,.F.);
#8429 = PLANE('',#8430);
#8430 = AXIS2_PLACEMENT_3D('',#8431,#8432,#8433);
#8431 = CARTESIAN_POINT('',(2.348480775301,0.84,0.742364817767));
#8432 = DIRECTION('',(0.986841372087,1.095614012943E-16,0.161691392282)
  );
#8433 = DIRECTION('',(0.161691392282,1.795135065956E-17,-0.986841372087)
  );
#8434 = ADVANCED_FACE('',(#8435),#8446,.T.);
#8435 = FACE_BOUND('',#8436,.T.);
#8436 = EDGE_LOOP('',(#8437,#8438,#8439,#8440));
#8437 = ORIENTED_EDGE('',*,*,#7093,.T.);
#8438 = ORIENTED_EDGE('',*,*,#7604,.T.);
#8439 = ORIENTED_EDGE('',*,*,#7202,.F.);
#8440 = ORIENTED_EDGE('',*,*,#8441,.F.);
#8441 = EDGE_CURVE('',#7086,#7195,#8442,.T.);
#8442 = LINE('',#8443,#8444);
#8443 = CARTESIAN_POINT('',(2.545442325904,-0.43,0.7770944533));
#8444 = VECTOR('',#8445,1.);
#8445 = DIRECTION('',(1.110223024625E-16,-1.,0.));
#8446 = CYLINDRICAL_SURFACE('',#8447,0.3);
#8447 = AXIS2_PLACEMENT_3D('',#8448,#8449,#8450);
#8448 = CARTESIAN_POINT('',(2.25,-0.43,0.725));
#8449 = DIRECTION('',(-1.110223024625E-16,1.,0.));
#8450 = DIRECTION('',(0.984807753012,1.093356242223E-16,0.173648177667)
  );
#8451 = ADVANCED_FACE('',(#8452),#8463,.F.);
#8452 = FACE_BOUND('',#8453,.F.);
#8453 = EDGE_LOOP('',(#8454,#8460,#8461,#8462));
#8454 = ORIENTED_EDGE('',*,*,#8455,.T.);
#8455 = EDGE_CURVE('',#7077,#7186,#8456,.T.);
#8456 = LINE('',#8457,#8458);
#8457 = CARTESIAN_POINT('',(2.6264581915,-0.43,0.282635182233));
#8458 = VECTOR('',#8459,1.);
#8459 = DIRECTION('',(1.110223024625E-16,-1.,0.));
#8460 = ORIENTED_EDGE('',*,*,#7194,.T.);
#8461 = ORIENTED_EDGE('',*,*,#8441,.F.);
#8462 = ORIENTED_EDGE('',*,*,#7085,.F.);
#8463 = PLANE('',#8464);
#8464 = AXIS2_PLACEMENT_3D('',#8465,#8466,#8467);
#8465 = CARTESIAN_POINT('',(2.6264581915,-0.43,0.282635182233));
#8466 = DIRECTION('',(-0.986841372087,-1.095614012943E-16,
    -0.161691392282));
#8467 = DIRECTION('',(-0.161691392282,-1.795135065956E-17,0.986841372087
    ));
#8468 = ADVANCED_FACE('',(#8469),#8480,.F.);
#8469 = FACE_BOUND('',#8470,.F.);
#8470 = EDGE_LOOP('',(#8471,#8477,#8478,#8479));
#8471 = ORIENTED_EDGE('',*,*,#8472,.T.);
#8472 = EDGE_CURVE('',#7069,#7178,#8473,.T.);
#8473 = LINE('',#8474,#8475);
#8474 = CARTESIAN_POINT('',(2.724938966801,-0.43,0.2));
#8475 = VECTOR('',#8476,1.);
#8476 = DIRECTION('',(1.110223024625E-16,-1.,0.));
#8477 = ORIENTED_EDGE('',*,*,#7185,.T.);
#8478 = ORIENTED_EDGE('',*,*,#8455,.F.);
#8479 = ORIENTED_EDGE('',*,*,#7076,.F.);
#8480 = CYLINDRICAL_SURFACE('',#8481,0.1);
#8481 = AXIS2_PLACEMENT_3D('',#8482,#8483,#8484);
#8482 = CARTESIAN_POINT('',(2.724938966801,-0.43,0.3));
#8483 = DIRECTION('',(-1.110223024625E-16,1.,0.));
#8484 = DIRECTION('',(0.,0.,-1.));
#8485 = ADVANCED_FACE('',(#8486),#8497,.F.);
#8486 = FACE_BOUND('',#8487,.F.);
#8487 = EDGE_LOOP('',(#8488,#8494,#8495,#8496));
#8488 = ORIENTED_EDGE('',*,*,#8489,.T.);
#8489 = EDGE_CURVE('',#7061,#7170,#8490,.T.);
#8490 = LINE('',#8491,#8492);
#8491 = CARTESIAN_POINT('',(3.,-0.43,0.2));
#8492 = VECTOR('',#8493,1.);
#8493 = DIRECTION('',(1.110223024625E-16,-1.,0.));
#8494 = ORIENTED_EDGE('',*,*,#7177,.T.);
#8495 = ORIENTED_EDGE('',*,*,#8472,.F.);
#8496 = ORIENTED_EDGE('',*,*,#7068,.F.);
#8497 = PLANE('',#8498);
#8498 = AXIS2_PLACEMENT_3D('',#8499,#8500,#8501);
#8499 = CARTESIAN_POINT('',(3.,-0.43,0.2));
#8500 = DIRECTION('',(0.,0.,-1.));
#8501 = DIRECTION('',(-1.,-1.110223024625E-16,-0.));
#8502 = ADVANCED_FACE('',(#8503),#8514,.F.);
#8503 = FACE_BOUND('',#8504,.F.);
#8504 = EDGE_LOOP('',(#8505,#8511,#8512,#8513));
#8505 = ORIENTED_EDGE('',*,*,#8506,.T.);
#8506 = EDGE_CURVE('',#7053,#7162,#8507,.T.);
#8507 = LINE('',#8508,#8509);
#8508 = CARTESIAN_POINT('',(3.,-0.43,-1.665334536938E-16));
#8509 = VECTOR('',#8510,1.);
#8510 = DIRECTION('',(1.110223024625E-16,-1.,0.));
#8511 = ORIENTED_EDGE('',*,*,#7169,.T.);
#8512 = ORIENTED_EDGE('',*,*,#8489,.F.);
#8513 = ORIENTED_EDGE('',*,*,#7060,.F.);
#8514 = PLANE('',#8515);
#8515 = AXIS2_PLACEMENT_3D('',#8516,#8517,#8518);
#8516 = CARTESIAN_POINT('',(3.,-0.43,-1.665334536938E-16));
#8517 = DIRECTION('',(-1.,-1.110223024625E-16,0.));
#8518 = DIRECTION('',(0.,0.,1.));
#8519 = ADVANCED_FACE('',(#8520),#8531,.F.);
#8520 = FACE_BOUND('',#8521,.F.);
#8521 = EDGE_LOOP('',(#8522,#8528,#8529,#8530));
#8522 = ORIENTED_EDGE('',*,*,#8523,.T.);
#8523 = EDGE_CURVE('',#7044,#7153,#8524,.T.);
#8524 = LINE('',#8525,#8526);
#8525 = CARTESIAN_POINT('',(2.724938966801,-0.43,-1.665334536938E-16));
#8526 = VECTOR('',#8527,1.);
#8527 = DIRECTION('',(1.110223024625E-16,-1.,0.));
#8528 = ORIENTED_EDGE('',*,*,#7161,.T.);
#8529 = ORIENTED_EDGE('',*,*,#8506,.F.);
#8530 = ORIENTED_EDGE('',*,*,#7052,.F.);
#8531 = PLANE('',#8532);
#8532 = AXIS2_PLACEMENT_3D('',#8533,#8534,#8535);
#8533 = CARTESIAN_POINT('',(2.724938966801,-0.43,-1.665334536938E-16));
#8534 = DIRECTION('',(0.,0.,1.));
#8535 = DIRECTION('',(1.,1.110223024625E-16,-0.));
#8536 = ADVANCED_FACE('',(#8537),#8548,.T.);
#8537 = FACE_BOUND('',#8538,.T.);
#8538 = EDGE_LOOP('',(#8539,#8540,#8541,#8542));
#8539 = ORIENTED_EDGE('',*,*,#7043,.T.);
#8540 = ORIENTED_EDGE('',*,*,#8523,.T.);
#8541 = ORIENTED_EDGE('',*,*,#7152,.F.);
#8542 = ORIENTED_EDGE('',*,*,#8543,.F.);
#8543 = EDGE_CURVE('',#7036,#7145,#8544,.T.);
#8544 = LINE('',#8545,#8546);
#8545 = CARTESIAN_POINT('',(2.429496640897,-0.43,0.2479055467));
#8546 = VECTOR('',#8547,1.);
#8547 = DIRECTION('',(1.110223024625E-16,-1.,0.));
#8548 = CYLINDRICAL_SURFACE('',#8549,0.3);
#8549 = AXIS2_PLACEMENT_3D('',#8550,#8551,#8552);
#8550 = CARTESIAN_POINT('',(2.724938966801,-0.43,0.3));
#8551 = DIRECTION('',(-1.110223024625E-16,1.,0.));
#8552 = DIRECTION('',(-0.984807753012,-1.093356242223E-16,
    -0.173648177667));
#8553 = ADVANCED_FACE('',(#8554),#8560,.F.);
#8554 = FACE_BOUND('',#8555,.F.);
#8555 = EDGE_LOOP('',(#8556,#8557,#8558,#8559));
#8556 = ORIENTED_EDGE('',*,*,#7126,.T.);
#8557 = ORIENTED_EDGE('',*,*,#7144,.T.);
#8558 = ORIENTED_EDGE('',*,*,#8543,.F.);
#8559 = ORIENTED_EDGE('',*,*,#7035,.F.);
#8560 = PLANE('',#8561);
#8561 = AXIS2_PLACEMENT_3D('',#8562,#8563,#8564);
#8562 = CARTESIAN_POINT('',(2.348480775301,-0.43,0.742364817767));
#8563 = DIRECTION('',(0.986841372087,1.095614012943E-16,0.161691392282)
  );
#8564 = DIRECTION('',(0.161691392282,1.795135065956E-17,-0.986841372087)
  );
#8565 = ADVANCED_FACE('',(#8566),#8577,.T.);
#8566 = FACE_BOUND('',#8567,.T.);
#8567 = EDGE_LOOP('',(#8568,#8569,#8570,#8571));
#8568 = ORIENTED_EDGE('',*,*,#7316,.T.);
#8569 = ORIENTED_EDGE('',*,*,#7623,.T.);
#8570 = ORIENTED_EDGE('',*,*,#7425,.F.);
#8571 = ORIENTED_EDGE('',*,*,#8572,.F.);
#8572 = EDGE_CURVE('',#7309,#7418,#8573,.T.);
#8573 = LINE('',#8574,#8575);
#8574 = CARTESIAN_POINT('',(2.545442325904,-1.7,0.7770944533));
#8575 = VECTOR('',#8576,1.);
#8576 = DIRECTION('',(1.110223024625E-16,-1.,0.));
#8577 = CYLINDRICAL_SURFACE('',#8578,0.3);
#8578 = AXIS2_PLACEMENT_3D('',#8579,#8580,#8581);
#8579 = CARTESIAN_POINT('',(2.25,-1.7,0.725));
#8580 = DIRECTION('',(-1.110223024625E-16,1.,0.));
#8581 = DIRECTION('',(0.984807753012,1.093356242223E-16,0.173648177667)
  );
#8582 = ADVANCED_FACE('',(#8583),#8594,.F.);
#8583 = FACE_BOUND('',#8584,.F.);
#8584 = EDGE_LOOP('',(#8585,#8591,#8592,#8593));
#8585 = ORIENTED_EDGE('',*,*,#8586,.T.);
#8586 = EDGE_CURVE('',#7300,#7409,#8587,.T.);
#8587 = LINE('',#8588,#8589);
#8588 = CARTESIAN_POINT('',(2.6264581915,-1.7,0.282635182233));
#8589 = VECTOR('',#8590,1.);
#8590 = DIRECTION('',(1.110223024625E-16,-1.,0.));
#8591 = ORIENTED_EDGE('',*,*,#7417,.T.);
#8592 = ORIENTED_EDGE('',*,*,#8572,.F.);
#8593 = ORIENTED_EDGE('',*,*,#7308,.F.);
#8594 = PLANE('',#8595);
#8595 = AXIS2_PLACEMENT_3D('',#8596,#8597,#8598);
#8596 = CARTESIAN_POINT('',(2.6264581915,-1.7,0.282635182233));
#8597 = DIRECTION('',(-0.986841372087,-1.095614012943E-16,
    -0.161691392282));
#8598 = DIRECTION('',(-0.161691392282,-1.795135065956E-17,0.986841372087
    ));
#8599 = ADVANCED_FACE('',(#8600),#8611,.F.);
#8600 = FACE_BOUND('',#8601,.F.);
#8601 = EDGE_LOOP('',(#8602,#8608,#8609,#8610));
#8602 = ORIENTED_EDGE('',*,*,#8603,.T.);
#8603 = EDGE_CURVE('',#7292,#7401,#8604,.T.);
#8604 = LINE('',#8605,#8606);
#8605 = CARTESIAN_POINT('',(2.724938966801,-1.7,0.2));
#8606 = VECTOR('',#8607,1.);
#8607 = DIRECTION('',(1.110223024625E-16,-1.,0.));
#8608 = ORIENTED_EDGE('',*,*,#7408,.T.);
#8609 = ORIENTED_EDGE('',*,*,#8586,.F.);
#8610 = ORIENTED_EDGE('',*,*,#7299,.F.);
#8611 = CYLINDRICAL_SURFACE('',#8612,0.1);
#8612 = AXIS2_PLACEMENT_3D('',#8613,#8614,#8615);
#8613 = CARTESIAN_POINT('',(2.724938966801,-1.7,0.3));
#8614 = DIRECTION('',(-1.110223024625E-16,1.,0.));
#8615 = DIRECTION('',(0.,0.,-1.));
#8616 = ADVANCED_FACE('',(#8617),#8628,.F.);
#8617 = FACE_BOUND('',#8618,.F.);
#8618 = EDGE_LOOP('',(#8619,#8625,#8626,#8627));
#8619 = ORIENTED_EDGE('',*,*,#8620,.T.);
#8620 = EDGE_CURVE('',#7284,#7393,#8621,.T.);
#8621 = LINE('',#8622,#8623);
#8622 = CARTESIAN_POINT('',(3.,-1.7,0.2));
#8623 = VECTOR('',#8624,1.);
#8624 = DIRECTION('',(1.110223024625E-16,-1.,0.));
#8625 = ORIENTED_EDGE('',*,*,#7400,.T.);
#8626 = ORIENTED_EDGE('',*,*,#8603,.F.);
#8627 = ORIENTED_EDGE('',*,*,#7291,.F.);
#8628 = PLANE('',#8629);
#8629 = AXIS2_PLACEMENT_3D('',#8630,#8631,#8632);
#8630 = CARTESIAN_POINT('',(3.,-1.7,0.2));
#8631 = DIRECTION('',(0.,0.,-1.));
#8632 = DIRECTION('',(-1.,-1.110223024625E-16,-0.));
#8633 = ADVANCED_FACE('',(#8634),#8645,.F.);
#8634 = FACE_BOUND('',#8635,.F.);
#8635 = EDGE_LOOP('',(#8636,#8642,#8643,#8644));
#8636 = ORIENTED_EDGE('',*,*,#8637,.T.);
#8637 = EDGE_CURVE('',#7276,#7385,#8638,.T.);
#8638 = LINE('',#8639,#8640);
#8639 = CARTESIAN_POINT('',(3.,-1.7,-1.665334536938E-16));
#8640 = VECTOR('',#8641,1.);
#8641 = DIRECTION('',(1.110223024625E-16,-1.,0.));
#8642 = ORIENTED_EDGE('',*,*,#7392,.T.);
#8643 = ORIENTED_EDGE('',*,*,#8620,.F.);
#8644 = ORIENTED_EDGE('',*,*,#7283,.F.);
#8645 = PLANE('',#8646);
#8646 = AXIS2_PLACEMENT_3D('',#8647,#8648,#8649);
#8647 = CARTESIAN_POINT('',(3.,-1.7,-1.665334536938E-16));
#8648 = DIRECTION('',(-1.,-1.110223024625E-16,0.));
#8649 = DIRECTION('',(0.,0.,1.));
#8650 = ADVANCED_FACE('',(#8651),#8662,.F.);
#8651 = FACE_BOUND('',#8652,.F.);
#8652 = EDGE_LOOP('',(#8653,#8659,#8660,#8661));
#8653 = ORIENTED_EDGE('',*,*,#8654,.T.);
#8654 = EDGE_CURVE('',#7267,#7376,#8655,.T.);
#8655 = LINE('',#8656,#8657);
#8656 = CARTESIAN_POINT('',(2.724938966801,-1.7,-1.665334536938E-16));
#8657 = VECTOR('',#8658,1.);
#8658 = DIRECTION('',(1.110223024625E-16,-1.,0.));
#8659 = ORIENTED_EDGE('',*,*,#7384,.T.);
#8660 = ORIENTED_EDGE('',*,*,#8637,.F.);
#8661 = ORIENTED_EDGE('',*,*,#7275,.F.);
#8662 = PLANE('',#8663);
#8663 = AXIS2_PLACEMENT_3D('',#8664,#8665,#8666);
#8664 = CARTESIAN_POINT('',(2.724938966801,-1.7,-1.665334536938E-16));
#8665 = DIRECTION('',(0.,0.,1.));
#8666 = DIRECTION('',(1.,1.110223024625E-16,-0.));
#8667 = ADVANCED_FACE('',(#8668),#8679,.T.);
#8668 = FACE_BOUND('',#8669,.T.);
#8669 = EDGE_LOOP('',(#8670,#8671,#8672,#8673));
#8670 = ORIENTED_EDGE('',*,*,#7266,.T.);
#8671 = ORIENTED_EDGE('',*,*,#8654,.T.);
#8672 = ORIENTED_EDGE('',*,*,#7375,.F.);
#8673 = ORIENTED_EDGE('',*,*,#8674,.F.);
#8674 = EDGE_CURVE('',#7259,#7368,#8675,.T.);
#8675 = LINE('',#8676,#8677);
#8676 = CARTESIAN_POINT('',(2.429496640897,-1.7,0.2479055467));
#8677 = VECTOR('',#8678,1.);
#8678 = DIRECTION('',(1.110223024625E-16,-1.,0.));
#8679 = CYLINDRICAL_SURFACE('',#8680,0.3);
#8680 = AXIS2_PLACEMENT_3D('',#8681,#8682,#8683);
#8681 = CARTESIAN_POINT('',(2.724938966801,-1.7,0.3));
#8682 = DIRECTION('',(-1.110223024625E-16,1.,0.));
#8683 = DIRECTION('',(-0.984807753012,-1.093356242223E-16,
    -0.173648177667));
#8684 = ADVANCED_FACE('',(#8685),#8691,.F.);
#8685 = FACE_BOUND('',#8686,.F.);
#8686 = EDGE_LOOP('',(#8687,#8688,#8689,#8690));
#8687 = ORIENTED_EDGE('',*,*,#7349,.T.);
#8688 = ORIENTED_EDGE('',*,*,#7367,.T.);
#8689 = ORIENTED_EDGE('',*,*,#8674,.F.);
#8690 = ORIENTED_EDGE('',*,*,#7258,.F.);
#8691 = PLANE('',#8692);
#8692 = AXIS2_PLACEMENT_3D('',#8693,#8694,#8695);
#8693 = CARTESIAN_POINT('',(2.348480775301,-1.7,0.742364817767));
#8694 = DIRECTION('',(0.986841372087,1.095614012943E-16,0.161691392282)
  );
#8695 = DIRECTION('',(0.161691392282,1.795135065956E-17,-0.986841372087)
  );
#8696 = ADVANCED_FACE('',(#8697),#8698,.F.);
#8697 = FACE_BOUND('',#7549,.T.);
#8698 = PLANE('',#8699);
#8699 = AXIS2_PLACEMENT_3D('',#8700,#8701,#8702);
#8700 = CARTESIAN_POINT('',(-1.110171280765,1.610171280765,1.75));
#8701 = DIRECTION('',(0.,0.,-1.));
#8702 = DIRECTION('',(1.110223024625E-16,-1.,0.));
#8703 = ( GEOMETRIC_REPRESENTATION_CONTEXT(3) 
GLOBAL_UNCERTAINTY_ASSIGNED_CONTEXT((#8707)) 
GLOBAL_UNIT_ASSIGNED_CONTEXT((#8704,#8705,#8706)) REPRESENTATION_CONTEXT
('Context #1','3D Context with UNIT and UNCERTAINTY') );
#8704 = ( LENGTH_UNIT() NAMED_UNIT(*) SI_UNIT(.MILLI.,.METRE.) );
#8705 = ( NAMED_UNIT(*) PLANE_ANGLE_UNIT() SI_UNIT($,.RADIAN.) );
#8706 = ( NAMED_UNIT(*) SI_UNIT($,.STERADIAN.) SOLID_ANGLE_UNIT() );
#8707 = UNCERTAINTY_MEASURE_WITH_UNIT(LENGTH_MEASURE(1.E-07),#8704,
  'distance_accuracy_value','confusion accuracy');
#8708 = CONTEXT_DEPENDENT_SHAPE_REPRESENTATION(#8709,#8711);
#8709 = ( REPRESENTATION_RELATIONSHIP('','',#4234,#10) 
REPRESENTATION_RELATIONSHIP_WITH_TRANSFORMATION(#8710) 
SHAPE_REPRESENTATION_RELATIONSHIP() );
#8710 = ITEM_DEFINED_TRANSFORMATION('','',#11,#43);
#8711 = PRODUCT_DEFINITION_SHAPE('Placement','Placement of an item',
  #8712);
#8712 = NEXT_ASSEMBLY_USAGE_OCCURRENCE('8','U4','',#5,#4229,$);
#8713 = PRODUCT_RELATED_PRODUCT_CATEGORY('part',$,(#4231));
#8714 = CONTEXT_DEPENDENT_SHAPE_REPRESENTATION(#8715,#8717);
#8715 = ( REPRESENTATION_RELATIONSHIP('','',#4234,#10) 
REPRESENTATION_RELATIONSHIP_WITH_TRANSFORMATION(#8716) 
SHAPE_REPRESENTATION_RELATIONSHIP() );
#8716 = ITEM_DEFINED_TRANSFORMATION('','',#11,#47);
#8717 = PRODUCT_DEFINITION_SHAPE('Placement','Placement of an item',
  #8718);
#8718 = NEXT_ASSEMBLY_USAGE_OCCURRENCE('9','U6','',#5,#4229,$);
#8719 = SHAPE_DEFINITION_REPRESENTATION(#8720,#8726);
#8720 = PRODUCT_DEFINITION_SHAPE('','',#8721);
#8721 = PRODUCT_DEFINITION('design','',#8722,#8725);
#8722 = PRODUCT_DEFINITION_FORMATION('','',#8723);
#8723 = PRODUCT('D_SOD-123','D_SOD-123','',(#8724));
#8724 = PRODUCT_CONTEXT('',#2,'mechanical');
#8725 = PRODUCT_DEFINITION_CONTEXT('part definition',#2,'design');
#8726 = ADVANCED_BREP_SHAPE_REPRESENTATION('',(#11,#8727),#10415);
#8727 = MANIFOLD_SOLID_BREP('',#8728);
#8728 = CLOSED_SHELL('',(#8729,#8783,#8846,#8869,#8899,#8932,#8962,#8985
    ,#9008,#9031,#9054,#9077,#9110,#9133,#9156,#9244,#9319,#9343,#9411,
    #9499,#9515,#9531,#9547,#9563,#9580,#9613,#9630,#9652,#9683,#9706,
    #9729,#9752,#9782,#9799,#9816,#9833,#9850,#9867,#9884,#9901,#9913,
    #9936,#9959,#9976,#10051,#10075,#10143,#10160,#10210,#10227,#10244,
    #10261,#10278,#10295,#10307,#10338,#10362,#10386,#10403));
#8729 = ADVANCED_FACE('',(#8730),#8778,.F.);
#8730 = FACE_BOUND('',#8731,.F.);
#8731 = EDGE_LOOP('',(#8732,#8742,#8749,#8757,#8765,#8773));
#8732 = ORIENTED_EDGE('',*,*,#8733,.T.);
#8733 = EDGE_CURVE('',#8734,#8736,#8738,.T.);
#8734 = VERTEX_POINT('',#8735);
#8735 = CARTESIAN_POINT('',(-1.308243103516,-0.671621551758,0.1));
#8736 = VERTEX_POINT('',#8737);
#8737 = CARTESIAN_POINT('',(-1.308243103516,0.671621551758,0.1));
#8738 = LINE('',#8739,#8740);
#8739 = CARTESIAN_POINT('',(-1.308243103516,-0.671621551758,0.1));
#8740 = VECTOR('',#8741,1.);
#8741 = DIRECTION('',(0.,1.,0.));
#8742 = ORIENTED_EDGE('',*,*,#8743,.T.);
#8743 = EDGE_CURVE('',#8736,#8744,#8746,.T.);
#8744 = VERTEX_POINT('',#8745);
#8745 = CARTESIAN_POINT('',(-1.375,0.705,0.575));
#8746 = B_SPLINE_CURVE_WITH_KNOTS('',1,(#8747,#8748),.UNSPECIFIED.,.F.,
  .F.,(2,2),(0.,1.),.PIECEWISE_BEZIER_KNOTS.);
#8747 = CARTESIAN_POINT('',(-1.308243103516,0.671621551758,0.1));
#8748 = CARTESIAN_POINT('',(-1.375,0.705,0.575));
#8749 = ORIENTED_EDGE('',*,*,#8750,.F.);
#8750 = EDGE_CURVE('',#8751,#8744,#8753,.T.);
#8751 = VERTEX_POINT('',#8752);
#8752 = CARTESIAN_POINT('',(-1.375,0.325,0.575));
#8753 = LINE('',#8754,#8755);
#8754 = CARTESIAN_POINT('',(-1.375,-0.705,0.575));
#8755 = VECTOR('',#8756,1.);
#8756 = DIRECTION('',(0.,1.,0.));
#8757 = ORIENTED_EDGE('',*,*,#8758,.F.);
#8758 = EDGE_CURVE('',#8759,#8751,#8761,.T.);
#8759 = VERTEX_POINT('',#8760);
#8760 = CARTESIAN_POINT('',(-1.375,-0.325,0.575));
#8761 = LINE('',#8762,#8763);
#8762 = CARTESIAN_POINT('',(-1.375,-0.325,0.575));
#8763 = VECTOR('',#8764,1.);
#8764 = DIRECTION('',(1.110223024625E-16,1.,0.));
#8765 = ORIENTED_EDGE('',*,*,#8766,.F.);
#8766 = EDGE_CURVE('',#8767,#8759,#8769,.T.);
#8767 = VERTEX_POINT('',#8768);
#8768 = CARTESIAN_POINT('',(-1.375,-0.705,0.575));
#8769 = LINE('',#8770,#8771);
#8770 = CARTESIAN_POINT('',(-1.375,-0.705,0.575));
#8771 = VECTOR('',#8772,1.);
#8772 = DIRECTION('',(0.,1.,0.));
#8773 = ORIENTED_EDGE('',*,*,#8774,.F.);
#8774 = EDGE_CURVE('',#8734,#8767,#8775,.T.);
#8775 = B_SPLINE_CURVE_WITH_KNOTS('',1,(#8776,#8777),.UNSPECIFIED.,.F.,
  .F.,(2,2),(0.,1.),.PIECEWISE_BEZIER_KNOTS.);
#8776 = CARTESIAN_POINT('',(-1.308243103516,-0.671621551758,0.1));
#8777 = CARTESIAN_POINT('',(-1.375,-0.705,0.575));
#8778 = B_SPLINE_SURFACE_WITH_KNOTS('',1,1,(
    (#8779,#8780)
    ,(#8781,#8782
    )),.UNSPECIFIED.,.F.,.F.,.F.,(2,2),(2,2),(0.,1.41),(0.,1.),
  .PIECEWISE_BEZIER_KNOTS.);
#8779 = CARTESIAN_POINT('',(-1.308243103516,-0.671621551758,0.1));
#8780 = CARTESIAN_POINT('',(-1.375,-0.705,0.575));
#8781 = CARTESIAN_POINT('',(-1.308243103516,0.671621551758,0.1));
#8782 = CARTESIAN_POINT('',(-1.375,0.705,0.575));
#8783 = ADVANCED_FACE('',(#8784),#8841,.F.);
#8784 = FACE_BOUND('',#8785,.T.);
#8785 = EDGE_LOOP('',(#8786,#8787,#8795,#8803,#8811,#8819,#8827,#8835));
#8786 = ORIENTED_EDGE('',*,*,#8733,.T.);
#8787 = ORIENTED_EDGE('',*,*,#8788,.T.);
#8788 = EDGE_CURVE('',#8736,#8789,#8791,.T.);
#8789 = VERTEX_POINT('',#8790);
#8790 = CARTESIAN_POINT('',(-1.246621551758,0.733243103516,0.1));
#8791 = LINE('',#8792,#8793);
#8792 = CARTESIAN_POINT('',(-1.308243103516,0.671621551758,0.1));
#8793 = VECTOR('',#8794,1.);
#8794 = DIRECTION('',(0.707106781187,0.707106781187,0.));
#8795 = ORIENTED_EDGE('',*,*,#8796,.T.);
#8796 = EDGE_CURVE('',#8789,#8797,#8799,.T.);
#8797 = VERTEX_POINT('',#8798);
#8798 = CARTESIAN_POINT('',(1.246621551758,0.733243103516,0.1));
#8799 = LINE('',#8800,#8801);
#8800 = CARTESIAN_POINT('',(-1.246621551758,0.733243103516,0.1));
#8801 = VECTOR('',#8802,1.);
#8802 = DIRECTION('',(1.,0.,0.));
#8803 = ORIENTED_EDGE('',*,*,#8804,.T.);
#8804 = EDGE_CURVE('',#8797,#8805,#8807,.T.);
#8805 = VERTEX_POINT('',#8806);
#8806 = CARTESIAN_POINT('',(1.308243103516,0.671621551758,0.1));
#8807 = LINE('',#8808,#8809);
#8808 = CARTESIAN_POINT('',(1.246621551758,0.733243103516,0.1));
#8809 = VECTOR('',#8810,1.);
#8810 = DIRECTION('',(0.707106781187,-0.707106781187,0.));
#8811 = ORIENTED_EDGE('',*,*,#8812,.T.);
#8812 = EDGE_CURVE('',#8805,#8813,#8815,.T.);
#8813 = VERTEX_POINT('',#8814);
#8814 = CARTESIAN_POINT('',(1.308243103516,-0.671621551758,0.1));
#8815 = LINE('',#8816,#8817);
#8816 = CARTESIAN_POINT('',(1.308243103516,0.671621551758,0.1));
#8817 = VECTOR('',#8818,1.);
#8818 = DIRECTION('',(0.,-1.,0.));
#8819 = ORIENTED_EDGE('',*,*,#8820,.T.);
#8820 = EDGE_CURVE('',#8813,#8821,#8823,.T.);
#8821 = VERTEX_POINT('',#8822);
#8822 = CARTESIAN_POINT('',(1.246621551758,-0.733243103516,0.1));
#8823 = LINE('',#8824,#8825);
#8824 = CARTESIAN_POINT('',(1.308243103516,-0.671621551758,0.1));
#8825 = VECTOR('',#8826,1.);
#8826 = DIRECTION('',(-0.707106781187,-0.707106781187,0.));
#8827 = ORIENTED_EDGE('',*,*,#8828,.T.);
#8828 = EDGE_CURVE('',#8821,#8829,#8831,.T.);
#8829 = VERTEX_POINT('',#8830);
#8830 = CARTESIAN_POINT('',(-1.246621551758,-0.733243103516,0.1));
#8831 = LINE('',#8832,#8833);
#8832 = CARTESIAN_POINT('',(1.246621551758,-0.733243103516,0.1));
#8833 = VECTOR('',#8834,1.);
#8834 = DIRECTION('',(-1.,0.,0.));
#8835 = ORIENTED_EDGE('',*,*,#8836,.T.);
#8836 = EDGE_CURVE('',#8829,#8734,#8837,.T.);
#8837 = LINE('',#8838,#8839);
#8838 = CARTESIAN_POINT('',(-1.246621551758,-0.733243103516,0.1));
#8839 = VECTOR('',#8840,1.);
#8840 = DIRECTION('',(-0.707106781187,0.707106781187,0.));
#8841 = PLANE('',#8842);
#8842 = AXIS2_PLACEMENT_3D('',#8843,#8844,#8845);
#8843 = CARTESIAN_POINT('',(-1.308243103516,-0.671621551758,0.1));
#8844 = DIRECTION('',(0.,0.,1.));
#8845 = DIRECTION('',(0.889616464678,0.456708381546,-0.));
#8846 = ADVANCED_FACE('',(#8847),#8864,.F.);
#8847 = FACE_BOUND('',#8848,.F.);
#8848 = EDGE_LOOP('',(#8849,#8850,#8857,#8863));
#8849 = ORIENTED_EDGE('',*,*,#8788,.T.);
#8850 = ORIENTED_EDGE('',*,*,#8851,.T.);
#8851 = EDGE_CURVE('',#8789,#8852,#8854,.T.);
#8852 = VERTEX_POINT('',#8853);
#8853 = CARTESIAN_POINT('',(-1.28,0.8,0.575));
#8854 = B_SPLINE_CURVE_WITH_KNOTS('',1,(#8855,#8856),.UNSPECIFIED.,.F.,
  .F.,(2,2),(0.,1.),.PIECEWISE_BEZIER_KNOTS.);
#8855 = CARTESIAN_POINT('',(-1.246621551758,0.733243103516,0.1));
#8856 = CARTESIAN_POINT('',(-1.28,0.8,0.575));
#8857 = ORIENTED_EDGE('',*,*,#8858,.F.);
#8858 = EDGE_CURVE('',#8744,#8852,#8859,.T.);
#8859 = LINE('',#8860,#8861);
#8860 = CARTESIAN_POINT('',(-1.375,0.705,0.575));
#8861 = VECTOR('',#8862,1.);
#8862 = DIRECTION('',(0.707106781187,0.707106781187,0.));
#8863 = ORIENTED_EDGE('',*,*,#8743,.F.);
#8864 = B_SPLINE_SURFACE_WITH_KNOTS('',1,1,(
    (#8865,#8866)
    ,(#8867,#8868
    )),.UNSPECIFIED.,.F.,.F.,.F.,(2,2),(2,2),(0.,0.134350288425),(0.,1.)
  ,.PIECEWISE_BEZIER_KNOTS.);
#8865 = CARTESIAN_POINT('',(-1.308243103516,0.671621551758,0.1));
#8866 = CARTESIAN_POINT('',(-1.375,0.705,0.575));
#8867 = CARTESIAN_POINT('',(-1.246621551758,0.733243103516,0.1));
#8868 = CARTESIAN_POINT('',(-1.28,0.8,0.575));
#8869 = ADVANCED_FACE('',(#8870),#8894,.F.);
#8870 = FACE_BOUND('',#8871,.F.);
#8871 = EDGE_LOOP('',(#8872,#8879,#8880,#8888));
#8872 = ORIENTED_EDGE('',*,*,#8873,.F.);
#8873 = EDGE_CURVE('',#8767,#8874,#8876,.T.);
#8874 = VERTEX_POINT('',#8875);
#8875 = CARTESIAN_POINT('',(-1.375,-0.705,0.775));
#8876 = B_SPLINE_CURVE_WITH_KNOTS('',1,(#8877,#8878),.UNSPECIFIED.,.F.,
  .F.,(2,2),(0.,1.),.PIECEWISE_BEZIER_KNOTS.);
#8877 = CARTESIAN_POINT('',(-1.375,-0.705,0.575));
#8878 = CARTESIAN_POINT('',(-1.375,-0.705,0.775));
#8879 = ORIENTED_EDGE('',*,*,#8766,.T.);
#8880 = ORIENTED_EDGE('',*,*,#8881,.T.);
#8881 = EDGE_CURVE('',#8759,#8882,#8884,.T.);
#8882 = VERTEX_POINT('',#8883);
#8883 = CARTESIAN_POINT('',(-1.375,-0.325,0.775));
#8884 = LINE('',#8885,#8886);
#8885 = CARTESIAN_POINT('',(-1.375,-0.325,0.579830288983));
#8886 = VECTOR('',#8887,1.);
#8887 = DIRECTION('',(0.,0.,1.));
#8888 = ORIENTED_EDGE('',*,*,#8889,.F.);
#8889 = EDGE_CURVE('',#8874,#8882,#8890,.T.);
#8890 = LINE('',#8891,#8892);
#8891 = CARTESIAN_POINT('',(-1.375,-0.705,0.775));
#8892 = VECTOR('',#8893,1.);
#8893 = DIRECTION('',(0.,1.,0.));
#8894 = PLANE('',#8895);
#8895 = AXIS2_PLACEMENT_3D('',#8896,#8897,#8898);
#8896 = CARTESIAN_POINT('',(-1.375,-0.705,0.775));
#8897 = DIRECTION('',(1.,0.,0.));
#8898 = DIRECTION('',(-0.,1.,0.));
#8899 = ADVANCED_FACE('',(#8900),#8927,.F.);
#8900 = FACE_BOUND('',#8901,.F.);
#8901 = EDGE_LOOP('',(#8902,#8903,#8912,#8920));
#8902 = ORIENTED_EDGE('',*,*,#8758,.T.);
#8903 = ORIENTED_EDGE('',*,*,#8904,.T.);
#8904 = EDGE_CURVE('',#8751,#8905,#8907,.T.);
#8905 = VERTEX_POINT('',#8906);
#8906 = CARTESIAN_POINT('',(-1.493176930361,0.325,0.47583778132));
#8907 = CIRCLE('',#8908,0.12);
#8908 = AXIS2_PLACEMENT_3D('',#8909,#8910,#8911);
#8909 = CARTESIAN_POINT('',(-1.375,0.325,0.455));
#8910 = DIRECTION('',(-1.110223024625E-16,-1.,0.));
#8911 = DIRECTION('',(9.251858538543E-16,-1.027162637006E-31,1.));
#8912 = ORIENTED_EDGE('',*,*,#8913,.F.);
#8913 = EDGE_CURVE('',#8914,#8905,#8916,.T.);
#8914 = VERTEX_POINT('',#8915);
#8915 = CARTESIAN_POINT('',(-1.493176930361,-0.325,0.47583778132));
#8916 = LINE('',#8917,#8918);
#8917 = CARTESIAN_POINT('',(-1.493176930361,-0.325,0.47583778132));
#8918 = VECTOR('',#8919,1.);
#8919 = DIRECTION('',(1.110223024625E-16,1.,0.));
#8920 = ORIENTED_EDGE('',*,*,#8921,.F.);
#8921 = EDGE_CURVE('',#8759,#8914,#8922,.T.);
#8922 = CIRCLE('',#8923,0.12);
#8923 = AXIS2_PLACEMENT_3D('',#8924,#8925,#8926);
#8924 = CARTESIAN_POINT('',(-1.375,-0.325,0.455));
#8925 = DIRECTION('',(-1.110223024625E-16,-1.,0.));
#8926 = DIRECTION('',(9.251858538543E-16,-1.027162637006E-31,1.));
#8927 = CYLINDRICAL_SURFACE('',#8928,0.12);
#8928 = AXIS2_PLACEMENT_3D('',#8929,#8930,#8931);
#8929 = CARTESIAN_POINT('',(-1.375,-0.325,0.455));
#8930 = DIRECTION('',(-1.110223024625E-16,-1.,0.));
#8931 = DIRECTION('',(9.251858538543E-16,-1.027162637006E-31,1.));
#8932 = ADVANCED_FACE('',(#8933),#8957,.F.);
#8933 = FACE_BOUND('',#8934,.F.);
#8934 = EDGE_LOOP('',(#8935,#8943,#8944,#8951));
#8935 = ORIENTED_EDGE('',*,*,#8936,.F.);
#8936 = EDGE_CURVE('',#8751,#8937,#8939,.T.);
#8937 = VERTEX_POINT('',#8938);
#8938 = CARTESIAN_POINT('',(-1.375,0.325,0.775));
#8939 = LINE('',#8940,#8941);
#8940 = CARTESIAN_POINT('',(-1.375,0.325,0.579830288983));
#8941 = VECTOR('',#8942,1.);
#8942 = DIRECTION('',(0.,0.,1.));
#8943 = ORIENTED_EDGE('',*,*,#8750,.T.);
#8944 = ORIENTED_EDGE('',*,*,#8945,.T.);
#8945 = EDGE_CURVE('',#8744,#8946,#8948,.T.);
#8946 = VERTEX_POINT('',#8947);
#8947 = CARTESIAN_POINT('',(-1.375,0.705,0.775));
#8948 = B_SPLINE_CURVE_WITH_KNOTS('',1,(#8949,#8950),.UNSPECIFIED.,.F.,
  .F.,(2,2),(0.,1.),.PIECEWISE_BEZIER_KNOTS.);
#8949 = CARTESIAN_POINT('',(-1.375,0.705,0.575));
#8950 = CARTESIAN_POINT('',(-1.375,0.705,0.775));
#8951 = ORIENTED_EDGE('',*,*,#8952,.F.);
#8952 = EDGE_CURVE('',#8937,#8946,#8953,.T.);
#8953 = LINE('',#8954,#8955);
#8954 = CARTESIAN_POINT('',(-1.375,-0.705,0.775));
#8955 = VECTOR('',#8956,1.);
#8956 = DIRECTION('',(0.,1.,0.));
#8957 = PLANE('',#8958);
#8958 = AXIS2_PLACEMENT_3D('',#8959,#8960,#8961);
#8959 = CARTESIAN_POINT('',(-1.375,-0.705,0.775));
#8960 = DIRECTION('',(1.,0.,0.));
#8961 = DIRECTION('',(-0.,1.,0.));
#8962 = ADVANCED_FACE('',(#8963),#8980,.F.);
#8963 = FACE_BOUND('',#8964,.F.);
#8964 = EDGE_LOOP('',(#8965,#8966,#8967,#8975));
#8965 = ORIENTED_EDGE('',*,*,#8836,.T.);
#8966 = ORIENTED_EDGE('',*,*,#8774,.T.);
#8967 = ORIENTED_EDGE('',*,*,#8968,.F.);
#8968 = EDGE_CURVE('',#8969,#8767,#8971,.T.);
#8969 = VERTEX_POINT('',#8970);
#8970 = CARTESIAN_POINT('',(-1.28,-0.8,0.575));
#8971 = LINE('',#8972,#8973);
#8972 = CARTESIAN_POINT('',(-1.28,-0.8,0.575));
#8973 = VECTOR('',#8974,1.);
#8974 = DIRECTION('',(-0.707106781187,0.707106781187,0.));
#8975 = ORIENTED_EDGE('',*,*,#8976,.F.);
#8976 = EDGE_CURVE('',#8829,#8969,#8977,.T.);
#8977 = B_SPLINE_CURVE_WITH_KNOTS('',1,(#8978,#8979),.UNSPECIFIED.,.F.,
  .F.,(2,2),(0.,1.),.PIECEWISE_BEZIER_KNOTS.);
#8978 = CARTESIAN_POINT('',(-1.246621551758,-0.733243103516,0.1));
#8979 = CARTESIAN_POINT('',(-1.28,-0.8,0.575));
#8980 = B_SPLINE_SURFACE_WITH_KNOTS('',1,1,(
    (#8981,#8982)
    ,(#8983,#8984
    )),.UNSPECIFIED.,.F.,.F.,.F.,(2,2),(2,2),(0.,0.134350288425),(0.,1.)
  ,.PIECEWISE_BEZIER_KNOTS.);
#8981 = CARTESIAN_POINT('',(-1.246621551758,-0.733243103516,0.1));
#8982 = CARTESIAN_POINT('',(-1.28,-0.8,0.575));
#8983 = CARTESIAN_POINT('',(-1.308243103516,-0.671621551758,0.1));
#8984 = CARTESIAN_POINT('',(-1.375,-0.705,0.575));
#8985 = ADVANCED_FACE('',(#8986),#9003,.F.);
#8986 = FACE_BOUND('',#8987,.F.);
#8987 = EDGE_LOOP('',(#8988,#8989,#8990,#8998));
#8988 = ORIENTED_EDGE('',*,*,#8828,.T.);
#8989 = ORIENTED_EDGE('',*,*,#8976,.T.);
#8990 = ORIENTED_EDGE('',*,*,#8991,.F.);
#8991 = EDGE_CURVE('',#8992,#8969,#8994,.T.);
#8992 = VERTEX_POINT('',#8993);
#8993 = CARTESIAN_POINT('',(1.28,-0.8,0.575));
#8994 = LINE('',#8995,#8996);
#8995 = CARTESIAN_POINT('',(1.28,-0.8,0.575));
#8996 = VECTOR('',#8997,1.);
#8997 = DIRECTION('',(-1.,0.,0.));
#8998 = ORIENTED_EDGE('',*,*,#8999,.F.);
#8999 = EDGE_CURVE('',#8821,#8992,#9000,.T.);
#9000 = B_SPLINE_CURVE_WITH_KNOTS('',1,(#9001,#9002),.UNSPECIFIED.,.F.,
  .F.,(2,2),(0.,1.),.PIECEWISE_BEZIER_KNOTS.);
#9001 = CARTESIAN_POINT('',(1.246621551758,-0.733243103516,0.1));
#9002 = CARTESIAN_POINT('',(1.28,-0.8,0.575));
#9003 = B_SPLINE_SURFACE_WITH_KNOTS('',1,1,(
    (#9004,#9005)
    ,(#9006,#9007
    )),.UNSPECIFIED.,.F.,.F.,.F.,(2,2),(2,2),(0.,2.56),(0.,1.),
  .PIECEWISE_BEZIER_KNOTS.);
#9004 = CARTESIAN_POINT('',(1.246621551758,-0.733243103516,0.1));
#9005 = CARTESIAN_POINT('',(1.28,-0.8,0.575));
#9006 = CARTESIAN_POINT('',(-1.246621551758,-0.733243103516,0.1));
#9007 = CARTESIAN_POINT('',(-1.28,-0.8,0.575));
#9008 = ADVANCED_FACE('',(#9009),#9026,.F.);
#9009 = FACE_BOUND('',#9010,.F.);
#9010 = EDGE_LOOP('',(#9011,#9012,#9019,#9025));
#9011 = ORIENTED_EDGE('',*,*,#8796,.T.);
#9012 = ORIENTED_EDGE('',*,*,#9013,.T.);
#9013 = EDGE_CURVE('',#8797,#9014,#9016,.T.);
#9014 = VERTEX_POINT('',#9015);
#9015 = CARTESIAN_POINT('',(1.28,0.8,0.575));
#9016 = B_SPLINE_CURVE_WITH_KNOTS('',1,(#9017,#9018),.UNSPECIFIED.,.F.,
  .F.,(2,2),(0.,1.),.PIECEWISE_BEZIER_KNOTS.);
#9017 = CARTESIAN_POINT('',(1.246621551758,0.733243103516,0.1));
#9018 = CARTESIAN_POINT('',(1.28,0.8,0.575));
#9019 = ORIENTED_EDGE('',*,*,#9020,.F.);
#9020 = EDGE_CURVE('',#8852,#9014,#9021,.T.);
#9021 = LINE('',#9022,#9023);
#9022 = CARTESIAN_POINT('',(-1.28,0.8,0.575));
#9023 = VECTOR('',#9024,1.);
#9024 = DIRECTION('',(1.,0.,0.));
#9025 = ORIENTED_EDGE('',*,*,#8851,.F.);
#9026 = B_SPLINE_SURFACE_WITH_KNOTS('',1,1,(
    (#9027,#9028)
    ,(#9029,#9030
    )),.UNSPECIFIED.,.F.,.F.,.F.,(2,2),(2,2),(0.,2.56),(0.,1.),
  .PIECEWISE_BEZIER_KNOTS.);
#9027 = CARTESIAN_POINT('',(-1.246621551758,0.733243103516,0.1));
#9028 = CARTESIAN_POINT('',(-1.28,0.8,0.575));
#9029 = CARTESIAN_POINT('',(1.246621551758,0.733243103516,0.1));
#9030 = CARTESIAN_POINT('',(1.28,0.8,0.575));
#9031 = ADVANCED_FACE('',(#9032),#9049,.F.);
#9032 = FACE_BOUND('',#9033,.F.);
#9033 = EDGE_LOOP('',(#9034,#9035,#9036,#9044));
#9034 = ORIENTED_EDGE('',*,*,#8820,.T.);
#9035 = ORIENTED_EDGE('',*,*,#8999,.T.);
#9036 = ORIENTED_EDGE('',*,*,#9037,.F.);
#9037 = EDGE_CURVE('',#9038,#8992,#9040,.T.);
#9038 = VERTEX_POINT('',#9039);
#9039 = CARTESIAN_POINT('',(1.375,-0.705,0.575));
#9040 = LINE('',#9041,#9042);
#9041 = CARTESIAN_POINT('',(1.375,-0.705,0.575));
#9042 = VECTOR('',#9043,1.);
#9043 = DIRECTION('',(-0.707106781187,-0.707106781187,0.));
#9044 = ORIENTED_EDGE('',*,*,#9045,.F.);
#9045 = EDGE_CURVE('',#8813,#9038,#9046,.T.);
#9046 = B_SPLINE_CURVE_WITH_KNOTS('',1,(#9047,#9048),.UNSPECIFIED.,.F.,
  .F.,(2,2),(0.,1.),.PIECEWISE_BEZIER_KNOTS.);
#9047 = CARTESIAN_POINT('',(1.308243103516,-0.671621551758,0.1));
#9048 = CARTESIAN_POINT('',(1.375,-0.705,0.575));
#9049 = B_SPLINE_SURFACE_WITH_KNOTS('',1,1,(
    (#9050,#9051)
    ,(#9052,#9053
    )),.UNSPECIFIED.,.F.,.F.,.F.,(2,2),(2,2),(0.,0.134350288425),(0.,1.)
  ,.PIECEWISE_BEZIER_KNOTS.);
#9050 = CARTESIAN_POINT('',(1.308243103516,-0.671621551758,0.1));
#9051 = CARTESIAN_POINT('',(1.375,-0.705,0.575));
#9052 = CARTESIAN_POINT('',(1.246621551758,-0.733243103516,0.1));
#9053 = CARTESIAN_POINT('',(1.28,-0.8,0.575));
#9054 = ADVANCED_FACE('',(#9055),#9072,.F.);
#9055 = FACE_BOUND('',#9056,.F.);
#9056 = EDGE_LOOP('',(#9057,#9058,#9065,#9071));
#9057 = ORIENTED_EDGE('',*,*,#8804,.T.);
#9058 = ORIENTED_EDGE('',*,*,#9059,.T.);
#9059 = EDGE_CURVE('',#8805,#9060,#9062,.T.);
#9060 = VERTEX_POINT('',#9061);
#9061 = CARTESIAN_POINT('',(1.375,0.705,0.575));
#9062 = B_SPLINE_CURVE_WITH_KNOTS('',1,(#9063,#9064),.UNSPECIFIED.,.F.,
  .F.,(2,2),(0.,1.),.PIECEWISE_BEZIER_KNOTS.);
#9063 = CARTESIAN_POINT('',(1.308243103516,0.671621551758,0.1));
#9064 = CARTESIAN_POINT('',(1.375,0.705,0.575));
#9065 = ORIENTED_EDGE('',*,*,#9066,.F.);
#9066 = EDGE_CURVE('',#9014,#9060,#9067,.T.);
#9067 = LINE('',#9068,#9069);
#9068 = CARTESIAN_POINT('',(1.28,0.8,0.575));
#9069 = VECTOR('',#9070,1.);
#9070 = DIRECTION('',(0.707106781187,-0.707106781187,0.));
#9071 = ORIENTED_EDGE('',*,*,#9013,.F.);
#9072 = B_SPLINE_SURFACE_WITH_KNOTS('',1,1,(
    (#9073,#9074)
    ,(#9075,#9076
    )),.UNSPECIFIED.,.F.,.F.,.F.,(2,2),(2,2),(0.,0.134350288425),(0.,1.)
  ,.PIECEWISE_BEZIER_KNOTS.);
#9073 = CARTESIAN_POINT('',(1.246621551758,0.733243103516,0.1));
#9074 = CARTESIAN_POINT('',(1.28,0.8,0.575));
#9075 = CARTESIAN_POINT('',(1.308243103516,0.671621551758,0.1));
#9076 = CARTESIAN_POINT('',(1.375,0.705,0.575));
#9077 = ADVANCED_FACE('',(#9078),#9105,.F.);
#9078 = FACE_BOUND('',#9079,.F.);
#9079 = EDGE_LOOP('',(#9080,#9081,#9082,#9090,#9098,#9104));
#9080 = ORIENTED_EDGE('',*,*,#8812,.T.);
#9081 = ORIENTED_EDGE('',*,*,#9045,.T.);
#9082 = ORIENTED_EDGE('',*,*,#9083,.F.);
#9083 = EDGE_CURVE('',#9084,#9038,#9086,.T.);
#9084 = VERTEX_POINT('',#9085);
#9085 = CARTESIAN_POINT('',(1.375,-0.325,0.575));
#9086 = LINE('',#9087,#9088);
#9087 = CARTESIAN_POINT('',(1.375,0.705,0.575));
#9088 = VECTOR('',#9089,1.);
#9089 = DIRECTION('',(0.,-1.,0.));
#9090 = ORIENTED_EDGE('',*,*,#9091,.F.);
#9091 = EDGE_CURVE('',#9092,#9084,#9094,.T.);
#9092 = VERTEX_POINT('',#9093);
#9093 = CARTESIAN_POINT('',(1.375,0.325,0.575));
#9094 = LINE('',#9095,#9096);
#9095 = CARTESIAN_POINT('',(1.375,0.325,0.575));
#9096 = VECTOR('',#9097,1.);
#9097 = DIRECTION('',(-2.22044604925E-16,-1.,0.));
#9098 = ORIENTED_EDGE('',*,*,#9099,.F.);
#9099 = EDGE_CURVE('',#9060,#9092,#9100,.T.);
#9100 = LINE('',#9101,#9102);
#9101 = CARTESIAN_POINT('',(1.375,0.705,0.575));
#9102 = VECTOR('',#9103,1.);
#9103 = DIRECTION('',(0.,-1.,0.));
#9104 = ORIENTED_EDGE('',*,*,#9059,.F.);
#9105 = B_SPLINE_SURFACE_WITH_KNOTS('',1,1,(
    (#9106,#9107)
    ,(#9108,#9109
    )),.UNSPECIFIED.,.F.,.F.,.F.,(2,2),(2,2),(0.,1.41),(0.,1.),
  .PIECEWISE_BEZIER_KNOTS.);
#9106 = CARTESIAN_POINT('',(1.308243103516,0.671621551758,0.1));
#9107 = CARTESIAN_POINT('',(1.375,0.705,0.575));
#9108 = CARTESIAN_POINT('',(1.308243103516,-0.671621551758,0.1));
#9109 = CARTESIAN_POINT('',(1.375,-0.705,0.575));
#9110 = ADVANCED_FACE('',(#9111),#9128,.F.);
#9111 = FACE_BOUND('',#9112,.F.);
#9112 = EDGE_LOOP('',(#9113,#9114,#9121,#9127));
#9113 = ORIENTED_EDGE('',*,*,#8858,.T.);
#9114 = ORIENTED_EDGE('',*,*,#9115,.T.);
#9115 = EDGE_CURVE('',#8852,#9116,#9118,.T.);
#9116 = VERTEX_POINT('',#9117);
#9117 = CARTESIAN_POINT('',(-1.28,0.8,0.775));
#9118 = B_SPLINE_CURVE_WITH_KNOTS('',1,(#9119,#9120),.UNSPECIFIED.,.F.,
  .F.,(2,2),(0.,1.),.PIECEWISE_BEZIER_KNOTS.);
#9119 = CARTESIAN_POINT('',(-1.28,0.8,0.575));
#9120 = CARTESIAN_POINT('',(-1.28,0.8,0.775));
#9121 = ORIENTED_EDGE('',*,*,#9122,.F.);
#9122 = EDGE_CURVE('',#8946,#9116,#9123,.T.);
#9123 = LINE('',#9124,#9125);
#9124 = CARTESIAN_POINT('',(-1.375,0.705,0.775));
#9125 = VECTOR('',#9126,1.);
#9126 = DIRECTION('',(0.707106781187,0.707106781187,0.));
#9127 = ORIENTED_EDGE('',*,*,#8945,.F.);
#9128 = PLANE('',#9129);
#9129 = AXIS2_PLACEMENT_3D('',#9130,#9131,#9132);
#9130 = CARTESIAN_POINT('',(-1.375,0.705,0.775));
#9131 = DIRECTION('',(0.707106781187,-0.707106781187,0.));
#9132 = DIRECTION('',(0.707106781187,0.707106781187,0.));
#9133 = ADVANCED_FACE('',(#9134),#9151,.F.);
#9134 = FACE_BOUND('',#9135,.F.);
#9135 = EDGE_LOOP('',(#9136,#9137,#9138,#9146));
#9136 = ORIENTED_EDGE('',*,*,#8968,.T.);
#9137 = ORIENTED_EDGE('',*,*,#8873,.T.);
#9138 = ORIENTED_EDGE('',*,*,#9139,.F.);
#9139 = EDGE_CURVE('',#9140,#8874,#9142,.T.);
#9140 = VERTEX_POINT('',#9141);
#9141 = CARTESIAN_POINT('',(-1.28,-0.8,0.775));
#9142 = LINE('',#9143,#9144);
#9143 = CARTESIAN_POINT('',(-1.28,-0.8,0.775));
#9144 = VECTOR('',#9145,1.);
#9145 = DIRECTION('',(-0.707106781187,0.707106781187,0.));
#9146 = ORIENTED_EDGE('',*,*,#9147,.F.);
#9147 = EDGE_CURVE('',#8969,#9140,#9148,.T.);
#9148 = B_SPLINE_CURVE_WITH_KNOTS('',1,(#9149,#9150),.UNSPECIFIED.,.F.,
  .F.,(2,2),(0.,1.),.PIECEWISE_BEZIER_KNOTS.);
#9149 = CARTESIAN_POINT('',(-1.28,-0.8,0.575));
#9150 = CARTESIAN_POINT('',(-1.28,-0.8,0.775));
#9151 = PLANE('',#9152);
#9152 = AXIS2_PLACEMENT_3D('',#9153,#9154,#9155);
#9153 = CARTESIAN_POINT('',(-1.28,-0.8,0.775));
#9154 = DIRECTION('',(0.707106781187,0.707106781187,0.));
#9155 = DIRECTION('',(-0.707106781187,0.707106781187,0.));
#9156 = ADVANCED_FACE('',(#9157),#9239,.F.);
#9157 = FACE_BOUND('',#9158,.F.);
#9158 = EDGE_LOOP('',(#9159,#9160,#9161,#9169,#9177,#9185,#9193,#9201,
    #9209,#9217,#9225,#9233));
#9159 = ORIENTED_EDGE('',*,*,#9139,.T.);
#9160 = ORIENTED_EDGE('',*,*,#8889,.T.);
#9161 = ORIENTED_EDGE('',*,*,#9162,.T.);
#9162 = EDGE_CURVE('',#8882,#9163,#9165,.T.);
#9163 = VERTEX_POINT('',#9164);
#9164 = CARTESIAN_POINT('',(-1.35,-0.325,0.775));
#9165 = LINE('',#9166,#9167);
#9166 = CARTESIAN_POINT('',(-1.375,-0.325,0.775));
#9167 = VECTOR('',#9168,1.);
#9168 = DIRECTION('',(1.,-1.110223024625E-16,0.));
#9169 = ORIENTED_EDGE('',*,*,#9170,.F.);
#9170 = EDGE_CURVE('',#9171,#9163,#9173,.T.);
#9171 = VERTEX_POINT('',#9172);
#9172 = CARTESIAN_POINT('',(-1.35,-0.6925,0.775));
#9173 = LINE('',#9174,#9175);
#9174 = CARTESIAN_POINT('',(-1.35,-0.6925,0.775));
#9175 = VECTOR('',#9176,1.);
#9176 = DIRECTION('',(0.,1.,0.));
#9177 = ORIENTED_EDGE('',*,*,#9178,.F.);
#9178 = EDGE_CURVE('',#9179,#9171,#9181,.T.);
#9179 = VERTEX_POINT('',#9180);
#9180 = CARTESIAN_POINT('',(-1.2675,-0.775,0.775));
#9181 = LINE('',#9182,#9183);
#9182 = CARTESIAN_POINT('',(-1.2675,-0.775,0.775));
#9183 = VECTOR('',#9184,1.);
#9184 = DIRECTION('',(-0.707106781187,0.707106781187,0.));
#9185 = ORIENTED_EDGE('',*,*,#9186,.F.);
#9186 = EDGE_CURVE('',#9187,#9179,#9189,.T.);
#9187 = VERTEX_POINT('',#9188);
#9188 = CARTESIAN_POINT('',(1.2675,-0.775,0.775));
#9189 = LINE('',#9190,#9191);
#9190 = CARTESIAN_POINT('',(1.2675,-0.775,0.775));
#9191 = VECTOR('',#9192,1.);
#9192 = DIRECTION('',(-1.,0.,0.));
#9193 = ORIENTED_EDGE('',*,*,#9194,.F.);
#9194 = EDGE_CURVE('',#9195,#9187,#9197,.T.);
#9195 = VERTEX_POINT('',#9196);
#9196 = CARTESIAN_POINT('',(1.35,-0.6925,0.775));
#9197 = LINE('',#9198,#9199);
#9198 = CARTESIAN_POINT('',(1.35,-0.6925,0.775));
#9199 = VECTOR('',#9200,1.);
#9200 = DIRECTION('',(-0.707106781187,-0.707106781187,0.));
#9201 = ORIENTED_EDGE('',*,*,#9202,.F.);
#9202 = EDGE_CURVE('',#9203,#9195,#9205,.T.);
#9203 = VERTEX_POINT('',#9204);
#9204 = CARTESIAN_POINT('',(1.35,-0.325,0.775));
#9205 = LINE('',#9206,#9207);
#9206 = CARTESIAN_POINT('',(1.35,0.6925,0.775));
#9207 = VECTOR('',#9208,1.);
#9208 = DIRECTION('',(0.,-1.,0.));
#9209 = ORIENTED_EDGE('',*,*,#9210,.F.);
#9210 = EDGE_CURVE('',#9211,#9203,#9213,.T.);
#9211 = VERTEX_POINT('',#9212);
#9212 = CARTESIAN_POINT('',(1.375,-0.325,0.775));
#9213 = LINE('',#9214,#9215);
#9214 = CARTESIAN_POINT('',(1.375,-0.325,0.775));
#9215 = VECTOR('',#9216,1.);
#9216 = DIRECTION('',(-1.,2.22044604925E-16,0.));
#9217 = ORIENTED_EDGE('',*,*,#9218,.T.);
#9218 = EDGE_CURVE('',#9211,#9219,#9221,.T.);
#9219 = VERTEX_POINT('',#9220);
#9220 = CARTESIAN_POINT('',(1.375,-0.705,0.775));
#9221 = LINE('',#9222,#9223);
#9222 = CARTESIAN_POINT('',(1.375,0.705,0.775));
#9223 = VECTOR('',#9224,1.);
#9224 = DIRECTION('',(0.,-1.,0.));
#9225 = ORIENTED_EDGE('',*,*,#9226,.T.);
#9226 = EDGE_CURVE('',#9219,#9227,#9229,.T.);
#9227 = VERTEX_POINT('',#9228);
#9228 = CARTESIAN_POINT('',(1.28,-0.8,0.775));
#9229 = LINE('',#9230,#9231);
#9230 = CARTESIAN_POINT('',(1.375,-0.705,0.775));
#9231 = VECTOR('',#9232,1.);
#9232 = DIRECTION('',(-0.707106781187,-0.707106781187,0.));
#9233 = ORIENTED_EDGE('',*,*,#9234,.T.);
#9234 = EDGE_CURVE('',#9227,#9140,#9235,.T.);
#9235 = LINE('',#9236,#9237);
#9236 = CARTESIAN_POINT('',(1.28,-0.8,0.775));
#9237 = VECTOR('',#9238,1.);
#9238 = DIRECTION('',(-1.,0.,0.));
#9239 = PLANE('',#9240);
#9240 = AXIS2_PLACEMENT_3D('',#9241,#9242,#9243);
#9241 = CARTESIAN_POINT('',(-1.3625,-4.954714324773E-17,0.775));
#9242 = DIRECTION('',(-7.340317518656E-17,9.85275154485E-18,-1.));
#9243 = DIRECTION('',(7.342878714278E-20,1.,9.85275154485E-18));
#9244 = ADVANCED_FACE('',(#9245),#9314,.F.);
#9245 = FACE_BOUND('',#9246,.F.);
#9246 = EDGE_LOOP('',(#9247,#9248,#9249,#9257,#9266,#9274,#9282,#9290,
    #9299,#9307));
#9247 = ORIENTED_EDGE('',*,*,#8881,.F.);
#9248 = ORIENTED_EDGE('',*,*,#8921,.T.);
#9249 = ORIENTED_EDGE('',*,*,#9250,.T.);
#9250 = EDGE_CURVE('',#8914,#9251,#9253,.T.);
#9251 = VERTEX_POINT('',#9252);
#9252 = CARTESIAN_POINT('',(-1.523665661432,-0.325,0.264432583147));
#9253 = LINE('',#9254,#9255);
#9254 = CARTESIAN_POINT('',(-1.493176930361,-0.325,0.47583778132));
#9255 = VECTOR('',#9256,1.);
#9256 = DIRECTION('',(-0.142742572604,1.584760906992E-17,-0.989759848633
    ));
#9257 = ORIENTED_EDGE('',*,*,#9258,.T.);
#9258 = EDGE_CURVE('',#9251,#9259,#9261,.T.);
#9259 = VERTEX_POINT('',#9260);
#9260 = CARTESIAN_POINT('',(-1.838804142396,-0.325,-5.551115123126E-17)
  );
#9261 = CIRCLE('',#9262,0.32);
#9262 = AXIS2_PLACEMENT_3D('',#9263,#9264,#9265);
#9263 = CARTESIAN_POINT('',(-1.838804142396,-0.325,0.32));
#9264 = DIRECTION('',(1.110223024625E-16,1.,0.));
#9265 = DIRECTION('',(0.984807753012,-1.093356242223E-16,-0.173648177667
    ));
#9266 = ORIENTED_EDGE('',*,*,#9267,.T.);
#9267 = EDGE_CURVE('',#9259,#9268,#9270,.T.);
#9268 = VERTEX_POINT('',#9269);
#9269 = CARTESIAN_POINT('',(-1.9,-0.325,-5.551115123126E-17));
#9270 = LINE('',#9271,#9272);
#9271 = CARTESIAN_POINT('',(-1.838804142396,-0.325,-5.551115123126E-17)
  );
#9272 = VECTOR('',#9273,1.);
#9273 = DIRECTION('',(-1.,1.110223024625E-16,0.));
#9274 = ORIENTED_EDGE('',*,*,#9275,.T.);
#9275 = EDGE_CURVE('',#9268,#9276,#9278,.T.);
#9276 = VERTEX_POINT('',#9277);
#9277 = CARTESIAN_POINT('',(-1.9,-0.325,0.2));
#9278 = LINE('',#9279,#9280);
#9279 = CARTESIAN_POINT('',(-1.9,-0.325,-5.551115123126E-17));
#9280 = VECTOR('',#9281,1.);
#9281 = DIRECTION('',(0.,0.,1.));
#9282 = ORIENTED_EDGE('',*,*,#9283,.T.);
#9283 = EDGE_CURVE('',#9276,#9284,#9286,.T.);
#9284 = VERTEX_POINT('',#9285);
#9285 = CARTESIAN_POINT('',(-1.838804142396,-0.325,0.2));
#9286 = LINE('',#9287,#9288);
#9287 = CARTESIAN_POINT('',(-1.9,-0.325,0.2));
#9288 = VECTOR('',#9289,1.);
#9289 = DIRECTION('',(1.,-1.110223024625E-16,0.));
#9290 = ORIENTED_EDGE('',*,*,#9291,.T.);
#9291 = EDGE_CURVE('',#9284,#9292,#9294,.T.);
#9292 = VERTEX_POINT('',#9293);
#9293 = CARTESIAN_POINT('',(-1.720627212034,-0.325,0.29916221868));
#9294 = CIRCLE('',#9295,0.12);
#9295 = AXIS2_PLACEMENT_3D('',#9296,#9297,#9298);
#9296 = CARTESIAN_POINT('',(-1.838804142396,-0.325,0.32));
#9297 = DIRECTION('',(-1.110223024625E-16,-1.,0.));
#9298 = DIRECTION('',(1.850371707709E-15,-2.054325274013E-31,-1.));
#9299 = ORIENTED_EDGE('',*,*,#9300,.T.);
#9300 = EDGE_CURVE('',#9292,#9301,#9303,.T.);
#9301 = VERTEX_POINT('',#9302);
#9302 = CARTESIAN_POINT('',(-1.690138480964,-0.325,0.510567416853));
#9303 = LINE('',#9304,#9305);
#9304 = CARTESIAN_POINT('',(-1.720627212034,-0.325,0.29916221868));
#9305 = VECTOR('',#9306,1.);
#9306 = DIRECTION('',(0.142742572604,-1.584760906992E-17,0.989759848633)
  );
#9307 = ORIENTED_EDGE('',*,*,#9308,.T.);
#9308 = EDGE_CURVE('',#9301,#8882,#9309,.T.);
#9309 = CIRCLE('',#9310,0.32);
#9310 = AXIS2_PLACEMENT_3D('',#9311,#9312,#9313);
#9311 = CARTESIAN_POINT('',(-1.375,-0.325,0.455));
#9312 = DIRECTION('',(1.110223024625E-16,1.,0.));
#9313 = DIRECTION('',(-0.984807753012,1.093356242223E-16,0.173648177667)
  );
#9314 = PLANE('',#9315);
#9315 = AXIS2_PLACEMENT_3D('',#9316,#9317,#9318);
#9316 = CARTESIAN_POINT('',(-1.610729118287,-0.325,0.384660577966));
#9317 = DIRECTION('',(1.110223024625E-16,1.,0.));
#9318 = DIRECTION('',(0.,-0.,1.));
#9319 = ADVANCED_FACE('',(#9320),#9338,.F.);
#9320 = FACE_BOUND('',#9321,.F.);
#9321 = EDGE_LOOP('',(#9322,#9323,#9331,#9337));
#9322 = ORIENTED_EDGE('',*,*,#8913,.T.);
#9323 = ORIENTED_EDGE('',*,*,#9324,.T.);
#9324 = EDGE_CURVE('',#8905,#9325,#9327,.T.);
#9325 = VERTEX_POINT('',#9326);
#9326 = CARTESIAN_POINT('',(-1.523665661432,0.325,0.264432583147));
#9327 = LINE('',#9328,#9329);
#9328 = CARTESIAN_POINT('',(-1.493176930361,0.325,0.47583778132));
#9329 = VECTOR('',#9330,1.);
#9330 = DIRECTION('',(-0.142742572604,1.584760906992E-17,-0.989759848633
    ));
#9331 = ORIENTED_EDGE('',*,*,#9332,.F.);
#9332 = EDGE_CURVE('',#9251,#9325,#9333,.T.);
#9333 = LINE('',#9334,#9335);
#9334 = CARTESIAN_POINT('',(-1.523665661432,-0.325,0.264432583147));
#9335 = VECTOR('',#9336,1.);
#9336 = DIRECTION('',(1.110223024625E-16,1.,0.));
#9337 = ORIENTED_EDGE('',*,*,#9250,.F.);
#9338 = PLANE('',#9339);
#9339 = AXIS2_PLACEMENT_3D('',#9340,#9341,#9342);
#9340 = CARTESIAN_POINT('',(-1.493176930361,-0.325,0.47583778132));
#9341 = DIRECTION('',(-0.989759848633,1.098854172802E-16,0.142742572604)
  );
#9342 = DIRECTION('',(-0.142742572604,1.584760906992E-17,-0.989759848633
    ));
#9343 = ADVANCED_FACE('',(#9344),#9406,.T.);
#9344 = FACE_BOUND('',#9345,.T.);
#9345 = EDGE_LOOP('',(#9346,#9347,#9348,#9349,#9358,#9366,#9374,#9382,
    #9391,#9399));
#9346 = ORIENTED_EDGE('',*,*,#8936,.F.);
#9347 = ORIENTED_EDGE('',*,*,#8904,.T.);
#9348 = ORIENTED_EDGE('',*,*,#9324,.T.);
#9349 = ORIENTED_EDGE('',*,*,#9350,.T.);
#9350 = EDGE_CURVE('',#9325,#9351,#9353,.T.);
#9351 = VERTEX_POINT('',#9352);
#9352 = CARTESIAN_POINT('',(-1.838804142396,0.325,-5.551115123126E-17));
#9353 = CIRCLE('',#9354,0.32);
#9354 = AXIS2_PLACEMENT_3D('',#9355,#9356,#9357);
#9355 = CARTESIAN_POINT('',(-1.838804142396,0.325,0.32));
#9356 = DIRECTION('',(1.110223024625E-16,1.,0.));
#9357 = DIRECTION('',(0.984807753012,-1.093356242223E-16,-0.173648177667
    ));
#9358 = ORIENTED_EDGE('',*,*,#9359,.T.);
#9359 = EDGE_CURVE('',#9351,#9360,#9362,.T.);
#9360 = VERTEX_POINT('',#9361);
#9361 = CARTESIAN_POINT('',(-1.9,0.325,-5.551115123126E-17));
#9362 = LINE('',#9363,#9364);
#9363 = CARTESIAN_POINT('',(-1.838804142396,0.325,-5.551115123126E-17));
#9364 = VECTOR('',#9365,1.);
#9365 = DIRECTION('',(-1.,1.110223024625E-16,0.));
#9366 = ORIENTED_EDGE('',*,*,#9367,.T.);
#9367 = EDGE_CURVE('',#9360,#9368,#9370,.T.);
#9368 = VERTEX_POINT('',#9369);
#9369 = CARTESIAN_POINT('',(-1.9,0.325,0.2));
#9370 = LINE('',#9371,#9372);
#9371 = CARTESIAN_POINT('',(-1.9,0.325,-5.551115123126E-17));
#9372 = VECTOR('',#9373,1.);
#9373 = DIRECTION('',(0.,0.,1.));
#9374 = ORIENTED_EDGE('',*,*,#9375,.T.);
#9375 = EDGE_CURVE('',#9368,#9376,#9378,.T.);
#9376 = VERTEX_POINT('',#9377);
#9377 = CARTESIAN_POINT('',(-1.838804142396,0.325,0.2));
#9378 = LINE('',#9379,#9380);
#9379 = CARTESIAN_POINT('',(-1.9,0.325,0.2));
#9380 = VECTOR('',#9381,1.);
#9381 = DIRECTION('',(1.,-1.110223024625E-16,0.));
#9382 = ORIENTED_EDGE('',*,*,#9383,.T.);
#9383 = EDGE_CURVE('',#9376,#9384,#9386,.T.);
#9384 = VERTEX_POINT('',#9385);
#9385 = CARTESIAN_POINT('',(-1.720627212034,0.325,0.29916221868));
#9386 = CIRCLE('',#9387,0.12);
#9387 = AXIS2_PLACEMENT_3D('',#9388,#9389,#9390);
#9388 = CARTESIAN_POINT('',(-1.838804142396,0.325,0.32));
#9389 = DIRECTION('',(-1.110223024625E-16,-1.,0.));
#9390 = DIRECTION('',(1.850371707709E-15,-2.054325274013E-31,-1.));
#9391 = ORIENTED_EDGE('',*,*,#9392,.T.);
#9392 = EDGE_CURVE('',#9384,#9393,#9395,.T.);
#9393 = VERTEX_POINT('',#9394);
#9394 = CARTESIAN_POINT('',(-1.690138480964,0.325,0.510567416853));
#9395 = LINE('',#9396,#9397);
#9396 = CARTESIAN_POINT('',(-1.720627212034,0.325,0.29916221868));
#9397 = VECTOR('',#9398,1.);
#9398 = DIRECTION('',(0.142742572604,-1.584760906992E-17,0.989759848633)
  );
#9399 = ORIENTED_EDGE('',*,*,#9400,.T.);
#9400 = EDGE_CURVE('',#9393,#8937,#9401,.T.);
#9401 = CIRCLE('',#9402,0.32);
#9402 = AXIS2_PLACEMENT_3D('',#9403,#9404,#9405);
#9403 = CARTESIAN_POINT('',(-1.375,0.325,0.455));
#9404 = DIRECTION('',(1.110223024625E-16,1.,0.));
#9405 = DIRECTION('',(-0.984807753012,1.093356242223E-16,0.173648177667)
  );
#9406 = PLANE('',#9407);
#9407 = AXIS2_PLACEMENT_3D('',#9408,#9409,#9410);
#9408 = CARTESIAN_POINT('',(-1.610729118287,0.325,0.384660577966));
#9409 = DIRECTION('',(1.110223024625E-16,1.,0.));
#9410 = DIRECTION('',(0.,-0.,1.));
#9411 = ADVANCED_FACE('',(#9412),#9494,.F.);
#9412 = FACE_BOUND('',#9413,.F.);
#9413 = EDGE_LOOP('',(#9414,#9422,#9423,#9424,#9432,#9440,#9448,#9456,
    #9464,#9472,#9480,#9488));
#9414 = ORIENTED_EDGE('',*,*,#9415,.F.);
#9415 = EDGE_CURVE('',#8937,#9416,#9418,.T.);
#9416 = VERTEX_POINT('',#9417);
#9417 = CARTESIAN_POINT('',(-1.35,0.325,0.775));
#9418 = LINE('',#9419,#9420);
#9419 = CARTESIAN_POINT('',(-1.375,0.325,0.775));
#9420 = VECTOR('',#9421,1.);
#9421 = DIRECTION('',(1.,-1.110223024625E-16,0.));
#9422 = ORIENTED_EDGE('',*,*,#8952,.T.);
#9423 = ORIENTED_EDGE('',*,*,#9122,.T.);
#9424 = ORIENTED_EDGE('',*,*,#9425,.T.);
#9425 = EDGE_CURVE('',#9116,#9426,#9428,.T.);
#9426 = VERTEX_POINT('',#9427);
#9427 = CARTESIAN_POINT('',(1.28,0.8,0.775));
#9428 = LINE('',#9429,#9430);
#9429 = CARTESIAN_POINT('',(-1.28,0.8,0.775));
#9430 = VECTOR('',#9431,1.);
#9431 = DIRECTION('',(1.,0.,0.));
#9432 = ORIENTED_EDGE('',*,*,#9433,.T.);
#9433 = EDGE_CURVE('',#9426,#9434,#9436,.T.);
#9434 = VERTEX_POINT('',#9435);
#9435 = CARTESIAN_POINT('',(1.375,0.705,0.775));
#9436 = LINE('',#9437,#9438);
#9437 = CARTESIAN_POINT('',(1.28,0.8,0.775));
#9438 = VECTOR('',#9439,1.);
#9439 = DIRECTION('',(0.707106781187,-0.707106781187,0.));
#9440 = ORIENTED_EDGE('',*,*,#9441,.T.);
#9441 = EDGE_CURVE('',#9434,#9442,#9444,.T.);
#9442 = VERTEX_POINT('',#9443);
#9443 = CARTESIAN_POINT('',(1.375,0.325,0.775));
#9444 = LINE('',#9445,#9446);
#9445 = CARTESIAN_POINT('',(1.375,0.705,0.775));
#9446 = VECTOR('',#9447,1.);
#9447 = DIRECTION('',(0.,-1.,0.));
#9448 = ORIENTED_EDGE('',*,*,#9449,.T.);
#9449 = EDGE_CURVE('',#9442,#9450,#9452,.T.);
#9450 = VERTEX_POINT('',#9451);
#9451 = CARTESIAN_POINT('',(1.35,0.325,0.775));
#9452 = LINE('',#9453,#9454);
#9453 = CARTESIAN_POINT('',(1.375,0.325,0.775));
#9454 = VECTOR('',#9455,1.);
#9455 = DIRECTION('',(-1.,2.22044604925E-16,0.));
#9456 = ORIENTED_EDGE('',*,*,#9457,.F.);
#9457 = EDGE_CURVE('',#9458,#9450,#9460,.T.);
#9458 = VERTEX_POINT('',#9459);
#9459 = CARTESIAN_POINT('',(1.35,0.6925,0.775));
#9460 = LINE('',#9461,#9462);
#9461 = CARTESIAN_POINT('',(1.35,0.6925,0.775));
#9462 = VECTOR('',#9463,1.);
#9463 = DIRECTION('',(0.,-1.,0.));
#9464 = ORIENTED_EDGE('',*,*,#9465,.F.);
#9465 = EDGE_CURVE('',#9466,#9458,#9468,.T.);
#9466 = VERTEX_POINT('',#9467);
#9467 = CARTESIAN_POINT('',(1.2675,0.775,0.775));
#9468 = LINE('',#9469,#9470);
#9469 = CARTESIAN_POINT('',(1.2675,0.775,0.775));
#9470 = VECTOR('',#9471,1.);
#9471 = DIRECTION('',(0.707106781187,-0.707106781187,0.));
#9472 = ORIENTED_EDGE('',*,*,#9473,.F.);
#9473 = EDGE_CURVE('',#9474,#9466,#9476,.T.);
#9474 = VERTEX_POINT('',#9475);
#9475 = CARTESIAN_POINT('',(-1.2675,0.775,0.775));
#9476 = LINE('',#9477,#9478);
#9477 = CARTESIAN_POINT('',(-1.2675,0.775,0.775));
#9478 = VECTOR('',#9479,1.);
#9479 = DIRECTION('',(1.,0.,0.));
#9480 = ORIENTED_EDGE('',*,*,#9481,.F.);
#9481 = EDGE_CURVE('',#9482,#9474,#9484,.T.);
#9482 = VERTEX_POINT('',#9483);
#9483 = CARTESIAN_POINT('',(-1.35,0.6925,0.775));
#9484 = LINE('',#9485,#9486);
#9485 = CARTESIAN_POINT('',(-1.35,0.6925,0.775));
#9486 = VECTOR('',#9487,1.);
#9487 = DIRECTION('',(0.707106781187,0.707106781187,0.));
#9488 = ORIENTED_EDGE('',*,*,#9489,.F.);
#9489 = EDGE_CURVE('',#9416,#9482,#9490,.T.);
#9490 = LINE('',#9491,#9492);
#9491 = CARTESIAN_POINT('',(-1.35,-0.6925,0.775));
#9492 = VECTOR('',#9493,1.);
#9493 = DIRECTION('',(0.,1.,0.));
#9494 = PLANE('',#9495);
#9495 = AXIS2_PLACEMENT_3D('',#9496,#9497,#9498);
#9496 = CARTESIAN_POINT('',(-1.3625,-4.954714324773E-17,0.775));
#9497 = DIRECTION('',(-7.340317518656E-17,9.85275154485E-18,-1.));
#9498 = DIRECTION('',(7.342878714278E-20,1.,9.85275154485E-18));
#9499 = ADVANCED_FACE('',(#9500),#9510,.F.);
#9500 = FACE_BOUND('',#9501,.F.);
#9501 = EDGE_LOOP('',(#9502,#9503,#9504,#9505));
#9502 = ORIENTED_EDGE('',*,*,#8991,.T.);
#9503 = ORIENTED_EDGE('',*,*,#9147,.T.);
#9504 = ORIENTED_EDGE('',*,*,#9234,.F.);
#9505 = ORIENTED_EDGE('',*,*,#9506,.F.);
#9506 = EDGE_CURVE('',#8992,#9227,#9507,.T.);
#9507 = B_SPLINE_CURVE_WITH_KNOTS('',1,(#9508,#9509),.UNSPECIFIED.,.F.,
  .F.,(2,2),(0.,1.),.PIECEWISE_BEZIER_KNOTS.);
#9508 = CARTESIAN_POINT('',(1.28,-0.8,0.575));
#9509 = CARTESIAN_POINT('',(1.28,-0.8,0.775));
#9510 = PLANE('',#9511);
#9511 = AXIS2_PLACEMENT_3D('',#9512,#9513,#9514);
#9512 = CARTESIAN_POINT('',(1.28,-0.8,0.775));
#9513 = DIRECTION('',(0.,1.,0.));
#9514 = DIRECTION('',(-1.,0.,0.));
#9515 = ADVANCED_FACE('',(#9516),#9526,.F.);
#9516 = FACE_BOUND('',#9517,.F.);
#9517 = EDGE_LOOP('',(#9518,#9519,#9524,#9525));
#9518 = ORIENTED_EDGE('',*,*,#9020,.T.);
#9519 = ORIENTED_EDGE('',*,*,#9520,.T.);
#9520 = EDGE_CURVE('',#9014,#9426,#9521,.T.);
#9521 = B_SPLINE_CURVE_WITH_KNOTS('',1,(#9522,#9523),.UNSPECIFIED.,.F.,
  .F.,(2,2),(0.,1.),.PIECEWISE_BEZIER_KNOTS.);
#9522 = CARTESIAN_POINT('',(1.28,0.8,0.575));
#9523 = CARTESIAN_POINT('',(1.28,0.8,0.775));
#9524 = ORIENTED_EDGE('',*,*,#9425,.F.);
#9525 = ORIENTED_EDGE('',*,*,#9115,.F.);
#9526 = PLANE('',#9527);
#9527 = AXIS2_PLACEMENT_3D('',#9528,#9529,#9530);
#9528 = CARTESIAN_POINT('',(-1.28,0.8,0.775));
#9529 = DIRECTION('',(0.,-1.,0.));
#9530 = DIRECTION('',(1.,0.,0.));
#9531 = ADVANCED_FACE('',(#9532),#9542,.F.);
#9532 = FACE_BOUND('',#9533,.F.);
#9533 = EDGE_LOOP('',(#9534,#9535,#9536,#9537));
#9534 = ORIENTED_EDGE('',*,*,#9037,.T.);
#9535 = ORIENTED_EDGE('',*,*,#9506,.T.);
#9536 = ORIENTED_EDGE('',*,*,#9226,.F.);
#9537 = ORIENTED_EDGE('',*,*,#9538,.F.);
#9538 = EDGE_CURVE('',#9038,#9219,#9539,.T.);
#9539 = B_SPLINE_CURVE_WITH_KNOTS('',1,(#9540,#9541),.UNSPECIFIED.,.F.,
  .F.,(2,2),(0.,1.),.PIECEWISE_BEZIER_KNOTS.);
#9540 = CARTESIAN_POINT('',(1.375,-0.705,0.575));
#9541 = CARTESIAN_POINT('',(1.375,-0.705,0.775));
#9542 = PLANE('',#9543);
#9543 = AXIS2_PLACEMENT_3D('',#9544,#9545,#9546);
#9544 = CARTESIAN_POINT('',(1.375,-0.705,0.775));
#9545 = DIRECTION('',(-0.707106781187,0.707106781187,0.));
#9546 = DIRECTION('',(-0.707106781187,-0.707106781187,0.));
#9547 = ADVANCED_FACE('',(#9548),#9558,.F.);
#9548 = FACE_BOUND('',#9549,.F.);
#9549 = EDGE_LOOP('',(#9550,#9551,#9556,#9557));
#9550 = ORIENTED_EDGE('',*,*,#9066,.T.);
#9551 = ORIENTED_EDGE('',*,*,#9552,.T.);
#9552 = EDGE_CURVE('',#9060,#9434,#9553,.T.);
#9553 = B_SPLINE_CURVE_WITH_KNOTS('',1,(#9554,#9555),.UNSPECIFIED.,.F.,
  .F.,(2,2),(0.,1.),.PIECEWISE_BEZIER_KNOTS.);
#9554 = CARTESIAN_POINT('',(1.375,0.705,0.575));
#9555 = CARTESIAN_POINT('',(1.375,0.705,0.775));
#9556 = ORIENTED_EDGE('',*,*,#9433,.F.);
#9557 = ORIENTED_EDGE('',*,*,#9520,.F.);
#9558 = PLANE('',#9559);
#9559 = AXIS2_PLACEMENT_3D('',#9560,#9561,#9562);
#9560 = CARTESIAN_POINT('',(1.28,0.8,0.775));
#9561 = DIRECTION('',(-0.707106781187,-0.707106781187,0.));
#9562 = DIRECTION('',(0.707106781187,-0.707106781187,0.));
#9563 = ADVANCED_FACE('',(#9564),#9575,.F.);
#9564 = FACE_BOUND('',#9565,.F.);
#9565 = EDGE_LOOP('',(#9566,#9567,#9568,#9574));
#9566 = ORIENTED_EDGE('',*,*,#9552,.F.);
#9567 = ORIENTED_EDGE('',*,*,#9099,.T.);
#9568 = ORIENTED_EDGE('',*,*,#9569,.T.);
#9569 = EDGE_CURVE('',#9092,#9442,#9570,.T.);
#9570 = LINE('',#9571,#9572);
#9571 = CARTESIAN_POINT('',(1.375,0.325,0.579830288983));
#9572 = VECTOR('',#9573,1.);
#9573 = DIRECTION('',(0.,0.,1.));
#9574 = ORIENTED_EDGE('',*,*,#9441,.F.);
#9575 = PLANE('',#9576);
#9576 = AXIS2_PLACEMENT_3D('',#9577,#9578,#9579);
#9577 = CARTESIAN_POINT('',(1.375,0.705,0.775));
#9578 = DIRECTION('',(-1.,0.,0.));
#9579 = DIRECTION('',(0.,-1.,0.));
#9580 = ADVANCED_FACE('',(#9581),#9608,.F.);
#9581 = FACE_BOUND('',#9582,.F.);
#9582 = EDGE_LOOP('',(#9583,#9584,#9593,#9601));
#9583 = ORIENTED_EDGE('',*,*,#9091,.T.);
#9584 = ORIENTED_EDGE('',*,*,#9585,.T.);
#9585 = EDGE_CURVE('',#9084,#9586,#9588,.T.);
#9586 = VERTEX_POINT('',#9587);
#9587 = CARTESIAN_POINT('',(1.493176930361,-0.325,0.47583778132));
#9588 = CIRCLE('',#9589,0.12);
#9589 = AXIS2_PLACEMENT_3D('',#9590,#9591,#9592);
#9590 = CARTESIAN_POINT('',(1.375,-0.325,0.455));
#9591 = DIRECTION('',(2.22044604925E-16,1.,0.));
#9592 = DIRECTION('',(-9.251858538543E-16,2.054325274013E-31,1.));
#9593 = ORIENTED_EDGE('',*,*,#9594,.F.);
#9594 = EDGE_CURVE('',#9595,#9586,#9597,.T.);
#9595 = VERTEX_POINT('',#9596);
#9596 = CARTESIAN_POINT('',(1.493176930361,0.325,0.47583778132));
#9597 = LINE('',#9598,#9599);
#9598 = CARTESIAN_POINT('',(1.493176930361,0.325,0.47583778132));
#9599 = VECTOR('',#9600,1.);
#9600 = DIRECTION('',(-2.22044604925E-16,-1.,0.));
#9601 = ORIENTED_EDGE('',*,*,#9602,.F.);
#9602 = EDGE_CURVE('',#9092,#9595,#9603,.T.);
#9603 = CIRCLE('',#9604,0.12);
#9604 = AXIS2_PLACEMENT_3D('',#9605,#9606,#9607);
#9605 = CARTESIAN_POINT('',(1.375,0.325,0.455));
#9606 = DIRECTION('',(2.22044604925E-16,1.,0.));
#9607 = DIRECTION('',(-9.251858538543E-16,2.054325274013E-31,1.));
#9608 = CYLINDRICAL_SURFACE('',#9609,0.12);
#9609 = AXIS2_PLACEMENT_3D('',#9610,#9611,#9612);
#9610 = CARTESIAN_POINT('',(1.375,0.325,0.455));
#9611 = DIRECTION('',(2.22044604925E-16,1.,0.));
#9612 = DIRECTION('',(-9.251858538543E-16,2.054325274013E-31,1.));
#9613 = ADVANCED_FACE('',(#9614),#9625,.F.);
#9614 = FACE_BOUND('',#9615,.F.);
#9615 = EDGE_LOOP('',(#9616,#9622,#9623,#9624));
#9616 = ORIENTED_EDGE('',*,*,#9617,.F.);
#9617 = EDGE_CURVE('',#9084,#9211,#9618,.T.);
#9618 = LINE('',#9619,#9620);
#9619 = CARTESIAN_POINT('',(1.375,-0.325,0.579830288983));
#9620 = VECTOR('',#9621,1.);
#9621 = DIRECTION('',(0.,0.,1.));
#9622 = ORIENTED_EDGE('',*,*,#9083,.T.);
#9623 = ORIENTED_EDGE('',*,*,#9538,.T.);
#9624 = ORIENTED_EDGE('',*,*,#9218,.F.);
#9625 = PLANE('',#9626);
#9626 = AXIS2_PLACEMENT_3D('',#9627,#9628,#9629);
#9627 = CARTESIAN_POINT('',(1.375,0.705,0.775));
#9628 = DIRECTION('',(-1.,0.,0.));
#9629 = DIRECTION('',(0.,-1.,0.));
#9630 = ADVANCED_FACE('',(#9631),#9647,.F.);
#9631 = FACE_BOUND('',#9632,.F.);
#9632 = EDGE_LOOP('',(#9633,#9634,#9640,#9641));
#9633 = ORIENTED_EDGE('',*,*,#9449,.F.);
#9634 = ORIENTED_EDGE('',*,*,#9635,.T.);
#9635 = EDGE_CURVE('',#9442,#9211,#9636,.T.);
#9636 = LINE('',#9637,#9638);
#9637 = CARTESIAN_POINT('',(1.375,0.325,0.775));
#9638 = VECTOR('',#9639,1.);
#9639 = DIRECTION('',(-2.22044604925E-16,-1.,0.));
#9640 = ORIENTED_EDGE('',*,*,#9210,.T.);
#9641 = ORIENTED_EDGE('',*,*,#9642,.F.);
#9642 = EDGE_CURVE('',#9450,#9203,#9643,.T.);
#9643 = LINE('',#9644,#9645);
#9644 = CARTESIAN_POINT('',(1.35,0.6925,0.775));
#9645 = VECTOR('',#9646,1.);
#9646 = DIRECTION('',(0.,-1.,0.));
#9647 = PLANE('',#9648);
#9648 = AXIS2_PLACEMENT_3D('',#9649,#9650,#9651);
#9649 = CARTESIAN_POINT('',(1.375,0.325,0.775));
#9650 = DIRECTION('',(0.,0.,-1.));
#9651 = DIRECTION('',(-1.,2.22044604925E-16,0.));
#9652 = ADVANCED_FACE('',(#9653),#9678,.F.);
#9653 = FACE_BOUND('',#9654,.F.);
#9654 = EDGE_LOOP('',(#9655,#9656,#9657,#9658,#9665,#9673));
#9655 = ORIENTED_EDGE('',*,*,#9457,.T.);
#9656 = ORIENTED_EDGE('',*,*,#9642,.T.);
#9657 = ORIENTED_EDGE('',*,*,#9202,.T.);
#9658 = ORIENTED_EDGE('',*,*,#9659,.T.);
#9659 = EDGE_CURVE('',#9195,#9660,#9662,.T.);
#9660 = VERTEX_POINT('',#9661);
#9661 = CARTESIAN_POINT('',(1.283243103516,-0.659121551758,1.25));
#9662 = B_SPLINE_CURVE_WITH_KNOTS('',1,(#9663,#9664),.UNSPECIFIED.,.F.,
  .F.,(2,2),(0.,1.),.PIECEWISE_BEZIER_KNOTS.);
#9663 = CARTESIAN_POINT('',(1.35,-0.6925,0.775));
#9664 = CARTESIAN_POINT('',(1.283243103516,-0.659121551758,1.25));
#9665 = ORIENTED_EDGE('',*,*,#9666,.F.);
#9666 = EDGE_CURVE('',#9667,#9660,#9669,.T.);
#9667 = VERTEX_POINT('',#9668);
#9668 = CARTESIAN_POINT('',(1.283243103516,0.659121551758,1.25));
#9669 = LINE('',#9670,#9671);
#9670 = CARTESIAN_POINT('',(1.283243103516,0.659121551758,1.25));
#9671 = VECTOR('',#9672,1.);
#9672 = DIRECTION('',(0.,-1.,0.));
#9673 = ORIENTED_EDGE('',*,*,#9674,.F.);
#9674 = EDGE_CURVE('',#9458,#9667,#9675,.T.);
#9675 = B_SPLINE_CURVE_WITH_KNOTS('',1,(#9676,#9677),.UNSPECIFIED.,.F.,
  .F.,(2,2),(0.,1.),.PIECEWISE_BEZIER_KNOTS.);
#9676 = CARTESIAN_POINT('',(1.35,0.6925,0.775));
#9677 = CARTESIAN_POINT('',(1.283243103516,0.659121551758,1.25));
#9678 = B_SPLINE_SURFACE_WITH_KNOTS('',1,1,(
    (#9679,#9680)
    ,(#9681,#9682
    )),.UNSPECIFIED.,.F.,.F.,.F.,(2,2),(2,2),(0.,1.385),(0.,1.),
  .PIECEWISE_BEZIER_KNOTS.);
#9679 = CARTESIAN_POINT('',(1.35,0.6925,0.775));
#9680 = CARTESIAN_POINT('',(1.283243103516,0.659121551758,1.25));
#9681 = CARTESIAN_POINT('',(1.35,-0.6925,0.775));
#9682 = CARTESIAN_POINT('',(1.283243103516,-0.659121551758,1.25));
#9683 = ADVANCED_FACE('',(#9684),#9701,.F.);
#9684 = FACE_BOUND('',#9685,.F.);
#9685 = EDGE_LOOP('',(#9686,#9687,#9694,#9700));
#9686 = ORIENTED_EDGE('',*,*,#9194,.T.);
#9687 = ORIENTED_EDGE('',*,*,#9688,.T.);
#9688 = EDGE_CURVE('',#9187,#9689,#9691,.T.);
#9689 = VERTEX_POINT('',#9690);
#9690 = CARTESIAN_POINT('',(1.234121551758,-0.708243103516,1.25));
#9691 = B_SPLINE_CURVE_WITH_KNOTS('',1,(#9692,#9693),.UNSPECIFIED.,.F.,
  .F.,(2,2),(0.,1.),.PIECEWISE_BEZIER_KNOTS.);
#9692 = CARTESIAN_POINT('',(1.2675,-0.775,0.775));
#9693 = CARTESIAN_POINT('',(1.234121551758,-0.708243103516,1.25));
#9694 = ORIENTED_EDGE('',*,*,#9695,.F.);
#9695 = EDGE_CURVE('',#9660,#9689,#9696,.T.);
#9696 = LINE('',#9697,#9698);
#9697 = CARTESIAN_POINT('',(1.283243103516,-0.659121551758,1.25));
#9698 = VECTOR('',#9699,1.);
#9699 = DIRECTION('',(-0.707106781187,-0.707106781187,0.));
#9700 = ORIENTED_EDGE('',*,*,#9659,.F.);
#9701 = B_SPLINE_SURFACE_WITH_KNOTS('',1,1,(
    (#9702,#9703)
    ,(#9704,#9705
    )),.UNSPECIFIED.,.F.,.F.,.F.,(2,2),(2,2),(0.,0.116672618896),(0.,1.)
  ,.PIECEWISE_BEZIER_KNOTS.);
#9702 = CARTESIAN_POINT('',(1.35,-0.6925,0.775));
#9703 = CARTESIAN_POINT('',(1.283243103516,-0.659121551758,1.25));
#9704 = CARTESIAN_POINT('',(1.2675,-0.775,0.775));
#9705 = CARTESIAN_POINT('',(1.234121551758,-0.708243103516,1.25));
#9706 = ADVANCED_FACE('',(#9707),#9724,.F.);
#9707 = FACE_BOUND('',#9708,.F.);
#9708 = EDGE_LOOP('',(#9709,#9710,#9717,#9723));
#9709 = ORIENTED_EDGE('',*,*,#9186,.T.);
#9710 = ORIENTED_EDGE('',*,*,#9711,.T.);
#9711 = EDGE_CURVE('',#9179,#9712,#9714,.T.);
#9712 = VERTEX_POINT('',#9713);
#9713 = CARTESIAN_POINT('',(-1.234121551758,-0.708243103516,1.25));
#9714 = B_SPLINE_CURVE_WITH_KNOTS('',1,(#9715,#9716),.UNSPECIFIED.,.F.,
  .F.,(2,2),(0.,1.),.PIECEWISE_BEZIER_KNOTS.);
#9715 = CARTESIAN_POINT('',(-1.2675,-0.775,0.775));
#9716 = CARTESIAN_POINT('',(-1.234121551758,-0.708243103516,1.25));
#9717 = ORIENTED_EDGE('',*,*,#9718,.F.);
#9718 = EDGE_CURVE('',#9689,#9712,#9719,.T.);
#9719 = LINE('',#9720,#9721);
#9720 = CARTESIAN_POINT('',(1.234121551758,-0.708243103516,1.25));
#9721 = VECTOR('',#9722,1.);
#9722 = DIRECTION('',(-1.,0.,0.));
#9723 = ORIENTED_EDGE('',*,*,#9688,.F.);
#9724 = B_SPLINE_SURFACE_WITH_KNOTS('',1,1,(
    (#9725,#9726)
    ,(#9727,#9728
    )),.UNSPECIFIED.,.F.,.F.,.F.,(2,2),(2,2),(0.,2.535),(0.,1.),
  .PIECEWISE_BEZIER_KNOTS.);
#9725 = CARTESIAN_POINT('',(1.2675,-0.775,0.775));
#9726 = CARTESIAN_POINT('',(1.234121551758,-0.708243103516,1.25));
#9727 = CARTESIAN_POINT('',(-1.2675,-0.775,0.775));
#9728 = CARTESIAN_POINT('',(-1.234121551758,-0.708243103516,1.25));
#9729 = ADVANCED_FACE('',(#9730),#9747,.F.);
#9730 = FACE_BOUND('',#9731,.F.);
#9731 = EDGE_LOOP('',(#9732,#9733,#9740,#9746));
#9732 = ORIENTED_EDGE('',*,*,#9178,.T.);
#9733 = ORIENTED_EDGE('',*,*,#9734,.T.);
#9734 = EDGE_CURVE('',#9171,#9735,#9737,.T.);
#9735 = VERTEX_POINT('',#9736);
#9736 = CARTESIAN_POINT('',(-1.283243103516,-0.659121551758,1.25));
#9737 = B_SPLINE_CURVE_WITH_KNOTS('',1,(#9738,#9739),.UNSPECIFIED.,.F.,
  .F.,(2,2),(0.,1.),.PIECEWISE_BEZIER_KNOTS.);
#9738 = CARTESIAN_POINT('',(-1.35,-0.6925,0.775));
#9739 = CARTESIAN_POINT('',(-1.283243103516,-0.659121551758,1.25));
#9740 = ORIENTED_EDGE('',*,*,#9741,.F.);
#9741 = EDGE_CURVE('',#9712,#9735,#9742,.T.);
#9742 = LINE('',#9743,#9744);
#9743 = CARTESIAN_POINT('',(-1.234121551758,-0.708243103516,1.25));
#9744 = VECTOR('',#9745,1.);
#9745 = DIRECTION('',(-0.707106781187,0.707106781187,0.));
#9746 = ORIENTED_EDGE('',*,*,#9711,.F.);
#9747 = B_SPLINE_SURFACE_WITH_KNOTS('',1,1,(
    (#9748,#9749)
    ,(#9750,#9751
    )),.UNSPECIFIED.,.F.,.F.,.F.,(2,2),(2,2),(0.,0.116672618896),(0.,1.)
  ,.PIECEWISE_BEZIER_KNOTS.);
#9748 = CARTESIAN_POINT('',(-1.2675,-0.775,0.775));
#9749 = CARTESIAN_POINT('',(-1.234121551758,-0.708243103516,1.25));
#9750 = CARTESIAN_POINT('',(-1.35,-0.6925,0.775));
#9751 = CARTESIAN_POINT('',(-1.283243103516,-0.659121551758,1.25));
#9752 = ADVANCED_FACE('',(#9753),#9777,.F.);
#9753 = FACE_BOUND('',#9754,.F.);
#9754 = EDGE_LOOP('',(#9755,#9756,#9762,#9763,#9770,#9776));
#9755 = ORIENTED_EDGE('',*,*,#9170,.T.);
#9756 = ORIENTED_EDGE('',*,*,#9757,.T.);
#9757 = EDGE_CURVE('',#9163,#9416,#9758,.T.);
#9758 = LINE('',#9759,#9760);
#9759 = CARTESIAN_POINT('',(-1.35,-0.6925,0.775));
#9760 = VECTOR('',#9761,1.);
#9761 = DIRECTION('',(0.,1.,0.));
#9762 = ORIENTED_EDGE('',*,*,#9489,.T.);
#9763 = ORIENTED_EDGE('',*,*,#9764,.T.);
#9764 = EDGE_CURVE('',#9482,#9765,#9767,.T.);
#9765 = VERTEX_POINT('',#9766);
#9766 = CARTESIAN_POINT('',(-1.283243103516,0.659121551758,1.25));
#9767 = B_SPLINE_CURVE_WITH_KNOTS('',1,(#9768,#9769),.UNSPECIFIED.,.F.,
  .F.,(2,2),(0.,1.),.PIECEWISE_BEZIER_KNOTS.);
#9768 = CARTESIAN_POINT('',(-1.35,0.6925,0.775));
#9769 = CARTESIAN_POINT('',(-1.283243103516,0.659121551758,1.25));
#9770 = ORIENTED_EDGE('',*,*,#9771,.F.);
#9771 = EDGE_CURVE('',#9735,#9765,#9772,.T.);
#9772 = LINE('',#9773,#9774);
#9773 = CARTESIAN_POINT('',(-1.283243103516,-0.659121551758,1.25));
#9774 = VECTOR('',#9775,1.);
#9775 = DIRECTION('',(0.,1.,0.));
#9776 = ORIENTED_EDGE('',*,*,#9734,.F.);
#9777 = B_SPLINE_SURFACE_WITH_KNOTS('',1,1,(
    (#9778,#9779)
    ,(#9780,#9781
    )),.UNSPECIFIED.,.F.,.F.,.F.,(2,2),(2,2),(0.,1.385),(0.,1.),
  .PIECEWISE_BEZIER_KNOTS.);
#9778 = CARTESIAN_POINT('',(-1.35,-0.6925,0.775));
#9779 = CARTESIAN_POINT('',(-1.283243103516,-0.659121551758,1.25));
#9780 = CARTESIAN_POINT('',(-1.35,0.6925,0.775));
#9781 = CARTESIAN_POINT('',(-1.283243103516,0.659121551758,1.25));
#9782 = ADVANCED_FACE('',(#9783),#9794,.F.);
#9783 = FACE_BOUND('',#9784,.F.);
#9784 = EDGE_LOOP('',(#9785,#9786,#9792,#9793));
#9785 = ORIENTED_EDGE('',*,*,#9162,.F.);
#9786 = ORIENTED_EDGE('',*,*,#9787,.T.);
#9787 = EDGE_CURVE('',#8882,#8937,#9788,.T.);
#9788 = LINE('',#9789,#9790);
#9789 = CARTESIAN_POINT('',(-1.375,-0.325,0.775));
#9790 = VECTOR('',#9791,1.);
#9791 = DIRECTION('',(1.110223024625E-16,1.,0.));
#9792 = ORIENTED_EDGE('',*,*,#9415,.T.);
#9793 = ORIENTED_EDGE('',*,*,#9757,.F.);
#9794 = PLANE('',#9795);
#9795 = AXIS2_PLACEMENT_3D('',#9796,#9797,#9798);
#9796 = CARTESIAN_POINT('',(-1.375,-0.325,0.775));
#9797 = DIRECTION('',(0.,0.,-1.));
#9798 = DIRECTION('',(1.,-1.110223024625E-16,0.));
#9799 = ADVANCED_FACE('',(#9800),#9811,.T.);
#9800 = FACE_BOUND('',#9801,.T.);
#9801 = EDGE_LOOP('',(#9802,#9803,#9804,#9805));
#9802 = ORIENTED_EDGE('',*,*,#9308,.T.);
#9803 = ORIENTED_EDGE('',*,*,#9787,.T.);
#9804 = ORIENTED_EDGE('',*,*,#9400,.F.);
#9805 = ORIENTED_EDGE('',*,*,#9806,.F.);
#9806 = EDGE_CURVE('',#9301,#9393,#9807,.T.);
#9807 = LINE('',#9808,#9809);
#9808 = CARTESIAN_POINT('',(-1.690138480964,-0.325,0.510567416853));
#9809 = VECTOR('',#9810,1.);
#9810 = DIRECTION('',(1.110223024625E-16,1.,0.));
#9811 = CYLINDRICAL_SURFACE('',#9812,0.32);
#9812 = AXIS2_PLACEMENT_3D('',#9813,#9814,#9815);
#9813 = CARTESIAN_POINT('',(-1.375,-0.325,0.455));
#9814 = DIRECTION('',(-1.110223024625E-16,-1.,-0.));
#9815 = DIRECTION('',(-0.984807753012,1.093356242223E-16,0.173648177667)
  );
#9816 = ADVANCED_FACE('',(#9817),#9828,.F.);
#9817 = FACE_BOUND('',#9818,.F.);
#9818 = EDGE_LOOP('',(#9819,#9825,#9826,#9827));
#9819 = ORIENTED_EDGE('',*,*,#9820,.T.);
#9820 = EDGE_CURVE('',#9292,#9384,#9821,.T.);
#9821 = LINE('',#9822,#9823);
#9822 = CARTESIAN_POINT('',(-1.720627212034,-0.325,0.29916221868));
#9823 = VECTOR('',#9824,1.);
#9824 = DIRECTION('',(1.110223024625E-16,1.,0.));
#9825 = ORIENTED_EDGE('',*,*,#9392,.T.);
#9826 = ORIENTED_EDGE('',*,*,#9806,.F.);
#9827 = ORIENTED_EDGE('',*,*,#9300,.F.);
#9828 = PLANE('',#9829);
#9829 = AXIS2_PLACEMENT_3D('',#9830,#9831,#9832);
#9830 = CARTESIAN_POINT('',(-1.720627212034,-0.325,0.29916221868));
#9831 = DIRECTION('',(0.989759848633,-1.098854172802E-16,-0.142742572604
    ));
#9832 = DIRECTION('',(0.142742572604,-1.584760906992E-17,0.989759848633)
  );
#9833 = ADVANCED_FACE('',(#9834),#9845,.F.);
#9834 = FACE_BOUND('',#9835,.F.);
#9835 = EDGE_LOOP('',(#9836,#9842,#9843,#9844));
#9836 = ORIENTED_EDGE('',*,*,#9837,.T.);
#9837 = EDGE_CURVE('',#9284,#9376,#9838,.T.);
#9838 = LINE('',#9839,#9840);
#9839 = CARTESIAN_POINT('',(-1.838804142396,-0.325,0.2));
#9840 = VECTOR('',#9841,1.);
#9841 = DIRECTION('',(1.110223024625E-16,1.,0.));
#9842 = ORIENTED_EDGE('',*,*,#9383,.T.);
#9843 = ORIENTED_EDGE('',*,*,#9820,.F.);
#9844 = ORIENTED_EDGE('',*,*,#9291,.F.);
#9845 = CYLINDRICAL_SURFACE('',#9846,0.12);
#9846 = AXIS2_PLACEMENT_3D('',#9847,#9848,#9849);
#9847 = CARTESIAN_POINT('',(-1.838804142396,-0.325,0.32));
#9848 = DIRECTION('',(-1.110223024625E-16,-1.,0.));
#9849 = DIRECTION('',(1.850371707709E-15,-2.054325274013E-31,-1.));
#9850 = ADVANCED_FACE('',(#9851),#9862,.F.);
#9851 = FACE_BOUND('',#9852,.F.);
#9852 = EDGE_LOOP('',(#9853,#9859,#9860,#9861));
#9853 = ORIENTED_EDGE('',*,*,#9854,.T.);
#9854 = EDGE_CURVE('',#9276,#9368,#9855,.T.);
#9855 = LINE('',#9856,#9857);
#9856 = CARTESIAN_POINT('',(-1.9,-0.325,0.2));
#9857 = VECTOR('',#9858,1.);
#9858 = DIRECTION('',(1.110223024625E-16,1.,0.));
#9859 = ORIENTED_EDGE('',*,*,#9375,.T.);
#9860 = ORIENTED_EDGE('',*,*,#9837,.F.);
#9861 = ORIENTED_EDGE('',*,*,#9283,.F.);
#9862 = PLANE('',#9863);
#9863 = AXIS2_PLACEMENT_3D('',#9864,#9865,#9866);
#9864 = CARTESIAN_POINT('',(-1.9,-0.325,0.2));
#9865 = DIRECTION('',(0.,0.,-1.));
#9866 = DIRECTION('',(1.,-1.110223024625E-16,0.));
#9867 = ADVANCED_FACE('',(#9868),#9879,.F.);
#9868 = FACE_BOUND('',#9869,.F.);
#9869 = EDGE_LOOP('',(#9870,#9876,#9877,#9878));
#9870 = ORIENTED_EDGE('',*,*,#9871,.T.);
#9871 = EDGE_CURVE('',#9268,#9360,#9872,.T.);
#9872 = LINE('',#9873,#9874);
#9873 = CARTESIAN_POINT('',(-1.9,-0.325,-5.551115123126E-17));
#9874 = VECTOR('',#9875,1.);
#9875 = DIRECTION('',(1.110223024625E-16,1.,0.));
#9876 = ORIENTED_EDGE('',*,*,#9367,.T.);
#9877 = ORIENTED_EDGE('',*,*,#9854,.F.);
#9878 = ORIENTED_EDGE('',*,*,#9275,.F.);
#9879 = PLANE('',#9880);
#9880 = AXIS2_PLACEMENT_3D('',#9881,#9882,#9883);
#9881 = CARTESIAN_POINT('',(-1.9,-0.325,-5.551115123126E-17));
#9882 = DIRECTION('',(1.,-1.110223024625E-16,0.));
#9883 = DIRECTION('',(0.,0.,1.));
#9884 = ADVANCED_FACE('',(#9885),#9896,.F.);
#9885 = FACE_BOUND('',#9886,.F.);
#9886 = EDGE_LOOP('',(#9887,#9893,#9894,#9895));
#9887 = ORIENTED_EDGE('',*,*,#9888,.T.);
#9888 = EDGE_CURVE('',#9259,#9351,#9889,.T.);
#9889 = LINE('',#9890,#9891);
#9890 = CARTESIAN_POINT('',(-1.838804142396,-0.325,-5.551115123126E-17)
  );
#9891 = VECTOR('',#9892,1.);
#9892 = DIRECTION('',(1.110223024625E-16,1.,0.));
#9893 = ORIENTED_EDGE('',*,*,#9359,.T.);
#9894 = ORIENTED_EDGE('',*,*,#9871,.F.);
#9895 = ORIENTED_EDGE('',*,*,#9267,.F.);
#9896 = PLANE('',#9897);
#9897 = AXIS2_PLACEMENT_3D('',#9898,#9899,#9900);
#9898 = CARTESIAN_POINT('',(-1.838804142396,-0.325,-5.551115123126E-17)
  );
#9899 = DIRECTION('',(0.,0.,1.));
#9900 = DIRECTION('',(-1.,1.110223024625E-16,0.));
#9901 = ADVANCED_FACE('',(#9902),#9908,.T.);
#9902 = FACE_BOUND('',#9903,.T.);
#9903 = EDGE_LOOP('',(#9904,#9905,#9906,#9907));
#9904 = ORIENTED_EDGE('',*,*,#9258,.T.);
#9905 = ORIENTED_EDGE('',*,*,#9888,.T.);
#9906 = ORIENTED_EDGE('',*,*,#9350,.F.);
#9907 = ORIENTED_EDGE('',*,*,#9332,.F.);
#9908 = CYLINDRICAL_SURFACE('',#9909,0.32);
#9909 = AXIS2_PLACEMENT_3D('',#9910,#9911,#9912);
#9910 = CARTESIAN_POINT('',(-1.838804142396,-0.325,0.32));
#9911 = DIRECTION('',(-1.110223024625E-16,-1.,-0.));
#9912 = DIRECTION('',(0.984807753012,-1.093356242223E-16,-0.173648177667
    ));
#9913 = ADVANCED_FACE('',(#9914),#9931,.F.);
#9914 = FACE_BOUND('',#9915,.F.);
#9915 = EDGE_LOOP('',(#9916,#9917,#9924,#9930));
#9916 = ORIENTED_EDGE('',*,*,#9481,.T.);
#9917 = ORIENTED_EDGE('',*,*,#9918,.T.);
#9918 = EDGE_CURVE('',#9474,#9919,#9921,.T.);
#9919 = VERTEX_POINT('',#9920);
#9920 = CARTESIAN_POINT('',(-1.234121551758,0.708243103516,1.25));
#9921 = B_SPLINE_CURVE_WITH_KNOTS('',1,(#9922,#9923),.UNSPECIFIED.,.F.,
  .F.,(2,2),(0.,1.),.PIECEWISE_BEZIER_KNOTS.);
#9922 = CARTESIAN_POINT('',(-1.2675,0.775,0.775));
#9923 = CARTESIAN_POINT('',(-1.234121551758,0.708243103516,1.25));
#9924 = ORIENTED_EDGE('',*,*,#9925,.F.);
#9925 = EDGE_CURVE('',#9765,#9919,#9926,.T.);
#9926 = LINE('',#9927,#9928);
#9927 = CARTESIAN_POINT('',(-1.283243103516,0.659121551758,1.25));
#9928 = VECTOR('',#9929,1.);
#9929 = DIRECTION('',(0.707106781187,0.707106781187,0.));
#9930 = ORIENTED_EDGE('',*,*,#9764,.F.);
#9931 = B_SPLINE_SURFACE_WITH_KNOTS('',1,1,(
    (#9932,#9933)
    ,(#9934,#9935
    )),.UNSPECIFIED.,.F.,.F.,.F.,(2,2),(2,2),(0.,0.116672618896),(0.,1.)
  ,.PIECEWISE_BEZIER_KNOTS.);
#9932 = CARTESIAN_POINT('',(-1.35,0.6925,0.775));
#9933 = CARTESIAN_POINT('',(-1.283243103516,0.659121551758,1.25));
#9934 = CARTESIAN_POINT('',(-1.2675,0.775,0.775));
#9935 = CARTESIAN_POINT('',(-1.234121551758,0.708243103516,1.25));
#9936 = ADVANCED_FACE('',(#9937),#9954,.F.);
#9937 = FACE_BOUND('',#9938,.F.);
#9938 = EDGE_LOOP('',(#9939,#9940,#9947,#9953));
#9939 = ORIENTED_EDGE('',*,*,#9473,.T.);
#9940 = ORIENTED_EDGE('',*,*,#9941,.T.);
#9941 = EDGE_CURVE('',#9466,#9942,#9944,.T.);
#9942 = VERTEX_POINT('',#9943);
#9943 = CARTESIAN_POINT('',(1.234121551758,0.708243103516,1.25));
#9944 = B_SPLINE_CURVE_WITH_KNOTS('',1,(#9945,#9946),.UNSPECIFIED.,.F.,
  .F.,(2,2),(0.,1.),.PIECEWISE_BEZIER_KNOTS.);
#9945 = CARTESIAN_POINT('',(1.2675,0.775,0.775));
#9946 = CARTESIAN_POINT('',(1.234121551758,0.708243103516,1.25));
#9947 = ORIENTED_EDGE('',*,*,#9948,.F.);
#9948 = EDGE_CURVE('',#9919,#9942,#9949,.T.);
#9949 = LINE('',#9950,#9951);
#9950 = CARTESIAN_POINT('',(-1.234121551758,0.708243103516,1.25));
#9951 = VECTOR('',#9952,1.);
#9952 = DIRECTION('',(1.,0.,0.));
#9953 = ORIENTED_EDGE('',*,*,#9918,.F.);
#9954 = B_SPLINE_SURFACE_WITH_KNOTS('',1,1,(
    (#9955,#9956)
    ,(#9957,#9958
    )),.UNSPECIFIED.,.F.,.F.,.F.,(2,2),(2,2),(0.,2.535),(0.,1.),
  .PIECEWISE_BEZIER_KNOTS.);
#9955 = CARTESIAN_POINT('',(-1.2675,0.775,0.775));
#9956 = CARTESIAN_POINT('',(-1.234121551758,0.708243103516,1.25));
#9957 = CARTESIAN_POINT('',(1.2675,0.775,0.775));
#9958 = CARTESIAN_POINT('',(1.234121551758,0.708243103516,1.25));
#9959 = ADVANCED_FACE('',(#9960),#9971,.F.);
#9960 = FACE_BOUND('',#9961,.F.);
#9961 = EDGE_LOOP('',(#9962,#9963,#9964,#9970));
#9962 = ORIENTED_EDGE('',*,*,#9465,.T.);
#9963 = ORIENTED_EDGE('',*,*,#9674,.T.);
#9964 = ORIENTED_EDGE('',*,*,#9965,.F.);
#9965 = EDGE_CURVE('',#9942,#9667,#9966,.T.);
#9966 = LINE('',#9967,#9968);
#9967 = CARTESIAN_POINT('',(1.234121551758,0.708243103516,1.25));
#9968 = VECTOR('',#9969,1.);
#9969 = DIRECTION('',(0.707106781187,-0.707106781187,0.));
#9970 = ORIENTED_EDGE('',*,*,#9941,.F.);
#9971 = B_SPLINE_SURFACE_WITH_KNOTS('',1,1,(
    (#9972,#9973)
    ,(#9974,#9975
    )),.UNSPECIFIED.,.F.,.F.,.F.,(2,2),(2,2),(0.,0.116672618896),(0.,1.)
  ,.PIECEWISE_BEZIER_KNOTS.);
#9972 = CARTESIAN_POINT('',(1.2675,0.775,0.775));
#9973 = CARTESIAN_POINT('',(1.234121551758,0.708243103516,1.25));
#9974 = CARTESIAN_POINT('',(1.35,0.6925,0.775));
#9975 = CARTESIAN_POINT('',(1.283243103516,0.659121551758,1.25));
#9976 = ADVANCED_FACE('',(#9977),#10046,.F.);
#9977 = FACE_BOUND('',#9978,.F.);
#9978 = EDGE_LOOP('',(#9979,#9980,#9981,#9989,#9998,#10006,#10014,#10022
    ,#10031,#10039));
#9979 = ORIENTED_EDGE('',*,*,#9569,.F.);
#9980 = ORIENTED_EDGE('',*,*,#9602,.T.);
#9981 = ORIENTED_EDGE('',*,*,#9982,.T.);
#9982 = EDGE_CURVE('',#9595,#9983,#9985,.T.);
#9983 = VERTEX_POINT('',#9984);
#9984 = CARTESIAN_POINT('',(1.523665661432,0.325,0.264432583147));
#9985 = LINE('',#9986,#9987);
#9986 = CARTESIAN_POINT('',(1.493176930361,0.325,0.47583778132));
#9987 = VECTOR('',#9988,1.);
#9988 = DIRECTION('',(0.142742572604,-3.169521813984E-17,-0.989759848633
    ));
#9989 = ORIENTED_EDGE('',*,*,#9990,.T.);
#9990 = EDGE_CURVE('',#9983,#9991,#9993,.T.);
#9991 = VERTEX_POINT('',#9992);
#9992 = CARTESIAN_POINT('',(1.838804142396,0.325,-5.551115123126E-17));
#9993 = CIRCLE('',#9994,0.32);
#9994 = AXIS2_PLACEMENT_3D('',#9995,#9996,#9997);
#9995 = CARTESIAN_POINT('',(1.838804142396,0.325,0.32));
#9996 = DIRECTION('',(-2.22044604925E-16,-1.,0.));
#9997 = DIRECTION('',(-0.984807753012,2.186712484447E-16,-0.173648177667
    ));
#9998 = ORIENTED_EDGE('',*,*,#9999,.T.);
#9999 = EDGE_CURVE('',#9991,#10000,#10002,.T.);
#10000 = VERTEX_POINT('',#10001);
#10001 = CARTESIAN_POINT('',(1.9,0.325,-5.551115123126E-17));
#10002 = LINE('',#10003,#10004);
#10003 = CARTESIAN_POINT('',(1.838804142396,0.325,-5.551115123126E-17));
#10004 = VECTOR('',#10005,1.);
#10005 = DIRECTION('',(1.,-2.22044604925E-16,0.));
#10006 = ORIENTED_EDGE('',*,*,#10007,.T.);
#10007 = EDGE_CURVE('',#10000,#10008,#10010,.T.);
#10008 = VERTEX_POINT('',#10009);
#10009 = CARTESIAN_POINT('',(1.9,0.325,0.2));
#10010 = LINE('',#10011,#10012);
#10011 = CARTESIAN_POINT('',(1.9,0.325,-5.551115123126E-17));
#10012 = VECTOR('',#10013,1.);
#10013 = DIRECTION('',(0.,0.,1.));
#10014 = ORIENTED_EDGE('',*,*,#10015,.T.);
#10015 = EDGE_CURVE('',#10008,#10016,#10018,.T.);
#10016 = VERTEX_POINT('',#10017);
#10017 = CARTESIAN_POINT('',(1.838804142396,0.325,0.2));
#10018 = LINE('',#10019,#10020);
#10019 = CARTESIAN_POINT('',(1.9,0.325,0.2));
#10020 = VECTOR('',#10021,1.);
#10021 = DIRECTION('',(-1.,2.22044604925E-16,0.));
#10022 = ORIENTED_EDGE('',*,*,#10023,.T.);
#10023 = EDGE_CURVE('',#10016,#10024,#10026,.T.);
#10024 = VERTEX_POINT('',#10025);
#10025 = CARTESIAN_POINT('',(1.720627212034,0.325,0.29916221868));
#10026 = CIRCLE('',#10027,0.12);
#10027 = AXIS2_PLACEMENT_3D('',#10028,#10029,#10030);
#10028 = CARTESIAN_POINT('',(1.838804142396,0.325,0.32));
#10029 = DIRECTION('',(2.22044604925E-16,1.,0.));
#10030 = DIRECTION('',(-1.850371707709E-15,4.108650548026E-31,-1.));
#10031 = ORIENTED_EDGE('',*,*,#10032,.T.);
#10032 = EDGE_CURVE('',#10024,#10033,#10035,.T.);
#10033 = VERTEX_POINT('',#10034);
#10034 = CARTESIAN_POINT('',(1.690138480964,0.325,0.510567416853));
#10035 = LINE('',#10036,#10037);
#10036 = CARTESIAN_POINT('',(1.720627212034,0.325,0.29916221868));
#10037 = VECTOR('',#10038,1.);
#10038 = DIRECTION('',(-0.142742572604,3.169521813984E-17,0.989759848633
    ));
#10039 = ORIENTED_EDGE('',*,*,#10040,.T.);
#10040 = EDGE_CURVE('',#10033,#9442,#10041,.T.);
#10041 = CIRCLE('',#10042,0.32);
#10042 = AXIS2_PLACEMENT_3D('',#10043,#10044,#10045);
#10043 = CARTESIAN_POINT('',(1.375,0.325,0.455));
#10044 = DIRECTION('',(-2.22044604925E-16,-1.,0.));
#10045 = DIRECTION('',(0.984807753012,-2.186712484447E-16,0.173648177667
    ));
#10046 = PLANE('',#10047);
#10047 = AXIS2_PLACEMENT_3D('',#10048,#10049,#10050);
#10048 = CARTESIAN_POINT('',(1.610729118287,0.325,0.384660577966));
#10049 = DIRECTION('',(-2.22044604925E-16,-1.,0.));
#10050 = DIRECTION('',(0.,0.,1.));
#10051 = ADVANCED_FACE('',(#10052),#10070,.F.);
#10052 = FACE_BOUND('',#10053,.F.);
#10053 = EDGE_LOOP('',(#10054,#10055,#10063,#10069));
#10054 = ORIENTED_EDGE('',*,*,#9594,.T.);
#10055 = ORIENTED_EDGE('',*,*,#10056,.T.);
#10056 = EDGE_CURVE('',#9586,#10057,#10059,.T.);
#10057 = VERTEX_POINT('',#10058);
#10058 = CARTESIAN_POINT('',(1.523665661432,-0.325,0.264432583147));
#10059 = LINE('',#10060,#10061);
#10060 = CARTESIAN_POINT('',(1.493176930361,-0.325,0.47583778132));
#10061 = VECTOR('',#10062,1.);
#10062 = DIRECTION('',(0.142742572604,-3.169521813984E-17,
    -0.989759848633));
#10063 = ORIENTED_EDGE('',*,*,#10064,.F.);
#10064 = EDGE_CURVE('',#9983,#10057,#10065,.T.);
#10065 = LINE('',#10066,#10067);
#10066 = CARTESIAN_POINT('',(1.523665661432,0.325,0.264432583147));
#10067 = VECTOR('',#10068,1.);
#10068 = DIRECTION('',(-2.22044604925E-16,-1.,0.));
#10069 = ORIENTED_EDGE('',*,*,#9982,.F.);
#10070 = PLANE('',#10071);
#10071 = AXIS2_PLACEMENT_3D('',#10072,#10073,#10074);
#10072 = CARTESIAN_POINT('',(1.493176930361,0.325,0.47583778132));
#10073 = DIRECTION('',(0.989759848633,-2.197708345604E-16,0.142742572604
    ));
#10074 = DIRECTION('',(0.142742572604,-3.169521813984E-17,
    -0.989759848633));
#10075 = ADVANCED_FACE('',(#10076),#10138,.T.);
#10076 = FACE_BOUND('',#10077,.T.);
#10077 = EDGE_LOOP('',(#10078,#10079,#10080,#10081,#10090,#10098,#10106,
    #10114,#10123,#10131));
#10078 = ORIENTED_EDGE('',*,*,#9617,.F.);
#10079 = ORIENTED_EDGE('',*,*,#9585,.T.);
#10080 = ORIENTED_EDGE('',*,*,#10056,.T.);
#10081 = ORIENTED_EDGE('',*,*,#10082,.T.);
#10082 = EDGE_CURVE('',#10057,#10083,#10085,.T.);
#10083 = VERTEX_POINT('',#10084);
#10084 = CARTESIAN_POINT('',(1.838804142396,-0.325,-5.551115123126E-17)
  );
#10085 = CIRCLE('',#10086,0.32);
#10086 = AXIS2_PLACEMENT_3D('',#10087,#10088,#10089);
#10087 = CARTESIAN_POINT('',(1.838804142396,-0.325,0.32));
#10088 = DIRECTION('',(-2.22044604925E-16,-1.,0.));
#10089 = DIRECTION('',(-0.984807753012,2.186712484447E-16,
    -0.173648177667));
#10090 = ORIENTED_EDGE('',*,*,#10091,.T.);
#10091 = EDGE_CURVE('',#10083,#10092,#10094,.T.);
#10092 = VERTEX_POINT('',#10093);
#10093 = CARTESIAN_POINT('',(1.9,-0.325,-5.551115123126E-17));
#10094 = LINE('',#10095,#10096);
#10095 = CARTESIAN_POINT('',(1.838804142396,-0.325,-5.551115123126E-17)
  );
#10096 = VECTOR('',#10097,1.);
#10097 = DIRECTION('',(1.,-2.22044604925E-16,0.));
#10098 = ORIENTED_EDGE('',*,*,#10099,.T.);
#10099 = EDGE_CURVE('',#10092,#10100,#10102,.T.);
#10100 = VERTEX_POINT('',#10101);
#10101 = CARTESIAN_POINT('',(1.9,-0.325,0.2));
#10102 = LINE('',#10103,#10104);
#10103 = CARTESIAN_POINT('',(1.9,-0.325,-5.551115123126E-17));
#10104 = VECTOR('',#10105,1.);
#10105 = DIRECTION('',(0.,0.,1.));
#10106 = ORIENTED_EDGE('',*,*,#10107,.T.);
#10107 = EDGE_CURVE('',#10100,#10108,#10110,.T.);
#10108 = VERTEX_POINT('',#10109);
#10109 = CARTESIAN_POINT('',(1.838804142396,-0.325,0.2));
#10110 = LINE('',#10111,#10112);
#10111 = CARTESIAN_POINT('',(1.9,-0.325,0.2));
#10112 = VECTOR('',#10113,1.);
#10113 = DIRECTION('',(-1.,2.22044604925E-16,0.));
#10114 = ORIENTED_EDGE('',*,*,#10115,.T.);
#10115 = EDGE_CURVE('',#10108,#10116,#10118,.T.);
#10116 = VERTEX_POINT('',#10117);
#10117 = CARTESIAN_POINT('',(1.720627212034,-0.325,0.29916221868));
#10118 = CIRCLE('',#10119,0.12);
#10119 = AXIS2_PLACEMENT_3D('',#10120,#10121,#10122);
#10120 = CARTESIAN_POINT('',(1.838804142396,-0.325,0.32));
#10121 = DIRECTION('',(2.22044604925E-16,1.,0.));
#10122 = DIRECTION('',(-1.850371707709E-15,4.108650548026E-31,-1.));
#10123 = ORIENTED_EDGE('',*,*,#10124,.T.);
#10124 = EDGE_CURVE('',#10116,#10125,#10127,.T.);
#10125 = VERTEX_POINT('',#10126);
#10126 = CARTESIAN_POINT('',(1.690138480964,-0.325,0.510567416853));
#10127 = LINE('',#10128,#10129);
#10128 = CARTESIAN_POINT('',(1.720627212034,-0.325,0.29916221868));
#10129 = VECTOR('',#10130,1.);
#10130 = DIRECTION('',(-0.142742572604,3.169521813984E-17,0.989759848633
    ));
#10131 = ORIENTED_EDGE('',*,*,#10132,.T.);
#10132 = EDGE_CURVE('',#10125,#9211,#10133,.T.);
#10133 = CIRCLE('',#10134,0.32);
#10134 = AXIS2_PLACEMENT_3D('',#10135,#10136,#10137);
#10135 = CARTESIAN_POINT('',(1.375,-0.325,0.455));
#10136 = DIRECTION('',(-2.22044604925E-16,-1.,0.));
#10137 = DIRECTION('',(0.984807753012,-2.186712484447E-16,0.173648177667
    ));
#10138 = PLANE('',#10139);
#10139 = AXIS2_PLACEMENT_3D('',#10140,#10141,#10142);
#10140 = CARTESIAN_POINT('',(1.610729118287,-0.325,0.384660577966));
#10141 = DIRECTION('',(-2.22044604925E-16,-1.,0.));
#10142 = DIRECTION('',(0.,0.,1.));
#10143 = ADVANCED_FACE('',(#10144),#10155,.T.);
#10144 = FACE_BOUND('',#10145,.T.);
#10145 = EDGE_LOOP('',(#10146,#10147,#10148,#10149));
#10146 = ORIENTED_EDGE('',*,*,#10040,.T.);
#10147 = ORIENTED_EDGE('',*,*,#9635,.T.);
#10148 = ORIENTED_EDGE('',*,*,#10132,.F.);
#10149 = ORIENTED_EDGE('',*,*,#10150,.F.);
#10150 = EDGE_CURVE('',#10033,#10125,#10151,.T.);
#10151 = LINE('',#10152,#10153);
#10152 = CARTESIAN_POINT('',(1.690138480964,0.325,0.510567416853));
#10153 = VECTOR('',#10154,1.);
#10154 = DIRECTION('',(-2.22044604925E-16,-1.,0.));
#10155 = CYLINDRICAL_SURFACE('',#10156,0.32);
#10156 = AXIS2_PLACEMENT_3D('',#10157,#10158,#10159);
#10157 = CARTESIAN_POINT('',(1.375,0.325,0.455));
#10158 = DIRECTION('',(2.22044604925E-16,1.,0.));
#10159 = DIRECTION('',(0.984807753012,-2.186712484447E-16,0.173648177667
    ));
#10160 = ADVANCED_FACE('',(#10161,#10171),#10205,.T.);
#10161 = FACE_BOUND('',#10162,.T.);
#10162 = EDGE_LOOP('',(#10163,#10164,#10165,#10166,#10167,#10168,#10169,
    #10170));
#10163 = ORIENTED_EDGE('',*,*,#9771,.F.);
#10164 = ORIENTED_EDGE('',*,*,#9741,.F.);
#10165 = ORIENTED_EDGE('',*,*,#9718,.F.);
#10166 = ORIENTED_EDGE('',*,*,#9695,.F.);
#10167 = ORIENTED_EDGE('',*,*,#9666,.F.);
#10168 = ORIENTED_EDGE('',*,*,#9965,.F.);
#10169 = ORIENTED_EDGE('',*,*,#9948,.F.);
#10170 = ORIENTED_EDGE('',*,*,#9925,.F.);
#10171 = FACE_BOUND('',#10172,.T.);
#10172 = EDGE_LOOP('',(#10173,#10183,#10191,#10199));
#10173 = ORIENTED_EDGE('',*,*,#10174,.T.);
#10174 = EDGE_CURVE('',#10175,#10177,#10179,.T.);
#10175 = VERTEX_POINT('',#10176);
#10176 = CARTESIAN_POINT('',(-0.683243103516,-0.608243103516,1.25));
#10177 = VERTEX_POINT('',#10178);
#10178 = CARTESIAN_POINT('',(-1.183243103516,-0.608243103516,1.25));
#10179 = LINE('',#10180,#10181);
#10180 = CARTESIAN_POINT('',(-1.233243103516,-0.608243103516,1.25));
#10181 = VECTOR('',#10182,1.);
#10182 = DIRECTION('',(-1.,0.,0.));
#10183 = ORIENTED_EDGE('',*,*,#10184,.T.);
#10184 = EDGE_CURVE('',#10177,#10185,#10187,.T.);
#10185 = VERTEX_POINT('',#10186);
#10186 = CARTESIAN_POINT('',(-1.183243103516,0.608243103516,1.25));
#10187 = LINE('',#10188,#10189);
#10188 = CARTESIAN_POINT('',(-1.183243103516,-0.633682327637,1.25));
#10189 = VECTOR('',#10190,1.);
#10190 = DIRECTION('',(0.,1.,0.));
#10191 = ORIENTED_EDGE('',*,*,#10192,.F.);
#10192 = EDGE_CURVE('',#10193,#10185,#10195,.T.);
#10193 = VERTEX_POINT('',#10194);
#10194 = CARTESIAN_POINT('',(-0.683243103516,0.608243103516,1.25));
#10195 = LINE('',#10196,#10197);
#10196 = CARTESIAN_POINT('',(-1.233243103516,0.608243103516,1.25));
#10197 = VECTOR('',#10198,1.);
#10198 = DIRECTION('',(-1.,0.,0.));
#10199 = ORIENTED_EDGE('',*,*,#10200,.F.);
#10200 = EDGE_CURVE('',#10175,#10193,#10201,.T.);
#10201 = LINE('',#10202,#10203);
#10202 = CARTESIAN_POINT('',(-0.683243103516,-0.633682327637,1.25));
#10203 = VECTOR('',#10204,1.);
#10204 = DIRECTION('',(0.,1.,0.));
#10205 = PLANE('',#10206);
#10206 = AXIS2_PLACEMENT_3D('',#10207,#10208,#10209);
#10207 = CARTESIAN_POINT('',(-1.283243103516,-0.659121551758,1.25));
#10208 = DIRECTION('',(0.,0.,1.));
#10209 = DIRECTION('',(0.889522261294,0.456891832562,-0.));
#10210 = ADVANCED_FACE('',(#10211),#10222,.F.);
#10211 = FACE_BOUND('',#10212,.F.);
#10212 = EDGE_LOOP('',(#10213,#10219,#10220,#10221));
#10213 = ORIENTED_EDGE('',*,*,#10214,.T.);
#10214 = EDGE_CURVE('',#10024,#10116,#10215,.T.);
#10215 = LINE('',#10216,#10217);
#10216 = CARTESIAN_POINT('',(1.720627212034,0.325,0.29916221868));
#10217 = VECTOR('',#10218,1.);
#10218 = DIRECTION('',(-2.22044604925E-16,-1.,0.));
#10219 = ORIENTED_EDGE('',*,*,#10124,.T.);
#10220 = ORIENTED_EDGE('',*,*,#10150,.F.);
#10221 = ORIENTED_EDGE('',*,*,#10032,.F.);
#10222 = PLANE('',#10223);
#10223 = AXIS2_PLACEMENT_3D('',#10224,#10225,#10226);
#10224 = CARTESIAN_POINT('',(1.720627212034,0.325,0.29916221868));
#10225 = DIRECTION('',(-0.989759848633,2.197708345604E-16,
    -0.142742572604));
#10226 = DIRECTION('',(-0.142742572604,3.169521813984E-17,0.989759848633
    ));
#10227 = ADVANCED_FACE('',(#10228),#10239,.F.);
#10228 = FACE_BOUND('',#10229,.F.);
#10229 = EDGE_LOOP('',(#10230,#10236,#10237,#10238));
#10230 = ORIENTED_EDGE('',*,*,#10231,.T.);
#10231 = EDGE_CURVE('',#10016,#10108,#10232,.T.);
#10232 = LINE('',#10233,#10234);
#10233 = CARTESIAN_POINT('',(1.838804142396,0.325,0.2));
#10234 = VECTOR('',#10235,1.);
#10235 = DIRECTION('',(-2.22044604925E-16,-1.,0.));
#10236 = ORIENTED_EDGE('',*,*,#10115,.T.);
#10237 = ORIENTED_EDGE('',*,*,#10214,.F.);
#10238 = ORIENTED_EDGE('',*,*,#10023,.F.);
#10239 = CYLINDRICAL_SURFACE('',#10240,0.12);
#10240 = AXIS2_PLACEMENT_3D('',#10241,#10242,#10243);
#10241 = CARTESIAN_POINT('',(1.838804142396,0.325,0.32));
#10242 = DIRECTION('',(2.22044604925E-16,1.,0.));
#10243 = DIRECTION('',(-1.850371707709E-15,4.108650548026E-31,-1.));
#10244 = ADVANCED_FACE('',(#10245),#10256,.F.);
#10245 = FACE_BOUND('',#10246,.F.);
#10246 = EDGE_LOOP('',(#10247,#10253,#10254,#10255));
#10247 = ORIENTED_EDGE('',*,*,#10248,.T.);
#10248 = EDGE_CURVE('',#10008,#10100,#10249,.T.);
#10249 = LINE('',#10250,#10251);
#10250 = CARTESIAN_POINT('',(1.9,0.325,0.2));
#10251 = VECTOR('',#10252,1.);
#10252 = DIRECTION('',(-2.22044604925E-16,-1.,0.));
#10253 = ORIENTED_EDGE('',*,*,#10107,.T.);
#10254 = ORIENTED_EDGE('',*,*,#10231,.F.);
#10255 = ORIENTED_EDGE('',*,*,#10015,.F.);
#10256 = PLANE('',#10257);
#10257 = AXIS2_PLACEMENT_3D('',#10258,#10259,#10260);
#10258 = CARTESIAN_POINT('',(1.9,0.325,0.2));
#10259 = DIRECTION('',(0.,0.,-1.));
#10260 = DIRECTION('',(-1.,2.22044604925E-16,0.));
#10261 = ADVANCED_FACE('',(#10262),#10273,.F.);
#10262 = FACE_BOUND('',#10263,.F.);
#10263 = EDGE_LOOP('',(#10264,#10270,#10271,#10272));
#10264 = ORIENTED_EDGE('',*,*,#10265,.T.);
#10265 = EDGE_CURVE('',#10000,#10092,#10266,.T.);
#10266 = LINE('',#10267,#10268);
#10267 = CARTESIAN_POINT('',(1.9,0.325,-5.551115123126E-17));
#10268 = VECTOR('',#10269,1.);
#10269 = DIRECTION('',(-2.22044604925E-16,-1.,0.));
#10270 = ORIENTED_EDGE('',*,*,#10099,.T.);
#10271 = ORIENTED_EDGE('',*,*,#10248,.F.);
#10272 = ORIENTED_EDGE('',*,*,#10007,.F.);
#10273 = PLANE('',#10274);
#10274 = AXIS2_PLACEMENT_3D('',#10275,#10276,#10277);
#10275 = CARTESIAN_POINT('',(1.9,0.325,-5.551115123126E-17));
#10276 = DIRECTION('',(-1.,2.22044604925E-16,0.));
#10277 = DIRECTION('',(0.,0.,1.));
#10278 = ADVANCED_FACE('',(#10279),#10290,.F.);
#10279 = FACE_BOUND('',#10280,.F.);
#10280 = EDGE_LOOP('',(#10281,#10287,#10288,#10289));
#10281 = ORIENTED_EDGE('',*,*,#10282,.T.);
#10282 = EDGE_CURVE('',#9991,#10083,#10283,.T.);
#10283 = LINE('',#10284,#10285);
#10284 = CARTESIAN_POINT('',(1.838804142396,0.325,-5.551115123126E-17));
#10285 = VECTOR('',#10286,1.);
#10286 = DIRECTION('',(-2.22044604925E-16,-1.,0.));
#10287 = ORIENTED_EDGE('',*,*,#10091,.T.);
#10288 = ORIENTED_EDGE('',*,*,#10265,.F.);
#10289 = ORIENTED_EDGE('',*,*,#9999,.F.);
#10290 = PLANE('',#10291);
#10291 = AXIS2_PLACEMENT_3D('',#10292,#10293,#10294);
#10292 = CARTESIAN_POINT('',(1.838804142396,0.325,-5.551115123126E-17));
#10293 = DIRECTION('',(0.,0.,1.));
#10294 = DIRECTION('',(1.,-2.22044604925E-16,0.));
#10295 = ADVANCED_FACE('',(#10296),#10302,.T.);
#10296 = FACE_BOUND('',#10297,.T.);
#10297 = EDGE_LOOP('',(#10298,#10299,#10300,#10301));
#10298 = ORIENTED_EDGE('',*,*,#9990,.T.);
#10299 = ORIENTED_EDGE('',*,*,#10282,.T.);
#10300 = ORIENTED_EDGE('',*,*,#10082,.F.);
#10301 = ORIENTED_EDGE('',*,*,#10064,.F.);
#10302 = CYLINDRICAL_SURFACE('',#10303,0.32);
#10303 = AXIS2_PLACEMENT_3D('',#10304,#10305,#10306);
#10304 = CARTESIAN_POINT('',(1.838804142396,0.325,0.32));
#10305 = DIRECTION('',(2.22044604925E-16,1.,0.));
#10306 = DIRECTION('',(-0.984807753012,2.186712484447E-16,
    -0.173648177667));
#10307 = ADVANCED_FACE('',(#10308),#10333,.F.);
#10308 = FACE_BOUND('',#10309,.F.);
#10309 = EDGE_LOOP('',(#10310,#10311,#10319,#10327));
#10310 = ORIENTED_EDGE('',*,*,#10174,.T.);
#10311 = ORIENTED_EDGE('',*,*,#10312,.T.);
#10312 = EDGE_CURVE('',#10177,#10313,#10315,.T.);
#10313 = VERTEX_POINT('',#10314);
#10314 = CARTESIAN_POINT('',(-1.183243103516,-0.608243103516,1.26));
#10315 = LINE('',#10316,#10317);
#10316 = CARTESIAN_POINT('',(-1.183243103516,-0.608243103516,1.24));
#10317 = VECTOR('',#10318,1.);
#10318 = DIRECTION('',(0.,0.,1.));
#10319 = ORIENTED_EDGE('',*,*,#10320,.T.);
#10320 = EDGE_CURVE('',#10313,#10321,#10323,.T.);
#10321 = VERTEX_POINT('',#10322);
#10322 = CARTESIAN_POINT('',(-0.683243103516,-0.608243103516,1.26));
#10323 = LINE('',#10324,#10325);
#10324 = CARTESIAN_POINT('',(-1.183243103516,-0.608243103516,1.26));
#10325 = VECTOR('',#10326,1.);
#10326 = DIRECTION('',(1.,0.,0.));
#10327 = ORIENTED_EDGE('',*,*,#10328,.F.);
#10328 = EDGE_CURVE('',#10175,#10321,#10329,.T.);
#10329 = LINE('',#10330,#10331);
#10330 = CARTESIAN_POINT('',(-0.683243103516,-0.608243103516,1.24));
#10331 = VECTOR('',#10332,1.);
#10332 = DIRECTION('',(0.,0.,1.));
#10333 = PLANE('',#10334);
#10334 = AXIS2_PLACEMENT_3D('',#10335,#10336,#10337);
#10335 = CARTESIAN_POINT('',(-1.183243103516,-0.608243103516,1.24));
#10336 = DIRECTION('',(0.,1.,0.));
#10337 = DIRECTION('',(0.,-0.,1.));
#10338 = ADVANCED_FACE('',(#10339),#10357,.T.);
#10339 = FACE_BOUND('',#10340,.T.);
#10340 = EDGE_LOOP('',(#10341,#10342,#10343,#10351));
#10341 = ORIENTED_EDGE('',*,*,#10328,.F.);
#10342 = ORIENTED_EDGE('',*,*,#10200,.T.);
#10343 = ORIENTED_EDGE('',*,*,#10344,.T.);
#10344 = EDGE_CURVE('',#10193,#10345,#10347,.T.);
#10345 = VERTEX_POINT('',#10346);
#10346 = CARTESIAN_POINT('',(-0.683243103516,0.608243103516,1.26));
#10347 = LINE('',#10348,#10349);
#10348 = CARTESIAN_POINT('',(-0.683243103516,0.608243103516,1.24));
#10349 = VECTOR('',#10350,1.);
#10350 = DIRECTION('',(0.,0.,1.));
#10351 = ORIENTED_EDGE('',*,*,#10352,.F.);
#10352 = EDGE_CURVE('',#10321,#10345,#10353,.T.);
#10353 = LINE('',#10354,#10355);
#10354 = CARTESIAN_POINT('',(-0.683243103516,-0.608243103516,1.26));
#10355 = VECTOR('',#10356,1.);
#10356 = DIRECTION('',(0.,1.,0.));
#10357 = PLANE('',#10358);
#10358 = AXIS2_PLACEMENT_3D('',#10359,#10360,#10361);
#10359 = CARTESIAN_POINT('',(-0.683243103516,-0.608243103516,1.24));
#10360 = DIRECTION('',(1.,0.,0.));
#10361 = DIRECTION('',(0.,0.,1.));
#10362 = ADVANCED_FACE('',(#10363),#10381,.T.);
#10363 = FACE_BOUND('',#10364,.T.);
#10364 = EDGE_LOOP('',(#10365,#10366,#10374,#10380));
#10365 = ORIENTED_EDGE('',*,*,#10192,.T.);
#10366 = ORIENTED_EDGE('',*,*,#10367,.T.);
#10367 = EDGE_CURVE('',#10185,#10368,#10370,.T.);
#10368 = VERTEX_POINT('',#10369);
#10369 = CARTESIAN_POINT('',(-1.183243103516,0.608243103516,1.26));
#10370 = LINE('',#10371,#10372);
#10371 = CARTESIAN_POINT('',(-1.183243103516,0.608243103516,1.24));
#10372 = VECTOR('',#10373,1.);
#10373 = DIRECTION('',(0.,0.,1.));
#10374 = ORIENTED_EDGE('',*,*,#10375,.T.);
#10375 = EDGE_CURVE('',#10368,#10345,#10376,.T.);
#10376 = LINE('',#10377,#10378);
#10377 = CARTESIAN_POINT('',(-1.183243103516,0.608243103516,1.26));
#10378 = VECTOR('',#10379,1.);
#10379 = DIRECTION('',(1.,0.,0.));
#10380 = ORIENTED_EDGE('',*,*,#10344,.F.);
#10381 = PLANE('',#10382);
#10382 = AXIS2_PLACEMENT_3D('',#10383,#10384,#10385);
#10383 = CARTESIAN_POINT('',(-1.183243103516,0.608243103516,1.24));
#10384 = DIRECTION('',(0.,1.,0.));
#10385 = DIRECTION('',(0.,-0.,1.));
#10386 = ADVANCED_FACE('',(#10387),#10398,.F.);
#10387 = FACE_BOUND('',#10388,.F.);
#10388 = EDGE_LOOP('',(#10389,#10390,#10391,#10392));
#10389 = ORIENTED_EDGE('',*,*,#10312,.F.);
#10390 = ORIENTED_EDGE('',*,*,#10184,.T.);
#10391 = ORIENTED_EDGE('',*,*,#10367,.T.);
#10392 = ORIENTED_EDGE('',*,*,#10393,.F.);
#10393 = EDGE_CURVE('',#10313,#10368,#10394,.T.);
#10394 = LINE('',#10395,#10396);
#10395 = CARTESIAN_POINT('',(-1.183243103516,-0.608243103516,1.26));
#10396 = VECTOR('',#10397,1.);
#10397 = DIRECTION('',(0.,1.,0.));
#10398 = PLANE('',#10399);
#10399 = AXIS2_PLACEMENT_3D('',#10400,#10401,#10402);
#10400 = CARTESIAN_POINT('',(-1.183243103516,-0.608243103516,1.24));
#10401 = DIRECTION('',(1.,0.,0.));
#10402 = DIRECTION('',(0.,0.,1.));
#10403 = ADVANCED_FACE('',(#10404),#10410,.T.);
#10404 = FACE_BOUND('',#10405,.T.);
#10405 = EDGE_LOOP('',(#10406,#10407,#10408,#10409));
#10406 = ORIENTED_EDGE('',*,*,#10393,.F.);
#10407 = ORIENTED_EDGE('',*,*,#10320,.T.);
#10408 = ORIENTED_EDGE('',*,*,#10352,.T.);
#10409 = ORIENTED_EDGE('',*,*,#10375,.F.);
#10410 = PLANE('',#10411);
#10411 = AXIS2_PLACEMENT_3D('',#10412,#10413,#10414);
#10412 = CARTESIAN_POINT('',(-1.183243103516,-0.608243103516,1.26));
#10413 = DIRECTION('',(0.,0.,1.));
#10414 = DIRECTION('',(1.,0.,-0.));
#10415 = ( GEOMETRIC_REPRESENTATION_CONTEXT(3) 
GLOBAL_UNCERTAINTY_ASSIGNED_CONTEXT((#10419)) 
GLOBAL_UNIT_ASSIGNED_CONTEXT((#10416,#10417,#10418)) 
REPRESENTATION_CONTEXT('Context #1',
  '3D Context with UNIT and UNCERTAINTY') );
#10416 = ( LENGTH_UNIT() NAMED_UNIT(*) SI_UNIT(.MILLI.,.METRE.) );
#10417 = ( NAMED_UNIT(*) PLANE_ANGLE_UNIT() SI_UNIT($,.RADIAN.) );
#10418 = ( NAMED_UNIT(*) SI_UNIT($,.STERADIAN.) SOLID_ANGLE_UNIT() );
#10419 = UNCERTAINTY_MEASURE_WITH_UNIT(LENGTH_MEASURE(1.E-07),#10416,
  'distance_accuracy_value','confusion accuracy');
#10420 = CONTEXT_DEPENDENT_SHAPE_REPRESENTATION(#10421,#10423);
#10421 = ( REPRESENTATION_RELATIONSHIP('','',#8726,#10) 
REPRESENTATION_RELATIONSHIP_WITH_TRANSFORMATION(#10422) 
SHAPE_REPRESENTATION_RELATIONSHIP() );
#10422 = ITEM_DEFINED_TRANSFORMATION('','',#11,#51);
#10423 = PRODUCT_DEFINITION_SHAPE('Placement','Placement of an item',
  #10424);
#10424 = NEXT_ASSEMBLY_USAGE_OCCURRENCE('10','D2','',#5,#8721,$);
#10425 = PRODUCT_RELATED_PRODUCT_CATEGORY('part',$,(#8723));
#10426 = CONTEXT_DEPENDENT_SHAPE_REPRESENTATION(#10427,#10429);
#10427 = ( REPRESENTATION_RELATIONSHIP('','',#8726,#10) 
REPRESENTATION_RELATIONSHIP_WITH_TRANSFORMATION(#10428) 
SHAPE_REPRESENTATION_RELATIONSHIP() );
#10428 = ITEM_DEFINED_TRANSFORMATION('','',#11,#55);
#10429 = PRODUCT_DEFINITION_SHAPE('Placement','Placement of an item',
  #10430);
#10430 = NEXT_ASSEMBLY_USAGE_OCCURRENCE('11','D1','',#5,#8721,$);
#10431 = CONTEXT_DEPENDENT_SHAPE_REPRESENTATION(#10432,#10434);
#10432 = ( REPRESENTATION_RELATIONSHIP('','',#4234,#10) 
REPRESENTATION_RELATIONSHIP_WITH_TRANSFORMATION(#10433) 
SHAPE_REPRESENTATION_RELATIONSHIP() );
#10433 = ITEM_DEFINED_TRANSFORMATION('','',#11,#59);
#10434 = PRODUCT_DEFINITION_SHAPE('Placement','Placement of an item',
  #10435);
#10435 = NEXT_ASSEMBLY_USAGE_OCCURRENCE('12','U1','',#5,#4229,$);
#10436 = SHAPE_DEFINITION_REPRESENTATION(#10437,#10443);
#10437 = PRODUCT_DEFINITION_SHAPE('','',#10438);
#10438 = PRODUCT_DEFINITION('design','',#10439,#10442);
#10439 = PRODUCT_DEFINITION_FORMATION('','',#10440);
#10440 = PRODUCT('JST_PH_S7B-PH-K_1x07_P2.00mm_Horizontal',
  'JST_PH_S7B-PH-K_1x07_P2.00mm_Horizontal','',(#10441));
#10441 = PRODUCT_CONTEXT('',#2,'mechanical');
#10442 = PRODUCT_DEFINITION_CONTEXT('part definition',#2,'design');
#10443 = ADVANCED_BREP_SHAPE_REPRESENTATION('',(#11,#10444),#18648);
#10444 = MANIFOLD_SOLID_BREP('',#10445);
#10445 = CLOSED_SHELL('',(#10446,#10486,#10566,#10654,#10711,#10728,
    #10752,#10776,#10800,#10856,#11152,#11183,#11195,#11441,#11455,
    #11671,#11728,#11752,#11825,#11849,#11882,#11993,#12395,#12435,
    #12466,#12484,#12501,#12519,#12545,#12576,#12593,#12626,#12650,
    #12681,#12698,#12731,#12755,#12786,#12803,#12836,#12860,#12891,
    #12908,#12941,#12965,#12996,#13013,#13046,#13070,#13101,#13118,
    #13151,#13191,#13214,#13263,#13287,#13334,#13351,#13368,#13380,
    #13427,#13458,#13475,#13492,#13509,#13526,#13543,#13560,#13577,
    #13601,#13625,#13642,#13666,#13690,#13707,#13731,#13755,#13772,
    #13796,#13820,#13837,#13861,#13885,#13902,#13926,#13950,#13967,
    #13984,#13996,#14013,#14025,#14049,#14067,#14079,#14091,#14105,
    #14117,#14129,#14141,#14153,#14184,#14208,#14232,#14249,#14280,
    #14304,#14328,#14345,#14376,#14400,#14424,#14441,#14472,#14496,
    #14520,#14537,#14568,#14592,#14616,#14633,#14664,#14688,#14712,
    #14729,#14760,#14784,#14808,#14825,#14871,#14917,#14963,#15009,
    #15055,#15101,#15147,#15164,#15176,#15207,#15231,#15255,#15272,
    #15303,#15327,#15351,#15368,#15399,#15423,#15447,#15464,#15495,
    #15519,#15543,#15560,#15591,#15615,#15639,#15656,#15687,#15711,
    #15735,#15752,#15783,#15807,#15831,#15848,#15945,#15969,#16059,
    #16076,#16141,#16165,#16223,#16240,#16305,#16329,#16387,#16404,
    #16469,#16493,#16551,#16568,#16599,#16657,#16681,#16732,#16797,
    #16821,#16879,#16896,#16993,#17017,#17107,#17124,#17136,#17148,
    #17160,#17172,#17184,#17196,#17208,#17225,#17242,#17259,#17292,
    #17332,#17363,#17380,#17397,#17409,#17442,#17459,#17476,#17507,
    #17529,#17541,#17572,#17589,#17606,#17637,#17659,#17671,#17702,
    #17719,#17736,#17767,#17789,#17801,#17832,#17849,#17866,#17883,
    #17914,#17931,#17962,#17979,#17996,#18027,#18049,#18061,#18092,
    #18109,#18126,#18143,#18176,#18216,#18247,#18264,#18281,#18293,
    #18326,#18343,#18360,#18372,#18389,#18406,#18418,#18435,#18452,
    #18464,#18481,#18498,#18510,#18527,#18544,#18556,#18573,#18590,
    #18602,#18619,#18636));
#10446 = ADVANCED_FACE('',(#10447),#10481,.T.);
#10447 = FACE_BOUND('',#10448,.T.);
#10448 = EDGE_LOOP('',(#10449,#10459,#10467,#10475));
#10449 = ORIENTED_EDGE('',*,*,#10450,.F.);
#10450 = EDGE_CURVE('',#10451,#10453,#10455,.T.);
#10451 = VERTEX_POINT('',#10452);
#10452 = CARTESIAN_POINT('',(13.95,-4.65,2.5));
#10453 = VERTEX_POINT('',#10454);
#10454 = CARTESIAN_POINT('',(13.95,-6.25,2.5));
#10455 = LINE('',#10456,#10457);
#10456 = CARTESIAN_POINT('',(13.95,-4.65,2.5));
#10457 = VECTOR('',#10458,1.);
#10458 = DIRECTION('',(-1.224646799147E-16,-1.,1.110223024625E-16));
#10459 = ORIENTED_EDGE('',*,*,#10460,.T.);
#10460 = EDGE_CURVE('',#10451,#10461,#10463,.T.);
#10461 = VERTEX_POINT('',#10462);
#10462 = CARTESIAN_POINT('',(13.45,-4.65,2.5));
#10463 = LINE('',#10464,#10465);
#10464 = CARTESIAN_POINT('',(13.95,-4.65,2.5));
#10465 = VECTOR('',#10466,1.);
#10466 = DIRECTION('',(-1.,1.224646799147E-16,0.));
#10467 = ORIENTED_EDGE('',*,*,#10468,.T.);
#10468 = EDGE_CURVE('',#10461,#10469,#10471,.T.);
#10469 = VERTEX_POINT('',#10470);
#10470 = CARTESIAN_POINT('',(13.45,-6.25,2.5));
#10471 = LINE('',#10472,#10473);
#10472 = CARTESIAN_POINT('',(13.45,-5.45,2.5));
#10473 = VECTOR('',#10474,1.);
#10474 = DIRECTION('',(-1.224646799147E-16,-1.,1.110223024625E-16));
#10475 = ORIENTED_EDGE('',*,*,#10476,.F.);
#10476 = EDGE_CURVE('',#10453,#10469,#10477,.T.);
#10477 = LINE('',#10478,#10479);
#10478 = CARTESIAN_POINT('',(13.95,-6.25,2.5));
#10479 = VECTOR('',#10480,1.);
#10480 = DIRECTION('',(-1.,1.224646799147E-16,0.));
#10481 = PLANE('',#10482);
#10482 = AXIS2_PLACEMENT_3D('',#10483,#10484,#10485);
#10483 = CARTESIAN_POINT('',(13.95,-4.65,2.5));
#10484 = DIRECTION('',(1.359631073447E-32,1.110223024625E-16,1.));
#10485 = DIRECTION('',(-1.224646799147E-16,-1.,1.110223024625E-16));
#10486 = ADVANCED_FACE('',(#10487),#10561,.T.);
#10487 = FACE_BOUND('',#10488,.T.);
#10488 = EDGE_LOOP('',(#10489,#10497,#10505,#10513,#10521,#10529,#10537,
    #10545,#10553,#10560));
#10489 = ORIENTED_EDGE('',*,*,#10490,.F.);
#10490 = EDGE_CURVE('',#10491,#10453,#10493,.T.);
#10491 = VERTEX_POINT('',#10492);
#10492 = CARTESIAN_POINT('',(13.95,-6.25,0.));
#10493 = LINE('',#10494,#10495);
#10494 = CARTESIAN_POINT('',(13.95,-6.25,0.3));
#10495 = VECTOR('',#10496,1.);
#10496 = DIRECTION('',(1.359631073447E-32,1.110223024625E-16,1.));
#10497 = ORIENTED_EDGE('',*,*,#10498,.F.);
#10498 = EDGE_CURVE('',#10499,#10491,#10501,.T.);
#10499 = VERTEX_POINT('',#10500);
#10500 = CARTESIAN_POINT('',(13.95,1.35,0.));
#10501 = LINE('',#10502,#10503);
#10502 = CARTESIAN_POINT('',(13.95,1.35,0.));
#10503 = VECTOR('',#10504,1.);
#10504 = DIRECTION('',(-1.224646799147E-16,-1.,0.));
#10505 = ORIENTED_EDGE('',*,*,#10506,.F.);
#10506 = EDGE_CURVE('',#10507,#10499,#10509,.T.);
#10507 = VERTEX_POINT('',#10508);
#10508 = CARTESIAN_POINT('',(13.95,1.35,3.2));
#10509 = LINE('',#10510,#10511);
#10510 = CARTESIAN_POINT('',(13.95,1.35,3.2));
#10511 = VECTOR('',#10512,1.);
#10512 = DIRECTION('',(-0.,0.,-1.));
#10513 = ORIENTED_EDGE('',*,*,#10514,.F.);
#10514 = EDGE_CURVE('',#10515,#10507,#10517,.T.);
#10515 = VERTEX_POINT('',#10516);
#10516 = CARTESIAN_POINT('',(13.95,-0.25,4.1));
#10517 = LINE('',#10518,#10519);
#10518 = CARTESIAN_POINT('',(13.95,-0.25,4.1));
#10519 = VECTOR('',#10520,1.);
#10520 = DIRECTION('',(1.067372191754E-16,0.871575537124,-0.490261239633
    ));
#10521 = ORIENTED_EDGE('',*,*,#10522,.T.);
#10522 = EDGE_CURVE('',#10515,#10523,#10525,.T.);
#10523 = VERTEX_POINT('',#10524);
#10524 = CARTESIAN_POINT('',(13.95,-0.25,4.8));
#10525 = LINE('',#10526,#10527);
#10526 = CARTESIAN_POINT('',(13.95,-0.25,0.3));
#10527 = VECTOR('',#10528,1.);
#10528 = DIRECTION('',(1.359631073447E-32,1.110223024625E-16,1.));
#10529 = ORIENTED_EDGE('',*,*,#10530,.T.);
#10530 = EDGE_CURVE('',#10523,#10531,#10533,.T.);
#10531 = VERTEX_POINT('',#10532);
#10532 = CARTESIAN_POINT('',(13.95,-6.25,4.8));
#10533 = LINE('',#10534,#10535);
#10534 = CARTESIAN_POINT('',(13.95,-0.25,4.8));
#10535 = VECTOR('',#10536,1.);
#10536 = DIRECTION('',(-1.224646799147E-16,-1.,1.110223024625E-16));
#10537 = ORIENTED_EDGE('',*,*,#10538,.F.);
#10538 = EDGE_CURVE('',#10539,#10531,#10541,.T.);
#10539 = VERTEX_POINT('',#10540);
#10540 = CARTESIAN_POINT('',(13.95,-6.25,3.3));
#10541 = LINE('',#10542,#10543);
#10542 = CARTESIAN_POINT('',(13.95,-6.25,0.3));
#10543 = VECTOR('',#10544,1.);
#10544 = DIRECTION('',(1.359631073447E-32,1.110223024625E-16,1.));
#10545 = ORIENTED_EDGE('',*,*,#10546,.T.);
#10546 = EDGE_CURVE('',#10539,#10547,#10549,.T.);
#10547 = VERTEX_POINT('',#10548);
#10548 = CARTESIAN_POINT('',(13.95,-4.65,3.3));
#10549 = LINE('',#10550,#10551);
#10550 = CARTESIAN_POINT('',(13.95,-6.25,3.3));
#10551 = VECTOR('',#10552,1.);
#10552 = DIRECTION('',(1.224646799147E-16,1.,-1.110223024625E-16));
#10553 = ORIENTED_EDGE('',*,*,#10554,.T.);
#10554 = EDGE_CURVE('',#10547,#10451,#10555,.T.);
#10555 = CIRCLE('',#10556,0.4);
#10556 = AXIS2_PLACEMENT_3D('',#10557,#10558,#10559);
#10557 = CARTESIAN_POINT('',(13.95,-4.65,2.9));
#10558 = DIRECTION('',(-1.,1.224646799147E-16,0.));
#10559 = DIRECTION('',(1.359631073446E-32,1.110223024625E-16,1.));
#10560 = ORIENTED_EDGE('',*,*,#10450,.T.);
#10561 = PLANE('',#10562);
#10562 = AXIS2_PLACEMENT_3D('',#10563,#10564,#10565);
#10563 = CARTESIAN_POINT('',(13.95,-2.909897467985,2.368621550033));
#10564 = DIRECTION('',(1.,-1.224646799147E-16,-3.096025220137E-32));
#10565 = DIRECTION('',(-3.096025220137E-32,3.79153737592E-48,-1.));
#10566 = ADVANCED_FACE('',(#10567),#10649,.T.);
#10567 = FACE_BOUND('',#10568,.T.);
#10568 = EDGE_LOOP('',(#10569,#10579,#10587,#10593,#10594,#10595,#10603,
    #10611,#10619,#10627,#10635,#10643));
#10569 = ORIENTED_EDGE('',*,*,#10570,.T.);
#10570 = EDGE_CURVE('',#10571,#10573,#10575,.T.);
#10571 = VERTEX_POINT('',#10572);
#10572 = CARTESIAN_POINT('',(-0.95,-6.25,0.3));
#10573 = VERTEX_POINT('',#10574);
#10574 = CARTESIAN_POINT('',(12.95,-6.25,0.3));
#10575 = LINE('',#10576,#10577);
#10576 = CARTESIAN_POINT('',(-1.95,-6.25,0.3));
#10577 = VECTOR('',#10578,1.);
#10578 = DIRECTION('',(1.,-1.224646799147E-16,0.));
#10579 = ORIENTED_EDGE('',*,*,#10580,.F.);
#10580 = EDGE_CURVE('',#10581,#10573,#10583,.T.);
#10581 = VERTEX_POINT('',#10582);
#10582 = CARTESIAN_POINT('',(12.95,-6.25,0.));
#10583 = LINE('',#10584,#10585);
#10584 = CARTESIAN_POINT('',(12.95,-6.25,0.));
#10585 = VECTOR('',#10586,1.);
#10586 = DIRECTION('',(0.,0.,1.));
#10587 = ORIENTED_EDGE('',*,*,#10588,.F.);
#10588 = EDGE_CURVE('',#10491,#10581,#10589,.T.);
#10589 = LINE('',#10590,#10591);
#10590 = CARTESIAN_POINT('',(13.95,-6.25,0.));
#10591 = VECTOR('',#10592,1.);
#10592 = DIRECTION('',(-1.,1.224646799147E-16,0.));
#10593 = ORIENTED_EDGE('',*,*,#10490,.T.);
#10594 = ORIENTED_EDGE('',*,*,#10476,.T.);
#10595 = ORIENTED_EDGE('',*,*,#10596,.F.);
#10596 = EDGE_CURVE('',#10597,#10469,#10599,.T.);
#10597 = VERTEX_POINT('',#10598);
#10598 = CARTESIAN_POINT('',(13.45,-6.25,0.8));
#10599 = LINE('',#10600,#10601);
#10600 = CARTESIAN_POINT('',(13.45,-6.25,0.8));
#10601 = VECTOR('',#10602,1.);
#10602 = DIRECTION('',(1.359631073447E-32,1.110223024625E-16,1.));
#10603 = ORIENTED_EDGE('',*,*,#10604,.F.);
#10604 = EDGE_CURVE('',#10605,#10597,#10607,.T.);
#10605 = VERTEX_POINT('',#10606);
#10606 = CARTESIAN_POINT('',(-1.45,-6.25,0.8));
#10607 = LINE('',#10608,#10609);
#10608 = CARTESIAN_POINT('',(-1.45,-6.25,0.8));
#10609 = VECTOR('',#10610,1.);
#10610 = DIRECTION('',(1.,-1.224646799147E-16,0.));
#10611 = ORIENTED_EDGE('',*,*,#10612,.F.);
#10612 = EDGE_CURVE('',#10613,#10605,#10615,.T.);
#10613 = VERTEX_POINT('',#10614);
#10614 = CARTESIAN_POINT('',(-1.45,-6.25,2.5));
#10615 = LINE('',#10616,#10617);
#10616 = CARTESIAN_POINT('',(-1.45,-6.25,4.2));
#10617 = VECTOR('',#10618,1.);
#10618 = DIRECTION('',(-1.359631073447E-32,-1.110223024625E-16,-1.));
#10619 = ORIENTED_EDGE('',*,*,#10620,.T.);
#10620 = EDGE_CURVE('',#10613,#10621,#10623,.T.);
#10621 = VERTEX_POINT('',#10622);
#10622 = CARTESIAN_POINT('',(-1.95,-6.25,2.5));
#10623 = LINE('',#10624,#10625);
#10624 = CARTESIAN_POINT('',(13.95,-6.25,2.5));
#10625 = VECTOR('',#10626,1.);
#10626 = DIRECTION('',(-1.,1.224646799147E-16,0.));
#10627 = ORIENTED_EDGE('',*,*,#10628,.T.);
#10628 = EDGE_CURVE('',#10621,#10629,#10631,.T.);
#10629 = VERTEX_POINT('',#10630);
#10630 = CARTESIAN_POINT('',(-1.95,-6.25,0.));
#10631 = LINE('',#10632,#10633);
#10632 = CARTESIAN_POINT('',(-1.95,-6.25,4.8));
#10633 = VECTOR('',#10634,1.);
#10634 = DIRECTION('',(-1.359631073447E-32,-1.110223024625E-16,-1.));
#10635 = ORIENTED_EDGE('',*,*,#10636,.F.);
#10636 = EDGE_CURVE('',#10637,#10629,#10639,.T.);
#10637 = VERTEX_POINT('',#10638);
#10638 = CARTESIAN_POINT('',(-0.95,-6.25,0.));
#10639 = LINE('',#10640,#10641);
#10640 = CARTESIAN_POINT('',(-0.95,-6.25,0.));
#10641 = VECTOR('',#10642,1.);
#10642 = DIRECTION('',(-1.,1.224646799147E-16,0.));
#10643 = ORIENTED_EDGE('',*,*,#10644,.T.);
#10644 = EDGE_CURVE('',#10637,#10571,#10645,.T.);
#10645 = LINE('',#10646,#10647);
#10646 = CARTESIAN_POINT('',(-0.95,-6.25,0.));
#10647 = VECTOR('',#10648,1.);
#10648 = DIRECTION('',(0.,0.,1.));
#10649 = PLANE('',#10650);
#10650 = AXIS2_PLACEMENT_3D('',#10651,#10652,#10653);
#10651 = CARTESIAN_POINT('',(6.,-6.25,0.748529411765));
#10652 = DIRECTION('',(-1.224646799147E-16,-1.,0.));
#10653 = DIRECTION('',(0.,0.,1.));
#10654 = ADVANCED_FACE('',(#10655),#10706,.F.);
#10655 = FACE_BOUND('',#10656,.F.);
#10656 = EDGE_LOOP('',(#10657,#10658,#10666,#10674,#10682,#10690,#10698,
    #10705));
#10657 = ORIENTED_EDGE('',*,*,#10596,.F.);
#10658 = ORIENTED_EDGE('',*,*,#10659,.T.);
#10659 = EDGE_CURVE('',#10597,#10660,#10662,.T.);
#10660 = VERTEX_POINT('',#10661);
#10661 = CARTESIAN_POINT('',(13.45,-2.05,0.8));
#10662 = LINE('',#10663,#10664);
#10663 = CARTESIAN_POINT('',(13.45,-6.25,0.8));
#10664 = VECTOR('',#10665,1.);
#10665 = DIRECTION('',(1.224646799147E-16,1.,-1.110223024625E-16));
#10666 = ORIENTED_EDGE('',*,*,#10667,.T.);
#10667 = EDGE_CURVE('',#10660,#10668,#10670,.T.);
#10668 = VERTEX_POINT('',#10669);
#10669 = CARTESIAN_POINT('',(13.45,-2.05,4.2));
#10670 = LINE('',#10671,#10672);
#10671 = CARTESIAN_POINT('',(13.45,-2.05,0.8));
#10672 = VECTOR('',#10673,1.);
#10673 = DIRECTION('',(1.359631073447E-32,1.110223024625E-16,1.));
#10674 = ORIENTED_EDGE('',*,*,#10675,.F.);
#10675 = EDGE_CURVE('',#10676,#10668,#10678,.T.);
#10676 = VERTEX_POINT('',#10677);
#10677 = CARTESIAN_POINT('',(13.45,-6.25,4.2));
#10678 = LINE('',#10679,#10680);
#10679 = CARTESIAN_POINT('',(13.45,-6.25,4.2));
#10680 = VECTOR('',#10681,1.);
#10681 = DIRECTION('',(1.224646799147E-16,1.,-1.110223024625E-16));
#10682 = ORIENTED_EDGE('',*,*,#10683,.F.);
#10683 = EDGE_CURVE('',#10684,#10676,#10686,.T.);
#10684 = VERTEX_POINT('',#10685);
#10685 = CARTESIAN_POINT('',(13.45,-6.25,3.3));
#10686 = LINE('',#10687,#10688);
#10687 = CARTESIAN_POINT('',(13.45,-6.25,0.8));
#10688 = VECTOR('',#10689,1.);
#10689 = DIRECTION('',(1.359631073447E-32,1.110223024625E-16,1.));
#10690 = ORIENTED_EDGE('',*,*,#10691,.T.);
#10691 = EDGE_CURVE('',#10684,#10692,#10694,.T.);
#10692 = VERTEX_POINT('',#10693);
#10693 = CARTESIAN_POINT('',(13.45,-4.65,3.3));
#10694 = LINE('',#10695,#10696);
#10695 = CARTESIAN_POINT('',(13.45,-6.25,3.3));
#10696 = VECTOR('',#10697,1.);
#10697 = DIRECTION('',(1.224646799147E-16,1.,-1.110223024625E-16));
#10698 = ORIENTED_EDGE('',*,*,#10699,.F.);
#10699 = EDGE_CURVE('',#10461,#10692,#10700,.T.);
#10700 = CIRCLE('',#10701,0.4);
#10701 = AXIS2_PLACEMENT_3D('',#10702,#10703,#10704);
#10702 = CARTESIAN_POINT('',(13.45,-4.65,2.9));
#10703 = DIRECTION('',(1.,-1.224646799147E-16,0.));
#10704 = DIRECTION('',(1.359631073446E-32,1.110223024625E-16,1.));
#10705 = ORIENTED_EDGE('',*,*,#10468,.T.);
#10706 = PLANE('',#10707);
#10707 = AXIS2_PLACEMENT_3D('',#10708,#10709,#10710);
#10708 = CARTESIAN_POINT('',(13.45,-6.25,0.8));
#10709 = DIRECTION('',(1.,-1.224646799147E-16,0.));
#10710 = DIRECTION('',(1.359631073446E-32,1.110223024625E-16,1.));
#10711 = ADVANCED_FACE('',(#10712),#10723,.F.);
#10712 = FACE_BOUND('',#10713,.F.);
#10713 = EDGE_LOOP('',(#10714,#10715,#10716,#10722));
#10714 = ORIENTED_EDGE('',*,*,#10460,.T.);
#10715 = ORIENTED_EDGE('',*,*,#10699,.T.);
#10716 = ORIENTED_EDGE('',*,*,#10717,.F.);
#10717 = EDGE_CURVE('',#10547,#10692,#10718,.T.);
#10718 = LINE('',#10719,#10720);
#10719 = CARTESIAN_POINT('',(13.95,-4.65,3.3));
#10720 = VECTOR('',#10721,1.);
#10721 = DIRECTION('',(-1.,1.224646799147E-16,0.));
#10722 = ORIENTED_EDGE('',*,*,#10554,.T.);
#10723 = CYLINDRICAL_SURFACE('',#10724,0.4);
#10724 = AXIS2_PLACEMENT_3D('',#10725,#10726,#10727);
#10725 = CARTESIAN_POINT('',(13.95,-4.65,2.9));
#10726 = DIRECTION('',(1.,-1.224646799147E-16,0.));
#10727 = DIRECTION('',(1.359631073446E-32,1.110223024625E-16,1.));
#10728 = ADVANCED_FACE('',(#10729),#10747,.F.);
#10729 = FACE_BOUND('',#10730,.F.);
#10730 = EDGE_LOOP('',(#10731,#10739,#10745,#10746));
#10731 = ORIENTED_EDGE('',*,*,#10732,.T.);
#10732 = EDGE_CURVE('',#10499,#10733,#10735,.T.);
#10733 = VERTEX_POINT('',#10734);
#10734 = CARTESIAN_POINT('',(12.95,1.35,0.));
#10735 = LINE('',#10736,#10737);
#10736 = CARTESIAN_POINT('',(13.95,1.35,0.));
#10737 = VECTOR('',#10738,1.);
#10738 = DIRECTION('',(-1.,1.224646799147E-16,0.));
#10739 = ORIENTED_EDGE('',*,*,#10740,.T.);
#10740 = EDGE_CURVE('',#10733,#10581,#10741,.T.);
#10741 = LINE('',#10742,#10743);
#10742 = CARTESIAN_POINT('',(12.95,1.35,0.));
#10743 = VECTOR('',#10744,1.);
#10744 = DIRECTION('',(-1.224646799147E-16,-1.,0.));
#10745 = ORIENTED_EDGE('',*,*,#10588,.F.);
#10746 = ORIENTED_EDGE('',*,*,#10498,.F.);
#10747 = PLANE('',#10748);
#10748 = AXIS2_PLACEMENT_3D('',#10749,#10750,#10751);
#10749 = CARTESIAN_POINT('',(13.95,1.35,0.));
#10750 = DIRECTION('',(0.,0.,1.));
#10751 = DIRECTION('',(-1.224646799147E-16,-1.,0.));
#10752 = ADVANCED_FACE('',(#10753),#10771,.F.);
#10753 = FACE_BOUND('',#10754,.F.);
#10754 = EDGE_LOOP('',(#10755,#10763,#10769,#10770));
#10755 = ORIENTED_EDGE('',*,*,#10756,.T.);
#10756 = EDGE_CURVE('',#10507,#10757,#10759,.T.);
#10757 = VERTEX_POINT('',#10758);
#10758 = CARTESIAN_POINT('',(12.95,1.35,3.2));
#10759 = LINE('',#10760,#10761);
#10760 = CARTESIAN_POINT('',(13.95,1.35,3.2));
#10761 = VECTOR('',#10762,1.);
#10762 = DIRECTION('',(-1.,1.224646799147E-16,0.));
#10763 = ORIENTED_EDGE('',*,*,#10764,.T.);
#10764 = EDGE_CURVE('',#10757,#10733,#10765,.T.);
#10765 = LINE('',#10766,#10767);
#10766 = CARTESIAN_POINT('',(12.95,1.35,3.2));
#10767 = VECTOR('',#10768,1.);
#10768 = DIRECTION('',(-0.,0.,-1.));
#10769 = ORIENTED_EDGE('',*,*,#10732,.F.);
#10770 = ORIENTED_EDGE('',*,*,#10506,.F.);
#10771 = PLANE('',#10772);
#10772 = AXIS2_PLACEMENT_3D('',#10773,#10774,#10775);
#10773 = CARTESIAN_POINT('',(13.95,1.35,3.2));
#10774 = DIRECTION('',(-1.224646799147E-16,-1.,0.));
#10775 = DIRECTION('',(-0.,0.,-1.));
#10776 = ADVANCED_FACE('',(#10777),#10795,.F.);
#10777 = FACE_BOUND('',#10778,.F.);
#10778 = EDGE_LOOP('',(#10779,#10787,#10793,#10794));
#10779 = ORIENTED_EDGE('',*,*,#10780,.T.);
#10780 = EDGE_CURVE('',#10515,#10781,#10783,.T.);
#10781 = VERTEX_POINT('',#10782);
#10782 = CARTESIAN_POINT('',(12.95,-0.25,4.1));
#10783 = LINE('',#10784,#10785);
#10784 = CARTESIAN_POINT('',(13.95,-0.25,4.1));
#10785 = VECTOR('',#10786,1.);
#10786 = DIRECTION('',(-1.,1.224646799147E-16,0.));
#10787 = ORIENTED_EDGE('',*,*,#10788,.T.);
#10788 = EDGE_CURVE('',#10781,#10757,#10789,.T.);
#10789 = LINE('',#10790,#10791);
#10790 = CARTESIAN_POINT('',(12.95,-0.25,4.1));
#10791 = VECTOR('',#10792,1.);
#10792 = DIRECTION('',(1.067372191754E-16,0.871575537124,-0.490261239633
    ));
#10793 = ORIENTED_EDGE('',*,*,#10756,.F.);
#10794 = ORIENTED_EDGE('',*,*,#10514,.F.);
#10795 = PLANE('',#10796);
#10796 = AXIS2_PLACEMENT_3D('',#10797,#10798,#10799);
#10797 = CARTESIAN_POINT('',(13.95,-0.25,4.1));
#10798 = DIRECTION('',(-6.003968578616E-17,-0.490261239633,
    -0.871575537124));
#10799 = DIRECTION('',(1.067372191754E-16,0.871575537124,-0.490261239633
    ));
#10800 = ADVANCED_FACE('',(#10801),#10851,.F.);
#10801 = FACE_BOUND('',#10802,.F.);
#10802 = EDGE_LOOP('',(#10803,#10813,#10821,#10827,#10828,#10829,#10837,
    #10845));
#10803 = ORIENTED_EDGE('',*,*,#10804,.F.);
#10804 = EDGE_CURVE('',#10805,#10807,#10809,.T.);
#10805 = VERTEX_POINT('',#10806);
#10806 = CARTESIAN_POINT('',(12.75,-0.25,0.3));
#10807 = VERTEX_POINT('',#10808);
#10808 = CARTESIAN_POINT('',(12.75,-0.25,4.2));
#10809 = LINE('',#10810,#10811);
#10810 = CARTESIAN_POINT('',(12.75,-0.25,0.3));
#10811 = VECTOR('',#10812,1.);
#10812 = DIRECTION('',(1.359631073447E-32,1.110223024625E-16,1.));
#10813 = ORIENTED_EDGE('',*,*,#10814,.T.);
#10814 = EDGE_CURVE('',#10805,#10815,#10817,.T.);
#10815 = VERTEX_POINT('',#10816);
#10816 = CARTESIAN_POINT('',(12.95,-0.25,0.3));
#10817 = LINE('',#10818,#10819);
#10818 = CARTESIAN_POINT('',(-1.95,-0.25,0.3));
#10819 = VECTOR('',#10820,1.);
#10820 = DIRECTION('',(1.,-1.224646799147E-16,0.));
#10821 = ORIENTED_EDGE('',*,*,#10822,.T.);
#10822 = EDGE_CURVE('',#10815,#10781,#10823,.T.);
#10823 = LINE('',#10824,#10825);
#10824 = CARTESIAN_POINT('',(12.95,-0.25,0.3));
#10825 = VECTOR('',#10826,1.);
#10826 = DIRECTION('',(0.,0.,1.));
#10827 = ORIENTED_EDGE('',*,*,#10780,.F.);
#10828 = ORIENTED_EDGE('',*,*,#10522,.T.);
#10829 = ORIENTED_EDGE('',*,*,#10830,.T.);
#10830 = EDGE_CURVE('',#10523,#10831,#10833,.T.);
#10831 = VERTEX_POINT('',#10832);
#10832 = CARTESIAN_POINT('',(13.4,-0.25,4.8));
#10833 = LINE('',#10834,#10835);
#10834 = CARTESIAN_POINT('',(13.95,-0.25,4.8));
#10835 = VECTOR('',#10836,1.);
#10836 = DIRECTION('',(-1.,1.224646799147E-16,0.));
#10837 = ORIENTED_EDGE('',*,*,#10838,.T.);
#10838 = EDGE_CURVE('',#10831,#10839,#10841,.T.);
#10839 = VERTEX_POINT('',#10840);
#10840 = CARTESIAN_POINT('',(13.4,-0.25,4.2));
#10841 = LINE('',#10842,#10843);
#10842 = CARTESIAN_POINT('',(13.4,-0.25,4.8));
#10843 = VECTOR('',#10844,1.);
#10844 = DIRECTION('',(-1.359631073447E-32,-1.110223024625E-16,-1.));
#10845 = ORIENTED_EDGE('',*,*,#10846,.T.);
#10846 = EDGE_CURVE('',#10839,#10807,#10847,.T.);
#10847 = LINE('',#10848,#10849);
#10848 = CARTESIAN_POINT('',(13.4,-0.25,4.2));
#10849 = VECTOR('',#10850,1.);
#10850 = DIRECTION('',(-1.,1.224646799147E-16,0.));
#10851 = PLANE('',#10852);
#10852 = AXIS2_PLACEMENT_3D('',#10853,#10854,#10855);
#10853 = CARTESIAN_POINT('',(6.,-0.25,2.55));
#10854 = DIRECTION('',(-1.224646799147E-16,-1.,1.110223024625E-16));
#10855 = DIRECTION('',(-1.,1.224646799147E-16,0.));
#10856 = ADVANCED_FACE('',(#10857),#11147,.F.);
#10857 = FACE_BOUND('',#10858,.F.);
#10858 = EDGE_LOOP('',(#10859,#10860,#10861,#10869,#10877,#10885,#10893,
    #10901,#10909,#10917,#10925,#10933,#10941,#10949,#10957,#10965,
    #10973,#10981,#10989,#10997,#11005,#11013,#11021,#11029,#11037,
    #11045,#11053,#11061,#11069,#11077,#11085,#11093,#11101,#11109,
    #11117,#11125,#11133,#11141));
#10859 = ORIENTED_EDGE('',*,*,#10830,.F.);
#10860 = ORIENTED_EDGE('',*,*,#10530,.T.);
#10861 = ORIENTED_EDGE('',*,*,#10862,.T.);
#10862 = EDGE_CURVE('',#10531,#10863,#10865,.T.);
#10863 = VERTEX_POINT('',#10864);
#10864 = CARTESIAN_POINT('',(11.45,-6.25,4.8));
#10865 = LINE('',#10866,#10867);
#10866 = CARTESIAN_POINT('',(13.95,-6.25,4.8));
#10867 = VECTOR('',#10868,1.);
#10868 = DIRECTION('',(-1.,1.224646799147E-16,0.));
#10869 = ORIENTED_EDGE('',*,*,#10870,.T.);
#10870 = EDGE_CURVE('',#10863,#10871,#10873,.T.);
#10871 = VERTEX_POINT('',#10872);
#10872 = CARTESIAN_POINT('',(11.45,-2.35,4.8));
#10873 = LINE('',#10874,#10875);
#10874 = CARTESIAN_POINT('',(11.45,-6.25,4.8));
#10875 = VECTOR('',#10876,1.);
#10876 = DIRECTION('',(1.224646799147E-16,1.,-1.110223024625E-16));
#10877 = ORIENTED_EDGE('',*,*,#10878,.T.);
#10878 = EDGE_CURVE('',#10871,#10879,#10881,.T.);
#10879 = VERTEX_POINT('',#10880);
#10880 = CARTESIAN_POINT('',(0.55,-2.35,4.8));
#10881 = LINE('',#10882,#10883);
#10882 = CARTESIAN_POINT('',(11.45,-2.35,4.8));
#10883 = VECTOR('',#10884,1.);
#10884 = DIRECTION('',(-1.,1.224646799147E-16,0.));
#10885 = ORIENTED_EDGE('',*,*,#10886,.T.);
#10886 = EDGE_CURVE('',#10879,#10887,#10889,.T.);
#10887 = VERTEX_POINT('',#10888);
#10888 = CARTESIAN_POINT('',(0.55,-6.25,4.8));
#10889 = LINE('',#10890,#10891);
#10890 = CARTESIAN_POINT('',(0.55,-2.35,4.8));
#10891 = VECTOR('',#10892,1.);
#10892 = DIRECTION('',(-1.224646799147E-16,-1.,1.110223024625E-16));
#10893 = ORIENTED_EDGE('',*,*,#10894,.T.);
#10894 = EDGE_CURVE('',#10887,#10895,#10897,.T.);
#10895 = VERTEX_POINT('',#10896);
#10896 = CARTESIAN_POINT('',(-0.45,-6.25,4.8));
#10897 = LINE('',#10898,#10899);
#10898 = CARTESIAN_POINT('',(13.95,-6.25,4.8));
#10899 = VECTOR('',#10900,1.);
#10900 = DIRECTION('',(-1.,1.224646799147E-16,0.));
#10901 = ORIENTED_EDGE('',*,*,#10902,.F.);
#10902 = EDGE_CURVE('',#10903,#10895,#10905,.T.);
#10903 = VERTEX_POINT('',#10904);
#10904 = CARTESIAN_POINT('',(-0.45,-4.45,4.8));
#10905 = LINE('',#10906,#10907);
#10906 = CARTESIAN_POINT('',(-0.45,-4.45,4.8));
#10907 = VECTOR('',#10908,1.);
#10908 = DIRECTION('',(-1.224646799147E-16,-1.,1.110223024625E-16));
#10909 = ORIENTED_EDGE('',*,*,#10910,.F.);
#10910 = EDGE_CURVE('',#10911,#10903,#10913,.T.);
#10911 = VERTEX_POINT('',#10912);
#10912 = CARTESIAN_POINT('',(-0.4,-4.45,4.8));
#10913 = LINE('',#10914,#10915);
#10914 = CARTESIAN_POINT('',(-0.4,-4.45,4.8));
#10915 = VECTOR('',#10916,1.);
#10916 = DIRECTION('',(-1.,1.224646799147E-16,0.));
#10917 = ORIENTED_EDGE('',*,*,#10918,.F.);
#10918 = EDGE_CURVE('',#10919,#10911,#10921,.T.);
#10919 = VERTEX_POINT('',#10920);
#10920 = CARTESIAN_POINT('',(-0.4,-0.45,4.8));
#10921 = LINE('',#10922,#10923);
#10922 = CARTESIAN_POINT('',(-0.4,-0.25,4.8));
#10923 = VECTOR('',#10924,1.);
#10924 = DIRECTION('',(-1.224646799147E-16,-1.,1.110223024625E-16));
#10925 = ORIENTED_EDGE('',*,*,#10926,.F.);
#10926 = EDGE_CURVE('',#10927,#10919,#10929,.T.);
#10927 = VERTEX_POINT('',#10928);
#10928 = CARTESIAN_POINT('',(0.75,-0.45,4.8));
#10929 = LINE('',#10930,#10931);
#10930 = CARTESIAN_POINT('',(0.75,-0.45,4.8));
#10931 = VECTOR('',#10932,1.);
#10932 = DIRECTION('',(-1.,1.224646799147E-16,0.));
#10933 = ORIENTED_EDGE('',*,*,#10934,.F.);
#10934 = EDGE_CURVE('',#10935,#10927,#10937,.T.);
#10935 = VERTEX_POINT('',#10936);
#10936 = CARTESIAN_POINT('',(0.75,-0.25,4.8));
#10937 = LINE('',#10938,#10939);
#10938 = CARTESIAN_POINT('',(0.75,-0.25,4.8));
#10939 = VECTOR('',#10940,1.);
#10940 = DIRECTION('',(-1.224646799147E-16,-1.,1.110223024625E-16));
#10941 = ORIENTED_EDGE('',*,*,#10942,.F.);
#10942 = EDGE_CURVE('',#10943,#10935,#10945,.T.);
#10943 = VERTEX_POINT('',#10944);
#10944 = CARTESIAN_POINT('',(1.25,-0.25,4.8));
#10945 = LINE('',#10946,#10947);
#10946 = CARTESIAN_POINT('',(13.95,-0.25,4.8));
#10947 = VECTOR('',#10948,1.);
#10948 = DIRECTION('',(-1.,1.224646799147E-16,0.));
#10949 = ORIENTED_EDGE('',*,*,#10950,.T.);
#10950 = EDGE_CURVE('',#10943,#10951,#10953,.T.);
#10951 = VERTEX_POINT('',#10952);
#10952 = CARTESIAN_POINT('',(1.25,-0.45,4.8));
#10953 = LINE('',#10954,#10955);
#10954 = CARTESIAN_POINT('',(1.25,-0.25,4.8));
#10955 = VECTOR('',#10956,1.);
#10956 = DIRECTION('',(-1.224646799147E-16,-1.,1.110223024625E-16));
#10957 = ORIENTED_EDGE('',*,*,#10958,.F.);
#10958 = EDGE_CURVE('',#10959,#10951,#10961,.T.);
#10959 = VERTEX_POINT('',#10960);
#10960 = CARTESIAN_POINT('',(2.75,-0.45,4.8));
#10961 = LINE('',#10962,#10963);
#10962 = CARTESIAN_POINT('',(2.75,-0.45,4.8));
#10963 = VECTOR('',#10964,1.);
#10964 = DIRECTION('',(-1.,1.224646799147E-16,0.));
#10965 = ORIENTED_EDGE('',*,*,#10966,.F.);
#10966 = EDGE_CURVE('',#10967,#10959,#10969,.T.);
#10967 = VERTEX_POINT('',#10968);
#10968 = CARTESIAN_POINT('',(2.75,-0.25,4.8));
#10969 = LINE('',#10970,#10971);
#10970 = CARTESIAN_POINT('',(2.75,-0.25,4.8));
#10971 = VECTOR('',#10972,1.);
#10972 = DIRECTION('',(-1.224646799147E-16,-1.,1.110223024625E-16));
#10973 = ORIENTED_EDGE('',*,*,#10974,.F.);
#10974 = EDGE_CURVE('',#10975,#10967,#10977,.T.);
#10975 = VERTEX_POINT('',#10976);
#10976 = CARTESIAN_POINT('',(3.25,-0.25,4.8));
#10977 = LINE('',#10978,#10979);
#10978 = CARTESIAN_POINT('',(13.95,-0.25,4.8));
#10979 = VECTOR('',#10980,1.);
#10980 = DIRECTION('',(-1.,1.224646799147E-16,0.));
#10981 = ORIENTED_EDGE('',*,*,#10982,.T.);
#10982 = EDGE_CURVE('',#10975,#10983,#10985,.T.);
#10983 = VERTEX_POINT('',#10984);
#10984 = CARTESIAN_POINT('',(3.25,-0.45,4.8));
#10985 = LINE('',#10986,#10987);
#10986 = CARTESIAN_POINT('',(3.25,-0.25,4.8));
#10987 = VECTOR('',#10988,1.);
#10988 = DIRECTION('',(-1.224646799147E-16,-1.,1.110223024625E-16));
#10989 = ORIENTED_EDGE('',*,*,#10990,.F.);
#10990 = EDGE_CURVE('',#10991,#10983,#10993,.T.);
#10991 = VERTEX_POINT('',#10992);
#10992 = CARTESIAN_POINT('',(4.75,-0.45,4.8));
#10993 = LINE('',#10994,#10995);
#10994 = CARTESIAN_POINT('',(4.75,-0.45,4.8));
#10995 = VECTOR('',#10996,1.);
#10996 = DIRECTION('',(-1.,1.224646799147E-16,0.));
#10997 = ORIENTED_EDGE('',*,*,#10998,.F.);
#10998 = EDGE_CURVE('',#10999,#10991,#11001,.T.);
#10999 = VERTEX_POINT('',#11000);
#11000 = CARTESIAN_POINT('',(4.75,-0.25,4.8));
#11001 = LINE('',#11002,#11003);
#11002 = CARTESIAN_POINT('',(4.75,-0.25,4.8));
#11003 = VECTOR('',#11004,1.);
#11004 = DIRECTION('',(-1.224646799147E-16,-1.,1.110223024625E-16));
#11005 = ORIENTED_EDGE('',*,*,#11006,.F.);
#11006 = EDGE_CURVE('',#11007,#10999,#11009,.T.);
#11007 = VERTEX_POINT('',#11008);
#11008 = CARTESIAN_POINT('',(5.25,-0.25,4.8));
#11009 = LINE('',#11010,#11011);
#11010 = CARTESIAN_POINT('',(13.95,-0.25,4.8));
#11011 = VECTOR('',#11012,1.);
#11012 = DIRECTION('',(-1.,1.224646799147E-16,0.));
#11013 = ORIENTED_EDGE('',*,*,#11014,.T.);
#11014 = EDGE_CURVE('',#11007,#11015,#11017,.T.);
#11015 = VERTEX_POINT('',#11016);
#11016 = CARTESIAN_POINT('',(5.25,-0.45,4.8));
#11017 = LINE('',#11018,#11019);
#11018 = CARTESIAN_POINT('',(5.25,-0.25,4.8));
#11019 = VECTOR('',#11020,1.);
#11020 = DIRECTION('',(-1.224646799147E-16,-1.,1.110223024625E-16));
#11021 = ORIENTED_EDGE('',*,*,#11022,.F.);
#11022 = EDGE_CURVE('',#11023,#11015,#11025,.T.);
#11023 = VERTEX_POINT('',#11024);
#11024 = CARTESIAN_POINT('',(6.75,-0.45,4.8));
#11025 = LINE('',#11026,#11027);
#11026 = CARTESIAN_POINT('',(6.75,-0.45,4.8));
#11027 = VECTOR('',#11028,1.);
#11028 = DIRECTION('',(-1.,1.224646799147E-16,0.));
#11029 = ORIENTED_EDGE('',*,*,#11030,.F.);
#11030 = EDGE_CURVE('',#11031,#11023,#11033,.T.);
#11031 = VERTEX_POINT('',#11032);
#11032 = CARTESIAN_POINT('',(6.75,-0.25,4.8));
#11033 = LINE('',#11034,#11035);
#11034 = CARTESIAN_POINT('',(6.75,-0.25,4.8));
#11035 = VECTOR('',#11036,1.);
#11036 = DIRECTION('',(-1.224646799147E-16,-1.,1.110223024625E-16));
#11037 = ORIENTED_EDGE('',*,*,#11038,.F.);
#11038 = EDGE_CURVE('',#11039,#11031,#11041,.T.);
#11039 = VERTEX_POINT('',#11040);
#11040 = CARTESIAN_POINT('',(7.25,-0.25,4.8));
#11041 = LINE('',#11042,#11043);
#11042 = CARTESIAN_POINT('',(13.95,-0.25,4.8));
#11043 = VECTOR('',#11044,1.);
#11044 = DIRECTION('',(-1.,1.224646799147E-16,0.));
#11045 = ORIENTED_EDGE('',*,*,#11046,.T.);
#11046 = EDGE_CURVE('',#11039,#11047,#11049,.T.);
#11047 = VERTEX_POINT('',#11048);
#11048 = CARTESIAN_POINT('',(7.25,-0.45,4.8));
#11049 = LINE('',#11050,#11051);
#11050 = CARTESIAN_POINT('',(7.25,-0.25,4.8));
#11051 = VECTOR('',#11052,1.);
#11052 = DIRECTION('',(-1.224646799147E-16,-1.,1.110223024625E-16));
#11053 = ORIENTED_EDGE('',*,*,#11054,.F.);
#11054 = EDGE_CURVE('',#11055,#11047,#11057,.T.);
#11055 = VERTEX_POINT('',#11056);
#11056 = CARTESIAN_POINT('',(8.75,-0.45,4.8));
#11057 = LINE('',#11058,#11059);
#11058 = CARTESIAN_POINT('',(8.75,-0.45,4.8));
#11059 = VECTOR('',#11060,1.);
#11060 = DIRECTION('',(-1.,1.224646799147E-16,0.));
#11061 = ORIENTED_EDGE('',*,*,#11062,.F.);
#11062 = EDGE_CURVE('',#11063,#11055,#11065,.T.);
#11063 = VERTEX_POINT('',#11064);
#11064 = CARTESIAN_POINT('',(8.75,-0.25,4.8));
#11065 = LINE('',#11066,#11067);
#11066 = CARTESIAN_POINT('',(8.75,-0.25,4.8));
#11067 = VECTOR('',#11068,1.);
#11068 = DIRECTION('',(-1.224646799147E-16,-1.,1.110223024625E-16));
#11069 = ORIENTED_EDGE('',*,*,#11070,.F.);
#11070 = EDGE_CURVE('',#11071,#11063,#11073,.T.);
#11071 = VERTEX_POINT('',#11072);
#11072 = CARTESIAN_POINT('',(9.25,-0.25,4.8));
#11073 = LINE('',#11074,#11075);
#11074 = CARTESIAN_POINT('',(13.95,-0.25,4.8));
#11075 = VECTOR('',#11076,1.);
#11076 = DIRECTION('',(-1.,1.224646799147E-16,0.));
#11077 = ORIENTED_EDGE('',*,*,#11078,.T.);
#11078 = EDGE_CURVE('',#11071,#11079,#11081,.T.);
#11079 = VERTEX_POINT('',#11080);
#11080 = CARTESIAN_POINT('',(9.25,-0.45,4.8));
#11081 = LINE('',#11082,#11083);
#11082 = CARTESIAN_POINT('',(9.25,-0.25,4.8));
#11083 = VECTOR('',#11084,1.);
#11084 = DIRECTION('',(-1.224646799147E-16,-1.,1.110223024625E-16));
#11085 = ORIENTED_EDGE('',*,*,#11086,.F.);
#11086 = EDGE_CURVE('',#11087,#11079,#11089,.T.);
#11087 = VERTEX_POINT('',#11088);
#11088 = CARTESIAN_POINT('',(10.75,-0.45,4.8));
#11089 = LINE('',#11090,#11091);
#11090 = CARTESIAN_POINT('',(10.75,-0.45,4.8));
#11091 = VECTOR('',#11092,1.);
#11092 = DIRECTION('',(-1.,1.224646799147E-16,0.));
#11093 = ORIENTED_EDGE('',*,*,#11094,.F.);
#11094 = EDGE_CURVE('',#11095,#11087,#11097,.T.);
#11095 = VERTEX_POINT('',#11096);
#11096 = CARTESIAN_POINT('',(10.75,-0.25,4.8));
#11097 = LINE('',#11098,#11099);
#11098 = CARTESIAN_POINT('',(10.75,-0.25,4.8));
#11099 = VECTOR('',#11100,1.);
#11100 = DIRECTION('',(-1.224646799147E-16,-1.,1.110223024625E-16));
#11101 = ORIENTED_EDGE('',*,*,#11102,.F.);
#11102 = EDGE_CURVE('',#11103,#11095,#11105,.T.);
#11103 = VERTEX_POINT('',#11104);
#11104 = CARTESIAN_POINT('',(11.25,-0.25,4.8));
#11105 = LINE('',#11106,#11107);
#11106 = CARTESIAN_POINT('',(13.95,-0.25,4.8));
#11107 = VECTOR('',#11108,1.);
#11108 = DIRECTION('',(-1.,1.224646799147E-16,0.));
#11109 = ORIENTED_EDGE('',*,*,#11110,.T.);
#11110 = EDGE_CURVE('',#11103,#11111,#11113,.T.);
#11111 = VERTEX_POINT('',#11112);
#11112 = CARTESIAN_POINT('',(11.25,-0.45,4.8));
#11113 = LINE('',#11114,#11115);
#11114 = CARTESIAN_POINT('',(11.25,-0.25,4.8));
#11115 = VECTOR('',#11116,1.);
#11116 = DIRECTION('',(-1.224646799147E-16,-1.,1.110223024625E-16));
#11117 = ORIENTED_EDGE('',*,*,#11118,.F.);
#11118 = EDGE_CURVE('',#11119,#11111,#11121,.T.);
#11119 = VERTEX_POINT('',#11120);
#11120 = CARTESIAN_POINT('',(12.4,-0.45,4.8));
#11121 = LINE('',#11122,#11123);
#11122 = CARTESIAN_POINT('',(12.75,-0.45,4.8));
#11123 = VECTOR('',#11124,1.);
#11124 = DIRECTION('',(-1.,1.224646799147E-16,0.));
#11125 = ORIENTED_EDGE('',*,*,#11126,.T.);
#11126 = EDGE_CURVE('',#11119,#11127,#11129,.T.);
#11127 = VERTEX_POINT('',#11128);
#11128 = CARTESIAN_POINT('',(12.4,-4.45,4.8));
#11129 = LINE('',#11130,#11131);
#11130 = CARTESIAN_POINT('',(12.4,-0.25,4.8));
#11131 = VECTOR('',#11132,1.);
#11132 = DIRECTION('',(-1.224646799147E-16,-1.,1.110223024625E-16));
#11133 = ORIENTED_EDGE('',*,*,#11134,.T.);
#11134 = EDGE_CURVE('',#11127,#11135,#11137,.T.);
#11135 = VERTEX_POINT('',#11136);
#11136 = CARTESIAN_POINT('',(13.4,-4.45,4.8));
#11137 = LINE('',#11138,#11139);
#11138 = CARTESIAN_POINT('',(12.4,-4.45,4.8));
#11139 = VECTOR('',#11140,1.);
#11140 = DIRECTION('',(1.,-1.224646799147E-16,0.));
#11141 = ORIENTED_EDGE('',*,*,#11142,.T.);
#11142 = EDGE_CURVE('',#11135,#10831,#11143,.T.);
#11143 = LINE('',#11144,#11145);
#11144 = CARTESIAN_POINT('',(13.4,-4.45,4.8));
#11145 = VECTOR('',#11146,1.);
#11146 = DIRECTION('',(1.224646799147E-16,1.,-1.110223024625E-16));
#11147 = PLANE('',#11148);
#11148 = AXIS2_PLACEMENT_3D('',#11149,#11150,#11151);
#11149 = CARTESIAN_POINT('',(13.95,-0.25,4.8));
#11150 = DIRECTION('',(-1.359631073447E-32,-1.110223024625E-16,-1.));
#11151 = DIRECTION('',(-1.,1.224646799147E-16,6.927121900793E-45));
#11152 = ADVANCED_FACE('',(#11153),#11178,.T.);
#11153 = FACE_BOUND('',#11154,.T.);
#11154 = EDGE_LOOP('',(#11155,#11161,#11162,#11163,#11171,#11177));
#11155 = ORIENTED_EDGE('',*,*,#11156,.F.);
#11156 = EDGE_CURVE('',#10539,#10684,#11157,.T.);
#11157 = LINE('',#11158,#11159);
#11158 = CARTESIAN_POINT('',(13.95,-6.25,3.3));
#11159 = VECTOR('',#11160,1.);
#11160 = DIRECTION('',(-1.,1.224646799147E-16,0.));
#11161 = ORIENTED_EDGE('',*,*,#10538,.T.);
#11162 = ORIENTED_EDGE('',*,*,#10862,.T.);
#11163 = ORIENTED_EDGE('',*,*,#11164,.T.);
#11164 = EDGE_CURVE('',#10863,#11165,#11167,.T.);
#11165 = VERTEX_POINT('',#11166);
#11166 = CARTESIAN_POINT('',(11.45,-6.25,4.2));
#11167 = LINE('',#11168,#11169);
#11168 = CARTESIAN_POINT('',(11.45,-6.25,4.8));
#11169 = VECTOR('',#11170,1.);
#11170 = DIRECTION('',(-1.359631073447E-32,-1.110223024625E-16,-1.));
#11171 = ORIENTED_EDGE('',*,*,#11172,.F.);
#11172 = EDGE_CURVE('',#10676,#11165,#11173,.T.);
#11173 = LINE('',#11174,#11175);
#11174 = CARTESIAN_POINT('',(13.45,-6.25,4.2));
#11175 = VECTOR('',#11176,1.);
#11176 = DIRECTION('',(-1.,1.224646799147E-16,0.));
#11177 = ORIENTED_EDGE('',*,*,#10683,.F.);
#11178 = PLANE('',#11179);
#11179 = AXIS2_PLACEMENT_3D('',#11180,#11181,#11182);
#11180 = CARTESIAN_POINT('',(6.,-6.25,2.55));
#11181 = DIRECTION('',(-1.224646799147E-16,-1.,1.110223024625E-16));
#11182 = DIRECTION('',(-1.,1.224646799147E-16,0.));
#11183 = ADVANCED_FACE('',(#11184),#11190,.T.);
#11184 = FACE_BOUND('',#11185,.T.);
#11185 = EDGE_LOOP('',(#11186,#11187,#11188,#11189));
#11186 = ORIENTED_EDGE('',*,*,#10546,.F.);
#11187 = ORIENTED_EDGE('',*,*,#11156,.T.);
#11188 = ORIENTED_EDGE('',*,*,#10691,.T.);
#11189 = ORIENTED_EDGE('',*,*,#10717,.F.);
#11190 = PLANE('',#11191);
#11191 = AXIS2_PLACEMENT_3D('',#11192,#11193,#11194);
#11192 = CARTESIAN_POINT('',(13.95,-6.25,3.3));
#11193 = DIRECTION('',(-1.359631073447E-32,-1.110223024625E-16,-1.));
#11194 = DIRECTION('',(1.224646799147E-16,1.,-1.110223024625E-16));
#11195 = ADVANCED_FACE('',(#11196),#11436,.F.);
#11196 = FACE_BOUND('',#11197,.F.);
#11197 = EDGE_LOOP('',(#11198,#11208,#11214,#11215,#11221,#11222,#11230,
    #11238,#11246,#11254,#11262,#11270,#11278,#11286,#11294,#11302,
    #11310,#11318,#11326,#11334,#11342,#11350,#11358,#11366,#11374,
    #11382,#11390,#11398,#11406,#11414,#11422,#11430));
#11198 = ORIENTED_EDGE('',*,*,#11199,.F.);
#11199 = EDGE_CURVE('',#11200,#11202,#11204,.T.);
#11200 = VERTEX_POINT('',#11201);
#11201 = CARTESIAN_POINT('',(-0.95,-0.25,0.3));
#11202 = VERTEX_POINT('',#11203);
#11203 = CARTESIAN_POINT('',(-0.75,-0.25,0.3));
#11204 = LINE('',#11205,#11206);
#11205 = CARTESIAN_POINT('',(-1.95,-0.25,0.3));
#11206 = VECTOR('',#11207,1.);
#11207 = DIRECTION('',(1.,-1.224646799147E-16,0.));
#11208 = ORIENTED_EDGE('',*,*,#11209,.F.);
#11209 = EDGE_CURVE('',#10571,#11200,#11210,.T.);
#11210 = LINE('',#11211,#11212);
#11211 = CARTESIAN_POINT('',(-0.95,-6.25,0.3));
#11212 = VECTOR('',#11213,1.);
#11213 = DIRECTION('',(1.224646799147E-16,1.,0.));
#11214 = ORIENTED_EDGE('',*,*,#10570,.T.);
#11215 = ORIENTED_EDGE('',*,*,#11216,.T.);
#11216 = EDGE_CURVE('',#10573,#10815,#11217,.T.);
#11217 = LINE('',#11218,#11219);
#11218 = CARTESIAN_POINT('',(12.95,-6.25,0.3));
#11219 = VECTOR('',#11220,1.);
#11220 = DIRECTION('',(1.224646799147E-16,1.,0.));
#11221 = ORIENTED_EDGE('',*,*,#10814,.F.);
#11222 = ORIENTED_EDGE('',*,*,#11223,.F.);
#11223 = EDGE_CURVE('',#11224,#10805,#11226,.T.);
#11224 = VERTEX_POINT('',#11225);
#11225 = CARTESIAN_POINT('',(12.75,-0.45,0.3));
#11226 = LINE('',#11227,#11228);
#11227 = CARTESIAN_POINT('',(12.75,-0.45,0.3));
#11228 = VECTOR('',#11229,1.);
#11229 = DIRECTION('',(1.224646799147E-16,1.,-1.110223024625E-16));
#11230 = ORIENTED_EDGE('',*,*,#11231,.T.);
#11231 = EDGE_CURVE('',#11224,#11232,#11234,.T.);
#11232 = VERTEX_POINT('',#11233);
#11233 = CARTESIAN_POINT('',(11.25,-0.45,0.3));
#11234 = LINE('',#11235,#11236);
#11235 = CARTESIAN_POINT('',(12.75,-0.45,0.3));
#11236 = VECTOR('',#11237,1.);
#11237 = DIRECTION('',(-1.,1.224646799147E-16,0.));
#11238 = ORIENTED_EDGE('',*,*,#11239,.T.);
#11239 = EDGE_CURVE('',#11232,#11240,#11242,.T.);
#11240 = VERTEX_POINT('',#11241);
#11241 = CARTESIAN_POINT('',(11.25,-0.25,0.3));
#11242 = LINE('',#11243,#11244);
#11243 = CARTESIAN_POINT('',(11.25,-0.45,0.3));
#11244 = VECTOR('',#11245,1.);
#11245 = DIRECTION('',(1.224646799147E-16,1.,-1.110223024625E-16));
#11246 = ORIENTED_EDGE('',*,*,#11247,.F.);
#11247 = EDGE_CURVE('',#11248,#11240,#11250,.T.);
#11248 = VERTEX_POINT('',#11249);
#11249 = CARTESIAN_POINT('',(10.75,-0.25,0.3));
#11250 = LINE('',#11251,#11252);
#11251 = CARTESIAN_POINT('',(-1.95,-0.25,0.3));
#11252 = VECTOR('',#11253,1.);
#11253 = DIRECTION('',(1.,-1.224646799147E-16,0.));
#11254 = ORIENTED_EDGE('',*,*,#11255,.F.);
#11255 = EDGE_CURVE('',#11256,#11248,#11258,.T.);
#11256 = VERTEX_POINT('',#11257);
#11257 = CARTESIAN_POINT('',(10.75,-0.45,0.3));
#11258 = LINE('',#11259,#11260);
#11259 = CARTESIAN_POINT('',(10.75,-0.45,0.3));
#11260 = VECTOR('',#11261,1.);
#11261 = DIRECTION('',(1.224646799147E-16,1.,-1.110223024625E-16));
#11262 = ORIENTED_EDGE('',*,*,#11263,.T.);
#11263 = EDGE_CURVE('',#11256,#11264,#11266,.T.);
#11264 = VERTEX_POINT('',#11265);
#11265 = CARTESIAN_POINT('',(9.25,-0.45,0.3));
#11266 = LINE('',#11267,#11268);
#11267 = CARTESIAN_POINT('',(10.75,-0.45,0.3));
#11268 = VECTOR('',#11269,1.);
#11269 = DIRECTION('',(-1.,1.224646799147E-16,0.));
#11270 = ORIENTED_EDGE('',*,*,#11271,.T.);
#11271 = EDGE_CURVE('',#11264,#11272,#11274,.T.);
#11272 = VERTEX_POINT('',#11273);
#11273 = CARTESIAN_POINT('',(9.25,-0.25,0.3));
#11274 = LINE('',#11275,#11276);
#11275 = CARTESIAN_POINT('',(9.25,-0.45,0.3));
#11276 = VECTOR('',#11277,1.);
#11277 = DIRECTION('',(1.224646799147E-16,1.,-1.110223024625E-16));
#11278 = ORIENTED_EDGE('',*,*,#11279,.F.);
#11279 = EDGE_CURVE('',#11280,#11272,#11282,.T.);
#11280 = VERTEX_POINT('',#11281);
#11281 = CARTESIAN_POINT('',(8.75,-0.25,0.3));
#11282 = LINE('',#11283,#11284);
#11283 = CARTESIAN_POINT('',(-1.95,-0.25,0.3));
#11284 = VECTOR('',#11285,1.);
#11285 = DIRECTION('',(1.,-1.224646799147E-16,0.));
#11286 = ORIENTED_EDGE('',*,*,#11287,.F.);
#11287 = EDGE_CURVE('',#11288,#11280,#11290,.T.);
#11288 = VERTEX_POINT('',#11289);
#11289 = CARTESIAN_POINT('',(8.75,-0.45,0.3));
#11290 = LINE('',#11291,#11292);
#11291 = CARTESIAN_POINT('',(8.75,-0.45,0.3));
#11292 = VECTOR('',#11293,1.);
#11293 = DIRECTION('',(1.224646799147E-16,1.,-1.110223024625E-16));
#11294 = ORIENTED_EDGE('',*,*,#11295,.T.);
#11295 = EDGE_CURVE('',#11288,#11296,#11298,.T.);
#11296 = VERTEX_POINT('',#11297);
#11297 = CARTESIAN_POINT('',(7.25,-0.45,0.3));
#11298 = LINE('',#11299,#11300);
#11299 = CARTESIAN_POINT('',(8.75,-0.45,0.3));
#11300 = VECTOR('',#11301,1.);
#11301 = DIRECTION('',(-1.,1.224646799147E-16,0.));
#11302 = ORIENTED_EDGE('',*,*,#11303,.T.);
#11303 = EDGE_CURVE('',#11296,#11304,#11306,.T.);
#11304 = VERTEX_POINT('',#11305);
#11305 = CARTESIAN_POINT('',(7.25,-0.25,0.3));
#11306 = LINE('',#11307,#11308);
#11307 = CARTESIAN_POINT('',(7.25,-0.45,0.3));
#11308 = VECTOR('',#11309,1.);
#11309 = DIRECTION('',(1.224646799147E-16,1.,-1.110223024625E-16));
#11310 = ORIENTED_EDGE('',*,*,#11311,.F.);
#11311 = EDGE_CURVE('',#11312,#11304,#11314,.T.);
#11312 = VERTEX_POINT('',#11313);
#11313 = CARTESIAN_POINT('',(6.75,-0.25,0.3));
#11314 = LINE('',#11315,#11316);
#11315 = CARTESIAN_POINT('',(-1.95,-0.25,0.3));
#11316 = VECTOR('',#11317,1.);
#11317 = DIRECTION('',(1.,-1.224646799147E-16,0.));
#11318 = ORIENTED_EDGE('',*,*,#11319,.F.);
#11319 = EDGE_CURVE('',#11320,#11312,#11322,.T.);
#11320 = VERTEX_POINT('',#11321);
#11321 = CARTESIAN_POINT('',(6.75,-0.45,0.3));
#11322 = LINE('',#11323,#11324);
#11323 = CARTESIAN_POINT('',(6.75,-0.45,0.3));
#11324 = VECTOR('',#11325,1.);
#11325 = DIRECTION('',(1.224646799147E-16,1.,-1.110223024625E-16));
#11326 = ORIENTED_EDGE('',*,*,#11327,.T.);
#11327 = EDGE_CURVE('',#11320,#11328,#11330,.T.);
#11328 = VERTEX_POINT('',#11329);
#11329 = CARTESIAN_POINT('',(5.25,-0.45,0.3));
#11330 = LINE('',#11331,#11332);
#11331 = CARTESIAN_POINT('',(6.75,-0.45,0.3));
#11332 = VECTOR('',#11333,1.);
#11333 = DIRECTION('',(-1.,1.224646799147E-16,0.));
#11334 = ORIENTED_EDGE('',*,*,#11335,.T.);
#11335 = EDGE_CURVE('',#11328,#11336,#11338,.T.);
#11336 = VERTEX_POINT('',#11337);
#11337 = CARTESIAN_POINT('',(5.25,-0.25,0.3));
#11338 = LINE('',#11339,#11340);
#11339 = CARTESIAN_POINT('',(5.25,-0.45,0.3));
#11340 = VECTOR('',#11341,1.);
#11341 = DIRECTION('',(1.224646799147E-16,1.,-1.110223024625E-16));
#11342 = ORIENTED_EDGE('',*,*,#11343,.F.);
#11343 = EDGE_CURVE('',#11344,#11336,#11346,.T.);
#11344 = VERTEX_POINT('',#11345);
#11345 = CARTESIAN_POINT('',(4.75,-0.25,0.3));
#11346 = LINE('',#11347,#11348);
#11347 = CARTESIAN_POINT('',(-1.95,-0.25,0.3));
#11348 = VECTOR('',#11349,1.);
#11349 = DIRECTION('',(1.,-1.224646799147E-16,0.));
#11350 = ORIENTED_EDGE('',*,*,#11351,.F.);
#11351 = EDGE_CURVE('',#11352,#11344,#11354,.T.);
#11352 = VERTEX_POINT('',#11353);
#11353 = CARTESIAN_POINT('',(4.75,-0.45,0.3));
#11354 = LINE('',#11355,#11356);
#11355 = CARTESIAN_POINT('',(4.75,-0.45,0.3));
#11356 = VECTOR('',#11357,1.);
#11357 = DIRECTION('',(1.224646799147E-16,1.,-1.110223024625E-16));
#11358 = ORIENTED_EDGE('',*,*,#11359,.T.);
#11359 = EDGE_CURVE('',#11352,#11360,#11362,.T.);
#11360 = VERTEX_POINT('',#11361);
#11361 = CARTESIAN_POINT('',(3.25,-0.45,0.3));
#11362 = LINE('',#11363,#11364);
#11363 = CARTESIAN_POINT('',(4.75,-0.45,0.3));
#11364 = VECTOR('',#11365,1.);
#11365 = DIRECTION('',(-1.,1.224646799147E-16,0.));
#11366 = ORIENTED_EDGE('',*,*,#11367,.T.);
#11367 = EDGE_CURVE('',#11360,#11368,#11370,.T.);
#11368 = VERTEX_POINT('',#11369);
#11369 = CARTESIAN_POINT('',(3.25,-0.25,0.3));
#11370 = LINE('',#11371,#11372);
#11371 = CARTESIAN_POINT('',(3.25,-0.45,0.3));
#11372 = VECTOR('',#11373,1.);
#11373 = DIRECTION('',(1.224646799147E-16,1.,-1.110223024625E-16));
#11374 = ORIENTED_EDGE('',*,*,#11375,.F.);
#11375 = EDGE_CURVE('',#11376,#11368,#11378,.T.);
#11376 = VERTEX_POINT('',#11377);
#11377 = CARTESIAN_POINT('',(2.75,-0.25,0.3));
#11378 = LINE('',#11379,#11380);
#11379 = CARTESIAN_POINT('',(-1.95,-0.25,0.3));
#11380 = VECTOR('',#11381,1.);
#11381 = DIRECTION('',(1.,-1.224646799147E-16,0.));
#11382 = ORIENTED_EDGE('',*,*,#11383,.F.);
#11383 = EDGE_CURVE('',#11384,#11376,#11386,.T.);
#11384 = VERTEX_POINT('',#11385);
#11385 = CARTESIAN_POINT('',(2.75,-0.45,0.3));
#11386 = LINE('',#11387,#11388);
#11387 = CARTESIAN_POINT('',(2.75,-0.45,0.3));
#11388 = VECTOR('',#11389,1.);
#11389 = DIRECTION('',(1.224646799147E-16,1.,-1.110223024625E-16));
#11390 = ORIENTED_EDGE('',*,*,#11391,.T.);
#11391 = EDGE_CURVE('',#11384,#11392,#11394,.T.);
#11392 = VERTEX_POINT('',#11393);
#11393 = CARTESIAN_POINT('',(1.25,-0.45,0.3));
#11394 = LINE('',#11395,#11396);
#11395 = CARTESIAN_POINT('',(2.75,-0.45,0.3));
#11396 = VECTOR('',#11397,1.);
#11397 = DIRECTION('',(-1.,1.224646799147E-16,0.));
#11398 = ORIENTED_EDGE('',*,*,#11399,.T.);
#11399 = EDGE_CURVE('',#11392,#11400,#11402,.T.);
#11400 = VERTEX_POINT('',#11401);
#11401 = CARTESIAN_POINT('',(1.25,-0.25,0.3));
#11402 = LINE('',#11403,#11404);
#11403 = CARTESIAN_POINT('',(1.25,-0.45,0.3));
#11404 = VECTOR('',#11405,1.);
#11405 = DIRECTION('',(1.224646799147E-16,1.,-1.110223024625E-16));
#11406 = ORIENTED_EDGE('',*,*,#11407,.F.);
#11407 = EDGE_CURVE('',#11408,#11400,#11410,.T.);
#11408 = VERTEX_POINT('',#11409);
#11409 = CARTESIAN_POINT('',(0.75,-0.25,0.3));
#11410 = LINE('',#11411,#11412);
#11411 = CARTESIAN_POINT('',(-1.95,-0.25,0.3));
#11412 = VECTOR('',#11413,1.);
#11413 = DIRECTION('',(1.,-1.224646799147E-16,0.));
#11414 = ORIENTED_EDGE('',*,*,#11415,.F.);
#11415 = EDGE_CURVE('',#11416,#11408,#11418,.T.);
#11416 = VERTEX_POINT('',#11417);
#11417 = CARTESIAN_POINT('',(0.75,-0.45,0.3));
#11418 = LINE('',#11419,#11420);
#11419 = CARTESIAN_POINT('',(0.75,-0.45,0.3));
#11420 = VECTOR('',#11421,1.);
#11421 = DIRECTION('',(1.224646799147E-16,1.,-1.110223024625E-16));
#11422 = ORIENTED_EDGE('',*,*,#11423,.T.);
#11423 = EDGE_CURVE('',#11416,#11424,#11426,.T.);
#11424 = VERTEX_POINT('',#11425);
#11425 = CARTESIAN_POINT('',(-0.75,-0.45,0.3));
#11426 = LINE('',#11427,#11428);
#11427 = CARTESIAN_POINT('',(0.75,-0.45,0.3));
#11428 = VECTOR('',#11429,1.);
#11429 = DIRECTION('',(-1.,1.224646799147E-16,0.));
#11430 = ORIENTED_EDGE('',*,*,#11431,.T.);
#11431 = EDGE_CURVE('',#11424,#11202,#11432,.T.);
#11432 = LINE('',#11433,#11434);
#11433 = CARTESIAN_POINT('',(-0.75,-0.45,0.3));
#11434 = VECTOR('',#11435,1.);
#11435 = DIRECTION('',(1.224646799147E-16,1.,-1.110223024625E-16));
#11436 = PLANE('',#11437);
#11437 = AXIS2_PLACEMENT_3D('',#11438,#11439,#11440);
#11438 = CARTESIAN_POINT('',(-1.95,-0.25,0.3));
#11439 = DIRECTION('',(1.359631073447E-32,1.110223024625E-16,1.));
#11440 = DIRECTION('',(1.,-1.224646799147E-16,-6.927121900793E-45));
#11441 = ADVANCED_FACE('',(#11442),#11450,.T.);
#11442 = FACE_BOUND('',#11443,.T.);
#11443 = EDGE_LOOP('',(#11444,#11445,#11446,#11447,#11448,#11449));
#11444 = ORIENTED_EDGE('',*,*,#10822,.T.);
#11445 = ORIENTED_EDGE('',*,*,#10788,.T.);
#11446 = ORIENTED_EDGE('',*,*,#10764,.T.);
#11447 = ORIENTED_EDGE('',*,*,#10740,.T.);
#11448 = ORIENTED_EDGE('',*,*,#10580,.T.);
#11449 = ORIENTED_EDGE('',*,*,#11216,.T.);
#11450 = PLANE('',#11451);
#11451 = AXIS2_PLACEMENT_3D('',#11452,#11453,#11454);
#11452 = CARTESIAN_POINT('',(12.95,-1.566489992801,0.968760807125));
#11453 = DIRECTION('',(-1.,1.224646799147E-16,0.));
#11454 = DIRECTION('',(0.,0.,1.));
#11455 = ADVANCED_FACE('',(#11456),#11666,.F.);
#11456 = FACE_BOUND('',#11457,.F.);
#11457 = EDGE_LOOP('',(#11458,#11459,#11467,#11475,#11483,#11491,#11499,
    #11507,#11515,#11523,#11531,#11539,#11547,#11555,#11563,#11571,
    #11579,#11587,#11595,#11603,#11611,#11619,#11627,#11635,#11643,
    #11651,#11659,#11665));
#11458 = ORIENTED_EDGE('',*,*,#10604,.F.);
#11459 = ORIENTED_EDGE('',*,*,#11460,.T.);
#11460 = EDGE_CURVE('',#10605,#11461,#11463,.T.);
#11461 = VERTEX_POINT('',#11462);
#11462 = CARTESIAN_POINT('',(-1.45,-2.05,0.8));
#11463 = LINE('',#11464,#11465);
#11464 = CARTESIAN_POINT('',(-1.45,-6.25,0.8));
#11465 = VECTOR('',#11466,1.);
#11466 = DIRECTION('',(1.224646799147E-16,1.,-1.110223024625E-16));
#11467 = ORIENTED_EDGE('',*,*,#11468,.T.);
#11468 = EDGE_CURVE('',#11461,#11469,#11471,.T.);
#11469 = VERTEX_POINT('',#11470);
#11470 = CARTESIAN_POINT('',(0.8,-2.05,0.8));
#11471 = LINE('',#11472,#11473);
#11472 = CARTESIAN_POINT('',(-1.45,-2.05,0.8));
#11473 = VECTOR('',#11474,1.);
#11474 = DIRECTION('',(1.,-1.224646799147E-16,0.));
#11475 = ORIENTED_EDGE('',*,*,#11476,.T.);
#11476 = EDGE_CURVE('',#11469,#11477,#11479,.T.);
#11477 = VERTEX_POINT('',#11478);
#11478 = CARTESIAN_POINT('',(0.8,-3.95,0.8));
#11479 = LINE('',#11480,#11481);
#11480 = CARTESIAN_POINT('',(0.8,-2.05,0.8));
#11481 = VECTOR('',#11482,1.);
#11482 = DIRECTION('',(-1.224646799147E-16,-1.,1.110223024625E-16));
#11483 = ORIENTED_EDGE('',*,*,#11484,.T.);
#11484 = EDGE_CURVE('',#11477,#11485,#11487,.T.);
#11485 = VERTEX_POINT('',#11486);
#11486 = CARTESIAN_POINT('',(1.2,-3.95,0.8));
#11487 = LINE('',#11488,#11489);
#11488 = CARTESIAN_POINT('',(0.8,-3.95,0.8));
#11489 = VECTOR('',#11490,1.);
#11490 = DIRECTION('',(1.,-1.224646799147E-16,0.));
#11491 = ORIENTED_EDGE('',*,*,#11492,.F.);
#11492 = EDGE_CURVE('',#11493,#11485,#11495,.T.);
#11493 = VERTEX_POINT('',#11494);
#11494 = CARTESIAN_POINT('',(1.2,-2.05,0.8));
#11495 = LINE('',#11496,#11497);
#11496 = CARTESIAN_POINT('',(1.2,-2.05,0.8));
#11497 = VECTOR('',#11498,1.);
#11498 = DIRECTION('',(-1.224646799147E-16,-1.,1.110223024625E-16));
#11499 = ORIENTED_EDGE('',*,*,#11500,.T.);
#11500 = EDGE_CURVE('',#11493,#11501,#11503,.T.);
#11501 = VERTEX_POINT('',#11502);
#11502 = CARTESIAN_POINT('',(2.8,-2.05,0.8));
#11503 = LINE('',#11504,#11505);
#11504 = CARTESIAN_POINT('',(-1.45,-2.05,0.8));
#11505 = VECTOR('',#11506,1.);
#11506 = DIRECTION('',(1.,-1.224646799147E-16,0.));
#11507 = ORIENTED_EDGE('',*,*,#11508,.T.);
#11508 = EDGE_CURVE('',#11501,#11509,#11511,.T.);
#11509 = VERTEX_POINT('',#11510);
#11510 = CARTESIAN_POINT('',(2.8,-3.95,0.8));
#11511 = LINE('',#11512,#11513);
#11512 = CARTESIAN_POINT('',(2.8,-2.05,0.8));
#11513 = VECTOR('',#11514,1.);
#11514 = DIRECTION('',(-1.224646799147E-16,-1.,1.110223024625E-16));
#11515 = ORIENTED_EDGE('',*,*,#11516,.T.);
#11516 = EDGE_CURVE('',#11509,#11517,#11519,.T.);
#11517 = VERTEX_POINT('',#11518);
#11518 = CARTESIAN_POINT('',(3.2,-3.95,0.8));
#11519 = LINE('',#11520,#11521);
#11520 = CARTESIAN_POINT('',(2.8,-3.95,0.8));
#11521 = VECTOR('',#11522,1.);
#11522 = DIRECTION('',(1.,-1.224646799147E-16,0.));
#11523 = ORIENTED_EDGE('',*,*,#11524,.F.);
#11524 = EDGE_CURVE('',#11525,#11517,#11527,.T.);
#11525 = VERTEX_POINT('',#11526);
#11526 = CARTESIAN_POINT('',(3.2,-2.05,0.8));
#11527 = LINE('',#11528,#11529);
#11528 = CARTESIAN_POINT('',(3.2,-2.05,0.8));
#11529 = VECTOR('',#11530,1.);
#11530 = DIRECTION('',(-1.224646799147E-16,-1.,1.110223024625E-16));
#11531 = ORIENTED_EDGE('',*,*,#11532,.T.);
#11532 = EDGE_CURVE('',#11525,#11533,#11535,.T.);
#11533 = VERTEX_POINT('',#11534);
#11534 = CARTESIAN_POINT('',(4.8,-2.05,0.8));
#11535 = LINE('',#11536,#11537);
#11536 = CARTESIAN_POINT('',(-1.45,-2.05,0.8));
#11537 = VECTOR('',#11538,1.);
#11538 = DIRECTION('',(1.,-1.224646799147E-16,0.));
#11539 = ORIENTED_EDGE('',*,*,#11540,.T.);
#11540 = EDGE_CURVE('',#11533,#11541,#11543,.T.);
#11541 = VERTEX_POINT('',#11542);
#11542 = CARTESIAN_POINT('',(4.8,-3.95,0.8));
#11543 = LINE('',#11544,#11545);
#11544 = CARTESIAN_POINT('',(4.8,-2.05,0.8));
#11545 = VECTOR('',#11546,1.);
#11546 = DIRECTION('',(-1.224646799147E-16,-1.,1.110223024625E-16));
#11547 = ORIENTED_EDGE('',*,*,#11548,.T.);
#11548 = EDGE_CURVE('',#11541,#11549,#11551,.T.);
#11549 = VERTEX_POINT('',#11550);
#11550 = CARTESIAN_POINT('',(5.2,-3.95,0.8));
#11551 = LINE('',#11552,#11553);
#11552 = CARTESIAN_POINT('',(4.8,-3.95,0.8));
#11553 = VECTOR('',#11554,1.);
#11554 = DIRECTION('',(1.,-1.224646799147E-16,0.));
#11555 = ORIENTED_EDGE('',*,*,#11556,.F.);
#11556 = EDGE_CURVE('',#11557,#11549,#11559,.T.);
#11557 = VERTEX_POINT('',#11558);
#11558 = CARTESIAN_POINT('',(5.2,-2.05,0.8));
#11559 = LINE('',#11560,#11561);
#11560 = CARTESIAN_POINT('',(5.2,-2.05,0.8));
#11561 = VECTOR('',#11562,1.);
#11562 = DIRECTION('',(-1.224646799147E-16,-1.,1.110223024625E-16));
#11563 = ORIENTED_EDGE('',*,*,#11564,.T.);
#11564 = EDGE_CURVE('',#11557,#11565,#11567,.T.);
#11565 = VERTEX_POINT('',#11566);
#11566 = CARTESIAN_POINT('',(6.8,-2.05,0.8));
#11567 = LINE('',#11568,#11569);
#11568 = CARTESIAN_POINT('',(-1.45,-2.05,0.8));
#11569 = VECTOR('',#11570,1.);
#11570 = DIRECTION('',(1.,-1.224646799147E-16,0.));
#11571 = ORIENTED_EDGE('',*,*,#11572,.T.);
#11572 = EDGE_CURVE('',#11565,#11573,#11575,.T.);
#11573 = VERTEX_POINT('',#11574);
#11574 = CARTESIAN_POINT('',(6.8,-3.95,0.8));
#11575 = LINE('',#11576,#11577);
#11576 = CARTESIAN_POINT('',(6.8,-2.05,0.8));
#11577 = VECTOR('',#11578,1.);
#11578 = DIRECTION('',(-1.224646799147E-16,-1.,1.110223024625E-16));
#11579 = ORIENTED_EDGE('',*,*,#11580,.T.);
#11580 = EDGE_CURVE('',#11573,#11581,#11583,.T.);
#11581 = VERTEX_POINT('',#11582);
#11582 = CARTESIAN_POINT('',(7.2,-3.95,0.8));
#11583 = LINE('',#11584,#11585);
#11584 = CARTESIAN_POINT('',(6.8,-3.95,0.8));
#11585 = VECTOR('',#11586,1.);
#11586 = DIRECTION('',(1.,-1.224646799147E-16,0.));
#11587 = ORIENTED_EDGE('',*,*,#11588,.F.);
#11588 = EDGE_CURVE('',#11589,#11581,#11591,.T.);
#11589 = VERTEX_POINT('',#11590);
#11590 = CARTESIAN_POINT('',(7.2,-2.05,0.8));
#11591 = LINE('',#11592,#11593);
#11592 = CARTESIAN_POINT('',(7.2,-2.05,0.8));
#11593 = VECTOR('',#11594,1.);
#11594 = DIRECTION('',(-1.224646799147E-16,-1.,1.110223024625E-16));
#11595 = ORIENTED_EDGE('',*,*,#11596,.T.);
#11596 = EDGE_CURVE('',#11589,#11597,#11599,.T.);
#11597 = VERTEX_POINT('',#11598);
#11598 = CARTESIAN_POINT('',(8.8,-2.05,0.8));
#11599 = LINE('',#11600,#11601);
#11600 = CARTESIAN_POINT('',(-1.45,-2.05,0.8));
#11601 = VECTOR('',#11602,1.);
#11602 = DIRECTION('',(1.,-1.224646799147E-16,0.));
#11603 = ORIENTED_EDGE('',*,*,#11604,.T.);
#11604 = EDGE_CURVE('',#11597,#11605,#11607,.T.);
#11605 = VERTEX_POINT('',#11606);
#11606 = CARTESIAN_POINT('',(8.8,-3.95,0.8));
#11607 = LINE('',#11608,#11609);
#11608 = CARTESIAN_POINT('',(8.8,-2.05,0.8));
#11609 = VECTOR('',#11610,1.);
#11610 = DIRECTION('',(-1.224646799147E-16,-1.,1.110223024625E-16));
#11611 = ORIENTED_EDGE('',*,*,#11612,.T.);
#11612 = EDGE_CURVE('',#11605,#11613,#11615,.T.);
#11613 = VERTEX_POINT('',#11614);
#11614 = CARTESIAN_POINT('',(9.2,-3.95,0.8));
#11615 = LINE('',#11616,#11617);
#11616 = CARTESIAN_POINT('',(8.8,-3.95,0.8));
#11617 = VECTOR('',#11618,1.);
#11618 = DIRECTION('',(1.,-1.224646799147E-16,0.));
#11619 = ORIENTED_EDGE('',*,*,#11620,.F.);
#11620 = EDGE_CURVE('',#11621,#11613,#11623,.T.);
#11621 = VERTEX_POINT('',#11622);
#11622 = CARTESIAN_POINT('',(9.2,-2.05,0.8));
#11623 = LINE('',#11624,#11625);
#11624 = CARTESIAN_POINT('',(9.2,-2.05,0.8));
#11625 = VECTOR('',#11626,1.);
#11626 = DIRECTION('',(-1.224646799147E-16,-1.,1.110223024625E-16));
#11627 = ORIENTED_EDGE('',*,*,#11628,.T.);
#11628 = EDGE_CURVE('',#11621,#11629,#11631,.T.);
#11629 = VERTEX_POINT('',#11630);
#11630 = CARTESIAN_POINT('',(10.8,-2.05,0.8));
#11631 = LINE('',#11632,#11633);
#11632 = CARTESIAN_POINT('',(-1.45,-2.05,0.8));
#11633 = VECTOR('',#11634,1.);
#11634 = DIRECTION('',(1.,-1.224646799147E-16,0.));
#11635 = ORIENTED_EDGE('',*,*,#11636,.T.);
#11636 = EDGE_CURVE('',#11629,#11637,#11639,.T.);
#11637 = VERTEX_POINT('',#11638);
#11638 = CARTESIAN_POINT('',(10.8,-3.95,0.8));
#11639 = LINE('',#11640,#11641);
#11640 = CARTESIAN_POINT('',(10.8,-2.05,0.8));
#11641 = VECTOR('',#11642,1.);
#11642 = DIRECTION('',(-1.224646799147E-16,-1.,1.110223024625E-16));
#11643 = ORIENTED_EDGE('',*,*,#11644,.T.);
#11644 = EDGE_CURVE('',#11637,#11645,#11647,.T.);
#11645 = VERTEX_POINT('',#11646);
#11646 = CARTESIAN_POINT('',(11.2,-3.95,0.8));
#11647 = LINE('',#11648,#11649);
#11648 = CARTESIAN_POINT('',(10.8,-3.95,0.8));
#11649 = VECTOR('',#11650,1.);
#11650 = DIRECTION('',(1.,-1.224646799147E-16,0.));
#11651 = ORIENTED_EDGE('',*,*,#11652,.F.);
#11652 = EDGE_CURVE('',#11653,#11645,#11655,.T.);
#11653 = VERTEX_POINT('',#11654);
#11654 = CARTESIAN_POINT('',(11.2,-2.05,0.8));
#11655 = LINE('',#11656,#11657);
#11656 = CARTESIAN_POINT('',(11.2,-2.05,0.8));
#11657 = VECTOR('',#11658,1.);
#11658 = DIRECTION('',(-1.224646799147E-16,-1.,1.110223024625E-16));
#11659 = ORIENTED_EDGE('',*,*,#11660,.T.);
#11660 = EDGE_CURVE('',#11653,#10660,#11661,.T.);
#11661 = LINE('',#11662,#11663);
#11662 = CARTESIAN_POINT('',(-1.45,-2.05,0.8));
#11663 = VECTOR('',#11664,1.);
#11664 = DIRECTION('',(1.,-1.224646799147E-16,0.));
#11665 = ORIENTED_EDGE('',*,*,#10659,.F.);
#11666 = PLANE('',#11667);
#11667 = AXIS2_PLACEMENT_3D('',#11668,#11669,#11670);
#11668 = CARTESIAN_POINT('',(-1.45,-6.25,0.8));
#11669 = DIRECTION('',(-1.359631073447E-32,-1.110223024625E-16,-1.));
#11670 = DIRECTION('',(1.,-1.224646799147E-16,-6.927121900793E-45));
#11671 = ADVANCED_FACE('',(#11672),#11723,.F.);
#11672 = FACE_BOUND('',#11673,.F.);
#11673 = EDGE_LOOP('',(#11674,#11684,#11692,#11698,#11699,#11700,#11708,
    #11717));
#11674 = ORIENTED_EDGE('',*,*,#11675,.F.);
#11675 = EDGE_CURVE('',#11676,#11678,#11680,.T.);
#11676 = VERTEX_POINT('',#11677);
#11677 = CARTESIAN_POINT('',(-1.45,-6.25,4.2));
#11678 = VERTEX_POINT('',#11679);
#11679 = CARTESIAN_POINT('',(-1.45,-6.25,3.3));
#11680 = LINE('',#11681,#11682);
#11681 = CARTESIAN_POINT('',(-1.45,-6.25,4.2));
#11682 = VECTOR('',#11683,1.);
#11683 = DIRECTION('',(-1.359631073447E-32,-1.110223024625E-16,-1.));
#11684 = ORIENTED_EDGE('',*,*,#11685,.T.);
#11685 = EDGE_CURVE('',#11676,#11686,#11688,.T.);
#11686 = VERTEX_POINT('',#11687);
#11687 = CARTESIAN_POINT('',(-1.45,-2.05,4.2));
#11688 = LINE('',#11689,#11690);
#11689 = CARTESIAN_POINT('',(-1.45,-6.25,4.2));
#11690 = VECTOR('',#11691,1.);
#11691 = DIRECTION('',(1.224646799147E-16,1.,-1.110223024625E-16));
#11692 = ORIENTED_EDGE('',*,*,#11693,.T.);
#11693 = EDGE_CURVE('',#11686,#11461,#11694,.T.);
#11694 = LINE('',#11695,#11696);
#11695 = CARTESIAN_POINT('',(-1.45,-2.05,4.2));
#11696 = VECTOR('',#11697,1.);
#11697 = DIRECTION('',(-1.359631073447E-32,-1.110223024625E-16,-1.));
#11698 = ORIENTED_EDGE('',*,*,#11460,.F.);
#11699 = ORIENTED_EDGE('',*,*,#10612,.F.);
#11700 = ORIENTED_EDGE('',*,*,#11701,.T.);
#11701 = EDGE_CURVE('',#10613,#11702,#11704,.T.);
#11702 = VERTEX_POINT('',#11703);
#11703 = CARTESIAN_POINT('',(-1.45,-4.65,2.5));
#11704 = LINE('',#11705,#11706);
#11705 = CARTESIAN_POINT('',(-1.45,-5.45,2.5));
#11706 = VECTOR('',#11707,1.);
#11707 = DIRECTION('',(1.224646799147E-16,1.,-1.110223024625E-16));
#11708 = ORIENTED_EDGE('',*,*,#11709,.T.);
#11709 = EDGE_CURVE('',#11702,#11710,#11712,.T.);
#11710 = VERTEX_POINT('',#11711);
#11711 = CARTESIAN_POINT('',(-1.45,-4.65,3.3));
#11712 = CIRCLE('',#11713,0.4);
#11713 = AXIS2_PLACEMENT_3D('',#11714,#11715,#11716);
#11714 = CARTESIAN_POINT('',(-1.45,-4.65,2.9));
#11715 = DIRECTION('',(1.,-1.224646799147E-16,0.));
#11716 = DIRECTION('',(1.359631073446E-32,1.110223024625E-16,1.));
#11717 = ORIENTED_EDGE('',*,*,#11718,.T.);
#11718 = EDGE_CURVE('',#11710,#11678,#11719,.T.);
#11719 = LINE('',#11720,#11721);
#11720 = CARTESIAN_POINT('',(-1.45,-6.25,3.3));
#11721 = VECTOR('',#11722,1.);
#11722 = DIRECTION('',(-1.224646799147E-16,-1.,1.110223024625E-16));
#11723 = PLANE('',#11724);
#11724 = AXIS2_PLACEMENT_3D('',#11725,#11726,#11727);
#11725 = CARTESIAN_POINT('',(-1.45,-6.25,4.2));
#11726 = DIRECTION('',(-1.,1.224646799147E-16,0.));
#11727 = DIRECTION('',(-1.359631073446E-32,-1.110223024625E-16,-1.));
#11728 = ADVANCED_FACE('',(#11729),#11747,.T.);
#11729 = FACE_BOUND('',#11730,.T.);
#11730 = EDGE_LOOP('',(#11731,#11732,#11740,#11746));
#11731 = ORIENTED_EDGE('',*,*,#11701,.T.);
#11732 = ORIENTED_EDGE('',*,*,#11733,.T.);
#11733 = EDGE_CURVE('',#11702,#11734,#11736,.T.);
#11734 = VERTEX_POINT('',#11735);
#11735 = CARTESIAN_POINT('',(-1.95,-4.65,2.5));
#11736 = LINE('',#11737,#11738);
#11737 = CARTESIAN_POINT('',(13.95,-4.65,2.5));
#11738 = VECTOR('',#11739,1.);
#11739 = DIRECTION('',(-1.,1.224646799147E-16,0.));
#11740 = ORIENTED_EDGE('',*,*,#11741,.T.);
#11741 = EDGE_CURVE('',#11734,#10621,#11742,.T.);
#11742 = LINE('',#11743,#11744);
#11743 = CARTESIAN_POINT('',(-1.95,-2.45,2.5));
#11744 = VECTOR('',#11745,1.);
#11745 = DIRECTION('',(-1.224646799147E-16,-1.,1.110223024625E-16));
#11746 = ORIENTED_EDGE('',*,*,#10620,.F.);
#11747 = PLANE('',#11748);
#11748 = AXIS2_PLACEMENT_3D('',#11749,#11750,#11751);
#11749 = CARTESIAN_POINT('',(13.95,-4.65,2.5));
#11750 = DIRECTION('',(1.359631073447E-32,1.110223024625E-16,1.));
#11751 = DIRECTION('',(-1.224646799147E-16,-1.,1.110223024625E-16));
#11752 = ADVANCED_FACE('',(#11753),#11820,.T.);
#11753 = FACE_BOUND('',#11754,.T.);
#11754 = EDGE_LOOP('',(#11755,#11765,#11773,#11781,#11787,#11788,#11789,
    #11798,#11806,#11814));
#11755 = ORIENTED_EDGE('',*,*,#11756,.T.);
#11756 = EDGE_CURVE('',#11757,#11759,#11761,.T.);
#11757 = VERTEX_POINT('',#11758);
#11758 = CARTESIAN_POINT('',(-1.95,-0.25,4.8));
#11759 = VERTEX_POINT('',#11760);
#11760 = CARTESIAN_POINT('',(-1.95,-0.25,4.1));
#11761 = LINE('',#11762,#11763);
#11762 = CARTESIAN_POINT('',(-1.95,-0.25,4.8));
#11763 = VECTOR('',#11764,1.);
#11764 = DIRECTION('',(-1.359631073447E-32,-1.110223024625E-16,-1.));
#11765 = ORIENTED_EDGE('',*,*,#11766,.T.);
#11766 = EDGE_CURVE('',#11759,#11767,#11769,.T.);
#11767 = VERTEX_POINT('',#11768);
#11768 = CARTESIAN_POINT('',(-1.95,1.35,3.2));
#11769 = LINE('',#11770,#11771);
#11770 = CARTESIAN_POINT('',(-1.95,-0.25,4.1));
#11771 = VECTOR('',#11772,1.);
#11772 = DIRECTION('',(1.067372191754E-16,0.871575537124,-0.490261239633
    ));
#11773 = ORIENTED_EDGE('',*,*,#11774,.T.);
#11774 = EDGE_CURVE('',#11767,#11775,#11777,.T.);
#11775 = VERTEX_POINT('',#11776);
#11776 = CARTESIAN_POINT('',(-1.95,1.35,0.));
#11777 = LINE('',#11778,#11779);
#11778 = CARTESIAN_POINT('',(-1.95,1.35,3.2));
#11779 = VECTOR('',#11780,1.);
#11780 = DIRECTION('',(-0.,0.,-1.));
#11781 = ORIENTED_EDGE('',*,*,#11782,.T.);
#11782 = EDGE_CURVE('',#11775,#10629,#11783,.T.);
#11783 = LINE('',#11784,#11785);
#11784 = CARTESIAN_POINT('',(-1.95,1.35,0.));
#11785 = VECTOR('',#11786,1.);
#11786 = DIRECTION('',(-1.224646799147E-16,-1.,0.));
#11787 = ORIENTED_EDGE('',*,*,#10628,.F.);
#11788 = ORIENTED_EDGE('',*,*,#11741,.F.);
#11789 = ORIENTED_EDGE('',*,*,#11790,.T.);
#11790 = EDGE_CURVE('',#11734,#11791,#11793,.T.);
#11791 = VERTEX_POINT('',#11792);
#11792 = CARTESIAN_POINT('',(-1.95,-4.65,3.3));
#11793 = CIRCLE('',#11794,0.4);
#11794 = AXIS2_PLACEMENT_3D('',#11795,#11796,#11797);
#11795 = CARTESIAN_POINT('',(-1.95,-4.65,2.9));
#11796 = DIRECTION('',(1.,-1.224646799147E-16,0.));
#11797 = DIRECTION('',(1.359631073446E-32,1.110223024625E-16,1.));
#11798 = ORIENTED_EDGE('',*,*,#11799,.F.);
#11799 = EDGE_CURVE('',#11800,#11791,#11802,.T.);
#11800 = VERTEX_POINT('',#11801);
#11801 = CARTESIAN_POINT('',(-1.95,-6.25,3.3));
#11802 = LINE('',#11803,#11804);
#11803 = CARTESIAN_POINT('',(-1.95,-3.25,3.3));
#11804 = VECTOR('',#11805,1.);
#11805 = DIRECTION('',(1.224646799147E-16,1.,-1.110223024625E-16));
#11806 = ORIENTED_EDGE('',*,*,#11807,.F.);
#11807 = EDGE_CURVE('',#11808,#11800,#11810,.T.);
#11808 = VERTEX_POINT('',#11809);
#11809 = CARTESIAN_POINT('',(-1.95,-6.25,4.8));
#11810 = LINE('',#11811,#11812);
#11811 = CARTESIAN_POINT('',(-1.95,-6.25,4.8));
#11812 = VECTOR('',#11813,1.);
#11813 = DIRECTION('',(-1.359631073447E-32,-1.110223024625E-16,-1.));
#11814 = ORIENTED_EDGE('',*,*,#11815,.F.);
#11815 = EDGE_CURVE('',#11757,#11808,#11816,.T.);
#11816 = LINE('',#11817,#11818);
#11817 = CARTESIAN_POINT('',(-1.95,-0.25,4.8));
#11818 = VECTOR('',#11819,1.);
#11819 = DIRECTION('',(-1.224646799147E-16,-1.,1.110223024625E-16));
#11820 = PLANE('',#11821);
#11821 = AXIS2_PLACEMENT_3D('',#11822,#11823,#11824);
#11822 = CARTESIAN_POINT('',(-1.95,-2.909897467985,2.368621550033));
#11823 = DIRECTION('',(-1.,1.224646799147E-16,-2.820732013558E-31));
#11824 = DIRECTION('',(-2.820732013558E-31,3.454400431656E-47,1.));
#11825 = ADVANCED_FACE('',(#11826),#11844,.F.);
#11826 = FACE_BOUND('',#11827,.F.);
#11827 = EDGE_LOOP('',(#11828,#11836,#11837,#11838));
#11828 = ORIENTED_EDGE('',*,*,#11829,.T.);
#11829 = EDGE_CURVE('',#11830,#11775,#11832,.T.);
#11830 = VERTEX_POINT('',#11831);
#11831 = CARTESIAN_POINT('',(-0.95,1.35,0.));
#11832 = LINE('',#11833,#11834);
#11833 = CARTESIAN_POINT('',(-0.95,1.35,0.));
#11834 = VECTOR('',#11835,1.);
#11835 = DIRECTION('',(-1.,1.224646799147E-16,0.));
#11836 = ORIENTED_EDGE('',*,*,#11782,.T.);
#11837 = ORIENTED_EDGE('',*,*,#10636,.F.);
#11838 = ORIENTED_EDGE('',*,*,#11839,.F.);
#11839 = EDGE_CURVE('',#11830,#10637,#11840,.T.);
#11840 = LINE('',#11841,#11842);
#11841 = CARTESIAN_POINT('',(-0.95,1.35,0.));
#11842 = VECTOR('',#11843,1.);
#11843 = DIRECTION('',(-1.224646799147E-16,-1.,0.));
#11844 = PLANE('',#11845);
#11845 = AXIS2_PLACEMENT_3D('',#11846,#11847,#11848);
#11846 = CARTESIAN_POINT('',(-0.95,1.35,0.));
#11847 = DIRECTION('',(0.,0.,1.));
#11848 = DIRECTION('',(-1.224646799147E-16,-1.,0.));
#11849 = ADVANCED_FACE('',(#11850),#11877,.F.);
#11850 = FACE_BOUND('',#11851,.F.);
#11851 = EDGE_LOOP('',(#11852,#11860,#11868,#11874,#11875,#11876));
#11852 = ORIENTED_EDGE('',*,*,#11853,.T.);
#11853 = EDGE_CURVE('',#11200,#11854,#11856,.T.);
#11854 = VERTEX_POINT('',#11855);
#11855 = CARTESIAN_POINT('',(-0.95,-0.25,4.1));
#11856 = LINE('',#11857,#11858);
#11857 = CARTESIAN_POINT('',(-0.95,-0.25,0.3));
#11858 = VECTOR('',#11859,1.);
#11859 = DIRECTION('',(0.,0.,1.));
#11860 = ORIENTED_EDGE('',*,*,#11861,.T.);
#11861 = EDGE_CURVE('',#11854,#11862,#11864,.T.);
#11862 = VERTEX_POINT('',#11863);
#11863 = CARTESIAN_POINT('',(-0.95,1.35,3.2));
#11864 = LINE('',#11865,#11866);
#11865 = CARTESIAN_POINT('',(-0.95,-0.25,4.1));
#11866 = VECTOR('',#11867,1.);
#11867 = DIRECTION('',(1.067372191754E-16,0.871575537124,-0.490261239633
    ));
#11868 = ORIENTED_EDGE('',*,*,#11869,.T.);
#11869 = EDGE_CURVE('',#11862,#11830,#11870,.T.);
#11870 = LINE('',#11871,#11872);
#11871 = CARTESIAN_POINT('',(-0.95,1.35,3.2));
#11872 = VECTOR('',#11873,1.);
#11873 = DIRECTION('',(-0.,0.,-1.));
#11874 = ORIENTED_EDGE('',*,*,#11839,.T.);
#11875 = ORIENTED_EDGE('',*,*,#10644,.T.);
#11876 = ORIENTED_EDGE('',*,*,#11209,.T.);
#11877 = PLANE('',#11878);
#11878 = AXIS2_PLACEMENT_3D('',#11879,#11880,#11881);
#11879 = CARTESIAN_POINT('',(-0.95,-1.566489992801,0.968760807125));
#11880 = DIRECTION('',(-1.,1.224646799147E-16,0.));
#11881 = DIRECTION('',(0.,0.,1.));
#11882 = ADVANCED_FACE('',(#11883),#11988,.F.);
#11883 = FACE_BOUND('',#11884,.F.);
#11884 = EDGE_LOOP('',(#11885,#11886,#11887,#11895,#11903,#11911,#11919,
    #11927,#11935,#11943,#11951,#11957,#11958,#11966,#11974,#11982));
#11885 = ORIENTED_EDGE('',*,*,#11172,.F.);
#11886 = ORIENTED_EDGE('',*,*,#10675,.T.);
#11887 = ORIENTED_EDGE('',*,*,#11888,.T.);
#11888 = EDGE_CURVE('',#10668,#11889,#11891,.T.);
#11889 = VERTEX_POINT('',#11890);
#11890 = CARTESIAN_POINT('',(13.4,-2.05,4.2));
#11891 = LINE('',#11892,#11893);
#11892 = CARTESIAN_POINT('',(13.45,-2.05,4.2));
#11893 = VECTOR('',#11894,1.);
#11894 = DIRECTION('',(-1.,1.224646799147E-16,0.));
#11895 = ORIENTED_EDGE('',*,*,#11896,.F.);
#11896 = EDGE_CURVE('',#11897,#11889,#11899,.T.);
#11897 = VERTEX_POINT('',#11898);
#11898 = CARTESIAN_POINT('',(13.4,-4.45,4.2));
#11899 = LINE('',#11900,#11901);
#11900 = CARTESIAN_POINT('',(13.4,-4.45,4.2));
#11901 = VECTOR('',#11902,1.);
#11902 = DIRECTION('',(1.224646799147E-16,1.,-1.110223024625E-16));
#11903 = ORIENTED_EDGE('',*,*,#11904,.F.);
#11904 = EDGE_CURVE('',#11905,#11897,#11907,.T.);
#11905 = VERTEX_POINT('',#11906);
#11906 = CARTESIAN_POINT('',(12.4,-4.45,4.2));
#11907 = LINE('',#11908,#11909);
#11908 = CARTESIAN_POINT('',(12.4,-4.45,4.2));
#11909 = VECTOR('',#11910,1.);
#11910 = DIRECTION('',(1.,-1.224646799147E-16,0.));
#11911 = ORIENTED_EDGE('',*,*,#11912,.F.);
#11912 = EDGE_CURVE('',#11913,#11905,#11915,.T.);
#11913 = VERTEX_POINT('',#11914);
#11914 = CARTESIAN_POINT('',(12.4,-2.05,4.2));
#11915 = LINE('',#11916,#11917);
#11916 = CARTESIAN_POINT('',(12.4,-0.25,4.2));
#11917 = VECTOR('',#11918,1.);
#11918 = DIRECTION('',(-1.224646799147E-16,-1.,1.110223024625E-16));
#11919 = ORIENTED_EDGE('',*,*,#11920,.T.);
#11920 = EDGE_CURVE('',#11913,#11921,#11923,.T.);
#11921 = VERTEX_POINT('',#11922);
#11922 = CARTESIAN_POINT('',(-0.4,-2.05,4.2));
#11923 = LINE('',#11924,#11925);
#11924 = CARTESIAN_POINT('',(13.45,-2.05,4.2));
#11925 = VECTOR('',#11926,1.);
#11926 = DIRECTION('',(-1.,1.224646799147E-16,0.));
#11927 = ORIENTED_EDGE('',*,*,#11928,.T.);
#11928 = EDGE_CURVE('',#11921,#11929,#11931,.T.);
#11929 = VERTEX_POINT('',#11930);
#11930 = CARTESIAN_POINT('',(-0.4,-4.45,4.2));
#11931 = LINE('',#11932,#11933);
#11932 = CARTESIAN_POINT('',(-0.4,-0.25,4.2));
#11933 = VECTOR('',#11934,1.);
#11934 = DIRECTION('',(-1.224646799147E-16,-1.,1.110223024625E-16));
#11935 = ORIENTED_EDGE('',*,*,#11936,.T.);
#11936 = EDGE_CURVE('',#11929,#11937,#11939,.T.);
#11937 = VERTEX_POINT('',#11938);
#11938 = CARTESIAN_POINT('',(-1.4,-4.45,4.2));
#11939 = LINE('',#11940,#11941);
#11940 = CARTESIAN_POINT('',(-0.4,-4.45,4.2));
#11941 = VECTOR('',#11942,1.);
#11942 = DIRECTION('',(-1.,1.224646799147E-16,0.));
#11943 = ORIENTED_EDGE('',*,*,#11944,.T.);
#11944 = EDGE_CURVE('',#11937,#11945,#11947,.T.);
#11945 = VERTEX_POINT('',#11946);
#11946 = CARTESIAN_POINT('',(-1.4,-2.05,4.2));
#11947 = LINE('',#11948,#11949);
#11948 = CARTESIAN_POINT('',(-1.4,-4.45,4.2));
#11949 = VECTOR('',#11950,1.);
#11950 = DIRECTION('',(1.224646799147E-16,1.,-1.110223024625E-16));
#11951 = ORIENTED_EDGE('',*,*,#11952,.T.);
#11952 = EDGE_CURVE('',#11945,#11686,#11953,.T.);
#11953 = LINE('',#11954,#11955);
#11954 = CARTESIAN_POINT('',(13.45,-2.05,4.2));
#11955 = VECTOR('',#11956,1.);
#11956 = DIRECTION('',(-1.,1.224646799147E-16,0.));
#11957 = ORIENTED_EDGE('',*,*,#11685,.F.);
#11958 = ORIENTED_EDGE('',*,*,#11959,.F.);
#11959 = EDGE_CURVE('',#11960,#11676,#11962,.T.);
#11960 = VERTEX_POINT('',#11961);
#11961 = CARTESIAN_POINT('',(0.55,-6.25,4.2));
#11962 = LINE('',#11963,#11964);
#11963 = CARTESIAN_POINT('',(13.45,-6.25,4.2));
#11964 = VECTOR('',#11965,1.);
#11965 = DIRECTION('',(-1.,1.224646799147E-16,0.));
#11966 = ORIENTED_EDGE('',*,*,#11967,.F.);
#11967 = EDGE_CURVE('',#11968,#11960,#11970,.T.);
#11968 = VERTEX_POINT('',#11969);
#11969 = CARTESIAN_POINT('',(0.55,-2.35,4.2));
#11970 = LINE('',#11971,#11972);
#11971 = CARTESIAN_POINT('',(0.55,-4.3,4.2));
#11972 = VECTOR('',#11973,1.);
#11973 = DIRECTION('',(-1.224646799147E-16,-1.,1.110223024625E-16));
#11974 = ORIENTED_EDGE('',*,*,#11975,.F.);
#11975 = EDGE_CURVE('',#11976,#11968,#11978,.T.);
#11976 = VERTEX_POINT('',#11977);
#11977 = CARTESIAN_POINT('',(11.45,-2.35,4.2));
#11978 = LINE('',#11979,#11980);
#11979 = CARTESIAN_POINT('',(12.45,-2.35,4.2));
#11980 = VECTOR('',#11981,1.);
#11981 = DIRECTION('',(-1.,1.224646799147E-16,0.));
#11982 = ORIENTED_EDGE('',*,*,#11983,.F.);
#11983 = EDGE_CURVE('',#11165,#11976,#11984,.T.);
#11984 = LINE('',#11985,#11986);
#11985 = CARTESIAN_POINT('',(11.45,-6.25,4.2));
#11986 = VECTOR('',#11987,1.);
#11987 = DIRECTION('',(1.224646799147E-16,1.,-1.110223024625E-16));
#11988 = PLANE('',#11989);
#11989 = AXIS2_PLACEMENT_3D('',#11990,#11991,#11992);
#11990 = CARTESIAN_POINT('',(13.45,-6.25,4.2));
#11991 = DIRECTION('',(1.359631073447E-32,1.110223024625E-16,1.));
#11992 = DIRECTION('',(-1.,1.224646799147E-16,6.927121900793E-45));
#11993 = ADVANCED_FACE('',(#11994,#12152,#12186,#12220,#12254,#12288,
    #12322,#12356),#12390,.T.);
#11994 = FACE_BOUND('',#11995,.T.);
#11995 = EDGE_LOOP('',(#11996,#12004,#12005,#12006,#12007,#12013,#12014,
    #12020,#12021,#12022,#12023,#12031,#12039,#12045,#12046,#12054,
    #12062,#12068,#12069,#12077,#12085,#12091,#12092,#12100,#12108,
    #12114,#12115,#12123,#12131,#12137,#12138,#12146));
#11996 = ORIENTED_EDGE('',*,*,#11997,.F.);
#11997 = EDGE_CURVE('',#11653,#11998,#12000,.T.);
#11998 = VERTEX_POINT('',#11999);
#11999 = CARTESIAN_POINT('',(11.2,-2.05,1.1));
#12000 = LINE('',#12001,#12002);
#12001 = CARTESIAN_POINT('',(11.2,-2.05,0.8));
#12002 = VECTOR('',#12003,1.);
#12003 = DIRECTION('',(1.359631073447E-32,1.110223024625E-16,1.));
#12004 = ORIENTED_EDGE('',*,*,#11660,.T.);
#12005 = ORIENTED_EDGE('',*,*,#10667,.T.);
#12006 = ORIENTED_EDGE('',*,*,#11888,.T.);
#12007 = ORIENTED_EDGE('',*,*,#12008,.T.);
#12008 = EDGE_CURVE('',#11889,#11913,#12009,.T.);
#12009 = LINE('',#12010,#12011);
#12010 = CARTESIAN_POINT('',(13.45,-2.05,4.2));
#12011 = VECTOR('',#12012,1.);
#12012 = DIRECTION('',(-1.,1.224646799147E-16,0.));
#12013 = ORIENTED_EDGE('',*,*,#11920,.T.);
#12014 = ORIENTED_EDGE('',*,*,#12015,.T.);
#12015 = EDGE_CURVE('',#11921,#11945,#12016,.T.);
#12016 = LINE('',#12017,#12018);
#12017 = CARTESIAN_POINT('',(13.45,-2.05,4.2));
#12018 = VECTOR('',#12019,1.);
#12019 = DIRECTION('',(-1.,1.224646799147E-16,0.));
#12020 = ORIENTED_EDGE('',*,*,#11952,.T.);
#12021 = ORIENTED_EDGE('',*,*,#11693,.T.);
#12022 = ORIENTED_EDGE('',*,*,#11468,.T.);
#12023 = ORIENTED_EDGE('',*,*,#12024,.F.);
#12024 = EDGE_CURVE('',#12025,#11469,#12027,.T.);
#12025 = VERTEX_POINT('',#12026);
#12026 = CARTESIAN_POINT('',(0.8,-2.05,1.1));
#12027 = LINE('',#12028,#12029);
#12028 = CARTESIAN_POINT('',(0.8,-2.05,1.1));
#12029 = VECTOR('',#12030,1.);
#12030 = DIRECTION('',(-1.359631073447E-32,-1.110223024625E-16,-1.));
#12031 = ORIENTED_EDGE('',*,*,#12032,.F.);
#12032 = EDGE_CURVE('',#12033,#12025,#12035,.T.);
#12033 = VERTEX_POINT('',#12034);
#12034 = CARTESIAN_POINT('',(1.2,-2.05,1.1));
#12035 = LINE('',#12036,#12037);
#12036 = CARTESIAN_POINT('',(1.2,-2.05,1.1));
#12037 = VECTOR('',#12038,1.);
#12038 = DIRECTION('',(-1.,1.224646799147E-16,0.));
#12039 = ORIENTED_EDGE('',*,*,#12040,.F.);
#12040 = EDGE_CURVE('',#11493,#12033,#12041,.T.);
#12041 = LINE('',#12042,#12043);
#12042 = CARTESIAN_POINT('',(1.2,-2.05,0.8));
#12043 = VECTOR('',#12044,1.);
#12044 = DIRECTION('',(1.359631073447E-32,1.110223024625E-16,1.));
#12045 = ORIENTED_EDGE('',*,*,#11500,.T.);
#12046 = ORIENTED_EDGE('',*,*,#12047,.F.);
#12047 = EDGE_CURVE('',#12048,#11501,#12050,.T.);
#12048 = VERTEX_POINT('',#12049);
#12049 = CARTESIAN_POINT('',(2.8,-2.05,1.1));
#12050 = LINE('',#12051,#12052);
#12051 = CARTESIAN_POINT('',(2.8,-2.05,1.1));
#12052 = VECTOR('',#12053,1.);
#12053 = DIRECTION('',(-1.359631073447E-32,-1.110223024625E-16,-1.));
#12054 = ORIENTED_EDGE('',*,*,#12055,.F.);
#12055 = EDGE_CURVE('',#12056,#12048,#12058,.T.);
#12056 = VERTEX_POINT('',#12057);
#12057 = CARTESIAN_POINT('',(3.2,-2.05,1.1));
#12058 = LINE('',#12059,#12060);
#12059 = CARTESIAN_POINT('',(3.2,-2.05,1.1));
#12060 = VECTOR('',#12061,1.);
#12061 = DIRECTION('',(-1.,1.224646799147E-16,0.));
#12062 = ORIENTED_EDGE('',*,*,#12063,.F.);
#12063 = EDGE_CURVE('',#11525,#12056,#12064,.T.);
#12064 = LINE('',#12065,#12066);
#12065 = CARTESIAN_POINT('',(3.2,-2.05,0.8));
#12066 = VECTOR('',#12067,1.);
#12067 = DIRECTION('',(1.359631073447E-32,1.110223024625E-16,1.));
#12068 = ORIENTED_EDGE('',*,*,#11532,.T.);
#12069 = ORIENTED_EDGE('',*,*,#12070,.F.);
#12070 = EDGE_CURVE('',#12071,#11533,#12073,.T.);
#12071 = VERTEX_POINT('',#12072);
#12072 = CARTESIAN_POINT('',(4.8,-2.05,1.1));
#12073 = LINE('',#12074,#12075);
#12074 = CARTESIAN_POINT('',(4.8,-2.05,1.1));
#12075 = VECTOR('',#12076,1.);
#12076 = DIRECTION('',(-1.359631073447E-32,-1.110223024625E-16,-1.));
#12077 = ORIENTED_EDGE('',*,*,#12078,.F.);
#12078 = EDGE_CURVE('',#12079,#12071,#12081,.T.);
#12079 = VERTEX_POINT('',#12080);
#12080 = CARTESIAN_POINT('',(5.2,-2.05,1.1));
#12081 = LINE('',#12082,#12083);
#12082 = CARTESIAN_POINT('',(5.2,-2.05,1.1));
#12083 = VECTOR('',#12084,1.);
#12084 = DIRECTION('',(-1.,1.224646799147E-16,0.));
#12085 = ORIENTED_EDGE('',*,*,#12086,.F.);
#12086 = EDGE_CURVE('',#11557,#12079,#12087,.T.);
#12087 = LINE('',#12088,#12089);
#12088 = CARTESIAN_POINT('',(5.2,-2.05,0.8));
#12089 = VECTOR('',#12090,1.);
#12090 = DIRECTION('',(1.359631073447E-32,1.110223024625E-16,1.));
#12091 = ORIENTED_EDGE('',*,*,#11564,.T.);
#12092 = ORIENTED_EDGE('',*,*,#12093,.F.);
#12093 = EDGE_CURVE('',#12094,#11565,#12096,.T.);
#12094 = VERTEX_POINT('',#12095);
#12095 = CARTESIAN_POINT('',(6.8,-2.05,1.1));
#12096 = LINE('',#12097,#12098);
#12097 = CARTESIAN_POINT('',(6.8,-2.05,1.1));
#12098 = VECTOR('',#12099,1.);
#12099 = DIRECTION('',(-1.359631073447E-32,-1.110223024625E-16,-1.));
#12100 = ORIENTED_EDGE('',*,*,#12101,.F.);
#12101 = EDGE_CURVE('',#12102,#12094,#12104,.T.);
#12102 = VERTEX_POINT('',#12103);
#12103 = CARTESIAN_POINT('',(7.2,-2.05,1.1));
#12104 = LINE('',#12105,#12106);
#12105 = CARTESIAN_POINT('',(7.2,-2.05,1.1));
#12106 = VECTOR('',#12107,1.);
#12107 = DIRECTION('',(-1.,1.224646799147E-16,0.));
#12108 = ORIENTED_EDGE('',*,*,#12109,.F.);
#12109 = EDGE_CURVE('',#11589,#12102,#12110,.T.);
#12110 = LINE('',#12111,#12112);
#12111 = CARTESIAN_POINT('',(7.2,-2.05,0.8));
#12112 = VECTOR('',#12113,1.);
#12113 = DIRECTION('',(1.359631073447E-32,1.110223024625E-16,1.));
#12114 = ORIENTED_EDGE('',*,*,#11596,.T.);
#12115 = ORIENTED_EDGE('',*,*,#12116,.F.);
#12116 = EDGE_CURVE('',#12117,#11597,#12119,.T.);
#12117 = VERTEX_POINT('',#12118);
#12118 = CARTESIAN_POINT('',(8.8,-2.05,1.1));
#12119 = LINE('',#12120,#12121);
#12120 = CARTESIAN_POINT('',(8.8,-2.05,1.1));
#12121 = VECTOR('',#12122,1.);
#12122 = DIRECTION('',(-1.359631073447E-32,-1.110223024625E-16,-1.));
#12123 = ORIENTED_EDGE('',*,*,#12124,.F.);
#12124 = EDGE_CURVE('',#12125,#12117,#12127,.T.);
#12125 = VERTEX_POINT('',#12126);
#12126 = CARTESIAN_POINT('',(9.2,-2.05,1.1));
#12127 = LINE('',#12128,#12129);
#12128 = CARTESIAN_POINT('',(9.2,-2.05,1.1));
#12129 = VECTOR('',#12130,1.);
#12130 = DIRECTION('',(-1.,1.224646799147E-16,0.));
#12131 = ORIENTED_EDGE('',*,*,#12132,.F.);
#12132 = EDGE_CURVE('',#11621,#12125,#12133,.T.);
#12133 = LINE('',#12134,#12135);
#12134 = CARTESIAN_POINT('',(9.2,-2.05,0.8));
#12135 = VECTOR('',#12136,1.);
#12136 = DIRECTION('',(1.359631073447E-32,1.110223024625E-16,1.));
#12137 = ORIENTED_EDGE('',*,*,#11628,.T.);
#12138 = ORIENTED_EDGE('',*,*,#12139,.F.);
#12139 = EDGE_CURVE('',#12140,#11629,#12142,.T.);
#12140 = VERTEX_POINT('',#12141);
#12141 = CARTESIAN_POINT('',(10.8,-2.05,1.1));
#12142 = LINE('',#12143,#12144);
#12143 = CARTESIAN_POINT('',(10.8,-2.05,1.1));
#12144 = VECTOR('',#12145,1.);
#12145 = DIRECTION('',(-1.359631073447E-32,-1.110223024625E-16,-1.));
#12146 = ORIENTED_EDGE('',*,*,#12147,.F.);
#12147 = EDGE_CURVE('',#11998,#12140,#12148,.T.);
#12148 = LINE('',#12149,#12150);
#12149 = CARTESIAN_POINT('',(11.2,-2.05,1.1));
#12150 = VECTOR('',#12151,1.);
#12151 = DIRECTION('',(-1.,1.224646799147E-16,0.));
#12152 = FACE_BOUND('',#12153,.T.);
#12153 = EDGE_LOOP('',(#12154,#12164,#12172,#12180));
#12154 = ORIENTED_EDGE('',*,*,#12155,.F.);
#12155 = EDGE_CURVE('',#12156,#12158,#12160,.T.);
#12156 = VERTEX_POINT('',#12157);
#12157 = CARTESIAN_POINT('',(9.75,-2.05,3.35));
#12158 = VERTEX_POINT('',#12159);
#12159 = CARTESIAN_POINT('',(9.75,-2.05,2.85));
#12160 = LINE('',#12161,#12162);
#12161 = CARTESIAN_POINT('',(9.75,-2.05,1.911519607843));
#12162 = VECTOR('',#12163,1.);
#12163 = DIRECTION('',(-1.359631073447E-32,-1.110223024625E-16,-1.));
#12164 = ORIENTED_EDGE('',*,*,#12165,.T.);
#12165 = EDGE_CURVE('',#12156,#12166,#12168,.T.);
#12166 = VERTEX_POINT('',#12167);
#12167 = CARTESIAN_POINT('',(10.25,-2.05,3.35));
#12168 = LINE('',#12169,#12170);
#12169 = CARTESIAN_POINT('',(8.125,-2.05,3.35));
#12170 = VECTOR('',#12171,1.);
#12171 = DIRECTION('',(1.,-1.224646799147E-16,0.));
#12172 = ORIENTED_EDGE('',*,*,#12173,.T.);
#12173 = EDGE_CURVE('',#12166,#12174,#12176,.T.);
#12174 = VERTEX_POINT('',#12175);
#12175 = CARTESIAN_POINT('',(10.25,-2.05,2.85));
#12176 = LINE('',#12177,#12178);
#12177 = CARTESIAN_POINT('',(10.25,-2.05,1.911519607843));
#12178 = VECTOR('',#12179,1.);
#12179 = DIRECTION('',(-1.359631073447E-32,-1.110223024625E-16,-1.));
#12180 = ORIENTED_EDGE('',*,*,#12181,.T.);
#12181 = EDGE_CURVE('',#12174,#12158,#12182,.T.);
#12182 = LINE('',#12183,#12184);
#12183 = CARTESIAN_POINT('',(8.125,-2.05,2.85));
#12184 = VECTOR('',#12185,1.);
#12185 = DIRECTION('',(-1.,1.224646799147E-16,0.));
#12186 = FACE_BOUND('',#12187,.T.);
#12187 = EDGE_LOOP('',(#12188,#12198,#12206,#12214));
#12188 = ORIENTED_EDGE('',*,*,#12189,.T.);
#12189 = EDGE_CURVE('',#12190,#12192,#12194,.T.);
#12190 = VERTEX_POINT('',#12191);
#12191 = CARTESIAN_POINT('',(8.25,-2.05,3.35));
#12192 = VERTEX_POINT('',#12193);
#12193 = CARTESIAN_POINT('',(8.25,-2.05,2.85));
#12194 = LINE('',#12195,#12196);
#12195 = CARTESIAN_POINT('',(8.25,-2.05,1.911519607843));
#12196 = VECTOR('',#12197,1.);
#12197 = DIRECTION('',(-1.359631073447E-32,-1.110223024625E-16,-1.));
#12198 = ORIENTED_EDGE('',*,*,#12199,.T.);
#12199 = EDGE_CURVE('',#12192,#12200,#12202,.T.);
#12200 = VERTEX_POINT('',#12201);
#12201 = CARTESIAN_POINT('',(7.75,-2.05,2.85));
#12202 = LINE('',#12203,#12204);
#12203 = CARTESIAN_POINT('',(7.125,-2.05,2.85));
#12204 = VECTOR('',#12205,1.);
#12205 = DIRECTION('',(-1.,1.224646799147E-16,0.));
#12206 = ORIENTED_EDGE('',*,*,#12207,.F.);
#12207 = EDGE_CURVE('',#12208,#12200,#12210,.T.);
#12208 = VERTEX_POINT('',#12209);
#12209 = CARTESIAN_POINT('',(7.75,-2.05,3.35));
#12210 = LINE('',#12211,#12212);
#12211 = CARTESIAN_POINT('',(7.75,-2.05,1.911519607843));
#12212 = VECTOR('',#12213,1.);
#12213 = DIRECTION('',(-1.359631073447E-32,-1.110223024625E-16,-1.));
#12214 = ORIENTED_EDGE('',*,*,#12215,.T.);
#12215 = EDGE_CURVE('',#12208,#12190,#12216,.T.);
#12216 = LINE('',#12217,#12218);
#12217 = CARTESIAN_POINT('',(7.125,-2.05,3.35));
#12218 = VECTOR('',#12219,1.);
#12219 = DIRECTION('',(1.,-1.224646799147E-16,0.));
#12220 = FACE_BOUND('',#12221,.T.);
#12221 = EDGE_LOOP('',(#12222,#12232,#12240,#12248));
#12222 = ORIENTED_EDGE('',*,*,#12223,.F.);
#12223 = EDGE_CURVE('',#12224,#12226,#12228,.T.);
#12224 = VERTEX_POINT('',#12225);
#12225 = CARTESIAN_POINT('',(5.75,-2.05,3.35));
#12226 = VERTEX_POINT('',#12227);
#12227 = CARTESIAN_POINT('',(5.75,-2.05,2.85));
#12228 = LINE('',#12229,#12230);
#12229 = CARTESIAN_POINT('',(5.75,-2.05,1.911519607843));
#12230 = VECTOR('',#12231,1.);
#12231 = DIRECTION('',(-1.359631073447E-32,-1.110223024625E-16,-1.));
#12232 = ORIENTED_EDGE('',*,*,#12233,.T.);
#12233 = EDGE_CURVE('',#12224,#12234,#12236,.T.);
#12234 = VERTEX_POINT('',#12235);
#12235 = CARTESIAN_POINT('',(6.25,-2.05,3.35));
#12236 = LINE('',#12237,#12238);
#12237 = CARTESIAN_POINT('',(6.125,-2.05,3.35));
#12238 = VECTOR('',#12239,1.);
#12239 = DIRECTION('',(1.,-1.224646799147E-16,0.));
#12240 = ORIENTED_EDGE('',*,*,#12241,.T.);
#12241 = EDGE_CURVE('',#12234,#12242,#12244,.T.);
#12242 = VERTEX_POINT('',#12243);
#12243 = CARTESIAN_POINT('',(6.25,-2.05,2.85));
#12244 = LINE('',#12245,#12246);
#12245 = CARTESIAN_POINT('',(6.25,-2.05,1.911519607843));
#12246 = VECTOR('',#12247,1.);
#12247 = DIRECTION('',(-1.359631073447E-32,-1.110223024625E-16,-1.));
#12248 = ORIENTED_EDGE('',*,*,#12249,.T.);
#12249 = EDGE_CURVE('',#12242,#12226,#12250,.T.);
#12250 = LINE('',#12251,#12252);
#12251 = CARTESIAN_POINT('',(6.125,-2.05,2.85));
#12252 = VECTOR('',#12253,1.);
#12253 = DIRECTION('',(-1.,1.224646799147E-16,0.));
#12254 = FACE_BOUND('',#12255,.T.);
#12255 = EDGE_LOOP('',(#12256,#12266,#12274,#12282));
#12256 = ORIENTED_EDGE('',*,*,#12257,.F.);
#12257 = EDGE_CURVE('',#12258,#12260,#12262,.T.);
#12258 = VERTEX_POINT('',#12259);
#12259 = CARTESIAN_POINT('',(1.75,-2.05,3.35));
#12260 = VERTEX_POINT('',#12261);
#12261 = CARTESIAN_POINT('',(1.75,-2.05,2.85));
#12262 = LINE('',#12263,#12264);
#12263 = CARTESIAN_POINT('',(1.75,-2.05,1.911519607843));
#12264 = VECTOR('',#12265,1.);
#12265 = DIRECTION('',(-1.359631073447E-32,-1.110223024625E-16,-1.));
#12266 = ORIENTED_EDGE('',*,*,#12267,.T.);
#12267 = EDGE_CURVE('',#12258,#12268,#12270,.T.);
#12268 = VERTEX_POINT('',#12269);
#12269 = CARTESIAN_POINT('',(2.25,-2.05,3.35));
#12270 = LINE('',#12271,#12272);
#12271 = CARTESIAN_POINT('',(4.125,-2.05,3.35));
#12272 = VECTOR('',#12273,1.);
#12273 = DIRECTION('',(1.,-1.224646799147E-16,0.));
#12274 = ORIENTED_EDGE('',*,*,#12275,.T.);
#12275 = EDGE_CURVE('',#12268,#12276,#12278,.T.);
#12276 = VERTEX_POINT('',#12277);
#12277 = CARTESIAN_POINT('',(2.25,-2.05,2.85));
#12278 = LINE('',#12279,#12280);
#12279 = CARTESIAN_POINT('',(2.25,-2.05,1.911519607843));
#12280 = VECTOR('',#12281,1.);
#12281 = DIRECTION('',(-1.359631073447E-32,-1.110223024625E-16,-1.));
#12282 = ORIENTED_EDGE('',*,*,#12283,.T.);
#12283 = EDGE_CURVE('',#12276,#12260,#12284,.T.);
#12284 = LINE('',#12285,#12286);
#12285 = CARTESIAN_POINT('',(4.125,-2.05,2.85));
#12286 = VECTOR('',#12287,1.);
#12287 = DIRECTION('',(-1.,1.224646799147E-16,0.));
#12288 = FACE_BOUND('',#12289,.T.);
#12289 = EDGE_LOOP('',(#12290,#12300,#12308,#12316));
#12290 = ORIENTED_EDGE('',*,*,#12291,.T.);
#12291 = EDGE_CURVE('',#12292,#12294,#12296,.T.);
#12292 = VERTEX_POINT('',#12293);
#12293 = CARTESIAN_POINT('',(3.75,-2.05,3.35));
#12294 = VERTEX_POINT('',#12295);
#12295 = CARTESIAN_POINT('',(4.25,-2.05,3.35));
#12296 = LINE('',#12297,#12298);
#12297 = CARTESIAN_POINT('',(5.125,-2.05,3.35));
#12298 = VECTOR('',#12299,1.);
#12299 = DIRECTION('',(1.,-1.224646799147E-16,0.));
#12300 = ORIENTED_EDGE('',*,*,#12301,.T.);
#12301 = EDGE_CURVE('',#12294,#12302,#12304,.T.);
#12302 = VERTEX_POINT('',#12303);
#12303 = CARTESIAN_POINT('',(4.25,-2.05,2.85));
#12304 = LINE('',#12305,#12306);
#12305 = CARTESIAN_POINT('',(4.25,-2.05,1.911519607843));
#12306 = VECTOR('',#12307,1.);
#12307 = DIRECTION('',(-1.359631073447E-32,-1.110223024625E-16,-1.));
#12308 = ORIENTED_EDGE('',*,*,#12309,.T.);
#12309 = EDGE_CURVE('',#12302,#12310,#12312,.T.);
#12310 = VERTEX_POINT('',#12311);
#12311 = CARTESIAN_POINT('',(3.75,-2.05,2.85));
#12312 = LINE('',#12313,#12314);
#12313 = CARTESIAN_POINT('',(5.125,-2.05,2.85));
#12314 = VECTOR('',#12315,1.);
#12315 = DIRECTION('',(-1.,1.224646799147E-16,0.));
#12316 = ORIENTED_EDGE('',*,*,#12317,.F.);
#12317 = EDGE_CURVE('',#12292,#12310,#12318,.T.);
#12318 = LINE('',#12319,#12320);
#12319 = CARTESIAN_POINT('',(3.75,-2.05,1.911519607843));
#12320 = VECTOR('',#12321,1.);
#12321 = DIRECTION('',(-1.359631073447E-32,-1.110223024625E-16,-1.));
#12322 = FACE_BOUND('',#12323,.T.);
#12323 = EDGE_LOOP('',(#12324,#12334,#12342,#12350));
#12324 = ORIENTED_EDGE('',*,*,#12325,.T.);
#12325 = EDGE_CURVE('',#12326,#12328,#12330,.T.);
#12326 = VERTEX_POINT('',#12327);
#12327 = CARTESIAN_POINT('',(12.25,-2.05,3.35));
#12328 = VERTEX_POINT('',#12329);
#12329 = CARTESIAN_POINT('',(12.25,-2.05,2.85));
#12330 = LINE('',#12331,#12332);
#12331 = CARTESIAN_POINT('',(12.25,-2.05,1.901106711288));
#12332 = VECTOR('',#12333,1.);
#12333 = DIRECTION('',(-1.359631073447E-32,-1.110223024625E-16,-1.));
#12334 = ORIENTED_EDGE('',*,*,#12335,.T.);
#12335 = EDGE_CURVE('',#12328,#12336,#12338,.T.);
#12336 = VERTEX_POINT('',#12337);
#12337 = CARTESIAN_POINT('',(11.75,-2.05,2.85));
#12338 = LINE('',#12339,#12340);
#12339 = CARTESIAN_POINT('',(9.125,-2.05,2.85));
#12340 = VECTOR('',#12341,1.);
#12341 = DIRECTION('',(-1.,1.224646799147E-16,0.));
#12342 = ORIENTED_EDGE('',*,*,#12343,.F.);
#12343 = EDGE_CURVE('',#12344,#12336,#12346,.T.);
#12344 = VERTEX_POINT('',#12345);
#12345 = CARTESIAN_POINT('',(11.75,-2.05,3.35));
#12346 = LINE('',#12347,#12348);
#12347 = CARTESIAN_POINT('',(11.75,-2.05,1.901106711288));
#12348 = VECTOR('',#12349,1.);
#12349 = DIRECTION('',(-1.359631073447E-32,-1.110223024625E-16,-1.));
#12350 = ORIENTED_EDGE('',*,*,#12351,.T.);
#12351 = EDGE_CURVE('',#12344,#12326,#12352,.T.);
#12352 = LINE('',#12353,#12354);
#12353 = CARTESIAN_POINT('',(9.125,-2.05,3.35));
#12354 = VECTOR('',#12355,1.);
#12355 = DIRECTION('',(1.,-1.224646799147E-16,0.));
#12356 = FACE_BOUND('',#12357,.T.);
#12357 = EDGE_LOOP('',(#12358,#12368,#12376,#12384));
#12358 = ORIENTED_EDGE('',*,*,#12359,.F.);
#12359 = EDGE_CURVE('',#12360,#12362,#12364,.T.);
#12360 = VERTEX_POINT('',#12361);
#12361 = CARTESIAN_POINT('',(-0.25,-2.05,3.35));
#12362 = VERTEX_POINT('',#12363);
#12363 = CARTESIAN_POINT('',(-0.25,-2.05,2.85));
#12364 = LINE('',#12365,#12366);
#12365 = CARTESIAN_POINT('',(-0.25,-2.05,1.901106711288));
#12366 = VECTOR('',#12367,1.);
#12367 = DIRECTION('',(-1.359631073447E-32,-1.110223024625E-16,-1.));
#12368 = ORIENTED_EDGE('',*,*,#12369,.T.);
#12369 = EDGE_CURVE('',#12360,#12370,#12372,.T.);
#12370 = VERTEX_POINT('',#12371);
#12371 = CARTESIAN_POINT('',(0.25,-2.05,3.35));
#12372 = LINE('',#12373,#12374);
#12373 = CARTESIAN_POINT('',(3.125,-2.05,3.35));
#12374 = VECTOR('',#12375,1.);
#12375 = DIRECTION('',(1.,-1.224646799147E-16,0.));
#12376 = ORIENTED_EDGE('',*,*,#12377,.T.);
#12377 = EDGE_CURVE('',#12370,#12378,#12380,.T.);
#12378 = VERTEX_POINT('',#12379);
#12379 = CARTESIAN_POINT('',(0.25,-2.05,2.85));
#12380 = LINE('',#12381,#12382);
#12381 = CARTESIAN_POINT('',(0.25,-2.05,1.901106711288));
#12382 = VECTOR('',#12383,1.);
#12383 = DIRECTION('',(-1.359631073447E-32,-1.110223024625E-16,-1.));
#12384 = ORIENTED_EDGE('',*,*,#12385,.T.);
#12385 = EDGE_CURVE('',#12378,#12362,#12386,.T.);
#12386 = LINE('',#12387,#12388);
#12387 = CARTESIAN_POINT('',(3.125,-2.05,2.85));
#12388 = VECTOR('',#12389,1.);
#12389 = DIRECTION('',(-1.,1.224646799147E-16,0.));
#12390 = PLANE('',#12391);
#12391 = AXIS2_PLACEMENT_3D('',#12392,#12393,#12394);
#12392 = CARTESIAN_POINT('',(6.,-2.05,2.5));
#12393 = DIRECTION('',(-1.224646799147E-16,-1.,1.110223024625E-16));
#12394 = DIRECTION('',(-1.359631073447E-32,-1.110223024625E-16,-1.));
#12395 = ADVANCED_FACE('',(#12396),#12430,.F.);
#12396 = FACE_BOUND('',#12397,.F.);
#12397 = EDGE_LOOP('',(#12398,#12399,#12407,#12415,#12423,#12429));
#12398 = ORIENTED_EDGE('',*,*,#10804,.T.);
#12399 = ORIENTED_EDGE('',*,*,#12400,.T.);
#12400 = EDGE_CURVE('',#10807,#12401,#12403,.T.);
#12401 = VERTEX_POINT('',#12402);
#12402 = CARTESIAN_POINT('',(12.75,-0.4,4.2));
#12403 = LINE('',#12404,#12405);
#12404 = CARTESIAN_POINT('',(12.75,-1.335399017773,4.2));
#12405 = VECTOR('',#12406,1.);
#12406 = DIRECTION('',(-1.224646799147E-16,-1.,1.110223024625E-16));
#12407 = ORIENTED_EDGE('',*,*,#12408,.T.);
#12408 = EDGE_CURVE('',#12401,#12409,#12411,.T.);
#12409 = VERTEX_POINT('',#12410);
#12410 = CARTESIAN_POINT('',(12.75,-0.35,3.6));
#12411 = LINE('',#12412,#12413);
#12412 = CARTESIAN_POINT('',(12.75,-0.45,4.8));
#12413 = VECTOR('',#12414,1.);
#12414 = DIRECTION('',(1.017013810865E-17,8.304547985373E-02,
    -0.996545758245));
#12415 = ORIENTED_EDGE('',*,*,#12416,.T.);
#12416 = EDGE_CURVE('',#12409,#12417,#12419,.T.);
#12417 = VERTEX_POINT('',#12418);
#12418 = CARTESIAN_POINT('',(12.75,-0.35,2.6));
#12419 = LINE('',#12420,#12421);
#12420 = CARTESIAN_POINT('',(12.75,-0.35,3.6));
#12421 = VECTOR('',#12422,1.);
#12422 = DIRECTION('',(-1.359631073447E-32,-1.110223024625E-16,-1.));
#12423 = ORIENTED_EDGE('',*,*,#12424,.T.);
#12424 = EDGE_CURVE('',#12417,#11224,#12425,.T.);
#12425 = LINE('',#12426,#12427);
#12426 = CARTESIAN_POINT('',(12.75,-0.35,2.6));
#12427 = VECTOR('',#12428,1.);
#12428 = DIRECTION('',(-5.319525767383E-18,-4.343722427631E-02,
    -0.999056158355));
#12429 = ORIENTED_EDGE('',*,*,#11223,.T.);
#12430 = PLANE('',#12431);
#12431 = AXIS2_PLACEMENT_3D('',#12432,#12433,#12434);
#12432 = CARTESIAN_POINT('',(12.75,-0.320798035545,2.550475523299));
#12433 = DIRECTION('',(1.,-1.224646799147E-16,0.));
#12434 = DIRECTION('',(1.224646799147E-16,1.,-1.110223024625E-16));
#12435 = ADVANCED_FACE('',(#12436),#12461,.T.);
#12436 = FACE_BOUND('',#12437,.T.);
#12437 = EDGE_LOOP('',(#12438,#12439,#12445,#12446,#12447,#12455));
#12438 = ORIENTED_EDGE('',*,*,#12008,.F.);
#12439 = ORIENTED_EDGE('',*,*,#12440,.T.);
#12440 = EDGE_CURVE('',#11889,#10839,#12441,.T.);
#12441 = LINE('',#12442,#12443);
#12442 = CARTESIAN_POINT('',(13.4,-4.45,4.2));
#12443 = VECTOR('',#12444,1.);
#12444 = DIRECTION('',(1.224646799147E-16,1.,-1.110223024625E-16));
#12445 = ORIENTED_EDGE('',*,*,#10846,.T.);
#12446 = ORIENTED_EDGE('',*,*,#12400,.T.);
#12447 = ORIENTED_EDGE('',*,*,#12448,.T.);
#12448 = EDGE_CURVE('',#12401,#12449,#12451,.T.);
#12449 = VERTEX_POINT('',#12450);
#12450 = CARTESIAN_POINT('',(12.4,-0.4,4.2));
#12451 = LINE('',#12452,#12453);
#12452 = CARTESIAN_POINT('',(12.825,-0.4,4.2));
#12453 = VECTOR('',#12454,1.);
#12454 = DIRECTION('',(-1.,1.224646799147E-16,0.));
#12455 = ORIENTED_EDGE('',*,*,#12456,.T.);
#12456 = EDGE_CURVE('',#12449,#11913,#12457,.T.);
#12457 = LINE('',#12458,#12459);
#12458 = CARTESIAN_POINT('',(12.4,-0.25,4.2));
#12459 = VECTOR('',#12460,1.);
#12460 = DIRECTION('',(-1.224646799147E-16,-1.,1.110223024625E-16));
#12461 = PLANE('',#12462);
#12462 = AXIS2_PLACEMENT_3D('',#12463,#12464,#12465);
#12463 = CARTESIAN_POINT('',(12.9,-2.35,4.2));
#12464 = DIRECTION('',(1.359631073447E-32,1.110223024625E-16,1.));
#12465 = DIRECTION('',(1.224646799147E-16,1.,-1.110223024625E-16));
#12466 = ADVANCED_FACE('',(#12467),#12479,.F.);
#12467 = FACE_BOUND('',#12468,.T.);
#12468 = EDGE_LOOP('',(#12469,#12470,#12471,#12472,#12473));
#12469 = ORIENTED_EDGE('',*,*,#11142,.T.);
#12470 = ORIENTED_EDGE('',*,*,#10838,.T.);
#12471 = ORIENTED_EDGE('',*,*,#12440,.F.);
#12472 = ORIENTED_EDGE('',*,*,#11896,.F.);
#12473 = ORIENTED_EDGE('',*,*,#12474,.F.);
#12474 = EDGE_CURVE('',#11135,#11897,#12475,.T.);
#12475 = LINE('',#12476,#12477);
#12476 = CARTESIAN_POINT('',(13.4,-4.45,4.8));
#12477 = VECTOR('',#12478,1.);
#12478 = DIRECTION('',(-1.359631073447E-32,-1.110223024625E-16,-1.));
#12479 = PLANE('',#12480);
#12480 = AXIS2_PLACEMENT_3D('',#12481,#12482,#12483);
#12481 = CARTESIAN_POINT('',(13.4,-4.45,4.8));
#12482 = DIRECTION('',(1.,-1.224646799147E-16,0.));
#12483 = DIRECTION('',(1.224646799147E-16,1.,-1.110223024625E-16));
#12484 = ADVANCED_FACE('',(#12485),#12496,.F.);
#12485 = FACE_BOUND('',#12486,.F.);
#12486 = EDGE_LOOP('',(#12487,#12488,#12494,#12495));
#12487 = ORIENTED_EDGE('',*,*,#11134,.F.);
#12488 = ORIENTED_EDGE('',*,*,#12489,.T.);
#12489 = EDGE_CURVE('',#11127,#11905,#12490,.T.);
#12490 = LINE('',#12491,#12492);
#12491 = CARTESIAN_POINT('',(12.4,-4.45,4.8));
#12492 = VECTOR('',#12493,1.);
#12493 = DIRECTION('',(-1.359631073447E-32,-1.110223024625E-16,-1.));
#12494 = ORIENTED_EDGE('',*,*,#11904,.T.);
#12495 = ORIENTED_EDGE('',*,*,#12474,.F.);
#12496 = PLANE('',#12497);
#12497 = AXIS2_PLACEMENT_3D('',#12498,#12499,#12500);
#12498 = CARTESIAN_POINT('',(12.4,-4.45,4.8));
#12499 = DIRECTION('',(-1.224646799147E-16,-1.,1.110223024625E-16));
#12500 = DIRECTION('',(1.,-1.224646799147E-16,0.));
#12501 = ADVANCED_FACE('',(#12502),#12514,.F.);
#12502 = FACE_BOUND('',#12503,.T.);
#12503 = EDGE_LOOP('',(#12504,#12505,#12506,#12507,#12508));
#12504 = ORIENTED_EDGE('',*,*,#11126,.T.);
#12505 = ORIENTED_EDGE('',*,*,#12489,.T.);
#12506 = ORIENTED_EDGE('',*,*,#11912,.F.);
#12507 = ORIENTED_EDGE('',*,*,#12456,.F.);
#12508 = ORIENTED_EDGE('',*,*,#12509,.F.);
#12509 = EDGE_CURVE('',#11119,#12449,#12510,.T.);
#12510 = LINE('',#12511,#12512);
#12511 = CARTESIAN_POINT('',(12.4,-0.449310344828,4.791724137931));
#12512 = VECTOR('',#12513,1.);
#12513 = DIRECTION('',(1.017013810865E-17,8.304547985373E-02,
    -0.996545758245));
#12514 = PLANE('',#12515);
#12515 = AXIS2_PLACEMENT_3D('',#12516,#12517,#12518);
#12516 = CARTESIAN_POINT('',(12.4,-0.25,4.8));
#12517 = DIRECTION('',(-1.,1.224646799147E-16,0.));
#12518 = DIRECTION('',(-1.224646799147E-16,-1.,1.110223024625E-16));
#12519 = ADVANCED_FACE('',(#12520),#12540,.F.);
#12520 = FACE_BOUND('',#12521,.F.);
#12521 = EDGE_LOOP('',(#12522,#12523,#12524,#12532,#12538,#12539));
#12522 = ORIENTED_EDGE('',*,*,#12509,.F.);
#12523 = ORIENTED_EDGE('',*,*,#11118,.T.);
#12524 = ORIENTED_EDGE('',*,*,#12525,.T.);
#12525 = EDGE_CURVE('',#11111,#12526,#12528,.T.);
#12526 = VERTEX_POINT('',#12527);
#12527 = CARTESIAN_POINT('',(11.25,-0.35,3.6));
#12528 = LINE('',#12529,#12530);
#12529 = CARTESIAN_POINT('',(11.25,-0.45,4.8));
#12530 = VECTOR('',#12531,1.);
#12531 = DIRECTION('',(1.017013810865E-17,8.304547985373E-02,
    -0.996545758245));
#12532 = ORIENTED_EDGE('',*,*,#12533,.F.);
#12533 = EDGE_CURVE('',#12409,#12526,#12534,.T.);
#12534 = LINE('',#12535,#12536);
#12535 = CARTESIAN_POINT('',(12.75,-0.35,3.6));
#12536 = VECTOR('',#12537,1.);
#12537 = DIRECTION('',(-1.,1.224646799147E-16,0.));
#12538 = ORIENTED_EDGE('',*,*,#12408,.F.);
#12539 = ORIENTED_EDGE('',*,*,#12448,.T.);
#12540 = PLANE('',#12541);
#12541 = AXIS2_PLACEMENT_3D('',#12542,#12543,#12544);
#12542 = CARTESIAN_POINT('',(12.75,-0.45,4.8));
#12543 = DIRECTION('',(-1.220416573038E-16,-0.996545758245,
    -8.304547985373E-02));
#12544 = DIRECTION('',(1.017013810865E-17,8.304547985373E-02,
    -0.996545758245));
#12545 = ADVANCED_FACE('',(#12546),#12571,.T.);
#12546 = FACE_BOUND('',#12547,.T.);
#12547 = EDGE_LOOP('',(#12548,#12549,#12550,#12558,#12564,#12565));
#12548 = ORIENTED_EDGE('',*,*,#11110,.T.);
#12549 = ORIENTED_EDGE('',*,*,#12525,.T.);
#12550 = ORIENTED_EDGE('',*,*,#12551,.T.);
#12551 = EDGE_CURVE('',#12526,#12552,#12554,.T.);
#12552 = VERTEX_POINT('',#12553);
#12553 = CARTESIAN_POINT('',(11.25,-0.35,2.6));
#12554 = LINE('',#12555,#12556);
#12555 = CARTESIAN_POINT('',(11.25,-0.35,3.6));
#12556 = VECTOR('',#12557,1.);
#12557 = DIRECTION('',(-1.359631073447E-32,-1.110223024625E-16,-1.));
#12558 = ORIENTED_EDGE('',*,*,#12559,.T.);
#12559 = EDGE_CURVE('',#12552,#11232,#12560,.T.);
#12560 = LINE('',#12561,#12562);
#12561 = CARTESIAN_POINT('',(11.25,-0.35,2.6));
#12562 = VECTOR('',#12563,1.);
#12563 = DIRECTION('',(-5.319525767383E-18,-4.343722427631E-02,
    -0.999056158355));
#12564 = ORIENTED_EDGE('',*,*,#11239,.T.);
#12565 = ORIENTED_EDGE('',*,*,#12566,.T.);
#12566 = EDGE_CURVE('',#11240,#11103,#12567,.T.);
#12567 = LINE('',#12568,#12569);
#12568 = CARTESIAN_POINT('',(11.25,-0.25,0.3));
#12569 = VECTOR('',#12570,1.);
#12570 = DIRECTION('',(1.359631073447E-32,1.110223024625E-16,1.));
#12571 = PLANE('',#12572);
#12572 = AXIS2_PLACEMENT_3D('',#12573,#12574,#12575);
#12573 = CARTESIAN_POINT('',(11.25,-0.320798035545,2.550475523299));
#12574 = DIRECTION('',(1.,-1.224646799147E-16,0.));
#12575 = DIRECTION('',(1.224646799147E-16,1.,-1.110223024625E-16));
#12576 = ADVANCED_FACE('',(#12577),#12588,.F.);
#12577 = FACE_BOUND('',#12578,.F.);
#12578 = EDGE_LOOP('',(#12579,#12580,#12581,#12582));
#12579 = ORIENTED_EDGE('',*,*,#11247,.T.);
#12580 = ORIENTED_EDGE('',*,*,#12566,.T.);
#12581 = ORIENTED_EDGE('',*,*,#11102,.T.);
#12582 = ORIENTED_EDGE('',*,*,#12583,.F.);
#12583 = EDGE_CURVE('',#11248,#11095,#12584,.T.);
#12584 = LINE('',#12585,#12586);
#12585 = CARTESIAN_POINT('',(10.75,-0.25,0.3));
#12586 = VECTOR('',#12587,1.);
#12587 = DIRECTION('',(1.359631073447E-32,1.110223024625E-16,1.));
#12588 = PLANE('',#12589);
#12589 = AXIS2_PLACEMENT_3D('',#12590,#12591,#12592);
#12590 = CARTESIAN_POINT('',(6.,-0.25,2.55));
#12591 = DIRECTION('',(-1.224646799147E-16,-1.,1.110223024625E-16));
#12592 = DIRECTION('',(-1.,1.224646799147E-16,0.));
#12593 = ADVANCED_FACE('',(#12594),#12621,.F.);
#12594 = FACE_BOUND('',#12595,.F.);
#12595 = EDGE_LOOP('',(#12596,#12597,#12605,#12613,#12619,#12620));
#12596 = ORIENTED_EDGE('',*,*,#11094,.T.);
#12597 = ORIENTED_EDGE('',*,*,#12598,.T.);
#12598 = EDGE_CURVE('',#11087,#12599,#12601,.T.);
#12599 = VERTEX_POINT('',#12600);
#12600 = CARTESIAN_POINT('',(10.75,-0.35,3.6));
#12601 = LINE('',#12602,#12603);
#12602 = CARTESIAN_POINT('',(10.75,-0.45,4.8));
#12603 = VECTOR('',#12604,1.);
#12604 = DIRECTION('',(1.017013810865E-17,8.304547985373E-02,
    -0.996545758245));
#12605 = ORIENTED_EDGE('',*,*,#12606,.T.);
#12606 = EDGE_CURVE('',#12599,#12607,#12609,.T.);
#12607 = VERTEX_POINT('',#12608);
#12608 = CARTESIAN_POINT('',(10.75,-0.35,2.6));
#12609 = LINE('',#12610,#12611);
#12610 = CARTESIAN_POINT('',(10.75,-0.35,3.6));
#12611 = VECTOR('',#12612,1.);
#12612 = DIRECTION('',(-1.359631073447E-32,-1.110223024625E-16,-1.));
#12613 = ORIENTED_EDGE('',*,*,#12614,.T.);
#12614 = EDGE_CURVE('',#12607,#11256,#12615,.T.);
#12615 = LINE('',#12616,#12617);
#12616 = CARTESIAN_POINT('',(10.75,-0.35,2.6));
#12617 = VECTOR('',#12618,1.);
#12618 = DIRECTION('',(-5.319525767383E-18,-4.343722427631E-02,
    -0.999056158355));
#12619 = ORIENTED_EDGE('',*,*,#11255,.T.);
#12620 = ORIENTED_EDGE('',*,*,#12583,.T.);
#12621 = PLANE('',#12622);
#12622 = AXIS2_PLACEMENT_3D('',#12623,#12624,#12625);
#12623 = CARTESIAN_POINT('',(10.75,-0.320798035545,2.550475523299));
#12624 = DIRECTION('',(1.,-1.224646799147E-16,0.));
#12625 = DIRECTION('',(1.224646799147E-16,1.,-1.110223024625E-16));
#12626 = ADVANCED_FACE('',(#12627),#12645,.F.);
#12627 = FACE_BOUND('',#12628,.F.);
#12628 = EDGE_LOOP('',(#12629,#12630,#12638,#12644));
#12629 = ORIENTED_EDGE('',*,*,#11086,.T.);
#12630 = ORIENTED_EDGE('',*,*,#12631,.T.);
#12631 = EDGE_CURVE('',#11079,#12632,#12634,.T.);
#12632 = VERTEX_POINT('',#12633);
#12633 = CARTESIAN_POINT('',(9.25,-0.35,3.6));
#12634 = LINE('',#12635,#12636);
#12635 = CARTESIAN_POINT('',(9.25,-0.45,4.8));
#12636 = VECTOR('',#12637,1.);
#12637 = DIRECTION('',(1.017013810865E-17,8.304547985373E-02,
    -0.996545758245));
#12638 = ORIENTED_EDGE('',*,*,#12639,.F.);
#12639 = EDGE_CURVE('',#12599,#12632,#12640,.T.);
#12640 = LINE('',#12641,#12642);
#12641 = CARTESIAN_POINT('',(10.75,-0.35,3.6));
#12642 = VECTOR('',#12643,1.);
#12643 = DIRECTION('',(-1.,1.224646799147E-16,0.));
#12644 = ORIENTED_EDGE('',*,*,#12598,.F.);
#12645 = PLANE('',#12646);
#12646 = AXIS2_PLACEMENT_3D('',#12647,#12648,#12649);
#12647 = CARTESIAN_POINT('',(10.75,-0.45,4.8));
#12648 = DIRECTION('',(-1.220416573038E-16,-0.996545758245,
    -8.304547985373E-02));
#12649 = DIRECTION('',(1.017013810865E-17,8.304547985373E-02,
    -0.996545758245));
#12650 = ADVANCED_FACE('',(#12651),#12676,.T.);
#12651 = FACE_BOUND('',#12652,.T.);
#12652 = EDGE_LOOP('',(#12653,#12654,#12655,#12663,#12669,#12670));
#12653 = ORIENTED_EDGE('',*,*,#11078,.T.);
#12654 = ORIENTED_EDGE('',*,*,#12631,.T.);
#12655 = ORIENTED_EDGE('',*,*,#12656,.T.);
#12656 = EDGE_CURVE('',#12632,#12657,#12659,.T.);
#12657 = VERTEX_POINT('',#12658);
#12658 = CARTESIAN_POINT('',(9.25,-0.35,2.6));
#12659 = LINE('',#12660,#12661);
#12660 = CARTESIAN_POINT('',(9.25,-0.35,3.6));
#12661 = VECTOR('',#12662,1.);
#12662 = DIRECTION('',(-1.359631073447E-32,-1.110223024625E-16,-1.));
#12663 = ORIENTED_EDGE('',*,*,#12664,.T.);
#12664 = EDGE_CURVE('',#12657,#11264,#12665,.T.);
#12665 = LINE('',#12666,#12667);
#12666 = CARTESIAN_POINT('',(9.25,-0.35,2.6));
#12667 = VECTOR('',#12668,1.);
#12668 = DIRECTION('',(-5.319525767383E-18,-4.343722427631E-02,
    -0.999056158355));
#12669 = ORIENTED_EDGE('',*,*,#11271,.T.);
#12670 = ORIENTED_EDGE('',*,*,#12671,.T.);
#12671 = EDGE_CURVE('',#11272,#11071,#12672,.T.);
#12672 = LINE('',#12673,#12674);
#12673 = CARTESIAN_POINT('',(9.25,-0.25,0.3));
#12674 = VECTOR('',#12675,1.);
#12675 = DIRECTION('',(1.359631073447E-32,1.110223024625E-16,1.));
#12676 = PLANE('',#12677);
#12677 = AXIS2_PLACEMENT_3D('',#12678,#12679,#12680);
#12678 = CARTESIAN_POINT('',(9.25,-0.320798035545,2.550475523299));
#12679 = DIRECTION('',(1.,-1.224646799147E-16,0.));
#12680 = DIRECTION('',(1.224646799147E-16,1.,-1.110223024625E-16));
#12681 = ADVANCED_FACE('',(#12682),#12693,.F.);
#12682 = FACE_BOUND('',#12683,.F.);
#12683 = EDGE_LOOP('',(#12684,#12690,#12691,#12692));
#12684 = ORIENTED_EDGE('',*,*,#12685,.F.);
#12685 = EDGE_CURVE('',#11280,#11063,#12686,.T.);
#12686 = LINE('',#12687,#12688);
#12687 = CARTESIAN_POINT('',(8.75,-0.25,0.3));
#12688 = VECTOR('',#12689,1.);
#12689 = DIRECTION('',(1.359631073447E-32,1.110223024625E-16,1.));
#12690 = ORIENTED_EDGE('',*,*,#11279,.T.);
#12691 = ORIENTED_EDGE('',*,*,#12671,.T.);
#12692 = ORIENTED_EDGE('',*,*,#11070,.T.);
#12693 = PLANE('',#12694);
#12694 = AXIS2_PLACEMENT_3D('',#12695,#12696,#12697);
#12695 = CARTESIAN_POINT('',(6.,-0.25,2.55));
#12696 = DIRECTION('',(-1.224646799147E-16,-1.,1.110223024625E-16));
#12697 = DIRECTION('',(-1.,1.224646799147E-16,0.));
#12698 = ADVANCED_FACE('',(#12699),#12726,.F.);
#12699 = FACE_BOUND('',#12700,.F.);
#12700 = EDGE_LOOP('',(#12701,#12702,#12710,#12718,#12724,#12725));
#12701 = ORIENTED_EDGE('',*,*,#11062,.T.);
#12702 = ORIENTED_EDGE('',*,*,#12703,.T.);
#12703 = EDGE_CURVE('',#11055,#12704,#12706,.T.);
#12704 = VERTEX_POINT('',#12705);
#12705 = CARTESIAN_POINT('',(8.75,-0.35,3.6));
#12706 = LINE('',#12707,#12708);
#12707 = CARTESIAN_POINT('',(8.75,-0.45,4.8));
#12708 = VECTOR('',#12709,1.);
#12709 = DIRECTION('',(1.017013810865E-17,8.304547985373E-02,
    -0.996545758245));
#12710 = ORIENTED_EDGE('',*,*,#12711,.T.);
#12711 = EDGE_CURVE('',#12704,#12712,#12714,.T.);
#12712 = VERTEX_POINT('',#12713);
#12713 = CARTESIAN_POINT('',(8.75,-0.35,2.6));
#12714 = LINE('',#12715,#12716);
#12715 = CARTESIAN_POINT('',(8.75,-0.35,3.6));
#12716 = VECTOR('',#12717,1.);
#12717 = DIRECTION('',(-1.359631073447E-32,-1.110223024625E-16,-1.));
#12718 = ORIENTED_EDGE('',*,*,#12719,.T.);
#12719 = EDGE_CURVE('',#12712,#11288,#12720,.T.);
#12720 = LINE('',#12721,#12722);
#12721 = CARTESIAN_POINT('',(8.75,-0.35,2.6));
#12722 = VECTOR('',#12723,1.);
#12723 = DIRECTION('',(-5.319525767383E-18,-4.343722427631E-02,
    -0.999056158355));
#12724 = ORIENTED_EDGE('',*,*,#11287,.T.);
#12725 = ORIENTED_EDGE('',*,*,#12685,.T.);
#12726 = PLANE('',#12727);
#12727 = AXIS2_PLACEMENT_3D('',#12728,#12729,#12730);
#12728 = CARTESIAN_POINT('',(8.75,-0.320798035545,2.550475523299));
#12729 = DIRECTION('',(1.,-1.224646799147E-16,0.));
#12730 = DIRECTION('',(1.224646799147E-16,1.,-1.110223024625E-16));
#12731 = ADVANCED_FACE('',(#12732),#12750,.F.);
#12732 = FACE_BOUND('',#12733,.F.);
#12733 = EDGE_LOOP('',(#12734,#12735,#12743,#12749));
#12734 = ORIENTED_EDGE('',*,*,#11054,.T.);
#12735 = ORIENTED_EDGE('',*,*,#12736,.T.);
#12736 = EDGE_CURVE('',#11047,#12737,#12739,.T.);
#12737 = VERTEX_POINT('',#12738);
#12738 = CARTESIAN_POINT('',(7.25,-0.35,3.6));
#12739 = LINE('',#12740,#12741);
#12740 = CARTESIAN_POINT('',(7.25,-0.45,4.8));
#12741 = VECTOR('',#12742,1.);
#12742 = DIRECTION('',(1.017013810865E-17,8.304547985373E-02,
    -0.996545758245));
#12743 = ORIENTED_EDGE('',*,*,#12744,.F.);
#12744 = EDGE_CURVE('',#12704,#12737,#12745,.T.);
#12745 = LINE('',#12746,#12747);
#12746 = CARTESIAN_POINT('',(8.75,-0.35,3.6));
#12747 = VECTOR('',#12748,1.);
#12748 = DIRECTION('',(-1.,1.224646799147E-16,0.));
#12749 = ORIENTED_EDGE('',*,*,#12703,.F.);
#12750 = PLANE('',#12751);
#12751 = AXIS2_PLACEMENT_3D('',#12752,#12753,#12754);
#12752 = CARTESIAN_POINT('',(8.75,-0.45,4.8));
#12753 = DIRECTION('',(-1.220416573038E-16,-0.996545758245,
    -8.304547985373E-02));
#12754 = DIRECTION('',(1.017013810865E-17,8.304547985373E-02,
    -0.996545758245));
#12755 = ADVANCED_FACE('',(#12756),#12781,.T.);
#12756 = FACE_BOUND('',#12757,.T.);
#12757 = EDGE_LOOP('',(#12758,#12759,#12760,#12768,#12774,#12775));
#12758 = ORIENTED_EDGE('',*,*,#11046,.T.);
#12759 = ORIENTED_EDGE('',*,*,#12736,.T.);
#12760 = ORIENTED_EDGE('',*,*,#12761,.T.);
#12761 = EDGE_CURVE('',#12737,#12762,#12764,.T.);
#12762 = VERTEX_POINT('',#12763);
#12763 = CARTESIAN_POINT('',(7.25,-0.35,2.6));
#12764 = LINE('',#12765,#12766);
#12765 = CARTESIAN_POINT('',(7.25,-0.35,3.6));
#12766 = VECTOR('',#12767,1.);
#12767 = DIRECTION('',(-1.359631073447E-32,-1.110223024625E-16,-1.));
#12768 = ORIENTED_EDGE('',*,*,#12769,.T.);
#12769 = EDGE_CURVE('',#12762,#11296,#12770,.T.);
#12770 = LINE('',#12771,#12772);
#12771 = CARTESIAN_POINT('',(7.25,-0.35,2.6));
#12772 = VECTOR('',#12773,1.);
#12773 = DIRECTION('',(-5.319525767383E-18,-4.343722427631E-02,
    -0.999056158355));
#12774 = ORIENTED_EDGE('',*,*,#11303,.T.);
#12775 = ORIENTED_EDGE('',*,*,#12776,.T.);
#12776 = EDGE_CURVE('',#11304,#11039,#12777,.T.);
#12777 = LINE('',#12778,#12779);
#12778 = CARTESIAN_POINT('',(7.25,-0.25,0.3));
#12779 = VECTOR('',#12780,1.);
#12780 = DIRECTION('',(1.359631073447E-32,1.110223024625E-16,1.));
#12781 = PLANE('',#12782);
#12782 = AXIS2_PLACEMENT_3D('',#12783,#12784,#12785);
#12783 = CARTESIAN_POINT('',(7.25,-0.320798035545,2.550475523299));
#12784 = DIRECTION('',(1.,-1.224646799147E-16,0.));
#12785 = DIRECTION('',(1.224646799147E-16,1.,-1.110223024625E-16));
#12786 = ADVANCED_FACE('',(#12787),#12798,.F.);
#12787 = FACE_BOUND('',#12788,.F.);
#12788 = EDGE_LOOP('',(#12789,#12790,#12796,#12797));
#12789 = ORIENTED_EDGE('',*,*,#11038,.T.);
#12790 = ORIENTED_EDGE('',*,*,#12791,.F.);
#12791 = EDGE_CURVE('',#11312,#11031,#12792,.T.);
#12792 = LINE('',#12793,#12794);
#12793 = CARTESIAN_POINT('',(6.75,-0.25,0.3));
#12794 = VECTOR('',#12795,1.);
#12795 = DIRECTION('',(1.359631073447E-32,1.110223024625E-16,1.));
#12796 = ORIENTED_EDGE('',*,*,#11311,.T.);
#12797 = ORIENTED_EDGE('',*,*,#12776,.T.);
#12798 = PLANE('',#12799);
#12799 = AXIS2_PLACEMENT_3D('',#12800,#12801,#12802);
#12800 = CARTESIAN_POINT('',(6.,-0.25,2.55));
#12801 = DIRECTION('',(-1.224646799147E-16,-1.,1.110223024625E-16));
#12802 = DIRECTION('',(-1.,1.224646799147E-16,0.));
#12803 = ADVANCED_FACE('',(#12804),#12831,.F.);
#12804 = FACE_BOUND('',#12805,.F.);
#12805 = EDGE_LOOP('',(#12806,#12807,#12815,#12823,#12829,#12830));
#12806 = ORIENTED_EDGE('',*,*,#11030,.T.);
#12807 = ORIENTED_EDGE('',*,*,#12808,.T.);
#12808 = EDGE_CURVE('',#11023,#12809,#12811,.T.);
#12809 = VERTEX_POINT('',#12810);
#12810 = CARTESIAN_POINT('',(6.75,-0.35,3.6));
#12811 = LINE('',#12812,#12813);
#12812 = CARTESIAN_POINT('',(6.75,-0.45,4.8));
#12813 = VECTOR('',#12814,1.);
#12814 = DIRECTION('',(1.017013810865E-17,8.304547985373E-02,
    -0.996545758245));
#12815 = ORIENTED_EDGE('',*,*,#12816,.T.);
#12816 = EDGE_CURVE('',#12809,#12817,#12819,.T.);
#12817 = VERTEX_POINT('',#12818);
#12818 = CARTESIAN_POINT('',(6.75,-0.35,2.6));
#12819 = LINE('',#12820,#12821);
#12820 = CARTESIAN_POINT('',(6.75,-0.35,3.6));
#12821 = VECTOR('',#12822,1.);
#12822 = DIRECTION('',(-1.359631073447E-32,-1.110223024625E-16,-1.));
#12823 = ORIENTED_EDGE('',*,*,#12824,.T.);
#12824 = EDGE_CURVE('',#12817,#11320,#12825,.T.);
#12825 = LINE('',#12826,#12827);
#12826 = CARTESIAN_POINT('',(6.75,-0.35,2.6));
#12827 = VECTOR('',#12828,1.);
#12828 = DIRECTION('',(-5.319525767383E-18,-4.343722427631E-02,
    -0.999056158355));
#12829 = ORIENTED_EDGE('',*,*,#11319,.T.);
#12830 = ORIENTED_EDGE('',*,*,#12791,.T.);
#12831 = PLANE('',#12832);
#12832 = AXIS2_PLACEMENT_3D('',#12833,#12834,#12835);
#12833 = CARTESIAN_POINT('',(6.75,-0.320798035545,2.550475523299));
#12834 = DIRECTION('',(1.,-1.224646799147E-16,0.));
#12835 = DIRECTION('',(1.224646799147E-16,1.,-1.110223024625E-16));
#12836 = ADVANCED_FACE('',(#12837),#12855,.F.);
#12837 = FACE_BOUND('',#12838,.F.);
#12838 = EDGE_LOOP('',(#12839,#12840,#12848,#12854));
#12839 = ORIENTED_EDGE('',*,*,#11022,.T.);
#12840 = ORIENTED_EDGE('',*,*,#12841,.T.);
#12841 = EDGE_CURVE('',#11015,#12842,#12844,.T.);
#12842 = VERTEX_POINT('',#12843);
#12843 = CARTESIAN_POINT('',(5.25,-0.35,3.6));
#12844 = LINE('',#12845,#12846);
#12845 = CARTESIAN_POINT('',(5.25,-0.45,4.8));
#12846 = VECTOR('',#12847,1.);
#12847 = DIRECTION('',(1.017013810865E-17,8.304547985373E-02,
    -0.996545758245));
#12848 = ORIENTED_EDGE('',*,*,#12849,.F.);
#12849 = EDGE_CURVE('',#12809,#12842,#12850,.T.);
#12850 = LINE('',#12851,#12852);
#12851 = CARTESIAN_POINT('',(6.75,-0.35,3.6));
#12852 = VECTOR('',#12853,1.);
#12853 = DIRECTION('',(-1.,1.224646799147E-16,0.));
#12854 = ORIENTED_EDGE('',*,*,#12808,.F.);
#12855 = PLANE('',#12856);
#12856 = AXIS2_PLACEMENT_3D('',#12857,#12858,#12859);
#12857 = CARTESIAN_POINT('',(6.75,-0.45,4.8));
#12858 = DIRECTION('',(-1.220416573038E-16,-0.996545758245,
    -8.304547985373E-02));
#12859 = DIRECTION('',(1.017013810865E-17,8.304547985373E-02,
    -0.996545758245));
#12860 = ADVANCED_FACE('',(#12861),#12886,.T.);
#12861 = FACE_BOUND('',#12862,.T.);
#12862 = EDGE_LOOP('',(#12863,#12864,#12865,#12873,#12879,#12880));
#12863 = ORIENTED_EDGE('',*,*,#11014,.T.);
#12864 = ORIENTED_EDGE('',*,*,#12841,.T.);
#12865 = ORIENTED_EDGE('',*,*,#12866,.T.);
#12866 = EDGE_CURVE('',#12842,#12867,#12869,.T.);
#12867 = VERTEX_POINT('',#12868);
#12868 = CARTESIAN_POINT('',(5.25,-0.35,2.6));
#12869 = LINE('',#12870,#12871);
#12870 = CARTESIAN_POINT('',(5.25,-0.35,3.6));
#12871 = VECTOR('',#12872,1.);
#12872 = DIRECTION('',(-1.359631073447E-32,-1.110223024625E-16,-1.));
#12873 = ORIENTED_EDGE('',*,*,#12874,.T.);
#12874 = EDGE_CURVE('',#12867,#11328,#12875,.T.);
#12875 = LINE('',#12876,#12877);
#12876 = CARTESIAN_POINT('',(5.25,-0.35,2.6));
#12877 = VECTOR('',#12878,1.);
#12878 = DIRECTION('',(-5.319525767383E-18,-4.343722427631E-02,
    -0.999056158355));
#12879 = ORIENTED_EDGE('',*,*,#11335,.T.);
#12880 = ORIENTED_EDGE('',*,*,#12881,.T.);
#12881 = EDGE_CURVE('',#11336,#11007,#12882,.T.);
#12882 = LINE('',#12883,#12884);
#12883 = CARTESIAN_POINT('',(5.25,-0.25,0.3));
#12884 = VECTOR('',#12885,1.);
#12885 = DIRECTION('',(1.359631073447E-32,1.110223024625E-16,1.));
#12886 = PLANE('',#12887);
#12887 = AXIS2_PLACEMENT_3D('',#12888,#12889,#12890);
#12888 = CARTESIAN_POINT('',(5.25,-0.320798035545,2.550475523299));
#12889 = DIRECTION('',(1.,-1.224646799147E-16,0.));
#12890 = DIRECTION('',(1.224646799147E-16,1.,-1.110223024625E-16));
#12891 = ADVANCED_FACE('',(#12892),#12903,.F.);
#12892 = FACE_BOUND('',#12893,.F.);
#12893 = EDGE_LOOP('',(#12894,#12895,#12896,#12902));
#12894 = ORIENTED_EDGE('',*,*,#12881,.T.);
#12895 = ORIENTED_EDGE('',*,*,#11006,.T.);
#12896 = ORIENTED_EDGE('',*,*,#12897,.F.);
#12897 = EDGE_CURVE('',#11344,#10999,#12898,.T.);
#12898 = LINE('',#12899,#12900);
#12899 = CARTESIAN_POINT('',(4.75,-0.25,0.3));
#12900 = VECTOR('',#12901,1.);
#12901 = DIRECTION('',(1.359631073447E-32,1.110223024625E-16,1.));
#12902 = ORIENTED_EDGE('',*,*,#11343,.T.);
#12903 = PLANE('',#12904);
#12904 = AXIS2_PLACEMENT_3D('',#12905,#12906,#12907);
#12905 = CARTESIAN_POINT('',(6.,-0.25,2.55));
#12906 = DIRECTION('',(-1.224646799147E-16,-1.,1.110223024625E-16));
#12907 = DIRECTION('',(-1.,1.224646799147E-16,0.));
#12908 = ADVANCED_FACE('',(#12909),#12936,.F.);
#12909 = FACE_BOUND('',#12910,.F.);
#12910 = EDGE_LOOP('',(#12911,#12912,#12920,#12928,#12934,#12935));
#12911 = ORIENTED_EDGE('',*,*,#10998,.T.);
#12912 = ORIENTED_EDGE('',*,*,#12913,.T.);
#12913 = EDGE_CURVE('',#10991,#12914,#12916,.T.);
#12914 = VERTEX_POINT('',#12915);
#12915 = CARTESIAN_POINT('',(4.75,-0.35,3.6));
#12916 = LINE('',#12917,#12918);
#12917 = CARTESIAN_POINT('',(4.75,-0.45,4.8));
#12918 = VECTOR('',#12919,1.);
#12919 = DIRECTION('',(1.017013810865E-17,8.304547985373E-02,
    -0.996545758245));
#12920 = ORIENTED_EDGE('',*,*,#12921,.T.);
#12921 = EDGE_CURVE('',#12914,#12922,#12924,.T.);
#12922 = VERTEX_POINT('',#12923);
#12923 = CARTESIAN_POINT('',(4.75,-0.35,2.6));
#12924 = LINE('',#12925,#12926);
#12925 = CARTESIAN_POINT('',(4.75,-0.35,3.6));
#12926 = VECTOR('',#12927,1.);
#12927 = DIRECTION('',(-1.359631073447E-32,-1.110223024625E-16,-1.));
#12928 = ORIENTED_EDGE('',*,*,#12929,.T.);
#12929 = EDGE_CURVE('',#12922,#11352,#12930,.T.);
#12930 = LINE('',#12931,#12932);
#12931 = CARTESIAN_POINT('',(4.75,-0.35,2.6));
#12932 = VECTOR('',#12933,1.);
#12933 = DIRECTION('',(-5.319525767383E-18,-4.343722427631E-02,
    -0.999056158355));
#12934 = ORIENTED_EDGE('',*,*,#11351,.T.);
#12935 = ORIENTED_EDGE('',*,*,#12897,.T.);
#12936 = PLANE('',#12937);
#12937 = AXIS2_PLACEMENT_3D('',#12938,#12939,#12940);
#12938 = CARTESIAN_POINT('',(4.75,-0.320798035545,2.550475523299));
#12939 = DIRECTION('',(1.,-1.224646799147E-16,0.));
#12940 = DIRECTION('',(1.224646799147E-16,1.,-1.110223024625E-16));
#12941 = ADVANCED_FACE('',(#12942),#12960,.F.);
#12942 = FACE_BOUND('',#12943,.F.);
#12943 = EDGE_LOOP('',(#12944,#12945,#12953,#12959));
#12944 = ORIENTED_EDGE('',*,*,#10990,.T.);
#12945 = ORIENTED_EDGE('',*,*,#12946,.T.);
#12946 = EDGE_CURVE('',#10983,#12947,#12949,.T.);
#12947 = VERTEX_POINT('',#12948);
#12948 = CARTESIAN_POINT('',(3.25,-0.35,3.6));
#12949 = LINE('',#12950,#12951);
#12950 = CARTESIAN_POINT('',(3.25,-0.45,4.8));
#12951 = VECTOR('',#12952,1.);
#12952 = DIRECTION('',(1.017013810865E-17,8.304547985373E-02,
    -0.996545758245));
#12953 = ORIENTED_EDGE('',*,*,#12954,.F.);
#12954 = EDGE_CURVE('',#12914,#12947,#12955,.T.);
#12955 = LINE('',#12956,#12957);
#12956 = CARTESIAN_POINT('',(4.75,-0.35,3.6));
#12957 = VECTOR('',#12958,1.);
#12958 = DIRECTION('',(-1.,1.224646799147E-16,0.));
#12959 = ORIENTED_EDGE('',*,*,#12913,.F.);
#12960 = PLANE('',#12961);
#12961 = AXIS2_PLACEMENT_3D('',#12962,#12963,#12964);
#12962 = CARTESIAN_POINT('',(4.75,-0.45,4.8));
#12963 = DIRECTION('',(-1.220416573038E-16,-0.996545758245,
    -8.304547985373E-02));
#12964 = DIRECTION('',(1.017013810865E-17,8.304547985373E-02,
    -0.996545758245));
#12965 = ADVANCED_FACE('',(#12966),#12991,.T.);
#12966 = FACE_BOUND('',#12967,.T.);
#12967 = EDGE_LOOP('',(#12968,#12969,#12970,#12978,#12984,#12985));
#12968 = ORIENTED_EDGE('',*,*,#10982,.T.);
#12969 = ORIENTED_EDGE('',*,*,#12946,.T.);
#12970 = ORIENTED_EDGE('',*,*,#12971,.T.);
#12971 = EDGE_CURVE('',#12947,#12972,#12974,.T.);
#12972 = VERTEX_POINT('',#12973);
#12973 = CARTESIAN_POINT('',(3.25,-0.35,2.6));
#12974 = LINE('',#12975,#12976);
#12975 = CARTESIAN_POINT('',(3.25,-0.35,3.6));
#12976 = VECTOR('',#12977,1.);
#12977 = DIRECTION('',(-1.359631073447E-32,-1.110223024625E-16,-1.));
#12978 = ORIENTED_EDGE('',*,*,#12979,.T.);
#12979 = EDGE_CURVE('',#12972,#11360,#12980,.T.);
#12980 = LINE('',#12981,#12982);
#12981 = CARTESIAN_POINT('',(3.25,-0.35,2.6));
#12982 = VECTOR('',#12983,1.);
#12983 = DIRECTION('',(-5.319525767383E-18,-4.343722427631E-02,
    -0.999056158355));
#12984 = ORIENTED_EDGE('',*,*,#11367,.T.);
#12985 = ORIENTED_EDGE('',*,*,#12986,.T.);
#12986 = EDGE_CURVE('',#11368,#10975,#12987,.T.);
#12987 = LINE('',#12988,#12989);
#12988 = CARTESIAN_POINT('',(3.25,-0.25,0.3));
#12989 = VECTOR('',#12990,1.);
#12990 = DIRECTION('',(1.359631073447E-32,1.110223024625E-16,1.));
#12991 = PLANE('',#12992);
#12992 = AXIS2_PLACEMENT_3D('',#12993,#12994,#12995);
#12993 = CARTESIAN_POINT('',(3.25,-0.320798035545,2.550475523299));
#12994 = DIRECTION('',(1.,-1.224646799147E-16,0.));
#12995 = DIRECTION('',(1.224646799147E-16,1.,-1.110223024625E-16));
#12996 = ADVANCED_FACE('',(#12997),#13008,.F.);
#12997 = FACE_BOUND('',#12998,.F.);
#12998 = EDGE_LOOP('',(#12999,#13000,#13001,#13002));
#12999 = ORIENTED_EDGE('',*,*,#11375,.T.);
#13000 = ORIENTED_EDGE('',*,*,#12986,.T.);
#13001 = ORIENTED_EDGE('',*,*,#10974,.T.);
#13002 = ORIENTED_EDGE('',*,*,#13003,.F.);
#13003 = EDGE_CURVE('',#11376,#10967,#13004,.T.);
#13004 = LINE('',#13005,#13006);
#13005 = CARTESIAN_POINT('',(2.75,-0.25,0.3));
#13006 = VECTOR('',#13007,1.);
#13007 = DIRECTION('',(1.359631073447E-32,1.110223024625E-16,1.));
#13008 = PLANE('',#13009);
#13009 = AXIS2_PLACEMENT_3D('',#13010,#13011,#13012);
#13010 = CARTESIAN_POINT('',(6.,-0.25,2.55));
#13011 = DIRECTION('',(-1.224646799147E-16,-1.,1.110223024625E-16));
#13012 = DIRECTION('',(-1.,1.224646799147E-16,0.));
#13013 = ADVANCED_FACE('',(#13014),#13041,.F.);
#13014 = FACE_BOUND('',#13015,.F.);
#13015 = EDGE_LOOP('',(#13016,#13017,#13025,#13033,#13039,#13040));
#13016 = ORIENTED_EDGE('',*,*,#10966,.T.);
#13017 = ORIENTED_EDGE('',*,*,#13018,.T.);
#13018 = EDGE_CURVE('',#10959,#13019,#13021,.T.);
#13019 = VERTEX_POINT('',#13020);
#13020 = CARTESIAN_POINT('',(2.75,-0.35,3.6));
#13021 = LINE('',#13022,#13023);
#13022 = CARTESIAN_POINT('',(2.75,-0.45,4.8));
#13023 = VECTOR('',#13024,1.);
#13024 = DIRECTION('',(1.017013810865E-17,8.304547985373E-02,
    -0.996545758245));
#13025 = ORIENTED_EDGE('',*,*,#13026,.T.);
#13026 = EDGE_CURVE('',#13019,#13027,#13029,.T.);
#13027 = VERTEX_POINT('',#13028);
#13028 = CARTESIAN_POINT('',(2.75,-0.35,2.6));
#13029 = LINE('',#13030,#13031);
#13030 = CARTESIAN_POINT('',(2.75,-0.35,3.6));
#13031 = VECTOR('',#13032,1.);
#13032 = DIRECTION('',(-1.359631073447E-32,-1.110223024625E-16,-1.));
#13033 = ORIENTED_EDGE('',*,*,#13034,.T.);
#13034 = EDGE_CURVE('',#13027,#11384,#13035,.T.);
#13035 = LINE('',#13036,#13037);
#13036 = CARTESIAN_POINT('',(2.75,-0.35,2.6));
#13037 = VECTOR('',#13038,1.);
#13038 = DIRECTION('',(-5.319525767383E-18,-4.343722427631E-02,
    -0.999056158355));
#13039 = ORIENTED_EDGE('',*,*,#11383,.T.);
#13040 = ORIENTED_EDGE('',*,*,#13003,.T.);
#13041 = PLANE('',#13042);
#13042 = AXIS2_PLACEMENT_3D('',#13043,#13044,#13045);
#13043 = CARTESIAN_POINT('',(2.75,-0.320798035545,2.550475523299));
#13044 = DIRECTION('',(1.,-1.224646799147E-16,0.));
#13045 = DIRECTION('',(1.224646799147E-16,1.,-1.110223024625E-16));
#13046 = ADVANCED_FACE('',(#13047),#13065,.F.);
#13047 = FACE_BOUND('',#13048,.F.);
#13048 = EDGE_LOOP('',(#13049,#13050,#13058,#13064));
#13049 = ORIENTED_EDGE('',*,*,#10958,.T.);
#13050 = ORIENTED_EDGE('',*,*,#13051,.T.);
#13051 = EDGE_CURVE('',#10951,#13052,#13054,.T.);
#13052 = VERTEX_POINT('',#13053);
#13053 = CARTESIAN_POINT('',(1.25,-0.35,3.6));
#13054 = LINE('',#13055,#13056);
#13055 = CARTESIAN_POINT('',(1.25,-0.45,4.8));
#13056 = VECTOR('',#13057,1.);
#13057 = DIRECTION('',(1.017013810865E-17,8.304547985373E-02,
    -0.996545758245));
#13058 = ORIENTED_EDGE('',*,*,#13059,.F.);
#13059 = EDGE_CURVE('',#13019,#13052,#13060,.T.);
#13060 = LINE('',#13061,#13062);
#13061 = CARTESIAN_POINT('',(2.75,-0.35,3.6));
#13062 = VECTOR('',#13063,1.);
#13063 = DIRECTION('',(-1.,1.224646799147E-16,0.));
#13064 = ORIENTED_EDGE('',*,*,#13018,.F.);
#13065 = PLANE('',#13066);
#13066 = AXIS2_PLACEMENT_3D('',#13067,#13068,#13069);
#13067 = CARTESIAN_POINT('',(2.75,-0.45,4.8));
#13068 = DIRECTION('',(-1.220416573038E-16,-0.996545758245,
    -8.304547985373E-02));
#13069 = DIRECTION('',(1.017013810865E-17,8.304547985373E-02,
    -0.996545758245));
#13070 = ADVANCED_FACE('',(#13071),#13096,.T.);
#13071 = FACE_BOUND('',#13072,.T.);
#13072 = EDGE_LOOP('',(#13073,#13074,#13075,#13083,#13089,#13090));
#13073 = ORIENTED_EDGE('',*,*,#10950,.T.);
#13074 = ORIENTED_EDGE('',*,*,#13051,.T.);
#13075 = ORIENTED_EDGE('',*,*,#13076,.T.);
#13076 = EDGE_CURVE('',#13052,#13077,#13079,.T.);
#13077 = VERTEX_POINT('',#13078);
#13078 = CARTESIAN_POINT('',(1.25,-0.35,2.6));
#13079 = LINE('',#13080,#13081);
#13080 = CARTESIAN_POINT('',(1.25,-0.35,3.6));
#13081 = VECTOR('',#13082,1.);
#13082 = DIRECTION('',(-1.359631073447E-32,-1.110223024625E-16,-1.));
#13083 = ORIENTED_EDGE('',*,*,#13084,.T.);
#13084 = EDGE_CURVE('',#13077,#11392,#13085,.T.);
#13085 = LINE('',#13086,#13087);
#13086 = CARTESIAN_POINT('',(1.25,-0.35,2.6));
#13087 = VECTOR('',#13088,1.);
#13088 = DIRECTION('',(-5.319525767383E-18,-4.343722427631E-02,
    -0.999056158355));
#13089 = ORIENTED_EDGE('',*,*,#11399,.T.);
#13090 = ORIENTED_EDGE('',*,*,#13091,.T.);
#13091 = EDGE_CURVE('',#11400,#10943,#13092,.T.);
#13092 = LINE('',#13093,#13094);
#13093 = CARTESIAN_POINT('',(1.25,-0.25,0.3));
#13094 = VECTOR('',#13095,1.);
#13095 = DIRECTION('',(1.359631073447E-32,1.110223024625E-16,1.));
#13096 = PLANE('',#13097);
#13097 = AXIS2_PLACEMENT_3D('',#13098,#13099,#13100);
#13098 = CARTESIAN_POINT('',(1.25,-0.320798035545,2.550475523299));
#13099 = DIRECTION('',(1.,-1.224646799147E-16,0.));
#13100 = DIRECTION('',(1.224646799147E-16,1.,-1.110223024625E-16));
#13101 = ADVANCED_FACE('',(#13102),#13113,.F.);
#13102 = FACE_BOUND('',#13103,.F.);
#13103 = EDGE_LOOP('',(#13104,#13110,#13111,#13112));
#13104 = ORIENTED_EDGE('',*,*,#13105,.F.);
#13105 = EDGE_CURVE('',#11408,#10935,#13106,.T.);
#13106 = LINE('',#13107,#13108);
#13107 = CARTESIAN_POINT('',(0.75,-0.25,0.3));
#13108 = VECTOR('',#13109,1.);
#13109 = DIRECTION('',(1.359631073447E-32,1.110223024625E-16,1.));
#13110 = ORIENTED_EDGE('',*,*,#11407,.T.);
#13111 = ORIENTED_EDGE('',*,*,#13091,.T.);
#13112 = ORIENTED_EDGE('',*,*,#10942,.T.);
#13113 = PLANE('',#13114);
#13114 = AXIS2_PLACEMENT_3D('',#13115,#13116,#13117);
#13115 = CARTESIAN_POINT('',(6.,-0.25,2.55));
#13116 = DIRECTION('',(-1.224646799147E-16,-1.,1.110223024625E-16));
#13117 = DIRECTION('',(-1.,1.224646799147E-16,0.));
#13118 = ADVANCED_FACE('',(#13119),#13146,.F.);
#13119 = FACE_BOUND('',#13120,.F.);
#13120 = EDGE_LOOP('',(#13121,#13122,#13130,#13138,#13144,#13145));
#13121 = ORIENTED_EDGE('',*,*,#10934,.T.);
#13122 = ORIENTED_EDGE('',*,*,#13123,.T.);
#13123 = EDGE_CURVE('',#10927,#13124,#13126,.T.);
#13124 = VERTEX_POINT('',#13125);
#13125 = CARTESIAN_POINT('',(0.75,-0.35,3.6));
#13126 = LINE('',#13127,#13128);
#13127 = CARTESIAN_POINT('',(0.75,-0.45,4.8));
#13128 = VECTOR('',#13129,1.);
#13129 = DIRECTION('',(1.017013810865E-17,8.304547985373E-02,
    -0.996545758245));
#13130 = ORIENTED_EDGE('',*,*,#13131,.T.);
#13131 = EDGE_CURVE('',#13124,#13132,#13134,.T.);
#13132 = VERTEX_POINT('',#13133);
#13133 = CARTESIAN_POINT('',(0.75,-0.35,2.6));
#13134 = LINE('',#13135,#13136);
#13135 = CARTESIAN_POINT('',(0.75,-0.35,3.6));
#13136 = VECTOR('',#13137,1.);
#13137 = DIRECTION('',(-1.359631073447E-32,-1.110223024625E-16,-1.));
#13138 = ORIENTED_EDGE('',*,*,#13139,.T.);
#13139 = EDGE_CURVE('',#13132,#11416,#13140,.T.);
#13140 = LINE('',#13141,#13142);
#13141 = CARTESIAN_POINT('',(0.75,-0.35,2.6));
#13142 = VECTOR('',#13143,1.);
#13143 = DIRECTION('',(-5.319525767383E-18,-4.343722427631E-02,
    -0.999056158355));
#13144 = ORIENTED_EDGE('',*,*,#11415,.T.);
#13145 = ORIENTED_EDGE('',*,*,#13105,.T.);
#13146 = PLANE('',#13147);
#13147 = AXIS2_PLACEMENT_3D('',#13148,#13149,#13150);
#13148 = CARTESIAN_POINT('',(0.75,-0.320798035545,2.550475523299));
#13149 = DIRECTION('',(1.,-1.224646799147E-16,0.));
#13150 = DIRECTION('',(1.224646799147E-16,1.,-1.110223024625E-16));
#13151 = ADVANCED_FACE('',(#13152),#13186,.F.);
#13152 = FACE_BOUND('',#13153,.F.);
#13153 = EDGE_LOOP('',(#13154,#13155,#13156,#13164,#13172,#13180));
#13154 = ORIENTED_EDGE('',*,*,#13123,.F.);
#13155 = ORIENTED_EDGE('',*,*,#10926,.T.);
#13156 = ORIENTED_EDGE('',*,*,#13157,.T.);
#13157 = EDGE_CURVE('',#10919,#13158,#13160,.T.);
#13158 = VERTEX_POINT('',#13159);
#13159 = CARTESIAN_POINT('',(-0.4,-0.4,4.2));
#13160 = LINE('',#13161,#13162);
#13161 = CARTESIAN_POINT('',(-0.4,-0.449310344828,4.791724137931));
#13162 = VECTOR('',#13163,1.);
#13163 = DIRECTION('',(1.017013810865E-17,8.304547985373E-02,
    -0.996545758245));
#13164 = ORIENTED_EDGE('',*,*,#13165,.F.);
#13165 = EDGE_CURVE('',#13166,#13158,#13168,.T.);
#13166 = VERTEX_POINT('',#13167);
#13167 = CARTESIAN_POINT('',(-0.75,-0.4,4.2));
#13168 = LINE('',#13169,#13170);
#13169 = CARTESIAN_POINT('',(-7.5E-02,-0.4,4.2));
#13170 = VECTOR('',#13171,1.);
#13171 = DIRECTION('',(1.,-1.224646799147E-16,-1.582936636138E-30));
#13172 = ORIENTED_EDGE('',*,*,#13173,.T.);
#13173 = EDGE_CURVE('',#13166,#13174,#13176,.T.);
#13174 = VERTEX_POINT('',#13175);
#13175 = CARTESIAN_POINT('',(-0.75,-0.35,3.6));
#13176 = LINE('',#13177,#13178);
#13177 = CARTESIAN_POINT('',(-0.75,-0.45,4.8));
#13178 = VECTOR('',#13179,1.);
#13179 = DIRECTION('',(1.017013810865E-17,8.304547985373E-02,
    -0.996545758245));
#13180 = ORIENTED_EDGE('',*,*,#13181,.F.);
#13181 = EDGE_CURVE('',#13124,#13174,#13182,.T.);
#13182 = LINE('',#13183,#13184);
#13183 = CARTESIAN_POINT('',(0.75,-0.35,3.6));
#13184 = VECTOR('',#13185,1.);
#13185 = DIRECTION('',(-1.,1.224646799147E-16,0.));
#13186 = PLANE('',#13187);
#13187 = AXIS2_PLACEMENT_3D('',#13188,#13189,#13190);
#13188 = CARTESIAN_POINT('',(0.75,-0.45,4.8));
#13189 = DIRECTION('',(-1.220416573038E-16,-0.996545758245,
    -8.304547985373E-02));
#13190 = DIRECTION('',(1.017013810865E-17,8.304547985373E-02,
    -0.996545758245));
#13191 = ADVANCED_FACE('',(#13192),#13209,.T.);
#13192 = FACE_BOUND('',#13193,.T.);
#13193 = EDGE_LOOP('',(#13194,#13195,#13196,#13202,#13203));
#13194 = ORIENTED_EDGE('',*,*,#10918,.F.);
#13195 = ORIENTED_EDGE('',*,*,#13157,.T.);
#13196 = ORIENTED_EDGE('',*,*,#13197,.T.);
#13197 = EDGE_CURVE('',#13158,#11921,#13198,.T.);
#13198 = LINE('',#13199,#13200);
#13199 = CARTESIAN_POINT('',(-0.4,-0.25,4.2));
#13200 = VECTOR('',#13201,1.);
#13201 = DIRECTION('',(-1.224646799147E-16,-1.,1.110223024625E-16));
#13202 = ORIENTED_EDGE('',*,*,#11928,.T.);
#13203 = ORIENTED_EDGE('',*,*,#13204,.F.);
#13204 = EDGE_CURVE('',#10911,#11929,#13205,.T.);
#13205 = LINE('',#13206,#13207);
#13206 = CARTESIAN_POINT('',(-0.4,-4.45,4.8));
#13207 = VECTOR('',#13208,1.);
#13208 = DIRECTION('',(-1.359631073447E-32,-1.110223024625E-16,-1.));
#13209 = PLANE('',#13210);
#13210 = AXIS2_PLACEMENT_3D('',#13211,#13212,#13213);
#13211 = CARTESIAN_POINT('',(-0.4,-0.25,4.8));
#13212 = DIRECTION('',(-1.,1.224646799147E-16,0.));
#13213 = DIRECTION('',(-1.224646799147E-16,-1.,1.110223024625E-16));
#13214 = ADVANCED_FACE('',(#13215),#13258,.T.);
#13215 = FACE_BOUND('',#13216,.T.);
#13216 = EDGE_LOOP('',(#13217,#13218,#13219,#13220,#13228,#13236,#13244,
    #13252));
#13217 = ORIENTED_EDGE('',*,*,#10910,.F.);
#13218 = ORIENTED_EDGE('',*,*,#13204,.T.);
#13219 = ORIENTED_EDGE('',*,*,#11936,.T.);
#13220 = ORIENTED_EDGE('',*,*,#13221,.F.);
#13221 = EDGE_CURVE('',#13222,#11937,#13224,.T.);
#13222 = VERTEX_POINT('',#13223);
#13223 = CARTESIAN_POINT('',(-1.4,-4.45,4.8));
#13224 = LINE('',#13225,#13226);
#13225 = CARTESIAN_POINT('',(-1.4,-4.45,4.8));
#13226 = VECTOR('',#13227,1.);
#13227 = DIRECTION('',(-1.359631073447E-32,-1.110223024625E-16,-1.));
#13228 = ORIENTED_EDGE('',*,*,#13229,.F.);
#13229 = EDGE_CURVE('',#13230,#13222,#13232,.T.);
#13230 = VERTEX_POINT('',#13231);
#13231 = CARTESIAN_POINT('',(-0.95,-4.45,4.8));
#13232 = LINE('',#13233,#13234);
#13233 = CARTESIAN_POINT('',(-0.4,-4.45,4.8));
#13234 = VECTOR('',#13235,1.);
#13235 = DIRECTION('',(-1.,1.224646799147E-16,0.));
#13236 = ORIENTED_EDGE('',*,*,#13237,.F.);
#13237 = EDGE_CURVE('',#13238,#13230,#13240,.T.);
#13238 = VERTEX_POINT('',#13239);
#13239 = CARTESIAN_POINT('',(-0.95,-4.45,4.85));
#13240 = LINE('',#13241,#13242);
#13241 = CARTESIAN_POINT('',(-0.95,-4.45,4.85));
#13242 = VECTOR('',#13243,1.);
#13243 = DIRECTION('',(-1.359631073447E-32,-1.110223024625E-16,-1.));
#13244 = ORIENTED_EDGE('',*,*,#13245,.F.);
#13245 = EDGE_CURVE('',#13246,#13238,#13248,.T.);
#13246 = VERTEX_POINT('',#13247);
#13247 = CARTESIAN_POINT('',(-0.45,-4.45,4.85));
#13248 = LINE('',#13249,#13250);
#13249 = CARTESIAN_POINT('',(-0.45,-4.45,4.85));
#13250 = VECTOR('',#13251,1.);
#13251 = DIRECTION('',(-1.,1.224646799147E-16,0.));
#13252 = ORIENTED_EDGE('',*,*,#13253,.F.);
#13253 = EDGE_CURVE('',#10903,#13246,#13254,.T.);
#13254 = LINE('',#13255,#13256);
#13255 = CARTESIAN_POINT('',(-0.45,-4.45,4.8));
#13256 = VECTOR('',#13257,1.);
#13257 = DIRECTION('',(1.359631073447E-32,1.110223024625E-16,1.));
#13258 = PLANE('',#13259);
#13259 = AXIS2_PLACEMENT_3D('',#13260,#13261,#13262);
#13260 = CARTESIAN_POINT('',(-0.893939393939,-4.45,4.517424242424));
#13261 = DIRECTION('',(1.224646799147E-16,1.,-1.110223024625E-16));
#13262 = DIRECTION('',(1.,-1.224646799147E-16,1.625725171502E-45));
#13263 = ADVANCED_FACE('',(#13264),#13282,.F.);
#13264 = FACE_BOUND('',#13265,.F.);
#13265 = EDGE_LOOP('',(#13266,#13267,#13275,#13281));
#13266 = ORIENTED_EDGE('',*,*,#10902,.T.);
#13267 = ORIENTED_EDGE('',*,*,#13268,.T.);
#13268 = EDGE_CURVE('',#10895,#13269,#13271,.T.);
#13269 = VERTEX_POINT('',#13270);
#13270 = CARTESIAN_POINT('',(-0.45,-6.25,4.85));
#13271 = LINE('',#13272,#13273);
#13272 = CARTESIAN_POINT('',(-0.45,-6.25,4.8));
#13273 = VECTOR('',#13274,1.);
#13274 = DIRECTION('',(1.359631073447E-32,1.110223024625E-16,1.));
#13275 = ORIENTED_EDGE('',*,*,#13276,.F.);
#13276 = EDGE_CURVE('',#13246,#13269,#13277,.T.);
#13277 = LINE('',#13278,#13279);
#13278 = CARTESIAN_POINT('',(-0.45,-4.45,4.85));
#13279 = VECTOR('',#13280,1.);
#13280 = DIRECTION('',(-1.224646799147E-16,-1.,1.110223024625E-16));
#13281 = ORIENTED_EDGE('',*,*,#13253,.F.);
#13282 = PLANE('',#13283);
#13283 = AXIS2_PLACEMENT_3D('',#13284,#13285,#13286);
#13284 = CARTESIAN_POINT('',(-0.45,-4.45,4.8));
#13285 = DIRECTION('',(-1.,1.224646799147E-16,0.));
#13286 = DIRECTION('',(1.359631073446E-32,1.110223024625E-16,1.));
#13287 = ADVANCED_FACE('',(#13288),#13329,.T.);
#13288 = FACE_BOUND('',#13289,.T.);
#13289 = EDGE_LOOP('',(#13290,#13296,#13297,#13298,#13306,#13314,#13320,
    #13321,#13327,#13328));
#13290 = ORIENTED_EDGE('',*,*,#13291,.F.);
#13291 = EDGE_CURVE('',#10887,#11960,#13292,.T.);
#13292 = LINE('',#13293,#13294);
#13293 = CARTESIAN_POINT('',(0.55,-6.25,4.8));
#13294 = VECTOR('',#13295,1.);
#13295 = DIRECTION('',(-1.359631073447E-32,-1.110223024625E-16,-1.));
#13296 = ORIENTED_EDGE('',*,*,#10894,.T.);
#13297 = ORIENTED_EDGE('',*,*,#13268,.T.);
#13298 = ORIENTED_EDGE('',*,*,#13299,.T.);
#13299 = EDGE_CURVE('',#13269,#13300,#13302,.T.);
#13300 = VERTEX_POINT('',#13301);
#13301 = CARTESIAN_POINT('',(-0.95,-6.25,4.85));
#13302 = LINE('',#13303,#13304);
#13303 = CARTESIAN_POINT('',(-0.45,-6.25,4.85));
#13304 = VECTOR('',#13305,1.);
#13305 = DIRECTION('',(-1.,1.224646799147E-16,0.));
#13306 = ORIENTED_EDGE('',*,*,#13307,.T.);
#13307 = EDGE_CURVE('',#13300,#13308,#13310,.T.);
#13308 = VERTEX_POINT('',#13309);
#13309 = CARTESIAN_POINT('',(-0.95,-6.25,4.8));
#13310 = LINE('',#13311,#13312);
#13311 = CARTESIAN_POINT('',(-0.95,-6.25,4.85));
#13312 = VECTOR('',#13313,1.);
#13313 = DIRECTION('',(-1.359631073447E-32,-1.110223024625E-16,-1.));
#13314 = ORIENTED_EDGE('',*,*,#13315,.T.);
#13315 = EDGE_CURVE('',#13308,#11808,#13316,.T.);
#13316 = LINE('',#13317,#13318);
#13317 = CARTESIAN_POINT('',(13.95,-6.25,4.8));
#13318 = VECTOR('',#13319,1.);
#13319 = DIRECTION('',(-1.,1.224646799147E-16,0.));
#13320 = ORIENTED_EDGE('',*,*,#11807,.T.);
#13321 = ORIENTED_EDGE('',*,*,#13322,.F.);
#13322 = EDGE_CURVE('',#11678,#11800,#13323,.T.);
#13323 = LINE('',#13324,#13325);
#13324 = CARTESIAN_POINT('',(13.95,-6.25,3.3));
#13325 = VECTOR('',#13326,1.);
#13326 = DIRECTION('',(-1.,1.224646799147E-16,0.));
#13327 = ORIENTED_EDGE('',*,*,#11675,.F.);
#13328 = ORIENTED_EDGE('',*,*,#11959,.F.);
#13329 = PLANE('',#13330);
#13330 = AXIS2_PLACEMENT_3D('',#13331,#13332,#13333);
#13331 = CARTESIAN_POINT('',(-0.922222222222,-6.25,4.28487654321));
#13332 = DIRECTION('',(-1.224646799147E-16,-1.,1.110223024625E-16));
#13333 = DIRECTION('',(-1.,1.224646799147E-16,0.));
#13334 = ADVANCED_FACE('',(#13335),#13346,.F.);
#13335 = FACE_BOUND('',#13336,.F.);
#13336 = EDGE_LOOP('',(#13337,#13338,#13344,#13345));
#13337 = ORIENTED_EDGE('',*,*,#10886,.F.);
#13338 = ORIENTED_EDGE('',*,*,#13339,.T.);
#13339 = EDGE_CURVE('',#10879,#11968,#13340,.T.);
#13340 = LINE('',#13341,#13342);
#13341 = CARTESIAN_POINT('',(0.55,-2.35,4.8));
#13342 = VECTOR('',#13343,1.);
#13343 = DIRECTION('',(-1.359631073447E-32,-1.110223024625E-16,-1.));
#13344 = ORIENTED_EDGE('',*,*,#11967,.T.);
#13345 = ORIENTED_EDGE('',*,*,#13291,.F.);
#13346 = PLANE('',#13347);
#13347 = AXIS2_PLACEMENT_3D('',#13348,#13349,#13350);
#13348 = CARTESIAN_POINT('',(0.55,-2.35,4.8));
#13349 = DIRECTION('',(-1.,1.224646799147E-16,0.));
#13350 = DIRECTION('',(-1.224646799147E-16,-1.,1.110223024625E-16));
#13351 = ADVANCED_FACE('',(#13352),#13363,.F.);
#13352 = FACE_BOUND('',#13353,.F.);
#13353 = EDGE_LOOP('',(#13354,#13355,#13361,#13362));
#13354 = ORIENTED_EDGE('',*,*,#10878,.F.);
#13355 = ORIENTED_EDGE('',*,*,#13356,.T.);
#13356 = EDGE_CURVE('',#10871,#11976,#13357,.T.);
#13357 = LINE('',#13358,#13359);
#13358 = CARTESIAN_POINT('',(11.45,-2.35,4.8));
#13359 = VECTOR('',#13360,1.);
#13360 = DIRECTION('',(-1.359631073447E-32,-1.110223024625E-16,-1.));
#13361 = ORIENTED_EDGE('',*,*,#11975,.T.);
#13362 = ORIENTED_EDGE('',*,*,#13339,.F.);
#13363 = PLANE('',#13364);
#13364 = AXIS2_PLACEMENT_3D('',#13365,#13366,#13367);
#13365 = CARTESIAN_POINT('',(11.45,-2.35,4.8));
#13366 = DIRECTION('',(1.224646799147E-16,1.,-1.110223024625E-16));
#13367 = DIRECTION('',(-1.,1.224646799147E-16,0.));
#13368 = ADVANCED_FACE('',(#13369),#13375,.F.);
#13369 = FACE_BOUND('',#13370,.F.);
#13370 = EDGE_LOOP('',(#13371,#13372,#13373,#13374));
#13371 = ORIENTED_EDGE('',*,*,#10870,.F.);
#13372 = ORIENTED_EDGE('',*,*,#11164,.T.);
#13373 = ORIENTED_EDGE('',*,*,#11983,.T.);
#13374 = ORIENTED_EDGE('',*,*,#13356,.F.);
#13375 = PLANE('',#13376);
#13376 = AXIS2_PLACEMENT_3D('',#13377,#13378,#13379);
#13377 = CARTESIAN_POINT('',(11.45,-6.25,4.8));
#13378 = DIRECTION('',(1.,-1.224646799147E-16,-0.));
#13379 = DIRECTION('',(1.224646799147E-16,1.,-1.110223024625E-16));
#13380 = ADVANCED_FACE('',(#13381),#13422,.F.);
#13381 = FACE_BOUND('',#13382,.F.);
#13382 = EDGE_LOOP('',(#13383,#13393,#13399,#13400,#13406,#13407,#13408,
    #13416));
#13383 = ORIENTED_EDGE('',*,*,#13384,.F.);
#13384 = EDGE_CURVE('',#13385,#13387,#13389,.T.);
#13385 = VERTEX_POINT('',#13386);
#13386 = CARTESIAN_POINT('',(-1.4,-0.25,4.8));
#13387 = VERTEX_POINT('',#13388);
#13388 = CARTESIAN_POINT('',(-1.4,-0.25,4.2));
#13389 = LINE('',#13390,#13391);
#13390 = CARTESIAN_POINT('',(-1.4,-0.25,4.8));
#13391 = VECTOR('',#13392,1.);
#13392 = DIRECTION('',(-1.359631073447E-32,-1.110223024625E-16,-1.));
#13393 = ORIENTED_EDGE('',*,*,#13394,.T.);
#13394 = EDGE_CURVE('',#13385,#11757,#13395,.T.);
#13395 = LINE('',#13396,#13397);
#13396 = CARTESIAN_POINT('',(13.95,-0.25,4.8));
#13397 = VECTOR('',#13398,1.);
#13398 = DIRECTION('',(-1.,1.224646799147E-16,0.));
#13399 = ORIENTED_EDGE('',*,*,#11756,.T.);
#13400 = ORIENTED_EDGE('',*,*,#13401,.F.);
#13401 = EDGE_CURVE('',#11854,#11759,#13402,.T.);
#13402 = LINE('',#13403,#13404);
#13403 = CARTESIAN_POINT('',(-0.95,-0.25,4.1));
#13404 = VECTOR('',#13405,1.);
#13405 = DIRECTION('',(-1.,1.224646799147E-16,0.));
#13406 = ORIENTED_EDGE('',*,*,#11853,.F.);
#13407 = ORIENTED_EDGE('',*,*,#11199,.T.);
#13408 = ORIENTED_EDGE('',*,*,#13409,.T.);
#13409 = EDGE_CURVE('',#11202,#13410,#13412,.T.);
#13410 = VERTEX_POINT('',#13411);
#13411 = CARTESIAN_POINT('',(-0.75,-0.25,4.2));
#13412 = LINE('',#13413,#13414);
#13413 = CARTESIAN_POINT('',(-0.75,-0.25,0.3));
#13414 = VECTOR('',#13415,1.);
#13415 = DIRECTION('',(1.359631073447E-32,1.110223024625E-16,1.));
#13416 = ORIENTED_EDGE('',*,*,#13417,.F.);
#13417 = EDGE_CURVE('',#13387,#13410,#13418,.T.);
#13418 = LINE('',#13419,#13420);
#13419 = CARTESIAN_POINT('',(-1.4,-0.25,4.2));
#13420 = VECTOR('',#13421,1.);
#13421 = DIRECTION('',(1.,-1.224646799147E-16,0.));
#13422 = PLANE('',#13423);
#13423 = AXIS2_PLACEMENT_3D('',#13424,#13425,#13426);
#13424 = CARTESIAN_POINT('',(6.,-0.25,2.55));
#13425 = DIRECTION('',(-1.224646799147E-16,-1.,1.110223024625E-16));
#13426 = DIRECTION('',(-1.,1.224646799147E-16,0.));
#13427 = ADVANCED_FACE('',(#13428),#13453,.T.);
#13428 = FACE_BOUND('',#13429,.T.);
#13429 = EDGE_LOOP('',(#13430,#13431,#13437,#13438,#13446,#13452));
#13430 = ORIENTED_EDGE('',*,*,#13409,.T.);
#13431 = ORIENTED_EDGE('',*,*,#13432,.F.);
#13432 = EDGE_CURVE('',#13166,#13410,#13433,.T.);
#13433 = LINE('',#13434,#13435);
#13434 = CARTESIAN_POINT('',(-0.75,-1.335399017773,4.2));
#13435 = VECTOR('',#13436,1.);
#13436 = DIRECTION('',(1.224646799147E-16,1.,-1.110223024625E-16));
#13437 = ORIENTED_EDGE('',*,*,#13173,.T.);
#13438 = ORIENTED_EDGE('',*,*,#13439,.T.);
#13439 = EDGE_CURVE('',#13174,#13440,#13442,.T.);
#13440 = VERTEX_POINT('',#13441);
#13441 = CARTESIAN_POINT('',(-0.75,-0.35,2.6));
#13442 = LINE('',#13443,#13444);
#13443 = CARTESIAN_POINT('',(-0.75,-0.35,3.6));
#13444 = VECTOR('',#13445,1.);
#13445 = DIRECTION('',(-1.359631073447E-32,-1.110223024625E-16,-1.));
#13446 = ORIENTED_EDGE('',*,*,#13447,.T.);
#13447 = EDGE_CURVE('',#13440,#11424,#13448,.T.);
#13448 = LINE('',#13449,#13450);
#13449 = CARTESIAN_POINT('',(-0.75,-0.35,2.6));
#13450 = VECTOR('',#13451,1.);
#13451 = DIRECTION('',(-5.319525767383E-18,-4.343722427631E-02,
    -0.999056158355));
#13452 = ORIENTED_EDGE('',*,*,#11431,.T.);
#13453 = PLANE('',#13454);
#13454 = AXIS2_PLACEMENT_3D('',#13455,#13456,#13457);
#13455 = CARTESIAN_POINT('',(-0.75,-0.320798035545,2.550475523299));
#13456 = DIRECTION('',(1.,-1.224646799147E-16,0.));
#13457 = DIRECTION('',(1.224646799147E-16,1.,-1.110223024625E-16));
#13458 = ADVANCED_FACE('',(#13459),#13470,.F.);
#13459 = FACE_BOUND('',#13460,.F.);
#13460 = EDGE_LOOP('',(#13461,#13467,#13468,#13469));
#13461 = ORIENTED_EDGE('',*,*,#13462,.T.);
#13462 = EDGE_CURVE('',#13132,#13440,#13463,.T.);
#13463 = LINE('',#13464,#13465);
#13464 = CARTESIAN_POINT('',(0.75,-0.35,2.6));
#13465 = VECTOR('',#13466,1.);
#13466 = DIRECTION('',(-1.,1.224646799147E-16,0.));
#13467 = ORIENTED_EDGE('',*,*,#13447,.T.);
#13468 = ORIENTED_EDGE('',*,*,#11423,.F.);
#13469 = ORIENTED_EDGE('',*,*,#13139,.F.);
#13470 = PLANE('',#13471);
#13471 = AXIS2_PLACEMENT_3D('',#13472,#13473,#13474);
#13472 = CARTESIAN_POINT('',(0.75,-0.35,2.6));
#13473 = DIRECTION('',(-1.223490926498E-16,-0.999056158355,
    4.343722427631E-02));
#13474 = DIRECTION('',(-5.319525767383E-18,-4.343722427631E-02,
    -0.999056158355));
#13475 = ADVANCED_FACE('',(#13476),#13487,.F.);
#13476 = FACE_BOUND('',#13477,.F.);
#13477 = EDGE_LOOP('',(#13478,#13484,#13485,#13486));
#13478 = ORIENTED_EDGE('',*,*,#13479,.T.);
#13479 = EDGE_CURVE('',#13027,#13077,#13480,.T.);
#13480 = LINE('',#13481,#13482);
#13481 = CARTESIAN_POINT('',(2.75,-0.35,2.6));
#13482 = VECTOR('',#13483,1.);
#13483 = DIRECTION('',(-1.,1.224646799147E-16,0.));
#13484 = ORIENTED_EDGE('',*,*,#13084,.T.);
#13485 = ORIENTED_EDGE('',*,*,#11391,.F.);
#13486 = ORIENTED_EDGE('',*,*,#13034,.F.);
#13487 = PLANE('',#13488);
#13488 = AXIS2_PLACEMENT_3D('',#13489,#13490,#13491);
#13489 = CARTESIAN_POINT('',(2.75,-0.35,2.6));
#13490 = DIRECTION('',(-1.223490926498E-16,-0.999056158355,
    4.343722427631E-02));
#13491 = DIRECTION('',(-5.319525767383E-18,-4.343722427631E-02,
    -0.999056158355));
#13492 = ADVANCED_FACE('',(#13493),#13504,.F.);
#13493 = FACE_BOUND('',#13494,.F.);
#13494 = EDGE_LOOP('',(#13495,#13501,#13502,#13503));
#13495 = ORIENTED_EDGE('',*,*,#13496,.T.);
#13496 = EDGE_CURVE('',#12922,#12972,#13497,.T.);
#13497 = LINE('',#13498,#13499);
#13498 = CARTESIAN_POINT('',(4.75,-0.35,2.6));
#13499 = VECTOR('',#13500,1.);
#13500 = DIRECTION('',(-1.,1.224646799147E-16,0.));
#13501 = ORIENTED_EDGE('',*,*,#12979,.T.);
#13502 = ORIENTED_EDGE('',*,*,#11359,.F.);
#13503 = ORIENTED_EDGE('',*,*,#12929,.F.);
#13504 = PLANE('',#13505);
#13505 = AXIS2_PLACEMENT_3D('',#13506,#13507,#13508);
#13506 = CARTESIAN_POINT('',(4.75,-0.35,2.6));
#13507 = DIRECTION('',(-1.223490926498E-16,-0.999056158355,
    4.343722427631E-02));
#13508 = DIRECTION('',(-5.319525767383E-18,-4.343722427631E-02,
    -0.999056158355));
#13509 = ADVANCED_FACE('',(#13510),#13521,.F.);
#13510 = FACE_BOUND('',#13511,.F.);
#13511 = EDGE_LOOP('',(#13512,#13518,#13519,#13520));
#13512 = ORIENTED_EDGE('',*,*,#13513,.T.);
#13513 = EDGE_CURVE('',#12817,#12867,#13514,.T.);
#13514 = LINE('',#13515,#13516);
#13515 = CARTESIAN_POINT('',(6.75,-0.35,2.6));
#13516 = VECTOR('',#13517,1.);
#13517 = DIRECTION('',(-1.,1.224646799147E-16,0.));
#13518 = ORIENTED_EDGE('',*,*,#12874,.T.);
#13519 = ORIENTED_EDGE('',*,*,#11327,.F.);
#13520 = ORIENTED_EDGE('',*,*,#12824,.F.);
#13521 = PLANE('',#13522);
#13522 = AXIS2_PLACEMENT_3D('',#13523,#13524,#13525);
#13523 = CARTESIAN_POINT('',(6.75,-0.35,2.6));
#13524 = DIRECTION('',(-1.223490926498E-16,-0.999056158355,
    4.343722427631E-02));
#13525 = DIRECTION('',(-5.319525767383E-18,-4.343722427631E-02,
    -0.999056158355));
#13526 = ADVANCED_FACE('',(#13527),#13538,.F.);
#13527 = FACE_BOUND('',#13528,.F.);
#13528 = EDGE_LOOP('',(#13529,#13535,#13536,#13537));
#13529 = ORIENTED_EDGE('',*,*,#13530,.T.);
#13530 = EDGE_CURVE('',#12712,#12762,#13531,.T.);
#13531 = LINE('',#13532,#13533);
#13532 = CARTESIAN_POINT('',(8.75,-0.35,2.6));
#13533 = VECTOR('',#13534,1.);
#13534 = DIRECTION('',(-1.,1.224646799147E-16,0.));
#13535 = ORIENTED_EDGE('',*,*,#12769,.T.);
#13536 = ORIENTED_EDGE('',*,*,#11295,.F.);
#13537 = ORIENTED_EDGE('',*,*,#12719,.F.);
#13538 = PLANE('',#13539);
#13539 = AXIS2_PLACEMENT_3D('',#13540,#13541,#13542);
#13540 = CARTESIAN_POINT('',(8.75,-0.35,2.6));
#13541 = DIRECTION('',(-1.223490926498E-16,-0.999056158355,
    4.343722427631E-02));
#13542 = DIRECTION('',(-5.319525767383E-18,-4.343722427631E-02,
    -0.999056158355));
#13543 = ADVANCED_FACE('',(#13544),#13555,.F.);
#13544 = FACE_BOUND('',#13545,.F.);
#13545 = EDGE_LOOP('',(#13546,#13552,#13553,#13554));
#13546 = ORIENTED_EDGE('',*,*,#13547,.T.);
#13547 = EDGE_CURVE('',#12607,#12657,#13548,.T.);
#13548 = LINE('',#13549,#13550);
#13549 = CARTESIAN_POINT('',(10.75,-0.35,2.6));
#13550 = VECTOR('',#13551,1.);
#13551 = DIRECTION('',(-1.,1.224646799147E-16,0.));
#13552 = ORIENTED_EDGE('',*,*,#12664,.T.);
#13553 = ORIENTED_EDGE('',*,*,#11263,.F.);
#13554 = ORIENTED_EDGE('',*,*,#12614,.F.);
#13555 = PLANE('',#13556);
#13556 = AXIS2_PLACEMENT_3D('',#13557,#13558,#13559);
#13557 = CARTESIAN_POINT('',(10.75,-0.35,2.6));
#13558 = DIRECTION('',(-1.223490926498E-16,-0.999056158355,
    4.343722427631E-02));
#13559 = DIRECTION('',(-5.319525767383E-18,-4.343722427631E-02,
    -0.999056158355));
#13560 = ADVANCED_FACE('',(#13561),#13572,.F.);
#13561 = FACE_BOUND('',#13562,.F.);
#13562 = EDGE_LOOP('',(#13563,#13569,#13570,#13571));
#13563 = ORIENTED_EDGE('',*,*,#13564,.T.);
#13564 = EDGE_CURVE('',#12417,#12552,#13565,.T.);
#13565 = LINE('',#13566,#13567);
#13566 = CARTESIAN_POINT('',(12.75,-0.35,2.6));
#13567 = VECTOR('',#13568,1.);
#13568 = DIRECTION('',(-1.,1.224646799147E-16,0.));
#13569 = ORIENTED_EDGE('',*,*,#12559,.T.);
#13570 = ORIENTED_EDGE('',*,*,#11231,.F.);
#13571 = ORIENTED_EDGE('',*,*,#12424,.F.);
#13572 = PLANE('',#13573);
#13573 = AXIS2_PLACEMENT_3D('',#13574,#13575,#13576);
#13574 = CARTESIAN_POINT('',(12.75,-0.35,2.6));
#13575 = DIRECTION('',(-1.223490926498E-16,-0.999056158355,
    4.343722427631E-02));
#13576 = DIRECTION('',(-5.319525767383E-18,-4.343722427631E-02,
    -0.999056158355));
#13577 = ADVANCED_FACE('',(#13578),#13596,.F.);
#13578 = FACE_BOUND('',#13579,.F.);
#13579 = EDGE_LOOP('',(#13580,#13581,#13589,#13595));
#13580 = ORIENTED_EDGE('',*,*,#11652,.T.);
#13581 = ORIENTED_EDGE('',*,*,#13582,.T.);
#13582 = EDGE_CURVE('',#11645,#13583,#13585,.T.);
#13583 = VERTEX_POINT('',#13584);
#13584 = CARTESIAN_POINT('',(11.2,-3.95,1.1));
#13585 = LINE('',#13586,#13587);
#13586 = CARTESIAN_POINT('',(11.2,-3.95,0.8));
#13587 = VECTOR('',#13588,1.);
#13588 = DIRECTION('',(1.359631073447E-32,1.110223024625E-16,1.));
#13589 = ORIENTED_EDGE('',*,*,#13590,.F.);
#13590 = EDGE_CURVE('',#11998,#13583,#13591,.T.);
#13591 = LINE('',#13592,#13593);
#13592 = CARTESIAN_POINT('',(11.2,-2.05,1.1));
#13593 = VECTOR('',#13594,1.);
#13594 = DIRECTION('',(-1.224646799147E-16,-1.,1.110223024625E-16));
#13595 = ORIENTED_EDGE('',*,*,#11997,.F.);
#13596 = PLANE('',#13597);
#13597 = AXIS2_PLACEMENT_3D('',#13598,#13599,#13600);
#13598 = CARTESIAN_POINT('',(11.2,-2.05,0.8));
#13599 = DIRECTION('',(-1.,1.224646799147E-16,0.));
#13600 = DIRECTION('',(1.359631073446E-32,1.110223024625E-16,1.));
#13601 = ADVANCED_FACE('',(#13602),#13620,.T.);
#13602 = FACE_BOUND('',#13603,.T.);
#13603 = EDGE_LOOP('',(#13604,#13612,#13618,#13619));
#13604 = ORIENTED_EDGE('',*,*,#13605,.T.);
#13605 = EDGE_CURVE('',#13583,#13606,#13608,.T.);
#13606 = VERTEX_POINT('',#13607);
#13607 = CARTESIAN_POINT('',(10.8,-3.95,1.1));
#13608 = LINE('',#13609,#13610);
#13609 = CARTESIAN_POINT('',(11.2,-3.95,1.1));
#13610 = VECTOR('',#13611,1.);
#13611 = DIRECTION('',(-1.,1.224646799147E-16,0.));
#13612 = ORIENTED_EDGE('',*,*,#13613,.T.);
#13613 = EDGE_CURVE('',#13606,#11637,#13614,.T.);
#13614 = LINE('',#13615,#13616);
#13615 = CARTESIAN_POINT('',(10.8,-3.95,1.1));
#13616 = VECTOR('',#13617,1.);
#13617 = DIRECTION('',(-1.359631073447E-32,-1.110223024625E-16,-1.));
#13618 = ORIENTED_EDGE('',*,*,#11644,.T.);
#13619 = ORIENTED_EDGE('',*,*,#13582,.T.);
#13620 = PLANE('',#13621);
#13621 = AXIS2_PLACEMENT_3D('',#13622,#13623,#13624);
#13622 = CARTESIAN_POINT('',(11.,-3.95,0.95));
#13623 = DIRECTION('',(-1.224646799147E-16,-1.,1.110223024625E-16));
#13624 = DIRECTION('',(-1.,1.224646799147E-16,0.));
#13625 = ADVANCED_FACE('',(#13626),#13637,.F.);
#13626 = FACE_BOUND('',#13627,.F.);
#13627 = EDGE_LOOP('',(#13628,#13634,#13635,#13636));
#13628 = ORIENTED_EDGE('',*,*,#13629,.T.);
#13629 = EDGE_CURVE('',#12140,#13606,#13630,.T.);
#13630 = LINE('',#13631,#13632);
#13631 = CARTESIAN_POINT('',(10.8,-2.05,1.1));
#13632 = VECTOR('',#13633,1.);
#13633 = DIRECTION('',(-1.224646799147E-16,-1.,1.110223024625E-16));
#13634 = ORIENTED_EDGE('',*,*,#13613,.T.);
#13635 = ORIENTED_EDGE('',*,*,#11636,.F.);
#13636 = ORIENTED_EDGE('',*,*,#12139,.F.);
#13637 = PLANE('',#13638);
#13638 = AXIS2_PLACEMENT_3D('',#13639,#13640,#13641);
#13639 = CARTESIAN_POINT('',(10.8,-2.05,1.1));
#13640 = DIRECTION('',(1.,-1.224646799147E-16,0.));
#13641 = DIRECTION('',(-1.359631073446E-32,-1.110223024625E-16,-1.));
#13642 = ADVANCED_FACE('',(#13643),#13661,.F.);
#13643 = FACE_BOUND('',#13644,.F.);
#13644 = EDGE_LOOP('',(#13645,#13646,#13654,#13660));
#13645 = ORIENTED_EDGE('',*,*,#11620,.T.);
#13646 = ORIENTED_EDGE('',*,*,#13647,.T.);
#13647 = EDGE_CURVE('',#11613,#13648,#13650,.T.);
#13648 = VERTEX_POINT('',#13649);
#13649 = CARTESIAN_POINT('',(9.2,-3.95,1.1));
#13650 = LINE('',#13651,#13652);
#13651 = CARTESIAN_POINT('',(9.2,-3.95,0.8));
#13652 = VECTOR('',#13653,1.);
#13653 = DIRECTION('',(1.359631073447E-32,1.110223024625E-16,1.));
#13654 = ORIENTED_EDGE('',*,*,#13655,.F.);
#13655 = EDGE_CURVE('',#12125,#13648,#13656,.T.);
#13656 = LINE('',#13657,#13658);
#13657 = CARTESIAN_POINT('',(9.2,-2.05,1.1));
#13658 = VECTOR('',#13659,1.);
#13659 = DIRECTION('',(-1.224646799147E-16,-1.,1.110223024625E-16));
#13660 = ORIENTED_EDGE('',*,*,#12132,.F.);
#13661 = PLANE('',#13662);
#13662 = AXIS2_PLACEMENT_3D('',#13663,#13664,#13665);
#13663 = CARTESIAN_POINT('',(9.2,-2.05,0.8));
#13664 = DIRECTION('',(-1.,1.224646799147E-16,0.));
#13665 = DIRECTION('',(1.359631073446E-32,1.110223024625E-16,1.));
#13666 = ADVANCED_FACE('',(#13667),#13685,.T.);
#13667 = FACE_BOUND('',#13668,.T.);
#13668 = EDGE_LOOP('',(#13669,#13677,#13683,#13684));
#13669 = ORIENTED_EDGE('',*,*,#13670,.T.);
#13670 = EDGE_CURVE('',#13648,#13671,#13673,.T.);
#13671 = VERTEX_POINT('',#13672);
#13672 = CARTESIAN_POINT('',(8.8,-3.95,1.1));
#13673 = LINE('',#13674,#13675);
#13674 = CARTESIAN_POINT('',(9.2,-3.95,1.1));
#13675 = VECTOR('',#13676,1.);
#13676 = DIRECTION('',(-1.,1.224646799147E-16,0.));
#13677 = ORIENTED_EDGE('',*,*,#13678,.T.);
#13678 = EDGE_CURVE('',#13671,#11605,#13679,.T.);
#13679 = LINE('',#13680,#13681);
#13680 = CARTESIAN_POINT('',(8.8,-3.95,1.1));
#13681 = VECTOR('',#13682,1.);
#13682 = DIRECTION('',(-1.359631073447E-32,-1.110223024625E-16,-1.));
#13683 = ORIENTED_EDGE('',*,*,#11612,.T.);
#13684 = ORIENTED_EDGE('',*,*,#13647,.T.);
#13685 = PLANE('',#13686);
#13686 = AXIS2_PLACEMENT_3D('',#13687,#13688,#13689);
#13687 = CARTESIAN_POINT('',(9.,-3.95,0.95));
#13688 = DIRECTION('',(-1.224646799147E-16,-1.,1.110223024625E-16));
#13689 = DIRECTION('',(-1.,1.224646799147E-16,0.));
#13690 = ADVANCED_FACE('',(#13691),#13702,.F.);
#13691 = FACE_BOUND('',#13692,.F.);
#13692 = EDGE_LOOP('',(#13693,#13699,#13700,#13701));
#13693 = ORIENTED_EDGE('',*,*,#13694,.T.);
#13694 = EDGE_CURVE('',#12117,#13671,#13695,.T.);
#13695 = LINE('',#13696,#13697);
#13696 = CARTESIAN_POINT('',(8.8,-2.05,1.1));
#13697 = VECTOR('',#13698,1.);
#13698 = DIRECTION('',(-1.224646799147E-16,-1.,1.110223024625E-16));
#13699 = ORIENTED_EDGE('',*,*,#13678,.T.);
#13700 = ORIENTED_EDGE('',*,*,#11604,.F.);
#13701 = ORIENTED_EDGE('',*,*,#12116,.F.);
#13702 = PLANE('',#13703);
#13703 = AXIS2_PLACEMENT_3D('',#13704,#13705,#13706);
#13704 = CARTESIAN_POINT('',(8.8,-2.05,1.1));
#13705 = DIRECTION('',(1.,-1.224646799147E-16,0.));
#13706 = DIRECTION('',(-1.359631073446E-32,-1.110223024625E-16,-1.));
#13707 = ADVANCED_FACE('',(#13708),#13726,.F.);
#13708 = FACE_BOUND('',#13709,.F.);
#13709 = EDGE_LOOP('',(#13710,#13711,#13719,#13725));
#13710 = ORIENTED_EDGE('',*,*,#11588,.T.);
#13711 = ORIENTED_EDGE('',*,*,#13712,.T.);
#13712 = EDGE_CURVE('',#11581,#13713,#13715,.T.);
#13713 = VERTEX_POINT('',#13714);
#13714 = CARTESIAN_POINT('',(7.2,-3.95,1.1));
#13715 = LINE('',#13716,#13717);
#13716 = CARTESIAN_POINT('',(7.2,-3.95,0.8));
#13717 = VECTOR('',#13718,1.);
#13718 = DIRECTION('',(1.359631073447E-32,1.110223024625E-16,1.));
#13719 = ORIENTED_EDGE('',*,*,#13720,.F.);
#13720 = EDGE_CURVE('',#12102,#13713,#13721,.T.);
#13721 = LINE('',#13722,#13723);
#13722 = CARTESIAN_POINT('',(7.2,-2.05,1.1));
#13723 = VECTOR('',#13724,1.);
#13724 = DIRECTION('',(-1.224646799147E-16,-1.,1.110223024625E-16));
#13725 = ORIENTED_EDGE('',*,*,#12109,.F.);
#13726 = PLANE('',#13727);
#13727 = AXIS2_PLACEMENT_3D('',#13728,#13729,#13730);
#13728 = CARTESIAN_POINT('',(7.2,-2.05,0.8));
#13729 = DIRECTION('',(-1.,1.224646799147E-16,0.));
#13730 = DIRECTION('',(1.359631073446E-32,1.110223024625E-16,1.));
#13731 = ADVANCED_FACE('',(#13732),#13750,.T.);
#13732 = FACE_BOUND('',#13733,.T.);
#13733 = EDGE_LOOP('',(#13734,#13742,#13748,#13749));
#13734 = ORIENTED_EDGE('',*,*,#13735,.T.);
#13735 = EDGE_CURVE('',#13713,#13736,#13738,.T.);
#13736 = VERTEX_POINT('',#13737);
#13737 = CARTESIAN_POINT('',(6.8,-3.95,1.1));
#13738 = LINE('',#13739,#13740);
#13739 = CARTESIAN_POINT('',(7.2,-3.95,1.1));
#13740 = VECTOR('',#13741,1.);
#13741 = DIRECTION('',(-1.,1.224646799147E-16,0.));
#13742 = ORIENTED_EDGE('',*,*,#13743,.T.);
#13743 = EDGE_CURVE('',#13736,#11573,#13744,.T.);
#13744 = LINE('',#13745,#13746);
#13745 = CARTESIAN_POINT('',(6.8,-3.95,1.1));
#13746 = VECTOR('',#13747,1.);
#13747 = DIRECTION('',(-1.359631073447E-32,-1.110223024625E-16,-1.));
#13748 = ORIENTED_EDGE('',*,*,#11580,.T.);
#13749 = ORIENTED_EDGE('',*,*,#13712,.T.);
#13750 = PLANE('',#13751);
#13751 = AXIS2_PLACEMENT_3D('',#13752,#13753,#13754);
#13752 = CARTESIAN_POINT('',(7.,-3.95,0.95));
#13753 = DIRECTION('',(-1.224646799147E-16,-1.,1.110223024625E-16));
#13754 = DIRECTION('',(-1.,1.224646799147E-16,0.));
#13755 = ADVANCED_FACE('',(#13756),#13767,.F.);
#13756 = FACE_BOUND('',#13757,.F.);
#13757 = EDGE_LOOP('',(#13758,#13764,#13765,#13766));
#13758 = ORIENTED_EDGE('',*,*,#13759,.T.);
#13759 = EDGE_CURVE('',#12094,#13736,#13760,.T.);
#13760 = LINE('',#13761,#13762);
#13761 = CARTESIAN_POINT('',(6.8,-2.05,1.1));
#13762 = VECTOR('',#13763,1.);
#13763 = DIRECTION('',(-1.224646799147E-16,-1.,1.110223024625E-16));
#13764 = ORIENTED_EDGE('',*,*,#13743,.T.);
#13765 = ORIENTED_EDGE('',*,*,#11572,.F.);
#13766 = ORIENTED_EDGE('',*,*,#12093,.F.);
#13767 = PLANE('',#13768);
#13768 = AXIS2_PLACEMENT_3D('',#13769,#13770,#13771);
#13769 = CARTESIAN_POINT('',(6.8,-2.05,1.1));
#13770 = DIRECTION('',(1.,-1.224646799147E-16,0.));
#13771 = DIRECTION('',(-1.359631073446E-32,-1.110223024625E-16,-1.));
#13772 = ADVANCED_FACE('',(#13773),#13791,.F.);
#13773 = FACE_BOUND('',#13774,.F.);
#13774 = EDGE_LOOP('',(#13775,#13776,#13784,#13790));
#13775 = ORIENTED_EDGE('',*,*,#11556,.T.);
#13776 = ORIENTED_EDGE('',*,*,#13777,.T.);
#13777 = EDGE_CURVE('',#11549,#13778,#13780,.T.);
#13778 = VERTEX_POINT('',#13779);
#13779 = CARTESIAN_POINT('',(5.2,-3.95,1.1));
#13780 = LINE('',#13781,#13782);
#13781 = CARTESIAN_POINT('',(5.2,-3.95,0.8));
#13782 = VECTOR('',#13783,1.);
#13783 = DIRECTION('',(1.359631073447E-32,1.110223024625E-16,1.));
#13784 = ORIENTED_EDGE('',*,*,#13785,.F.);
#13785 = EDGE_CURVE('',#12079,#13778,#13786,.T.);
#13786 = LINE('',#13787,#13788);
#13787 = CARTESIAN_POINT('',(5.2,-2.05,1.1));
#13788 = VECTOR('',#13789,1.);
#13789 = DIRECTION('',(-1.224646799147E-16,-1.,1.110223024625E-16));
#13790 = ORIENTED_EDGE('',*,*,#12086,.F.);
#13791 = PLANE('',#13792);
#13792 = AXIS2_PLACEMENT_3D('',#13793,#13794,#13795);
#13793 = CARTESIAN_POINT('',(5.2,-2.05,0.8));
#13794 = DIRECTION('',(-1.,1.224646799147E-16,0.));
#13795 = DIRECTION('',(1.359631073446E-32,1.110223024625E-16,1.));
#13796 = ADVANCED_FACE('',(#13797),#13815,.T.);
#13797 = FACE_BOUND('',#13798,.T.);
#13798 = EDGE_LOOP('',(#13799,#13807,#13813,#13814));
#13799 = ORIENTED_EDGE('',*,*,#13800,.T.);
#13800 = EDGE_CURVE('',#13778,#13801,#13803,.T.);
#13801 = VERTEX_POINT('',#13802);
#13802 = CARTESIAN_POINT('',(4.8,-3.95,1.1));
#13803 = LINE('',#13804,#13805);
#13804 = CARTESIAN_POINT('',(5.2,-3.95,1.1));
#13805 = VECTOR('',#13806,1.);
#13806 = DIRECTION('',(-1.,1.224646799147E-16,0.));
#13807 = ORIENTED_EDGE('',*,*,#13808,.T.);
#13808 = EDGE_CURVE('',#13801,#11541,#13809,.T.);
#13809 = LINE('',#13810,#13811);
#13810 = CARTESIAN_POINT('',(4.8,-3.95,1.1));
#13811 = VECTOR('',#13812,1.);
#13812 = DIRECTION('',(-1.359631073447E-32,-1.110223024625E-16,-1.));
#13813 = ORIENTED_EDGE('',*,*,#11548,.T.);
#13814 = ORIENTED_EDGE('',*,*,#13777,.T.);
#13815 = PLANE('',#13816);
#13816 = AXIS2_PLACEMENT_3D('',#13817,#13818,#13819);
#13817 = CARTESIAN_POINT('',(5.,-3.95,0.95));
#13818 = DIRECTION('',(-1.224646799147E-16,-1.,1.110223024625E-16));
#13819 = DIRECTION('',(-1.,1.224646799147E-16,0.));
#13820 = ADVANCED_FACE('',(#13821),#13832,.F.);
#13821 = FACE_BOUND('',#13822,.F.);
#13822 = EDGE_LOOP('',(#13823,#13829,#13830,#13831));
#13823 = ORIENTED_EDGE('',*,*,#13824,.T.);
#13824 = EDGE_CURVE('',#12071,#13801,#13825,.T.);
#13825 = LINE('',#13826,#13827);
#13826 = CARTESIAN_POINT('',(4.8,-2.05,1.1));
#13827 = VECTOR('',#13828,1.);
#13828 = DIRECTION('',(-1.224646799147E-16,-1.,1.110223024625E-16));
#13829 = ORIENTED_EDGE('',*,*,#13808,.T.);
#13830 = ORIENTED_EDGE('',*,*,#11540,.F.);
#13831 = ORIENTED_EDGE('',*,*,#12070,.F.);
#13832 = PLANE('',#13833);
#13833 = AXIS2_PLACEMENT_3D('',#13834,#13835,#13836);
#13834 = CARTESIAN_POINT('',(4.8,-2.05,1.1));
#13835 = DIRECTION('',(1.,-1.224646799147E-16,0.));
#13836 = DIRECTION('',(-1.359631073446E-32,-1.110223024625E-16,-1.));
#13837 = ADVANCED_FACE('',(#13838),#13856,.F.);
#13838 = FACE_BOUND('',#13839,.F.);
#13839 = EDGE_LOOP('',(#13840,#13841,#13849,#13855));
#13840 = ORIENTED_EDGE('',*,*,#11524,.T.);
#13841 = ORIENTED_EDGE('',*,*,#13842,.T.);
#13842 = EDGE_CURVE('',#11517,#13843,#13845,.T.);
#13843 = VERTEX_POINT('',#13844);
#13844 = CARTESIAN_POINT('',(3.2,-3.95,1.1));
#13845 = LINE('',#13846,#13847);
#13846 = CARTESIAN_POINT('',(3.2,-3.95,0.8));
#13847 = VECTOR('',#13848,1.);
#13848 = DIRECTION('',(1.359631073447E-32,1.110223024625E-16,1.));
#13849 = ORIENTED_EDGE('',*,*,#13850,.F.);
#13850 = EDGE_CURVE('',#12056,#13843,#13851,.T.);
#13851 = LINE('',#13852,#13853);
#13852 = CARTESIAN_POINT('',(3.2,-2.05,1.1));
#13853 = VECTOR('',#13854,1.);
#13854 = DIRECTION('',(-1.224646799147E-16,-1.,1.110223024625E-16));
#13855 = ORIENTED_EDGE('',*,*,#12063,.F.);
#13856 = PLANE('',#13857);
#13857 = AXIS2_PLACEMENT_3D('',#13858,#13859,#13860);
#13858 = CARTESIAN_POINT('',(3.2,-2.05,0.8));
#13859 = DIRECTION('',(-1.,1.224646799147E-16,0.));
#13860 = DIRECTION('',(1.359631073446E-32,1.110223024625E-16,1.));
#13861 = ADVANCED_FACE('',(#13862),#13880,.T.);
#13862 = FACE_BOUND('',#13863,.T.);
#13863 = EDGE_LOOP('',(#13864,#13872,#13878,#13879));
#13864 = ORIENTED_EDGE('',*,*,#13865,.T.);
#13865 = EDGE_CURVE('',#13843,#13866,#13868,.T.);
#13866 = VERTEX_POINT('',#13867);
#13867 = CARTESIAN_POINT('',(2.8,-3.95,1.1));
#13868 = LINE('',#13869,#13870);
#13869 = CARTESIAN_POINT('',(3.2,-3.95,1.1));
#13870 = VECTOR('',#13871,1.);
#13871 = DIRECTION('',(-1.,1.224646799147E-16,0.));
#13872 = ORIENTED_EDGE('',*,*,#13873,.T.);
#13873 = EDGE_CURVE('',#13866,#11509,#13874,.T.);
#13874 = LINE('',#13875,#13876);
#13875 = CARTESIAN_POINT('',(2.8,-3.95,1.1));
#13876 = VECTOR('',#13877,1.);
#13877 = DIRECTION('',(-1.359631073447E-32,-1.110223024625E-16,-1.));
#13878 = ORIENTED_EDGE('',*,*,#11516,.T.);
#13879 = ORIENTED_EDGE('',*,*,#13842,.T.);
#13880 = PLANE('',#13881);
#13881 = AXIS2_PLACEMENT_3D('',#13882,#13883,#13884);
#13882 = CARTESIAN_POINT('',(3.,-3.95,0.95));
#13883 = DIRECTION('',(-1.224646799147E-16,-1.,1.110223024625E-16));
#13884 = DIRECTION('',(-1.,1.224646799147E-16,0.));
#13885 = ADVANCED_FACE('',(#13886),#13897,.F.);
#13886 = FACE_BOUND('',#13887,.F.);
#13887 = EDGE_LOOP('',(#13888,#13894,#13895,#13896));
#13888 = ORIENTED_EDGE('',*,*,#13889,.T.);
#13889 = EDGE_CURVE('',#12048,#13866,#13890,.T.);
#13890 = LINE('',#13891,#13892);
#13891 = CARTESIAN_POINT('',(2.8,-2.05,1.1));
#13892 = VECTOR('',#13893,1.);
#13893 = DIRECTION('',(-1.224646799147E-16,-1.,1.110223024625E-16));
#13894 = ORIENTED_EDGE('',*,*,#13873,.T.);
#13895 = ORIENTED_EDGE('',*,*,#11508,.F.);
#13896 = ORIENTED_EDGE('',*,*,#12047,.F.);
#13897 = PLANE('',#13898);
#13898 = AXIS2_PLACEMENT_3D('',#13899,#13900,#13901);
#13899 = CARTESIAN_POINT('',(2.8,-2.05,1.1));
#13900 = DIRECTION('',(1.,-1.224646799147E-16,0.));
#13901 = DIRECTION('',(-1.359631073446E-32,-1.110223024625E-16,-1.));
#13902 = ADVANCED_FACE('',(#13903),#13921,.F.);
#13903 = FACE_BOUND('',#13904,.F.);
#13904 = EDGE_LOOP('',(#13905,#13906,#13914,#13920));
#13905 = ORIENTED_EDGE('',*,*,#11492,.T.);
#13906 = ORIENTED_EDGE('',*,*,#13907,.T.);
#13907 = EDGE_CURVE('',#11485,#13908,#13910,.T.);
#13908 = VERTEX_POINT('',#13909);
#13909 = CARTESIAN_POINT('',(1.2,-3.95,1.1));
#13910 = LINE('',#13911,#13912);
#13911 = CARTESIAN_POINT('',(1.2,-3.95,0.8));
#13912 = VECTOR('',#13913,1.);
#13913 = DIRECTION('',(1.359631073447E-32,1.110223024625E-16,1.));
#13914 = ORIENTED_EDGE('',*,*,#13915,.F.);
#13915 = EDGE_CURVE('',#12033,#13908,#13916,.T.);
#13916 = LINE('',#13917,#13918);
#13917 = CARTESIAN_POINT('',(1.2,-2.05,1.1));
#13918 = VECTOR('',#13919,1.);
#13919 = DIRECTION('',(-1.224646799147E-16,-1.,1.110223024625E-16));
#13920 = ORIENTED_EDGE('',*,*,#12040,.F.);
#13921 = PLANE('',#13922);
#13922 = AXIS2_PLACEMENT_3D('',#13923,#13924,#13925);
#13923 = CARTESIAN_POINT('',(1.2,-2.05,0.8));
#13924 = DIRECTION('',(-1.,1.224646799147E-16,0.));
#13925 = DIRECTION('',(1.359631073446E-32,1.110223024625E-16,1.));
#13926 = ADVANCED_FACE('',(#13927),#13945,.T.);
#13927 = FACE_BOUND('',#13928,.T.);
#13928 = EDGE_LOOP('',(#13929,#13937,#13943,#13944));
#13929 = ORIENTED_EDGE('',*,*,#13930,.T.);
#13930 = EDGE_CURVE('',#13908,#13931,#13933,.T.);
#13931 = VERTEX_POINT('',#13932);
#13932 = CARTESIAN_POINT('',(0.8,-3.95,1.1));
#13933 = LINE('',#13934,#13935);
#13934 = CARTESIAN_POINT('',(1.2,-3.95,1.1));
#13935 = VECTOR('',#13936,1.);
#13936 = DIRECTION('',(-1.,1.224646799147E-16,0.));
#13937 = ORIENTED_EDGE('',*,*,#13938,.T.);
#13938 = EDGE_CURVE('',#13931,#11477,#13939,.T.);
#13939 = LINE('',#13940,#13941);
#13940 = CARTESIAN_POINT('',(0.8,-3.95,1.1));
#13941 = VECTOR('',#13942,1.);
#13942 = DIRECTION('',(-1.359631073447E-32,-1.110223024625E-16,-1.));
#13943 = ORIENTED_EDGE('',*,*,#11484,.T.);
#13944 = ORIENTED_EDGE('',*,*,#13907,.T.);
#13945 = PLANE('',#13946);
#13946 = AXIS2_PLACEMENT_3D('',#13947,#13948,#13949);
#13947 = CARTESIAN_POINT('',(1.,-3.95,0.95));
#13948 = DIRECTION('',(-1.224646799147E-16,-1.,1.110223024625E-16));
#13949 = DIRECTION('',(-1.,1.224646799147E-16,0.));
#13950 = ADVANCED_FACE('',(#13951),#13962,.F.);
#13951 = FACE_BOUND('',#13952,.F.);
#13952 = EDGE_LOOP('',(#13953,#13959,#13960,#13961));
#13953 = ORIENTED_EDGE('',*,*,#13954,.T.);
#13954 = EDGE_CURVE('',#12025,#13931,#13955,.T.);
#13955 = LINE('',#13956,#13957);
#13956 = CARTESIAN_POINT('',(0.8,-2.05,1.1));
#13957 = VECTOR('',#13958,1.);
#13958 = DIRECTION('',(-1.224646799147E-16,-1.,1.110223024625E-16));
#13959 = ORIENTED_EDGE('',*,*,#13938,.T.);
#13960 = ORIENTED_EDGE('',*,*,#11476,.F.);
#13961 = ORIENTED_EDGE('',*,*,#12024,.F.);
#13962 = PLANE('',#13963);
#13963 = AXIS2_PLACEMENT_3D('',#13964,#13965,#13966);
#13964 = CARTESIAN_POINT('',(0.8,-2.05,1.1));
#13965 = DIRECTION('',(1.,-1.224646799147E-16,0.));
#13966 = DIRECTION('',(-1.359631073446E-32,-1.110223024625E-16,-1.));
#13967 = ADVANCED_FACE('',(#13968),#13979,.T.);
#13968 = FACE_BOUND('',#13969,.T.);
#13969 = EDGE_LOOP('',(#13970,#13971,#13972,#13973));
#13970 = ORIENTED_EDGE('',*,*,#11718,.T.);
#13971 = ORIENTED_EDGE('',*,*,#13322,.T.);
#13972 = ORIENTED_EDGE('',*,*,#11799,.T.);
#13973 = ORIENTED_EDGE('',*,*,#13974,.F.);
#13974 = EDGE_CURVE('',#11710,#11791,#13975,.T.);
#13975 = LINE('',#13976,#13977);
#13976 = CARTESIAN_POINT('',(13.95,-4.65,3.3));
#13977 = VECTOR('',#13978,1.);
#13978 = DIRECTION('',(-1.,1.224646799147E-16,0.));
#13979 = PLANE('',#13980);
#13980 = AXIS2_PLACEMENT_3D('',#13981,#13982,#13983);
#13981 = CARTESIAN_POINT('',(13.95,-6.25,3.3));
#13982 = DIRECTION('',(-1.359631073447E-32,-1.110223024625E-16,-1.));
#13983 = DIRECTION('',(1.224646799147E-16,1.,-1.110223024625E-16));
#13984 = ADVANCED_FACE('',(#13985),#13991,.F.);
#13985 = FACE_BOUND('',#13986,.F.);
#13986 = EDGE_LOOP('',(#13987,#13988,#13989,#13990));
#13987 = ORIENTED_EDGE('',*,*,#11733,.T.);
#13988 = ORIENTED_EDGE('',*,*,#11790,.T.);
#13989 = ORIENTED_EDGE('',*,*,#13974,.F.);
#13990 = ORIENTED_EDGE('',*,*,#11709,.F.);
#13991 = CYLINDRICAL_SURFACE('',#13992,0.4);
#13992 = AXIS2_PLACEMENT_3D('',#13993,#13994,#13995);
#13993 = CARTESIAN_POINT('',(13.95,-4.65,2.9));
#13994 = DIRECTION('',(1.,-1.224646799147E-16,0.));
#13995 = DIRECTION('',(1.359631073446E-32,1.110223024625E-16,1.));
#13996 = ADVANCED_FACE('',(#13997),#14008,.F.);
#13997 = FACE_BOUND('',#13998,.F.);
#13998 = EDGE_LOOP('',(#13999,#14000,#14001,#14007));
#13999 = ORIENTED_EDGE('',*,*,#13401,.T.);
#14000 = ORIENTED_EDGE('',*,*,#11766,.T.);
#14001 = ORIENTED_EDGE('',*,*,#14002,.F.);
#14002 = EDGE_CURVE('',#11862,#11767,#14003,.T.);
#14003 = LINE('',#14004,#14005);
#14004 = CARTESIAN_POINT('',(-0.95,1.35,3.2));
#14005 = VECTOR('',#14006,1.);
#14006 = DIRECTION('',(-1.,1.224646799147E-16,0.));
#14007 = ORIENTED_EDGE('',*,*,#11861,.F.);
#14008 = PLANE('',#14009);
#14009 = AXIS2_PLACEMENT_3D('',#14010,#14011,#14012);
#14010 = CARTESIAN_POINT('',(-0.95,-0.25,4.1));
#14011 = DIRECTION('',(-6.003968578616E-17,-0.490261239633,
    -0.871575537124));
#14012 = DIRECTION('',(1.067372191754E-16,0.871575537124,-0.490261239633
    ));
#14013 = ADVANCED_FACE('',(#14014),#14020,.F.);
#14014 = FACE_BOUND('',#14015,.F.);
#14015 = EDGE_LOOP('',(#14016,#14017,#14018,#14019));
#14016 = ORIENTED_EDGE('',*,*,#14002,.T.);
#14017 = ORIENTED_EDGE('',*,*,#11774,.T.);
#14018 = ORIENTED_EDGE('',*,*,#11829,.F.);
#14019 = ORIENTED_EDGE('',*,*,#11869,.F.);
#14020 = PLANE('',#14021);
#14021 = AXIS2_PLACEMENT_3D('',#14022,#14023,#14024);
#14022 = CARTESIAN_POINT('',(-0.95,1.35,3.2));
#14023 = DIRECTION('',(-1.224646799147E-16,-1.,0.));
#14024 = DIRECTION('',(-0.,0.,-1.));
#14025 = ADVANCED_FACE('',(#14026),#14044,.F.);
#14026 = FACE_BOUND('',#14027,.F.);
#14027 = EDGE_LOOP('',(#14028,#14029,#14035,#14036,#14042,#14043));
#14028 = ORIENTED_EDGE('',*,*,#13394,.F.);
#14029 = ORIENTED_EDGE('',*,*,#14030,.F.);
#14030 = EDGE_CURVE('',#13222,#13385,#14031,.T.);
#14031 = LINE('',#14032,#14033);
#14032 = CARTESIAN_POINT('',(-1.4,-4.45,4.8));
#14033 = VECTOR('',#14034,1.);
#14034 = DIRECTION('',(1.224646799147E-16,1.,-1.110223024625E-16));
#14035 = ORIENTED_EDGE('',*,*,#13229,.F.);
#14036 = ORIENTED_EDGE('',*,*,#14037,.T.);
#14037 = EDGE_CURVE('',#13230,#13308,#14038,.T.);
#14038 = LINE('',#14039,#14040);
#14039 = CARTESIAN_POINT('',(-0.95,-4.45,4.8));
#14040 = VECTOR('',#14041,1.);
#14041 = DIRECTION('',(-1.224646799147E-16,-1.,1.110223024625E-16));
#14042 = ORIENTED_EDGE('',*,*,#13315,.T.);
#14043 = ORIENTED_EDGE('',*,*,#11815,.F.);
#14044 = PLANE('',#14045);
#14045 = AXIS2_PLACEMENT_3D('',#14046,#14047,#14048);
#14046 = CARTESIAN_POINT('',(13.95,-0.25,4.8));
#14047 = DIRECTION('',(-1.359631073447E-32,-1.110223024625E-16,-1.));
#14048 = DIRECTION('',(-1.,1.224646799147E-16,6.927121900793E-45));
#14049 = ADVANCED_FACE('',(#14050),#14062,.T.);
#14050 = FACE_BOUND('',#14051,.T.);
#14051 = EDGE_LOOP('',(#14052,#14053,#14054,#14055,#14061));
#14052 = ORIENTED_EDGE('',*,*,#14030,.F.);
#14053 = ORIENTED_EDGE('',*,*,#13221,.T.);
#14054 = ORIENTED_EDGE('',*,*,#11944,.T.);
#14055 = ORIENTED_EDGE('',*,*,#14056,.T.);
#14056 = EDGE_CURVE('',#11945,#13387,#14057,.T.);
#14057 = LINE('',#14058,#14059);
#14058 = CARTESIAN_POINT('',(-1.4,-4.45,4.2));
#14059 = VECTOR('',#14060,1.);
#14060 = DIRECTION('',(1.224646799147E-16,1.,-1.110223024625E-16));
#14061 = ORIENTED_EDGE('',*,*,#13384,.F.);
#14062 = PLANE('',#14063);
#14063 = AXIS2_PLACEMENT_3D('',#14064,#14065,#14066);
#14064 = CARTESIAN_POINT('',(-1.4,-4.45,4.8));
#14065 = DIRECTION('',(1.,-1.224646799147E-16,0.));
#14066 = DIRECTION('',(1.224646799147E-16,1.,-1.110223024625E-16));
#14067 = ADVANCED_FACE('',(#14068),#14074,.F.);
#14068 = FACE_BOUND('',#14069,.F.);
#14069 = EDGE_LOOP('',(#14070,#14071,#14072,#14073));
#14070 = ORIENTED_EDGE('',*,*,#13590,.T.);
#14071 = ORIENTED_EDGE('',*,*,#13605,.T.);
#14072 = ORIENTED_EDGE('',*,*,#13629,.F.);
#14073 = ORIENTED_EDGE('',*,*,#12147,.F.);
#14074 = PLANE('',#14075);
#14075 = AXIS2_PLACEMENT_3D('',#14076,#14077,#14078);
#14076 = CARTESIAN_POINT('',(11.2,-2.05,1.1));
#14077 = DIRECTION('',(-1.359631073447E-32,-1.110223024625E-16,-1.));
#14078 = DIRECTION('',(-1.,1.224646799147E-16,6.927121900793E-45));
#14079 = ADVANCED_FACE('',(#14080),#14086,.F.);
#14080 = FACE_BOUND('',#14081,.F.);
#14081 = EDGE_LOOP('',(#14082,#14083,#14084,#14085));
#14082 = ORIENTED_EDGE('',*,*,#13655,.T.);
#14083 = ORIENTED_EDGE('',*,*,#13670,.T.);
#14084 = ORIENTED_EDGE('',*,*,#13694,.F.);
#14085 = ORIENTED_EDGE('',*,*,#12124,.F.);
#14086 = PLANE('',#14087);
#14087 = AXIS2_PLACEMENT_3D('',#14088,#14089,#14090);
#14088 = CARTESIAN_POINT('',(9.2,-2.05,1.1));
#14089 = DIRECTION('',(-1.359631073447E-32,-1.110223024625E-16,-1.));
#14090 = DIRECTION('',(-1.,1.224646799147E-16,6.927121900793E-45));
#14091 = ADVANCED_FACE('',(#14092),#14100,.F.);
#14092 = FACE_BOUND('',#14093,.F.);
#14093 = EDGE_LOOP('',(#14094,#14095,#14096,#14097,#14098,#14099));
#14094 = ORIENTED_EDGE('',*,*,#12015,.T.);
#14095 = ORIENTED_EDGE('',*,*,#14056,.T.);
#14096 = ORIENTED_EDGE('',*,*,#13417,.T.);
#14097 = ORIENTED_EDGE('',*,*,#13432,.F.);
#14098 = ORIENTED_EDGE('',*,*,#13165,.T.);
#14099 = ORIENTED_EDGE('',*,*,#13197,.T.);
#14100 = PLANE('',#14101);
#14101 = AXIS2_PLACEMENT_3D('',#14102,#14103,#14104);
#14102 = CARTESIAN_POINT('',(-0.9,-2.35,4.2));
#14103 = DIRECTION('',(-1.596532946872E-30,-1.110223024625E-16,-1.));
#14104 = DIRECTION('',(-1.,1.224646799147E-16,1.582936636138E-30));
#14105 = ADVANCED_FACE('',(#14106),#14112,.F.);
#14106 = FACE_BOUND('',#14107,.F.);
#14107 = EDGE_LOOP('',(#14108,#14109,#14110,#14111));
#14108 = ORIENTED_EDGE('',*,*,#13720,.T.);
#14109 = ORIENTED_EDGE('',*,*,#13735,.T.);
#14110 = ORIENTED_EDGE('',*,*,#13759,.F.);
#14111 = ORIENTED_EDGE('',*,*,#12101,.F.);
#14112 = PLANE('',#14113);
#14113 = AXIS2_PLACEMENT_3D('',#14114,#14115,#14116);
#14114 = CARTESIAN_POINT('',(7.2,-2.05,1.1));
#14115 = DIRECTION('',(-1.359631073447E-32,-1.110223024625E-16,-1.));
#14116 = DIRECTION('',(-1.,1.224646799147E-16,6.927121900793E-45));
#14117 = ADVANCED_FACE('',(#14118),#14124,.F.);
#14118 = FACE_BOUND('',#14119,.F.);
#14119 = EDGE_LOOP('',(#14120,#14121,#14122,#14123));
#14120 = ORIENTED_EDGE('',*,*,#13915,.T.);
#14121 = ORIENTED_EDGE('',*,*,#13930,.T.);
#14122 = ORIENTED_EDGE('',*,*,#13954,.F.);
#14123 = ORIENTED_EDGE('',*,*,#12032,.F.);
#14124 = PLANE('',#14125);
#14125 = AXIS2_PLACEMENT_3D('',#14126,#14127,#14128);
#14126 = CARTESIAN_POINT('',(1.2,-2.05,1.1));
#14127 = DIRECTION('',(-1.359631073447E-32,-1.110223024625E-16,-1.));
#14128 = DIRECTION('',(-1.,1.224646799147E-16,6.927121900793E-45));
#14129 = ADVANCED_FACE('',(#14130),#14136,.F.);
#14130 = FACE_BOUND('',#14131,.F.);
#14131 = EDGE_LOOP('',(#14132,#14133,#14134,#14135));
#14132 = ORIENTED_EDGE('',*,*,#13785,.T.);
#14133 = ORIENTED_EDGE('',*,*,#13800,.T.);
#14134 = ORIENTED_EDGE('',*,*,#13824,.F.);
#14135 = ORIENTED_EDGE('',*,*,#12078,.F.);
#14136 = PLANE('',#14137);
#14137 = AXIS2_PLACEMENT_3D('',#14138,#14139,#14140);
#14138 = CARTESIAN_POINT('',(5.2,-2.05,1.1));
#14139 = DIRECTION('',(-1.359631073447E-32,-1.110223024625E-16,-1.));
#14140 = DIRECTION('',(-1.,1.224646799147E-16,6.927121900793E-45));
#14141 = ADVANCED_FACE('',(#14142),#14148,.F.);
#14142 = FACE_BOUND('',#14143,.F.);
#14143 = EDGE_LOOP('',(#14144,#14145,#14146,#14147));
#14144 = ORIENTED_EDGE('',*,*,#13850,.T.);
#14145 = ORIENTED_EDGE('',*,*,#13865,.T.);
#14146 = ORIENTED_EDGE('',*,*,#13889,.F.);
#14147 = ORIENTED_EDGE('',*,*,#12055,.F.);
#14148 = PLANE('',#14149);
#14149 = AXIS2_PLACEMENT_3D('',#14150,#14151,#14152);
#14150 = CARTESIAN_POINT('',(3.2,-2.05,1.1));
#14151 = DIRECTION('',(-1.359631073447E-32,-1.110223024625E-16,-1.));
#14152 = DIRECTION('',(-1.,1.224646799147E-16,6.927121900793E-45));
#14153 = ADVANCED_FACE('',(#14154),#14179,.T.);
#14154 = FACE_BOUND('',#14155,.T.);
#14155 = EDGE_LOOP('',(#14156,#14166,#14172,#14173));
#14156 = ORIENTED_EDGE('',*,*,#14157,.T.);
#14157 = EDGE_CURVE('',#14158,#14160,#14162,.T.);
#14158 = VERTEX_POINT('',#14159);
#14159 = CARTESIAN_POINT('',(9.75,-5.55,2.85));
#14160 = VERTEX_POINT('',#14161);
#14161 = CARTESIAN_POINT('',(9.75,-5.55,3.35));
#14162 = LINE('',#14163,#14164);
#14163 = CARTESIAN_POINT('',(9.75,-5.55,2.85));
#14164 = VECTOR('',#14165,1.);
#14165 = DIRECTION('',(0.,0.,1.));
#14166 = ORIENTED_EDGE('',*,*,#14167,.T.);
#14167 = EDGE_CURVE('',#14160,#12156,#14168,.T.);
#14168 = LINE('',#14169,#14170);
#14169 = CARTESIAN_POINT('',(9.75,-5.75,3.35));
#14170 = VECTOR('',#14171,1.);
#14171 = DIRECTION('',(1.224646799147E-16,1.,0.));
#14172 = ORIENTED_EDGE('',*,*,#12155,.T.);
#14173 = ORIENTED_EDGE('',*,*,#14174,.T.);
#14174 = EDGE_CURVE('',#12158,#14158,#14175,.T.);
#14175 = LINE('',#14176,#14177);
#14176 = CARTESIAN_POINT('',(9.75,-0.25,2.85));
#14177 = VECTOR('',#14178,1.);
#14178 = DIRECTION('',(-1.224646799147E-16,-1.,0.));
#14179 = PLANE('',#14180);
#14180 = AXIS2_PLACEMENT_3D('',#14181,#14182,#14183);
#14181 = CARTESIAN_POINT('',(9.75,-1.401960784314,1.323039215686));
#14182 = DIRECTION('',(-1.,1.224646799147E-16,0.));
#14183 = DIRECTION('',(0.,0.,1.));
#14184 = ADVANCED_FACE('',(#14185),#14203,.F.);
#14185 = FACE_BOUND('',#14186,.F.);
#14186 = EDGE_LOOP('',(#14187,#14195,#14196,#14197));
#14187 = ORIENTED_EDGE('',*,*,#14188,.F.);
#14188 = EDGE_CURVE('',#12174,#14189,#14191,.T.);
#14189 = VERTEX_POINT('',#14190);
#14190 = CARTESIAN_POINT('',(10.25,-5.55,2.85));
#14191 = LINE('',#14192,#14193);
#14192 = CARTESIAN_POINT('',(10.25,-0.25,2.85));
#14193 = VECTOR('',#14194,1.);
#14194 = DIRECTION('',(-1.224646799147E-16,-1.,0.));
#14195 = ORIENTED_EDGE('',*,*,#12181,.T.);
#14196 = ORIENTED_EDGE('',*,*,#14174,.T.);
#14197 = ORIENTED_EDGE('',*,*,#14198,.F.);
#14198 = EDGE_CURVE('',#14189,#14158,#14199,.T.);
#14199 = LINE('',#14200,#14201);
#14200 = CARTESIAN_POINT('',(10.25,-5.55,2.85));
#14201 = VECTOR('',#14202,1.);
#14202 = DIRECTION('',(-1.,1.224646799147E-16,0.));
#14203 = PLANE('',#14204);
#14204 = AXIS2_PLACEMENT_3D('',#14205,#14206,#14207);
#14205 = CARTESIAN_POINT('',(10.25,-0.25,2.85));
#14206 = DIRECTION('',(0.,0.,1.));
#14207 = DIRECTION('',(-1.224646799147E-16,-1.,0.));
#14208 = ADVANCED_FACE('',(#14209),#14227,.F.);
#14209 = FACE_BOUND('',#14210,.F.);
#14210 = EDGE_LOOP('',(#14211,#14219,#14225,#14226));
#14211 = ORIENTED_EDGE('',*,*,#14212,.T.);
#14212 = EDGE_CURVE('',#14189,#14213,#14215,.T.);
#14213 = VERTEX_POINT('',#14214);
#14214 = CARTESIAN_POINT('',(10.25,-5.55,3.35));
#14215 = LINE('',#14216,#14217);
#14216 = CARTESIAN_POINT('',(10.25,-5.55,2.85));
#14217 = VECTOR('',#14218,1.);
#14218 = DIRECTION('',(0.,0.,1.));
#14219 = ORIENTED_EDGE('',*,*,#14220,.T.);
#14220 = EDGE_CURVE('',#14213,#12166,#14221,.T.);
#14221 = LINE('',#14222,#14223);
#14222 = CARTESIAN_POINT('',(10.25,-5.75,3.35));
#14223 = VECTOR('',#14224,1.);
#14224 = DIRECTION('',(1.224646799147E-16,1.,0.));
#14225 = ORIENTED_EDGE('',*,*,#12173,.T.);
#14226 = ORIENTED_EDGE('',*,*,#14188,.T.);
#14227 = PLANE('',#14228);
#14228 = AXIS2_PLACEMENT_3D('',#14229,#14230,#14231);
#14229 = CARTESIAN_POINT('',(10.25,-1.401960784314,1.323039215686));
#14230 = DIRECTION('',(-1.,1.224646799147E-16,0.));
#14231 = DIRECTION('',(0.,0.,1.));
#14232 = ADVANCED_FACE('',(#14233),#14244,.F.);
#14233 = FACE_BOUND('',#14234,.F.);
#14234 = EDGE_LOOP('',(#14235,#14236,#14242,#14243));
#14235 = ORIENTED_EDGE('',*,*,#14220,.F.);
#14236 = ORIENTED_EDGE('',*,*,#14237,.T.);
#14237 = EDGE_CURVE('',#14213,#14160,#14238,.T.);
#14238 = LINE('',#14239,#14240);
#14239 = CARTESIAN_POINT('',(10.25,-5.55,3.35));
#14240 = VECTOR('',#14241,1.);
#14241 = DIRECTION('',(-1.,1.224646799147E-16,0.));
#14242 = ORIENTED_EDGE('',*,*,#14167,.T.);
#14243 = ORIENTED_EDGE('',*,*,#12165,.T.);
#14244 = PLANE('',#14245);
#14245 = AXIS2_PLACEMENT_3D('',#14246,#14247,#14248);
#14246 = CARTESIAN_POINT('',(10.25,-5.75,3.35));
#14247 = DIRECTION('',(-0.,0.,-1.));
#14248 = DIRECTION('',(1.224646799147E-16,1.,0.));
#14249 = ADVANCED_FACE('',(#14250),#14275,.F.);
#14250 = FACE_BOUND('',#14251,.F.);
#14251 = EDGE_LOOP('',(#14252,#14262,#14268,#14269));
#14252 = ORIENTED_EDGE('',*,*,#14253,.T.);
#14253 = EDGE_CURVE('',#14254,#14256,#14258,.T.);
#14254 = VERTEX_POINT('',#14255);
#14255 = CARTESIAN_POINT('',(8.25,-5.55,2.85));
#14256 = VERTEX_POINT('',#14257);
#14257 = CARTESIAN_POINT('',(8.25,-5.55,3.35));
#14258 = LINE('',#14259,#14260);
#14259 = CARTESIAN_POINT('',(8.25,-5.55,2.85));
#14260 = VECTOR('',#14261,1.);
#14261 = DIRECTION('',(0.,0.,1.));
#14262 = ORIENTED_EDGE('',*,*,#14263,.T.);
#14263 = EDGE_CURVE('',#14256,#12190,#14264,.T.);
#14264 = LINE('',#14265,#14266);
#14265 = CARTESIAN_POINT('',(8.25,-5.75,3.35));
#14266 = VECTOR('',#14267,1.);
#14267 = DIRECTION('',(1.224646799147E-16,1.,0.));
#14268 = ORIENTED_EDGE('',*,*,#12189,.T.);
#14269 = ORIENTED_EDGE('',*,*,#14270,.T.);
#14270 = EDGE_CURVE('',#12192,#14254,#14271,.T.);
#14271 = LINE('',#14272,#14273);
#14272 = CARTESIAN_POINT('',(8.25,-0.25,2.85));
#14273 = VECTOR('',#14274,1.);
#14274 = DIRECTION('',(-1.224646799147E-16,-1.,0.));
#14275 = PLANE('',#14276);
#14276 = AXIS2_PLACEMENT_3D('',#14277,#14278,#14279);
#14277 = CARTESIAN_POINT('',(8.25,-1.401960784314,1.323039215686));
#14278 = DIRECTION('',(-1.,1.224646799147E-16,0.));
#14279 = DIRECTION('',(0.,0.,1.));
#14280 = ADVANCED_FACE('',(#14281),#14299,.F.);
#14281 = FACE_BOUND('',#14282,.F.);
#14282 = EDGE_LOOP('',(#14283,#14284,#14292,#14298));
#14283 = ORIENTED_EDGE('',*,*,#14263,.F.);
#14284 = ORIENTED_EDGE('',*,*,#14285,.T.);
#14285 = EDGE_CURVE('',#14256,#14286,#14288,.T.);
#14286 = VERTEX_POINT('',#14287);
#14287 = CARTESIAN_POINT('',(7.75,-5.55,3.35));
#14288 = LINE('',#14289,#14290);
#14289 = CARTESIAN_POINT('',(8.25,-5.55,3.35));
#14290 = VECTOR('',#14291,1.);
#14291 = DIRECTION('',(-1.,1.224646799147E-16,0.));
#14292 = ORIENTED_EDGE('',*,*,#14293,.T.);
#14293 = EDGE_CURVE('',#14286,#12208,#14294,.T.);
#14294 = LINE('',#14295,#14296);
#14295 = CARTESIAN_POINT('',(7.75,-5.75,3.35));
#14296 = VECTOR('',#14297,1.);
#14297 = DIRECTION('',(1.224646799147E-16,1.,0.));
#14298 = ORIENTED_EDGE('',*,*,#12215,.T.);
#14299 = PLANE('',#14300);
#14300 = AXIS2_PLACEMENT_3D('',#14301,#14302,#14303);
#14301 = CARTESIAN_POINT('',(8.25,-5.75,3.35));
#14302 = DIRECTION('',(-0.,0.,-1.));
#14303 = DIRECTION('',(1.224646799147E-16,1.,0.));
#14304 = ADVANCED_FACE('',(#14305),#14323,.T.);
#14305 = FACE_BOUND('',#14306,.T.);
#14306 = EDGE_LOOP('',(#14307,#14315,#14316,#14317));
#14307 = ORIENTED_EDGE('',*,*,#14308,.T.);
#14308 = EDGE_CURVE('',#14309,#14286,#14311,.T.);
#14309 = VERTEX_POINT('',#14310);
#14310 = CARTESIAN_POINT('',(7.75,-5.55,2.85));
#14311 = LINE('',#14312,#14313);
#14312 = CARTESIAN_POINT('',(7.75,-5.55,2.85));
#14313 = VECTOR('',#14314,1.);
#14314 = DIRECTION('',(0.,0.,1.));
#14315 = ORIENTED_EDGE('',*,*,#14293,.T.);
#14316 = ORIENTED_EDGE('',*,*,#12207,.T.);
#14317 = ORIENTED_EDGE('',*,*,#14318,.T.);
#14318 = EDGE_CURVE('',#12200,#14309,#14319,.T.);
#14319 = LINE('',#14320,#14321);
#14320 = CARTESIAN_POINT('',(7.75,-0.25,2.85));
#14321 = VECTOR('',#14322,1.);
#14322 = DIRECTION('',(-1.224646799147E-16,-1.,0.));
#14323 = PLANE('',#14324);
#14324 = AXIS2_PLACEMENT_3D('',#14325,#14326,#14327);
#14325 = CARTESIAN_POINT('',(7.75,-1.401960784314,1.323039215686));
#14326 = DIRECTION('',(-1.,1.224646799147E-16,0.));
#14327 = DIRECTION('',(0.,0.,1.));
#14328 = ADVANCED_FACE('',(#14329),#14340,.F.);
#14329 = FACE_BOUND('',#14330,.F.);
#14330 = EDGE_LOOP('',(#14331,#14332,#14333,#14334));
#14331 = ORIENTED_EDGE('',*,*,#14270,.F.);
#14332 = ORIENTED_EDGE('',*,*,#12199,.T.);
#14333 = ORIENTED_EDGE('',*,*,#14318,.T.);
#14334 = ORIENTED_EDGE('',*,*,#14335,.F.);
#14335 = EDGE_CURVE('',#14254,#14309,#14336,.T.);
#14336 = LINE('',#14337,#14338);
#14337 = CARTESIAN_POINT('',(8.25,-5.55,2.85));
#14338 = VECTOR('',#14339,1.);
#14339 = DIRECTION('',(-1.,1.224646799147E-16,0.));
#14340 = PLANE('',#14341);
#14341 = AXIS2_PLACEMENT_3D('',#14342,#14343,#14344);
#14342 = CARTESIAN_POINT('',(8.25,-0.25,2.85));
#14343 = DIRECTION('',(0.,0.,1.));
#14344 = DIRECTION('',(-1.224646799147E-16,-1.,0.));
#14345 = ADVANCED_FACE('',(#14346),#14371,.T.);
#14346 = FACE_BOUND('',#14347,.T.);
#14347 = EDGE_LOOP('',(#14348,#14358,#14364,#14365));
#14348 = ORIENTED_EDGE('',*,*,#14349,.T.);
#14349 = EDGE_CURVE('',#14350,#14352,#14354,.T.);
#14350 = VERTEX_POINT('',#14351);
#14351 = CARTESIAN_POINT('',(5.75,-5.55,2.85));
#14352 = VERTEX_POINT('',#14353);
#14353 = CARTESIAN_POINT('',(5.75,-5.55,3.35));
#14354 = LINE('',#14355,#14356);
#14355 = CARTESIAN_POINT('',(5.75,-5.55,2.85));
#14356 = VECTOR('',#14357,1.);
#14357 = DIRECTION('',(0.,0.,1.));
#14358 = ORIENTED_EDGE('',*,*,#14359,.T.);
#14359 = EDGE_CURVE('',#14352,#12224,#14360,.T.);
#14360 = LINE('',#14361,#14362);
#14361 = CARTESIAN_POINT('',(5.75,-5.75,3.35));
#14362 = VECTOR('',#14363,1.);
#14363 = DIRECTION('',(1.224646799147E-16,1.,0.));
#14364 = ORIENTED_EDGE('',*,*,#12223,.T.);
#14365 = ORIENTED_EDGE('',*,*,#14366,.T.);
#14366 = EDGE_CURVE('',#12226,#14350,#14367,.T.);
#14367 = LINE('',#14368,#14369);
#14368 = CARTESIAN_POINT('',(5.75,-0.25,2.85));
#14369 = VECTOR('',#14370,1.);
#14370 = DIRECTION('',(-1.224646799147E-16,-1.,0.));
#14371 = PLANE('',#14372);
#14372 = AXIS2_PLACEMENT_3D('',#14373,#14374,#14375);
#14373 = CARTESIAN_POINT('',(5.75,-1.401960784314,1.323039215686));
#14374 = DIRECTION('',(-1.,1.224646799147E-16,0.));
#14375 = DIRECTION('',(0.,0.,1.));
#14376 = ADVANCED_FACE('',(#14377),#14395,.F.);
#14377 = FACE_BOUND('',#14378,.F.);
#14378 = EDGE_LOOP('',(#14379,#14387,#14388,#14389));
#14379 = ORIENTED_EDGE('',*,*,#14380,.F.);
#14380 = EDGE_CURVE('',#12242,#14381,#14383,.T.);
#14381 = VERTEX_POINT('',#14382);
#14382 = CARTESIAN_POINT('',(6.25,-5.55,2.85));
#14383 = LINE('',#14384,#14385);
#14384 = CARTESIAN_POINT('',(6.25,-0.25,2.85));
#14385 = VECTOR('',#14386,1.);
#14386 = DIRECTION('',(-1.224646799147E-16,-1.,0.));
#14387 = ORIENTED_EDGE('',*,*,#12249,.T.);
#14388 = ORIENTED_EDGE('',*,*,#14366,.T.);
#14389 = ORIENTED_EDGE('',*,*,#14390,.F.);
#14390 = EDGE_CURVE('',#14381,#14350,#14391,.T.);
#14391 = LINE('',#14392,#14393);
#14392 = CARTESIAN_POINT('',(6.25,-5.55,2.85));
#14393 = VECTOR('',#14394,1.);
#14394 = DIRECTION('',(-1.,1.224646799147E-16,0.));
#14395 = PLANE('',#14396);
#14396 = AXIS2_PLACEMENT_3D('',#14397,#14398,#14399);
#14397 = CARTESIAN_POINT('',(6.25,-0.25,2.85));
#14398 = DIRECTION('',(0.,0.,1.));
#14399 = DIRECTION('',(-1.224646799147E-16,-1.,0.));
#14400 = ADVANCED_FACE('',(#14401),#14419,.F.);
#14401 = FACE_BOUND('',#14402,.F.);
#14402 = EDGE_LOOP('',(#14403,#14411,#14417,#14418));
#14403 = ORIENTED_EDGE('',*,*,#14404,.T.);
#14404 = EDGE_CURVE('',#14381,#14405,#14407,.T.);
#14405 = VERTEX_POINT('',#14406);
#14406 = CARTESIAN_POINT('',(6.25,-5.55,3.35));
#14407 = LINE('',#14408,#14409);
#14408 = CARTESIAN_POINT('',(6.25,-5.55,2.85));
#14409 = VECTOR('',#14410,1.);
#14410 = DIRECTION('',(0.,0.,1.));
#14411 = ORIENTED_EDGE('',*,*,#14412,.T.);
#14412 = EDGE_CURVE('',#14405,#12234,#14413,.T.);
#14413 = LINE('',#14414,#14415);
#14414 = CARTESIAN_POINT('',(6.25,-5.75,3.35));
#14415 = VECTOR('',#14416,1.);
#14416 = DIRECTION('',(1.224646799147E-16,1.,0.));
#14417 = ORIENTED_EDGE('',*,*,#12241,.T.);
#14418 = ORIENTED_EDGE('',*,*,#14380,.T.);
#14419 = PLANE('',#14420);
#14420 = AXIS2_PLACEMENT_3D('',#14421,#14422,#14423);
#14421 = CARTESIAN_POINT('',(6.25,-1.401960784314,1.323039215686));
#14422 = DIRECTION('',(-1.,1.224646799147E-16,0.));
#14423 = DIRECTION('',(0.,0.,1.));
#14424 = ADVANCED_FACE('',(#14425),#14436,.F.);
#14425 = FACE_BOUND('',#14426,.F.);
#14426 = EDGE_LOOP('',(#14427,#14428,#14434,#14435));
#14427 = ORIENTED_EDGE('',*,*,#14412,.F.);
#14428 = ORIENTED_EDGE('',*,*,#14429,.T.);
#14429 = EDGE_CURVE('',#14405,#14352,#14430,.T.);
#14430 = LINE('',#14431,#14432);
#14431 = CARTESIAN_POINT('',(6.25,-5.55,3.35));
#14432 = VECTOR('',#14433,1.);
#14433 = DIRECTION('',(-1.,1.224646799147E-16,0.));
#14434 = ORIENTED_EDGE('',*,*,#14359,.T.);
#14435 = ORIENTED_EDGE('',*,*,#12233,.T.);
#14436 = PLANE('',#14437);
#14437 = AXIS2_PLACEMENT_3D('',#14438,#14439,#14440);
#14438 = CARTESIAN_POINT('',(6.25,-5.75,3.35));
#14439 = DIRECTION('',(-0.,0.,-1.));
#14440 = DIRECTION('',(1.224646799147E-16,1.,0.));
#14441 = ADVANCED_FACE('',(#14442),#14467,.T.);
#14442 = FACE_BOUND('',#14443,.T.);
#14443 = EDGE_LOOP('',(#14444,#14454,#14460,#14461));
#14444 = ORIENTED_EDGE('',*,*,#14445,.T.);
#14445 = EDGE_CURVE('',#14446,#14448,#14450,.T.);
#14446 = VERTEX_POINT('',#14447);
#14447 = CARTESIAN_POINT('',(1.75,-5.55,2.85));
#14448 = VERTEX_POINT('',#14449);
#14449 = CARTESIAN_POINT('',(1.75,-5.55,3.35));
#14450 = LINE('',#14451,#14452);
#14451 = CARTESIAN_POINT('',(1.75,-5.55,2.85));
#14452 = VECTOR('',#14453,1.);
#14453 = DIRECTION('',(0.,0.,1.));
#14454 = ORIENTED_EDGE('',*,*,#14455,.T.);
#14455 = EDGE_CURVE('',#14448,#12258,#14456,.T.);
#14456 = LINE('',#14457,#14458);
#14457 = CARTESIAN_POINT('',(1.75,-5.75,3.35));
#14458 = VECTOR('',#14459,1.);
#14459 = DIRECTION('',(1.224646799147E-16,1.,0.));
#14460 = ORIENTED_EDGE('',*,*,#12257,.T.);
#14461 = ORIENTED_EDGE('',*,*,#14462,.T.);
#14462 = EDGE_CURVE('',#12260,#14446,#14463,.T.);
#14463 = LINE('',#14464,#14465);
#14464 = CARTESIAN_POINT('',(1.75,-0.25,2.85));
#14465 = VECTOR('',#14466,1.);
#14466 = DIRECTION('',(-1.224646799147E-16,-1.,0.));
#14467 = PLANE('',#14468);
#14468 = AXIS2_PLACEMENT_3D('',#14469,#14470,#14471);
#14469 = CARTESIAN_POINT('',(1.75,-1.401960784314,1.323039215686));
#14470 = DIRECTION('',(-1.,1.224646799147E-16,0.));
#14471 = DIRECTION('',(0.,0.,1.));
#14472 = ADVANCED_FACE('',(#14473),#14491,.F.);
#14473 = FACE_BOUND('',#14474,.F.);
#14474 = EDGE_LOOP('',(#14475,#14483,#14484,#14485));
#14475 = ORIENTED_EDGE('',*,*,#14476,.F.);
#14476 = EDGE_CURVE('',#12276,#14477,#14479,.T.);
#14477 = VERTEX_POINT('',#14478);
#14478 = CARTESIAN_POINT('',(2.25,-5.55,2.85));
#14479 = LINE('',#14480,#14481);
#14480 = CARTESIAN_POINT('',(2.25,-0.25,2.85));
#14481 = VECTOR('',#14482,1.);
#14482 = DIRECTION('',(-1.224646799147E-16,-1.,0.));
#14483 = ORIENTED_EDGE('',*,*,#12283,.T.);
#14484 = ORIENTED_EDGE('',*,*,#14462,.T.);
#14485 = ORIENTED_EDGE('',*,*,#14486,.F.);
#14486 = EDGE_CURVE('',#14477,#14446,#14487,.T.);
#14487 = LINE('',#14488,#14489);
#14488 = CARTESIAN_POINT('',(2.25,-5.55,2.85));
#14489 = VECTOR('',#14490,1.);
#14490 = DIRECTION('',(-1.,1.224646799147E-16,0.));
#14491 = PLANE('',#14492);
#14492 = AXIS2_PLACEMENT_3D('',#14493,#14494,#14495);
#14493 = CARTESIAN_POINT('',(2.25,-0.25,2.85));
#14494 = DIRECTION('',(0.,0.,1.));
#14495 = DIRECTION('',(-1.224646799147E-16,-1.,0.));
#14496 = ADVANCED_FACE('',(#14497),#14515,.F.);
#14497 = FACE_BOUND('',#14498,.F.);
#14498 = EDGE_LOOP('',(#14499,#14507,#14513,#14514));
#14499 = ORIENTED_EDGE('',*,*,#14500,.T.);
#14500 = EDGE_CURVE('',#14477,#14501,#14503,.T.);
#14501 = VERTEX_POINT('',#14502);
#14502 = CARTESIAN_POINT('',(2.25,-5.55,3.35));
#14503 = LINE('',#14504,#14505);
#14504 = CARTESIAN_POINT('',(2.25,-5.55,2.85));
#14505 = VECTOR('',#14506,1.);
#14506 = DIRECTION('',(0.,0.,1.));
#14507 = ORIENTED_EDGE('',*,*,#14508,.T.);
#14508 = EDGE_CURVE('',#14501,#12268,#14509,.T.);
#14509 = LINE('',#14510,#14511);
#14510 = CARTESIAN_POINT('',(2.25,-5.75,3.35));
#14511 = VECTOR('',#14512,1.);
#14512 = DIRECTION('',(1.224646799147E-16,1.,0.));
#14513 = ORIENTED_EDGE('',*,*,#12275,.T.);
#14514 = ORIENTED_EDGE('',*,*,#14476,.T.);
#14515 = PLANE('',#14516);
#14516 = AXIS2_PLACEMENT_3D('',#14517,#14518,#14519);
#14517 = CARTESIAN_POINT('',(2.25,-1.401960784314,1.323039215686));
#14518 = DIRECTION('',(-1.,1.224646799147E-16,0.));
#14519 = DIRECTION('',(0.,0.,1.));
#14520 = ADVANCED_FACE('',(#14521),#14532,.F.);
#14521 = FACE_BOUND('',#14522,.F.);
#14522 = EDGE_LOOP('',(#14523,#14524,#14530,#14531));
#14523 = ORIENTED_EDGE('',*,*,#14508,.F.);
#14524 = ORIENTED_EDGE('',*,*,#14525,.T.);
#14525 = EDGE_CURVE('',#14501,#14448,#14526,.T.);
#14526 = LINE('',#14527,#14528);
#14527 = CARTESIAN_POINT('',(2.25,-5.55,3.35));
#14528 = VECTOR('',#14529,1.);
#14529 = DIRECTION('',(-1.,1.224646799147E-16,0.));
#14530 = ORIENTED_EDGE('',*,*,#14455,.T.);
#14531 = ORIENTED_EDGE('',*,*,#12267,.T.);
#14532 = PLANE('',#14533);
#14533 = AXIS2_PLACEMENT_3D('',#14534,#14535,#14536);
#14534 = CARTESIAN_POINT('',(2.25,-5.75,3.35));
#14535 = DIRECTION('',(-0.,0.,-1.));
#14536 = DIRECTION('',(1.224646799147E-16,1.,0.));
#14537 = ADVANCED_FACE('',(#14538),#14563,.F.);
#14538 = FACE_BOUND('',#14539,.F.);
#14539 = EDGE_LOOP('',(#14540,#14548,#14556,#14562));
#14540 = ORIENTED_EDGE('',*,*,#14541,.F.);
#14541 = EDGE_CURVE('',#14542,#12294,#14544,.T.);
#14542 = VERTEX_POINT('',#14543);
#14543 = CARTESIAN_POINT('',(4.25,-5.55,3.35));
#14544 = LINE('',#14545,#14546);
#14545 = CARTESIAN_POINT('',(4.25,-5.75,3.35));
#14546 = VECTOR('',#14547,1.);
#14547 = DIRECTION('',(1.224646799147E-16,1.,0.));
#14548 = ORIENTED_EDGE('',*,*,#14549,.T.);
#14549 = EDGE_CURVE('',#14542,#14550,#14552,.T.);
#14550 = VERTEX_POINT('',#14551);
#14551 = CARTESIAN_POINT('',(3.75,-5.55,3.35));
#14552 = LINE('',#14553,#14554);
#14553 = CARTESIAN_POINT('',(4.25,-5.55,3.35));
#14554 = VECTOR('',#14555,1.);
#14555 = DIRECTION('',(-1.,1.224646799147E-16,0.));
#14556 = ORIENTED_EDGE('',*,*,#14557,.T.);
#14557 = EDGE_CURVE('',#14550,#12292,#14558,.T.);
#14558 = LINE('',#14559,#14560);
#14559 = CARTESIAN_POINT('',(3.75,-5.75,3.35));
#14560 = VECTOR('',#14561,1.);
#14561 = DIRECTION('',(1.224646799147E-16,1.,0.));
#14562 = ORIENTED_EDGE('',*,*,#12291,.T.);
#14563 = PLANE('',#14564);
#14564 = AXIS2_PLACEMENT_3D('',#14565,#14566,#14567);
#14565 = CARTESIAN_POINT('',(4.25,-5.75,3.35));
#14566 = DIRECTION('',(-0.,0.,-1.));
#14567 = DIRECTION('',(1.224646799147E-16,1.,0.));
#14568 = ADVANCED_FACE('',(#14569),#14587,.T.);
#14569 = FACE_BOUND('',#14570,.T.);
#14570 = EDGE_LOOP('',(#14571,#14579,#14580,#14581));
#14571 = ORIENTED_EDGE('',*,*,#14572,.T.);
#14572 = EDGE_CURVE('',#14573,#14550,#14575,.T.);
#14573 = VERTEX_POINT('',#14574);
#14574 = CARTESIAN_POINT('',(3.75,-5.55,2.85));
#14575 = LINE('',#14576,#14577);
#14576 = CARTESIAN_POINT('',(3.75,-5.55,2.85));
#14577 = VECTOR('',#14578,1.);
#14578 = DIRECTION('',(0.,0.,1.));
#14579 = ORIENTED_EDGE('',*,*,#14557,.T.);
#14580 = ORIENTED_EDGE('',*,*,#12317,.T.);
#14581 = ORIENTED_EDGE('',*,*,#14582,.T.);
#14582 = EDGE_CURVE('',#12310,#14573,#14583,.T.);
#14583 = LINE('',#14584,#14585);
#14584 = CARTESIAN_POINT('',(3.75,-0.25,2.85));
#14585 = VECTOR('',#14586,1.);
#14586 = DIRECTION('',(-1.224646799147E-16,-1.,0.));
#14587 = PLANE('',#14588);
#14588 = AXIS2_PLACEMENT_3D('',#14589,#14590,#14591);
#14589 = CARTESIAN_POINT('',(3.75,-1.401960784314,1.323039215686));
#14590 = DIRECTION('',(-1.,1.224646799147E-16,0.));
#14591 = DIRECTION('',(0.,0.,1.));
#14592 = ADVANCED_FACE('',(#14593),#14611,.F.);
#14593 = FACE_BOUND('',#14594,.F.);
#14594 = EDGE_LOOP('',(#14595,#14603,#14604,#14605));
#14595 = ORIENTED_EDGE('',*,*,#14596,.F.);
#14596 = EDGE_CURVE('',#12302,#14597,#14599,.T.);
#14597 = VERTEX_POINT('',#14598);
#14598 = CARTESIAN_POINT('',(4.25,-5.55,2.85));
#14599 = LINE('',#14600,#14601);
#14600 = CARTESIAN_POINT('',(4.25,-0.25,2.85));
#14601 = VECTOR('',#14602,1.);
#14602 = DIRECTION('',(-1.224646799147E-16,-1.,0.));
#14603 = ORIENTED_EDGE('',*,*,#12309,.T.);
#14604 = ORIENTED_EDGE('',*,*,#14582,.T.);
#14605 = ORIENTED_EDGE('',*,*,#14606,.F.);
#14606 = EDGE_CURVE('',#14597,#14573,#14607,.T.);
#14607 = LINE('',#14608,#14609);
#14608 = CARTESIAN_POINT('',(4.25,-5.55,2.85));
#14609 = VECTOR('',#14610,1.);
#14610 = DIRECTION('',(-1.,1.224646799147E-16,0.));
#14611 = PLANE('',#14612);
#14612 = AXIS2_PLACEMENT_3D('',#14613,#14614,#14615);
#14613 = CARTESIAN_POINT('',(4.25,-0.25,2.85));
#14614 = DIRECTION('',(0.,0.,1.));
#14615 = DIRECTION('',(-1.224646799147E-16,-1.,0.));
#14616 = ADVANCED_FACE('',(#14617),#14628,.F.);
#14617 = FACE_BOUND('',#14618,.F.);
#14618 = EDGE_LOOP('',(#14619,#14625,#14626,#14627));
#14619 = ORIENTED_EDGE('',*,*,#14620,.T.);
#14620 = EDGE_CURVE('',#14597,#14542,#14621,.T.);
#14621 = LINE('',#14622,#14623);
#14622 = CARTESIAN_POINT('',(4.25,-5.55,2.85));
#14623 = VECTOR('',#14624,1.);
#14624 = DIRECTION('',(0.,0.,1.));
#14625 = ORIENTED_EDGE('',*,*,#14541,.T.);
#14626 = ORIENTED_EDGE('',*,*,#12301,.T.);
#14627 = ORIENTED_EDGE('',*,*,#14596,.T.);
#14628 = PLANE('',#14629);
#14629 = AXIS2_PLACEMENT_3D('',#14630,#14631,#14632);
#14630 = CARTESIAN_POINT('',(4.25,-1.401960784314,1.323039215686));
#14631 = DIRECTION('',(-1.,1.224646799147E-16,0.));
#14632 = DIRECTION('',(0.,0.,1.));
#14633 = ADVANCED_FACE('',(#14634),#14659,.F.);
#14634 = FACE_BOUND('',#14635,.F.);
#14635 = EDGE_LOOP('',(#14636,#14646,#14652,#14653));
#14636 = ORIENTED_EDGE('',*,*,#14637,.T.);
#14637 = EDGE_CURVE('',#14638,#14640,#14642,.T.);
#14638 = VERTEX_POINT('',#14639);
#14639 = CARTESIAN_POINT('',(12.25,-5.55,2.85));
#14640 = VERTEX_POINT('',#14641);
#14641 = CARTESIAN_POINT('',(12.25,-5.55,3.35));
#14642 = LINE('',#14643,#14644);
#14643 = CARTESIAN_POINT('',(12.25,-5.55,2.85));
#14644 = VECTOR('',#14645,1.);
#14645 = DIRECTION('',(0.,0.,1.));
#14646 = ORIENTED_EDGE('',*,*,#14647,.T.);
#14647 = EDGE_CURVE('',#14640,#12326,#14648,.T.);
#14648 = LINE('',#14649,#14650);
#14649 = CARTESIAN_POINT('',(12.25,-5.75,3.35));
#14650 = VECTOR('',#14651,1.);
#14651 = DIRECTION('',(1.224646799147E-16,1.,0.));
#14652 = ORIENTED_EDGE('',*,*,#12325,.T.);
#14653 = ORIENTED_EDGE('',*,*,#14654,.T.);
#14654 = EDGE_CURVE('',#12328,#14638,#14655,.T.);
#14655 = LINE('',#14656,#14657);
#14656 = CARTESIAN_POINT('',(12.25,-0.25,2.85));
#14657 = VECTOR('',#14658,1.);
#14658 = DIRECTION('',(-1.224646799147E-16,-1.,0.));
#14659 = PLANE('',#14660);
#14660 = AXIS2_PLACEMENT_3D('',#14661,#14662,#14663);
#14661 = CARTESIAN_POINT('',(12.25,-1.421959173294,1.302213422577));
#14662 = DIRECTION('',(-1.,1.224646799147E-16,0.));
#14663 = DIRECTION('',(0.,0.,1.));
#14664 = ADVANCED_FACE('',(#14665),#14683,.F.);
#14665 = FACE_BOUND('',#14666,.F.);
#14666 = EDGE_LOOP('',(#14667,#14668,#14676,#14682));
#14667 = ORIENTED_EDGE('',*,*,#14647,.F.);
#14668 = ORIENTED_EDGE('',*,*,#14669,.T.);
#14669 = EDGE_CURVE('',#14640,#14670,#14672,.T.);
#14670 = VERTEX_POINT('',#14671);
#14671 = CARTESIAN_POINT('',(11.75,-5.55,3.35));
#14672 = LINE('',#14673,#14674);
#14673 = CARTESIAN_POINT('',(12.25,-5.55,3.35));
#14674 = VECTOR('',#14675,1.);
#14675 = DIRECTION('',(-1.,1.224646799147E-16,0.));
#14676 = ORIENTED_EDGE('',*,*,#14677,.T.);
#14677 = EDGE_CURVE('',#14670,#12344,#14678,.T.);
#14678 = LINE('',#14679,#14680);
#14679 = CARTESIAN_POINT('',(11.75,-5.75,3.35));
#14680 = VECTOR('',#14681,1.);
#14681 = DIRECTION('',(1.224646799147E-16,1.,0.));
#14682 = ORIENTED_EDGE('',*,*,#12351,.T.);
#14683 = PLANE('',#14684);
#14684 = AXIS2_PLACEMENT_3D('',#14685,#14686,#14687);
#14685 = CARTESIAN_POINT('',(12.25,-5.75,3.35));
#14686 = DIRECTION('',(-0.,0.,-1.));
#14687 = DIRECTION('',(1.224646799147E-16,1.,0.));
#14688 = ADVANCED_FACE('',(#14689),#14707,.T.);
#14689 = FACE_BOUND('',#14690,.T.);
#14690 = EDGE_LOOP('',(#14691,#14699,#14700,#14701));
#14691 = ORIENTED_EDGE('',*,*,#14692,.T.);
#14692 = EDGE_CURVE('',#14693,#14670,#14695,.T.);
#14693 = VERTEX_POINT('',#14694);
#14694 = CARTESIAN_POINT('',(11.75,-5.55,2.85));
#14695 = LINE('',#14696,#14697);
#14696 = CARTESIAN_POINT('',(11.75,-5.55,2.85));
#14697 = VECTOR('',#14698,1.);
#14698 = DIRECTION('',(0.,0.,1.));
#14699 = ORIENTED_EDGE('',*,*,#14677,.T.);
#14700 = ORIENTED_EDGE('',*,*,#12343,.T.);
#14701 = ORIENTED_EDGE('',*,*,#14702,.T.);
#14702 = EDGE_CURVE('',#12336,#14693,#14703,.T.);
#14703 = LINE('',#14704,#14705);
#14704 = CARTESIAN_POINT('',(11.75,-0.25,2.85));
#14705 = VECTOR('',#14706,1.);
#14706 = DIRECTION('',(-1.224646799147E-16,-1.,0.));
#14707 = PLANE('',#14708);
#14708 = AXIS2_PLACEMENT_3D('',#14709,#14710,#14711);
#14709 = CARTESIAN_POINT('',(11.75,-1.421959173294,1.302213422577));
#14710 = DIRECTION('',(-1.,1.224646799147E-16,0.));
#14711 = DIRECTION('',(0.,0.,1.));
#14712 = ADVANCED_FACE('',(#14713),#14724,.F.);
#14713 = FACE_BOUND('',#14714,.F.);
#14714 = EDGE_LOOP('',(#14715,#14716,#14717,#14718));
#14715 = ORIENTED_EDGE('',*,*,#14654,.F.);
#14716 = ORIENTED_EDGE('',*,*,#12335,.T.);
#14717 = ORIENTED_EDGE('',*,*,#14702,.T.);
#14718 = ORIENTED_EDGE('',*,*,#14719,.F.);
#14719 = EDGE_CURVE('',#14638,#14693,#14720,.T.);
#14720 = LINE('',#14721,#14722);
#14721 = CARTESIAN_POINT('',(12.25,-5.55,2.85));
#14722 = VECTOR('',#14723,1.);
#14723 = DIRECTION('',(-1.,1.224646799147E-16,0.));
#14724 = PLANE('',#14725);
#14725 = AXIS2_PLACEMENT_3D('',#14726,#14727,#14728);
#14726 = CARTESIAN_POINT('',(12.25,-0.25,2.85));
#14727 = DIRECTION('',(0.,0.,1.));
#14728 = DIRECTION('',(-1.224646799147E-16,-1.,0.));
#14729 = ADVANCED_FACE('',(#14730),#14755,.T.);
#14730 = FACE_BOUND('',#14731,.T.);
#14731 = EDGE_LOOP('',(#14732,#14742,#14748,#14749));
#14732 = ORIENTED_EDGE('',*,*,#14733,.T.);
#14733 = EDGE_CURVE('',#14734,#14736,#14738,.T.);
#14734 = VERTEX_POINT('',#14735);
#14735 = CARTESIAN_POINT('',(-0.25,-5.55,2.85));
#14736 = VERTEX_POINT('',#14737);
#14737 = CARTESIAN_POINT('',(-0.25,-5.55,3.35));
#14738 = LINE('',#14739,#14740);
#14739 = CARTESIAN_POINT('',(-0.25,-5.55,2.85));
#14740 = VECTOR('',#14741,1.);
#14741 = DIRECTION('',(0.,0.,1.));
#14742 = ORIENTED_EDGE('',*,*,#14743,.T.);
#14743 = EDGE_CURVE('',#14736,#12360,#14744,.T.);
#14744 = LINE('',#14745,#14746);
#14745 = CARTESIAN_POINT('',(-0.25,-5.75,3.35));
#14746 = VECTOR('',#14747,1.);
#14747 = DIRECTION('',(1.224646799147E-16,1.,0.));
#14748 = ORIENTED_EDGE('',*,*,#12359,.T.);
#14749 = ORIENTED_EDGE('',*,*,#14750,.T.);
#14750 = EDGE_CURVE('',#12362,#14734,#14751,.T.);
#14751 = LINE('',#14752,#14753);
#14752 = CARTESIAN_POINT('',(-0.25,-0.25,2.85));
#14753 = VECTOR('',#14754,1.);
#14754 = DIRECTION('',(-1.224646799147E-16,-1.,0.));
#14755 = PLANE('',#14756);
#14756 = AXIS2_PLACEMENT_3D('',#14757,#14758,#14759);
#14757 = CARTESIAN_POINT('',(-0.25,-1.421959173294,1.302213422577));
#14758 = DIRECTION('',(-1.,1.224646799147E-16,0.));
#14759 = DIRECTION('',(0.,0.,1.));
#14760 = ADVANCED_FACE('',(#14761),#14779,.F.);
#14761 = FACE_BOUND('',#14762,.F.);
#14762 = EDGE_LOOP('',(#14763,#14771,#14772,#14773));
#14763 = ORIENTED_EDGE('',*,*,#14764,.F.);
#14764 = EDGE_CURVE('',#12378,#14765,#14767,.T.);
#14765 = VERTEX_POINT('',#14766);
#14766 = CARTESIAN_POINT('',(0.25,-5.55,2.85));
#14767 = LINE('',#14768,#14769);
#14768 = CARTESIAN_POINT('',(0.25,-0.25,2.85));
#14769 = VECTOR('',#14770,1.);
#14770 = DIRECTION('',(-1.224646799147E-16,-1.,0.));
#14771 = ORIENTED_EDGE('',*,*,#12385,.T.);
#14772 = ORIENTED_EDGE('',*,*,#14750,.T.);
#14773 = ORIENTED_EDGE('',*,*,#14774,.F.);
#14774 = EDGE_CURVE('',#14765,#14734,#14775,.T.);
#14775 = LINE('',#14776,#14777);
#14776 = CARTESIAN_POINT('',(0.25,-5.55,2.85));
#14777 = VECTOR('',#14778,1.);
#14778 = DIRECTION('',(-1.,1.224646799147E-16,0.));
#14779 = PLANE('',#14780);
#14780 = AXIS2_PLACEMENT_3D('',#14781,#14782,#14783);
#14781 = CARTESIAN_POINT('',(0.25,-0.25,2.85));
#14782 = DIRECTION('',(0.,0.,1.));
#14783 = DIRECTION('',(-1.224646799147E-16,-1.,0.));
#14784 = ADVANCED_FACE('',(#14785),#14803,.F.);
#14785 = FACE_BOUND('',#14786,.F.);
#14786 = EDGE_LOOP('',(#14787,#14795,#14801,#14802));
#14787 = ORIENTED_EDGE('',*,*,#14788,.T.);
#14788 = EDGE_CURVE('',#14765,#14789,#14791,.T.);
#14789 = VERTEX_POINT('',#14790);
#14790 = CARTESIAN_POINT('',(0.25,-5.55,3.35));
#14791 = LINE('',#14792,#14793);
#14792 = CARTESIAN_POINT('',(0.25,-5.55,2.85));
#14793 = VECTOR('',#14794,1.);
#14794 = DIRECTION('',(0.,0.,1.));
#14795 = ORIENTED_EDGE('',*,*,#14796,.T.);
#14796 = EDGE_CURVE('',#14789,#12370,#14797,.T.);
#14797 = LINE('',#14798,#14799);
#14798 = CARTESIAN_POINT('',(0.25,-5.75,3.35));
#14799 = VECTOR('',#14800,1.);
#14800 = DIRECTION('',(1.224646799147E-16,1.,0.));
#14801 = ORIENTED_EDGE('',*,*,#12377,.T.);
#14802 = ORIENTED_EDGE('',*,*,#14764,.T.);
#14803 = PLANE('',#14804);
#14804 = AXIS2_PLACEMENT_3D('',#14805,#14806,#14807);
#14805 = CARTESIAN_POINT('',(0.25,-1.421959173294,1.302213422577));
#14806 = DIRECTION('',(-1.,1.224646799147E-16,0.));
#14807 = DIRECTION('',(0.,0.,1.));
#14808 = ADVANCED_FACE('',(#14809),#14820,.F.);
#14809 = FACE_BOUND('',#14810,.F.);
#14810 = EDGE_LOOP('',(#14811,#14812,#14818,#14819));
#14811 = ORIENTED_EDGE('',*,*,#14796,.F.);
#14812 = ORIENTED_EDGE('',*,*,#14813,.T.);
#14813 = EDGE_CURVE('',#14789,#14736,#14814,.T.);
#14814 = LINE('',#14815,#14816);
#14815 = CARTESIAN_POINT('',(0.25,-5.55,3.35));
#14816 = VECTOR('',#14817,1.);
#14817 = DIRECTION('',(-1.,1.224646799147E-16,0.));
#14818 = ORIENTED_EDGE('',*,*,#14743,.T.);
#14819 = ORIENTED_EDGE('',*,*,#12369,.T.);
#14820 = PLANE('',#14821);
#14821 = AXIS2_PLACEMENT_3D('',#14822,#14823,#14824);
#14822 = CARTESIAN_POINT('',(0.25,-5.75,3.35));
#14823 = DIRECTION('',(-0.,0.,-1.));
#14824 = DIRECTION('',(1.224646799147E-16,1.,0.));
#14825 = ADVANCED_FACE('',(#14826,#14832),#14866,.F.);
#14826 = FACE_BOUND('',#14827,.F.);
#14827 = EDGE_LOOP('',(#14828,#14829,#14830,#14831));
#14828 = ORIENTED_EDGE('',*,*,#12533,.T.);
#14829 = ORIENTED_EDGE('',*,*,#12551,.T.);
#14830 = ORIENTED_EDGE('',*,*,#13564,.F.);
#14831 = ORIENTED_EDGE('',*,*,#12416,.F.);
#14832 = FACE_BOUND('',#14833,.F.);
#14833 = EDGE_LOOP('',(#14834,#14844,#14852,#14860));
#14834 = ORIENTED_EDGE('',*,*,#14835,.T.);
#14835 = EDGE_CURVE('',#14836,#14838,#14840,.T.);
#14836 = VERTEX_POINT('',#14837);
#14837 = CARTESIAN_POINT('',(12.25,-0.35,3.35));
#14838 = VERTEX_POINT('',#14839);
#14839 = CARTESIAN_POINT('',(12.25,-0.35,2.85));
#14840 = LINE('',#14841,#14842);
#14841 = CARTESIAN_POINT('',(12.25,-0.35,2.451106711288));
#14842 = VECTOR('',#14843,1.);
#14843 = DIRECTION('',(-1.359631073447E-32,-1.110223024625E-16,-1.));
#14844 = ORIENTED_EDGE('',*,*,#14845,.T.);
#14845 = EDGE_CURVE('',#14838,#14846,#14848,.T.);
#14846 = VERTEX_POINT('',#14847);
#14847 = CARTESIAN_POINT('',(11.75,-0.35,2.85));
#14848 = LINE('',#14849,#14850);
#14849 = CARTESIAN_POINT('',(12.5,-0.35,2.85));
#14850 = VECTOR('',#14851,1.);
#14851 = DIRECTION('',(-1.,1.224646799147E-16,0.));
#14852 = ORIENTED_EDGE('',*,*,#14853,.F.);
#14853 = EDGE_CURVE('',#14854,#14846,#14856,.T.);
#14854 = VERTEX_POINT('',#14855);
#14855 = CARTESIAN_POINT('',(11.75,-0.35,3.35));
#14856 = LINE('',#14857,#14858);
#14857 = CARTESIAN_POINT('',(11.75,-0.35,2.451106711288));
#14858 = VECTOR('',#14859,1.);
#14859 = DIRECTION('',(-1.359631073447E-32,-1.110223024625E-16,-1.));
#14860 = ORIENTED_EDGE('',*,*,#14861,.T.);
#14861 = EDGE_CURVE('',#14854,#14836,#14862,.T.);
#14862 = LINE('',#14863,#14864);
#14863 = CARTESIAN_POINT('',(12.5,-0.35,3.35));
#14864 = VECTOR('',#14865,1.);
#14865 = DIRECTION('',(1.,-1.224646799147E-16,0.));
#14866 = PLANE('',#14867);
#14867 = AXIS2_PLACEMENT_3D('',#14868,#14869,#14870);
#14868 = CARTESIAN_POINT('',(12.75,-0.35,3.6));
#14869 = DIRECTION('',(-1.224646799147E-16,-1.,1.110223024625E-16));
#14870 = DIRECTION('',(-1.359631073447E-32,-1.110223024625E-16,-1.));
#14871 = ADVANCED_FACE('',(#14872,#14878),#14912,.F.);
#14872 = FACE_BOUND('',#14873,.F.);
#14873 = EDGE_LOOP('',(#14874,#14875,#14876,#14877));
#14874 = ORIENTED_EDGE('',*,*,#12639,.T.);
#14875 = ORIENTED_EDGE('',*,*,#12656,.T.);
#14876 = ORIENTED_EDGE('',*,*,#13547,.F.);
#14877 = ORIENTED_EDGE('',*,*,#12606,.F.);
#14878 = FACE_BOUND('',#14879,.F.);
#14879 = EDGE_LOOP('',(#14880,#14890,#14898,#14906));
#14880 = ORIENTED_EDGE('',*,*,#14881,.F.);
#14881 = EDGE_CURVE('',#14882,#14884,#14886,.T.);
#14882 = VERTEX_POINT('',#14883);
#14883 = CARTESIAN_POINT('',(9.75,-0.35,3.35));
#14884 = VERTEX_POINT('',#14885);
#14885 = CARTESIAN_POINT('',(9.75,-0.35,2.85));
#14886 = LINE('',#14887,#14888);
#14887 = CARTESIAN_POINT('',(9.75,-0.35,2.461519607843));
#14888 = VECTOR('',#14889,1.);
#14889 = DIRECTION('',(-1.359631073447E-32,-1.110223024625E-16,-1.));
#14890 = ORIENTED_EDGE('',*,*,#14891,.T.);
#14891 = EDGE_CURVE('',#14882,#14892,#14894,.T.);
#14892 = VERTEX_POINT('',#14893);
#14893 = CARTESIAN_POINT('',(10.25,-0.35,3.35));
#14894 = LINE('',#14895,#14896);
#14895 = CARTESIAN_POINT('',(10.5,-0.35,3.35));
#14896 = VECTOR('',#14897,1.);
#14897 = DIRECTION('',(1.,-1.224646799147E-16,0.));
#14898 = ORIENTED_EDGE('',*,*,#14899,.T.);
#14899 = EDGE_CURVE('',#14892,#14900,#14902,.T.);
#14900 = VERTEX_POINT('',#14901);
#14901 = CARTESIAN_POINT('',(10.25,-0.35,2.85));
#14902 = LINE('',#14903,#14904);
#14903 = CARTESIAN_POINT('',(10.25,-0.35,2.461519607843));
#14904 = VECTOR('',#14905,1.);
#14905 = DIRECTION('',(-1.359631073447E-32,-1.110223024625E-16,-1.));
#14906 = ORIENTED_EDGE('',*,*,#14907,.T.);
#14907 = EDGE_CURVE('',#14900,#14884,#14908,.T.);
#14908 = LINE('',#14909,#14910);
#14909 = CARTESIAN_POINT('',(10.5,-0.35,2.85));
#14910 = VECTOR('',#14911,1.);
#14911 = DIRECTION('',(-1.,1.224646799147E-16,0.));
#14912 = PLANE('',#14913);
#14913 = AXIS2_PLACEMENT_3D('',#14914,#14915,#14916);
#14914 = CARTESIAN_POINT('',(10.75,-0.35,3.6));
#14915 = DIRECTION('',(-1.224646799147E-16,-1.,1.110223024625E-16));
#14916 = DIRECTION('',(-1.359631073447E-32,-1.110223024625E-16,-1.));
#14917 = ADVANCED_FACE('',(#14918,#14924),#14958,.F.);
#14918 = FACE_BOUND('',#14919,.F.);
#14919 = EDGE_LOOP('',(#14920,#14921,#14922,#14923));
#14920 = ORIENTED_EDGE('',*,*,#12744,.T.);
#14921 = ORIENTED_EDGE('',*,*,#12761,.T.);
#14922 = ORIENTED_EDGE('',*,*,#13530,.F.);
#14923 = ORIENTED_EDGE('',*,*,#12711,.F.);
#14924 = FACE_BOUND('',#14925,.F.);
#14925 = EDGE_LOOP('',(#14926,#14936,#14944,#14952));
#14926 = ORIENTED_EDGE('',*,*,#14927,.T.);
#14927 = EDGE_CURVE('',#14928,#14930,#14932,.T.);
#14928 = VERTEX_POINT('',#14929);
#14929 = CARTESIAN_POINT('',(8.25,-0.35,3.35));
#14930 = VERTEX_POINT('',#14931);
#14931 = CARTESIAN_POINT('',(8.25,-0.35,2.85));
#14932 = LINE('',#14933,#14934);
#14933 = CARTESIAN_POINT('',(8.25,-0.35,2.461519607843));
#14934 = VECTOR('',#14935,1.);
#14935 = DIRECTION('',(-1.359631073447E-32,-1.110223024625E-16,-1.));
#14936 = ORIENTED_EDGE('',*,*,#14937,.T.);
#14937 = EDGE_CURVE('',#14930,#14938,#14940,.T.);
#14938 = VERTEX_POINT('',#14939);
#14939 = CARTESIAN_POINT('',(7.75,-0.35,2.85));
#14940 = LINE('',#14941,#14942);
#14941 = CARTESIAN_POINT('',(8.5,-0.35,2.85));
#14942 = VECTOR('',#14943,1.);
#14943 = DIRECTION('',(-1.,1.224646799147E-16,0.));
#14944 = ORIENTED_EDGE('',*,*,#14945,.F.);
#14945 = EDGE_CURVE('',#14946,#14938,#14948,.T.);
#14946 = VERTEX_POINT('',#14947);
#14947 = CARTESIAN_POINT('',(7.75,-0.35,3.35));
#14948 = LINE('',#14949,#14950);
#14949 = CARTESIAN_POINT('',(7.75,-0.35,2.461519607843));
#14950 = VECTOR('',#14951,1.);
#14951 = DIRECTION('',(-1.359631073447E-32,-1.110223024625E-16,-1.));
#14952 = ORIENTED_EDGE('',*,*,#14953,.T.);
#14953 = EDGE_CURVE('',#14946,#14928,#14954,.T.);
#14954 = LINE('',#14955,#14956);
#14955 = CARTESIAN_POINT('',(8.5,-0.35,3.35));
#14956 = VECTOR('',#14957,1.);
#14957 = DIRECTION('',(1.,-1.224646799147E-16,0.));
#14958 = PLANE('',#14959);
#14959 = AXIS2_PLACEMENT_3D('',#14960,#14961,#14962);
#14960 = CARTESIAN_POINT('',(8.75,-0.35,3.6));
#14961 = DIRECTION('',(-1.224646799147E-16,-1.,1.110223024625E-16));
#14962 = DIRECTION('',(-1.359631073447E-32,-1.110223024625E-16,-1.));
#14963 = ADVANCED_FACE('',(#14964,#14970),#15004,.F.);
#14964 = FACE_BOUND('',#14965,.F.);
#14965 = EDGE_LOOP('',(#14966,#14967,#14968,#14969));
#14966 = ORIENTED_EDGE('',*,*,#12849,.T.);
#14967 = ORIENTED_EDGE('',*,*,#12866,.T.);
#14968 = ORIENTED_EDGE('',*,*,#13513,.F.);
#14969 = ORIENTED_EDGE('',*,*,#12816,.F.);
#14970 = FACE_BOUND('',#14971,.F.);
#14971 = EDGE_LOOP('',(#14972,#14982,#14990,#14998));
#14972 = ORIENTED_EDGE('',*,*,#14973,.F.);
#14973 = EDGE_CURVE('',#14974,#14976,#14978,.T.);
#14974 = VERTEX_POINT('',#14975);
#14975 = CARTESIAN_POINT('',(5.75,-0.35,3.35));
#14976 = VERTEX_POINT('',#14977);
#14977 = CARTESIAN_POINT('',(5.75,-0.35,2.85));
#14978 = LINE('',#14979,#14980);
#14979 = CARTESIAN_POINT('',(5.75,-0.35,2.461519607843));
#14980 = VECTOR('',#14981,1.);
#14981 = DIRECTION('',(-1.359631073447E-32,-1.110223024625E-16,-1.));
#14982 = ORIENTED_EDGE('',*,*,#14983,.T.);
#14983 = EDGE_CURVE('',#14974,#14984,#14986,.T.);
#14984 = VERTEX_POINT('',#14985);
#14985 = CARTESIAN_POINT('',(6.25,-0.35,3.35));
#14986 = LINE('',#14987,#14988);
#14987 = CARTESIAN_POINT('',(6.5,-0.35,3.35));
#14988 = VECTOR('',#14989,1.);
#14989 = DIRECTION('',(1.,-1.224646799147E-16,0.));
#14990 = ORIENTED_EDGE('',*,*,#14991,.T.);
#14991 = EDGE_CURVE('',#14984,#14992,#14994,.T.);
#14992 = VERTEX_POINT('',#14993);
#14993 = CARTESIAN_POINT('',(6.25,-0.35,2.85));
#14994 = LINE('',#14995,#14996);
#14995 = CARTESIAN_POINT('',(6.25,-0.35,2.461519607843));
#14996 = VECTOR('',#14997,1.);
#14997 = DIRECTION('',(-1.359631073447E-32,-1.110223024625E-16,-1.));
#14998 = ORIENTED_EDGE('',*,*,#14999,.T.);
#14999 = EDGE_CURVE('',#14992,#14976,#15000,.T.);
#15000 = LINE('',#15001,#15002);
#15001 = CARTESIAN_POINT('',(6.5,-0.35,2.85));
#15002 = VECTOR('',#15003,1.);
#15003 = DIRECTION('',(-1.,1.224646799147E-16,0.));
#15004 = PLANE('',#15005);
#15005 = AXIS2_PLACEMENT_3D('',#15006,#15007,#15008);
#15006 = CARTESIAN_POINT('',(6.75,-0.35,3.6));
#15007 = DIRECTION('',(-1.224646799147E-16,-1.,1.110223024625E-16));
#15008 = DIRECTION('',(-1.359631073447E-32,-1.110223024625E-16,-1.));
#15009 = ADVANCED_FACE('',(#15010,#15016),#15050,.F.);
#15010 = FACE_BOUND('',#15011,.F.);
#15011 = EDGE_LOOP('',(#15012,#15013,#15014,#15015));
#15012 = ORIENTED_EDGE('',*,*,#12954,.T.);
#15013 = ORIENTED_EDGE('',*,*,#12971,.T.);
#15014 = ORIENTED_EDGE('',*,*,#13496,.F.);
#15015 = ORIENTED_EDGE('',*,*,#12921,.F.);
#15016 = FACE_BOUND('',#15017,.F.);
#15017 = EDGE_LOOP('',(#15018,#15028,#15036,#15044));
#15018 = ORIENTED_EDGE('',*,*,#15019,.T.);
#15019 = EDGE_CURVE('',#15020,#15022,#15024,.T.);
#15020 = VERTEX_POINT('',#15021);
#15021 = CARTESIAN_POINT('',(3.75,-0.35,3.35));
#15022 = VERTEX_POINT('',#15023);
#15023 = CARTESIAN_POINT('',(4.25,-0.35,3.35));
#15024 = LINE('',#15025,#15026);
#15025 = CARTESIAN_POINT('',(4.5,-0.35,3.35));
#15026 = VECTOR('',#15027,1.);
#15027 = DIRECTION('',(1.,-1.224646799147E-16,0.));
#15028 = ORIENTED_EDGE('',*,*,#15029,.T.);
#15029 = EDGE_CURVE('',#15022,#15030,#15032,.T.);
#15030 = VERTEX_POINT('',#15031);
#15031 = CARTESIAN_POINT('',(4.25,-0.35,2.85));
#15032 = LINE('',#15033,#15034);
#15033 = CARTESIAN_POINT('',(4.25,-0.35,2.461519607843));
#15034 = VECTOR('',#15035,1.);
#15035 = DIRECTION('',(-1.359631073447E-32,-1.110223024625E-16,-1.));
#15036 = ORIENTED_EDGE('',*,*,#15037,.T.);
#15037 = EDGE_CURVE('',#15030,#15038,#15040,.T.);
#15038 = VERTEX_POINT('',#15039);
#15039 = CARTESIAN_POINT('',(3.75,-0.35,2.85));
#15040 = LINE('',#15041,#15042);
#15041 = CARTESIAN_POINT('',(4.5,-0.35,2.85));
#15042 = VECTOR('',#15043,1.);
#15043 = DIRECTION('',(-1.,1.224646799147E-16,0.));
#15044 = ORIENTED_EDGE('',*,*,#15045,.F.);
#15045 = EDGE_CURVE('',#15020,#15038,#15046,.T.);
#15046 = LINE('',#15047,#15048);
#15047 = CARTESIAN_POINT('',(3.75,-0.35,2.461519607843));
#15048 = VECTOR('',#15049,1.);
#15049 = DIRECTION('',(-1.359631073447E-32,-1.110223024625E-16,-1.));
#15050 = PLANE('',#15051);
#15051 = AXIS2_PLACEMENT_3D('',#15052,#15053,#15054);
#15052 = CARTESIAN_POINT('',(4.75,-0.35,3.6));
#15053 = DIRECTION('',(-1.224646799147E-16,-1.,1.110223024625E-16));
#15054 = DIRECTION('',(-1.359631073447E-32,-1.110223024625E-16,-1.));
#15055 = ADVANCED_FACE('',(#15056,#15062),#15096,.F.);
#15056 = FACE_BOUND('',#15057,.F.);
#15057 = EDGE_LOOP('',(#15058,#15059,#15060,#15061));
#15058 = ORIENTED_EDGE('',*,*,#13059,.T.);
#15059 = ORIENTED_EDGE('',*,*,#13076,.T.);
#15060 = ORIENTED_EDGE('',*,*,#13479,.F.);
#15061 = ORIENTED_EDGE('',*,*,#13026,.F.);
#15062 = FACE_BOUND('',#15063,.F.);
#15063 = EDGE_LOOP('',(#15064,#15074,#15082,#15090));
#15064 = ORIENTED_EDGE('',*,*,#15065,.F.);
#15065 = EDGE_CURVE('',#15066,#15068,#15070,.T.);
#15066 = VERTEX_POINT('',#15067);
#15067 = CARTESIAN_POINT('',(1.75,-0.35,3.35));
#15068 = VERTEX_POINT('',#15069);
#15069 = CARTESIAN_POINT('',(1.75,-0.35,2.85));
#15070 = LINE('',#15071,#15072);
#15071 = CARTESIAN_POINT('',(1.75,-0.35,2.461519607843));
#15072 = VECTOR('',#15073,1.);
#15073 = DIRECTION('',(-1.359631073447E-32,-1.110223024625E-16,-1.));
#15074 = ORIENTED_EDGE('',*,*,#15075,.T.);
#15075 = EDGE_CURVE('',#15066,#15076,#15078,.T.);
#15076 = VERTEX_POINT('',#15077);
#15077 = CARTESIAN_POINT('',(2.25,-0.35,3.35));
#15078 = LINE('',#15079,#15080);
#15079 = CARTESIAN_POINT('',(2.5,-0.35,3.35));
#15080 = VECTOR('',#15081,1.);
#15081 = DIRECTION('',(1.,-1.224646799147E-16,0.));
#15082 = ORIENTED_EDGE('',*,*,#15083,.T.);
#15083 = EDGE_CURVE('',#15076,#15084,#15086,.T.);
#15084 = VERTEX_POINT('',#15085);
#15085 = CARTESIAN_POINT('',(2.25,-0.35,2.85));
#15086 = LINE('',#15087,#15088);
#15087 = CARTESIAN_POINT('',(2.25,-0.35,2.461519607843));
#15088 = VECTOR('',#15089,1.);
#15089 = DIRECTION('',(-1.359631073447E-32,-1.110223024625E-16,-1.));
#15090 = ORIENTED_EDGE('',*,*,#15091,.T.);
#15091 = EDGE_CURVE('',#15084,#15068,#15092,.T.);
#15092 = LINE('',#15093,#15094);
#15093 = CARTESIAN_POINT('',(2.5,-0.35,2.85));
#15094 = VECTOR('',#15095,1.);
#15095 = DIRECTION('',(-1.,1.224646799147E-16,0.));
#15096 = PLANE('',#15097);
#15097 = AXIS2_PLACEMENT_3D('',#15098,#15099,#15100);
#15098 = CARTESIAN_POINT('',(2.75,-0.35,3.6));
#15099 = DIRECTION('',(-1.224646799147E-16,-1.,1.110223024625E-16));
#15100 = DIRECTION('',(-1.359631073447E-32,-1.110223024625E-16,-1.));
#15101 = ADVANCED_FACE('',(#15102,#15108),#15142,.F.);
#15102 = FACE_BOUND('',#15103,.F.);
#15103 = EDGE_LOOP('',(#15104,#15105,#15106,#15107));
#15104 = ORIENTED_EDGE('',*,*,#13181,.T.);
#15105 = ORIENTED_EDGE('',*,*,#13439,.T.);
#15106 = ORIENTED_EDGE('',*,*,#13462,.F.);
#15107 = ORIENTED_EDGE('',*,*,#13131,.F.);
#15108 = FACE_BOUND('',#15109,.F.);
#15109 = EDGE_LOOP('',(#15110,#15120,#15128,#15136));
#15110 = ORIENTED_EDGE('',*,*,#15111,.F.);
#15111 = EDGE_CURVE('',#15112,#15114,#15116,.T.);
#15112 = VERTEX_POINT('',#15113);
#15113 = CARTESIAN_POINT('',(-0.25,-0.35,3.35));
#15114 = VERTEX_POINT('',#15115);
#15115 = CARTESIAN_POINT('',(-0.25,-0.35,2.85));
#15116 = LINE('',#15117,#15118);
#15117 = CARTESIAN_POINT('',(-0.25,-0.35,2.451106711288));
#15118 = VECTOR('',#15119,1.);
#15119 = DIRECTION('',(-1.359631073447E-32,-1.110223024625E-16,-1.));
#15120 = ORIENTED_EDGE('',*,*,#15121,.T.);
#15121 = EDGE_CURVE('',#15112,#15122,#15124,.T.);
#15122 = VERTEX_POINT('',#15123);
#15123 = CARTESIAN_POINT('',(0.25,-0.35,3.35));
#15124 = LINE('',#15125,#15126);
#15125 = CARTESIAN_POINT('',(0.5,-0.35,3.35));
#15126 = VECTOR('',#15127,1.);
#15127 = DIRECTION('',(1.,-1.224646799147E-16,0.));
#15128 = ORIENTED_EDGE('',*,*,#15129,.T.);
#15129 = EDGE_CURVE('',#15122,#15130,#15132,.T.);
#15130 = VERTEX_POINT('',#15131);
#15131 = CARTESIAN_POINT('',(0.25,-0.35,2.85));
#15132 = LINE('',#15133,#15134);
#15133 = CARTESIAN_POINT('',(0.25,-0.35,2.451106711288));
#15134 = VECTOR('',#15135,1.);
#15135 = DIRECTION('',(-1.359631073447E-32,-1.110223024625E-16,-1.));
#15136 = ORIENTED_EDGE('',*,*,#15137,.T.);
#15137 = EDGE_CURVE('',#15130,#15114,#15138,.T.);
#15138 = LINE('',#15139,#15140);
#15139 = CARTESIAN_POINT('',(0.5,-0.35,2.85));
#15140 = VECTOR('',#15141,1.);
#15141 = DIRECTION('',(-1.,1.224646799147E-16,0.));
#15142 = PLANE('',#15143);
#15143 = AXIS2_PLACEMENT_3D('',#15144,#15145,#15146);
#15144 = CARTESIAN_POINT('',(0.75,-0.35,3.6));
#15145 = DIRECTION('',(-1.224646799147E-16,-1.,1.110223024625E-16));
#15146 = DIRECTION('',(-1.359631073447E-32,-1.110223024625E-16,-1.));
#15147 = ADVANCED_FACE('',(#15148),#15159,.F.);
#15148 = FACE_BOUND('',#15149,.F.);
#15149 = EDGE_LOOP('',(#15150,#15156,#15157,#15158));
#15150 = ORIENTED_EDGE('',*,*,#15151,.T.);
#15151 = EDGE_CURVE('',#13238,#13300,#15152,.T.);
#15152 = LINE('',#15153,#15154);
#15153 = CARTESIAN_POINT('',(-0.95,-4.45,4.85));
#15154 = VECTOR('',#15155,1.);
#15155 = DIRECTION('',(-1.224646799147E-16,-1.,1.110223024625E-16));
#15156 = ORIENTED_EDGE('',*,*,#13307,.T.);
#15157 = ORIENTED_EDGE('',*,*,#14037,.F.);
#15158 = ORIENTED_EDGE('',*,*,#13237,.F.);
#15159 = PLANE('',#15160);
#15160 = AXIS2_PLACEMENT_3D('',#15161,#15162,#15163);
#15161 = CARTESIAN_POINT('',(-0.95,-4.45,4.85));
#15162 = DIRECTION('',(1.,-1.224646799147E-16,0.));
#15163 = DIRECTION('',(-1.359631073446E-32,-1.110223024625E-16,-1.));
#15164 = ADVANCED_FACE('',(#15165),#15171,.F.);
#15165 = FACE_BOUND('',#15166,.F.);
#15166 = EDGE_LOOP('',(#15167,#15168,#15169,#15170));
#15167 = ORIENTED_EDGE('',*,*,#13276,.T.);
#15168 = ORIENTED_EDGE('',*,*,#13299,.T.);
#15169 = ORIENTED_EDGE('',*,*,#15151,.F.);
#15170 = ORIENTED_EDGE('',*,*,#13245,.F.);
#15171 = PLANE('',#15172);
#15172 = AXIS2_PLACEMENT_3D('',#15173,#15174,#15175);
#15173 = CARTESIAN_POINT('',(-0.45,-4.45,4.85));
#15174 = DIRECTION('',(-1.359631073447E-32,-1.110223024625E-16,-1.));
#15175 = DIRECTION('',(-1.,1.224646799147E-16,6.927121900793E-45));
#15176 = ADVANCED_FACE('',(#15177),#15202,.F.);
#15177 = FACE_BOUND('',#15178,.F.);
#15178 = EDGE_LOOP('',(#15179,#15187,#15188,#15196));
#15179 = ORIENTED_EDGE('',*,*,#15180,.F.);
#15180 = EDGE_CURVE('',#14158,#15181,#15183,.T.);
#15181 = VERTEX_POINT('',#15182);
#15182 = CARTESIAN_POINT('',(9.95,-5.75,3.05));
#15183 = LINE('',#15184,#15185);
#15184 = CARTESIAN_POINT('',(9.9,-5.7,3.));
#15185 = VECTOR('',#15186,1.);
#15186 = DIRECTION('',(0.57735026919,-0.57735026919,0.57735026919));
#15187 = ORIENTED_EDGE('',*,*,#14157,.T.);
#15188 = ORIENTED_EDGE('',*,*,#15189,.T.);
#15189 = EDGE_CURVE('',#14160,#15190,#15192,.T.);
#15190 = VERTEX_POINT('',#15191);
#15191 = CARTESIAN_POINT('',(9.95,-5.75,3.15));
#15192 = LINE('',#15193,#15194);
#15193 = CARTESIAN_POINT('',(9.983333333333,-5.783333333333,
    3.116666666667));
#15194 = VECTOR('',#15195,1.);
#15195 = DIRECTION('',(0.57735026919,-0.57735026919,-0.57735026919));
#15196 = ORIENTED_EDGE('',*,*,#15197,.F.);
#15197 = EDGE_CURVE('',#15181,#15190,#15198,.T.);
#15198 = LINE('',#15199,#15200);
#15199 = CARTESIAN_POINT('',(9.95,-5.75,2.85));
#15200 = VECTOR('',#15201,1.);
#15201 = DIRECTION('',(0.,0.,1.));
#15202 = PLANE('',#15203);
#15203 = AXIS2_PLACEMENT_3D('',#15204,#15205,#15206);
#15204 = CARTESIAN_POINT('',(9.85,-5.65,2.85));
#15205 = DIRECTION('',(0.707106781187,0.707106781187,1.735417226644E-18)
  );
#15206 = DIRECTION('',(-1.227125289148E-18,-1.227125289148E-18,1.));
#15207 = ADVANCED_FACE('',(#15208),#15226,.T.);
#15208 = FACE_BOUND('',#15209,.F.);
#15209 = EDGE_LOOP('',(#15210,#15218,#15219,#15220));
#15210 = ORIENTED_EDGE('',*,*,#15211,.F.);
#15211 = EDGE_CURVE('',#14189,#15212,#15214,.T.);
#15212 = VERTEX_POINT('',#15213);
#15213 = CARTESIAN_POINT('',(10.05,-5.75,3.05));
#15214 = LINE('',#15215,#15216);
#15215 = CARTESIAN_POINT('',(10.183333333333,-5.616666666667,
    2.916666666667));
#15216 = VECTOR('',#15217,1.);
#15217 = DIRECTION('',(-0.57735026919,-0.57735026919,0.57735026919));
#15218 = ORIENTED_EDGE('',*,*,#14198,.T.);
#15219 = ORIENTED_EDGE('',*,*,#15180,.T.);
#15220 = ORIENTED_EDGE('',*,*,#15221,.F.);
#15221 = EDGE_CURVE('',#15212,#15181,#15222,.T.);
#15222 = LINE('',#15223,#15224);
#15223 = CARTESIAN_POINT('',(10.25,-5.75,3.05));
#15224 = VECTOR('',#15225,1.);
#15225 = DIRECTION('',(-1.,1.224646799147E-16,0.));
#15226 = PLANE('',#15227);
#15227 = AXIS2_PLACEMENT_3D('',#15228,#15229,#15230);
#15228 = CARTESIAN_POINT('',(10.25,-5.65,2.95));
#15229 = DIRECTION('',(-8.659560562349E-17,-0.707106781187,
    -0.707106781187));
#15230 = DIRECTION('',(1.,-1.224646799147E-16,2.105272540809E-29));
#15231 = ADVANCED_FACE('',(#15232),#15250,.T.);
#15232 = FACE_BOUND('',#15233,.T.);
#15233 = EDGE_LOOP('',(#15234,#15235,#15236,#15244));
#15234 = ORIENTED_EDGE('',*,*,#15211,.F.);
#15235 = ORIENTED_EDGE('',*,*,#14212,.T.);
#15236 = ORIENTED_EDGE('',*,*,#15237,.T.);
#15237 = EDGE_CURVE('',#14213,#15238,#15240,.T.);
#15238 = VERTEX_POINT('',#15239);
#15239 = CARTESIAN_POINT('',(10.05,-5.75,3.15));
#15240 = LINE('',#15241,#15242);
#15241 = CARTESIAN_POINT('',(10.1,-5.7,3.2));
#15242 = VECTOR('',#15243,1.);
#15243 = DIRECTION('',(-0.57735026919,-0.57735026919,-0.57735026919));
#15244 = ORIENTED_EDGE('',*,*,#15245,.F.);
#15245 = EDGE_CURVE('',#15212,#15238,#15246,.T.);
#15246 = LINE('',#15247,#15248);
#15247 = CARTESIAN_POINT('',(10.05,-5.75,2.85));
#15248 = VECTOR('',#15249,1.);
#15249 = DIRECTION('',(0.,0.,1.));
#15250 = PLANE('',#15251);
#15251 = AXIS2_PLACEMENT_3D('',#15252,#15253,#15254);
#15252 = CARTESIAN_POINT('',(10.15,-5.65,2.85));
#15253 = DIRECTION('',(0.707106781187,-0.707106781187,
    -1.735417226644E-18));
#15254 = DIRECTION('',(1.227125289148E-18,-1.227125289148E-18,1.));
#15255 = ADVANCED_FACE('',(#15256),#15267,.T.);
#15256 = FACE_BOUND('',#15257,.T.);
#15257 = EDGE_LOOP('',(#15258,#15259,#15260,#15261));
#15258 = ORIENTED_EDGE('',*,*,#15237,.F.);
#15259 = ORIENTED_EDGE('',*,*,#14237,.T.);
#15260 = ORIENTED_EDGE('',*,*,#15189,.T.);
#15261 = ORIENTED_EDGE('',*,*,#15262,.F.);
#15262 = EDGE_CURVE('',#15238,#15190,#15263,.T.);
#15263 = LINE('',#15264,#15265);
#15264 = CARTESIAN_POINT('',(10.25,-5.75,3.15));
#15265 = VECTOR('',#15266,1.);
#15266 = DIRECTION('',(-1.,1.224646799147E-16,0.));
#15267 = PLANE('',#15268);
#15268 = AXIS2_PLACEMENT_3D('',#15269,#15270,#15271);
#15269 = CARTESIAN_POINT('',(10.25,-5.65,3.25));
#15270 = DIRECTION('',(-8.659560562349E-17,-0.707106781187,
    0.707106781187));
#15271 = DIRECTION('',(-1.,1.224646799147E-16,2.105272540809E-29));
#15272 = ADVANCED_FACE('',(#15273),#15298,.T.);
#15273 = FACE_BOUND('',#15274,.T.);
#15274 = EDGE_LOOP('',(#15275,#15283,#15284,#15292));
#15275 = ORIENTED_EDGE('',*,*,#15276,.F.);
#15276 = EDGE_CURVE('',#14254,#15277,#15279,.T.);
#15277 = VERTEX_POINT('',#15278);
#15278 = CARTESIAN_POINT('',(8.05,-5.75,3.05));
#15279 = LINE('',#15280,#15281);
#15280 = CARTESIAN_POINT('',(8.183333333333,-5.616666666667,
    2.916666666667));
#15281 = VECTOR('',#15282,1.);
#15282 = DIRECTION('',(-0.57735026919,-0.57735026919,0.57735026919));
#15283 = ORIENTED_EDGE('',*,*,#14253,.T.);
#15284 = ORIENTED_EDGE('',*,*,#15285,.T.);
#15285 = EDGE_CURVE('',#14256,#15286,#15288,.T.);
#15286 = VERTEX_POINT('',#15287);
#15287 = CARTESIAN_POINT('',(8.05,-5.75,3.15));
#15288 = LINE('',#15289,#15290);
#15289 = CARTESIAN_POINT('',(8.1,-5.7,3.2));
#15290 = VECTOR('',#15291,1.);
#15291 = DIRECTION('',(-0.57735026919,-0.57735026919,-0.57735026919));
#15292 = ORIENTED_EDGE('',*,*,#15293,.F.);
#15293 = EDGE_CURVE('',#15277,#15286,#15294,.T.);
#15294 = LINE('',#15295,#15296);
#15295 = CARTESIAN_POINT('',(8.05,-5.75,2.85));
#15296 = VECTOR('',#15297,1.);
#15297 = DIRECTION('',(0.,0.,1.));
#15298 = PLANE('',#15299);
#15299 = AXIS2_PLACEMENT_3D('',#15300,#15301,#15302);
#15300 = CARTESIAN_POINT('',(8.15,-5.65,2.85));
#15301 = DIRECTION('',(0.707106781187,-0.707106781187,
    -1.735417226644E-18));
#15302 = DIRECTION('',(1.227125289148E-18,-1.227125289148E-18,1.));
#15303 = ADVANCED_FACE('',(#15304),#15322,.T.);
#15304 = FACE_BOUND('',#15305,.T.);
#15305 = EDGE_LOOP('',(#15306,#15307,#15308,#15316));
#15306 = ORIENTED_EDGE('',*,*,#15285,.F.);
#15307 = ORIENTED_EDGE('',*,*,#14285,.T.);
#15308 = ORIENTED_EDGE('',*,*,#15309,.T.);
#15309 = EDGE_CURVE('',#14286,#15310,#15312,.T.);
#15310 = VERTEX_POINT('',#15311);
#15311 = CARTESIAN_POINT('',(7.95,-5.75,3.15));
#15312 = LINE('',#15313,#15314);
#15313 = CARTESIAN_POINT('',(7.983333333333,-5.783333333333,
    3.116666666667));
#15314 = VECTOR('',#15315,1.);
#15315 = DIRECTION('',(0.57735026919,-0.57735026919,-0.57735026919));
#15316 = ORIENTED_EDGE('',*,*,#15317,.F.);
#15317 = EDGE_CURVE('',#15286,#15310,#15318,.T.);
#15318 = LINE('',#15319,#15320);
#15319 = CARTESIAN_POINT('',(8.25,-5.75,3.15));
#15320 = VECTOR('',#15321,1.);
#15321 = DIRECTION('',(-1.,1.224646799147E-16,0.));
#15322 = PLANE('',#15323);
#15323 = AXIS2_PLACEMENT_3D('',#15324,#15325,#15326);
#15324 = CARTESIAN_POINT('',(8.25,-5.65,3.25));
#15325 = DIRECTION('',(-8.659560562349E-17,-0.707106781187,
    0.707106781187));
#15326 = DIRECTION('',(-1.,1.224646799147E-16,2.105272540809E-29));
#15327 = ADVANCED_FACE('',(#15328),#15346,.F.);
#15328 = FACE_BOUND('',#15329,.F.);
#15329 = EDGE_LOOP('',(#15330,#15338,#15339,#15340));
#15330 = ORIENTED_EDGE('',*,*,#15331,.F.);
#15331 = EDGE_CURVE('',#14309,#15332,#15334,.T.);
#15332 = VERTEX_POINT('',#15333);
#15333 = CARTESIAN_POINT('',(7.95,-5.75,3.05));
#15334 = LINE('',#15335,#15336);
#15335 = CARTESIAN_POINT('',(7.9,-5.7,3.));
#15336 = VECTOR('',#15337,1.);
#15337 = DIRECTION('',(0.57735026919,-0.57735026919,0.57735026919));
#15338 = ORIENTED_EDGE('',*,*,#14308,.T.);
#15339 = ORIENTED_EDGE('',*,*,#15309,.T.);
#15340 = ORIENTED_EDGE('',*,*,#15341,.F.);
#15341 = EDGE_CURVE('',#15332,#15310,#15342,.T.);
#15342 = LINE('',#15343,#15344);
#15343 = CARTESIAN_POINT('',(7.95,-5.75,2.85));
#15344 = VECTOR('',#15345,1.);
#15345 = DIRECTION('',(0.,0.,1.));
#15346 = PLANE('',#15347);
#15347 = AXIS2_PLACEMENT_3D('',#15348,#15349,#15350);
#15348 = CARTESIAN_POINT('',(7.85,-5.65,2.85));
#15349 = DIRECTION('',(0.707106781187,0.707106781187,1.735417226644E-18)
  );
#15350 = DIRECTION('',(-1.227125289148E-18,-1.227125289148E-18,1.));
#15351 = ADVANCED_FACE('',(#15352),#15363,.T.);
#15352 = FACE_BOUND('',#15353,.F.);
#15353 = EDGE_LOOP('',(#15354,#15355,#15356,#15357));
#15354 = ORIENTED_EDGE('',*,*,#15276,.F.);
#15355 = ORIENTED_EDGE('',*,*,#14335,.T.);
#15356 = ORIENTED_EDGE('',*,*,#15331,.T.);
#15357 = ORIENTED_EDGE('',*,*,#15358,.F.);
#15358 = EDGE_CURVE('',#15277,#15332,#15359,.T.);
#15359 = LINE('',#15360,#15361);
#15360 = CARTESIAN_POINT('',(8.25,-5.75,3.05));
#15361 = VECTOR('',#15362,1.);
#15362 = DIRECTION('',(-1.,1.224646799147E-16,0.));
#15363 = PLANE('',#15364);
#15364 = AXIS2_PLACEMENT_3D('',#15365,#15366,#15367);
#15365 = CARTESIAN_POINT('',(8.25,-5.65,2.95));
#15366 = DIRECTION('',(-8.659560562349E-17,-0.707106781187,
    -0.707106781187));
#15367 = DIRECTION('',(1.,-1.224646799147E-16,2.105272540809E-29));
#15368 = ADVANCED_FACE('',(#15369),#15394,.F.);
#15369 = FACE_BOUND('',#15370,.F.);
#15370 = EDGE_LOOP('',(#15371,#15379,#15380,#15388));
#15371 = ORIENTED_EDGE('',*,*,#15372,.F.);
#15372 = EDGE_CURVE('',#14350,#15373,#15375,.T.);
#15373 = VERTEX_POINT('',#15374);
#15374 = CARTESIAN_POINT('',(5.95,-5.75,3.05));
#15375 = LINE('',#15376,#15377);
#15376 = CARTESIAN_POINT('',(5.9,-5.7,3.));
#15377 = VECTOR('',#15378,1.);
#15378 = DIRECTION('',(0.57735026919,-0.57735026919,0.57735026919));
#15379 = ORIENTED_EDGE('',*,*,#14349,.T.);
#15380 = ORIENTED_EDGE('',*,*,#15381,.T.);
#15381 = EDGE_CURVE('',#14352,#15382,#15384,.T.);
#15382 = VERTEX_POINT('',#15383);
#15383 = CARTESIAN_POINT('',(5.95,-5.75,3.15));
#15384 = LINE('',#15385,#15386);
#15385 = CARTESIAN_POINT('',(5.983333333333,-5.783333333333,
    3.116666666667));
#15386 = VECTOR('',#15387,1.);
#15387 = DIRECTION('',(0.57735026919,-0.57735026919,-0.57735026919));
#15388 = ORIENTED_EDGE('',*,*,#15389,.F.);
#15389 = EDGE_CURVE('',#15373,#15382,#15390,.T.);
#15390 = LINE('',#15391,#15392);
#15391 = CARTESIAN_POINT('',(5.95,-5.75,2.85));
#15392 = VECTOR('',#15393,1.);
#15393 = DIRECTION('',(0.,0.,1.));
#15394 = PLANE('',#15395);
#15395 = AXIS2_PLACEMENT_3D('',#15396,#15397,#15398);
#15396 = CARTESIAN_POINT('',(5.85,-5.65,2.85));
#15397 = DIRECTION('',(0.707106781187,0.707106781187,1.735417226644E-18)
  );
#15398 = DIRECTION('',(-1.227125289148E-18,-1.227125289148E-18,1.));
#15399 = ADVANCED_FACE('',(#15400),#15418,.T.);
#15400 = FACE_BOUND('',#15401,.F.);
#15401 = EDGE_LOOP('',(#15402,#15410,#15411,#15412));
#15402 = ORIENTED_EDGE('',*,*,#15403,.F.);
#15403 = EDGE_CURVE('',#14381,#15404,#15406,.T.);
#15404 = VERTEX_POINT('',#15405);
#15405 = CARTESIAN_POINT('',(6.05,-5.75,3.05));
#15406 = LINE('',#15407,#15408);
#15407 = CARTESIAN_POINT('',(6.183333333333,-5.616666666667,
    2.916666666667));
#15408 = VECTOR('',#15409,1.);
#15409 = DIRECTION('',(-0.57735026919,-0.57735026919,0.57735026919));
#15410 = ORIENTED_EDGE('',*,*,#14390,.T.);
#15411 = ORIENTED_EDGE('',*,*,#15372,.T.);
#15412 = ORIENTED_EDGE('',*,*,#15413,.F.);
#15413 = EDGE_CURVE('',#15404,#15373,#15414,.T.);
#15414 = LINE('',#15415,#15416);
#15415 = CARTESIAN_POINT('',(6.25,-5.75,3.05));
#15416 = VECTOR('',#15417,1.);
#15417 = DIRECTION('',(-1.,1.224646799147E-16,0.));
#15418 = PLANE('',#15419);
#15419 = AXIS2_PLACEMENT_3D('',#15420,#15421,#15422);
#15420 = CARTESIAN_POINT('',(6.25,-5.65,2.95));
#15421 = DIRECTION('',(-8.659560562349E-17,-0.707106781187,
    -0.707106781187));
#15422 = DIRECTION('',(1.,-1.224646799147E-16,2.105272540809E-29));
#15423 = ADVANCED_FACE('',(#15424),#15442,.T.);
#15424 = FACE_BOUND('',#15425,.T.);
#15425 = EDGE_LOOP('',(#15426,#15427,#15428,#15436));
#15426 = ORIENTED_EDGE('',*,*,#15403,.F.);
#15427 = ORIENTED_EDGE('',*,*,#14404,.T.);
#15428 = ORIENTED_EDGE('',*,*,#15429,.T.);
#15429 = EDGE_CURVE('',#14405,#15430,#15432,.T.);
#15430 = VERTEX_POINT('',#15431);
#15431 = CARTESIAN_POINT('',(6.05,-5.75,3.15));
#15432 = LINE('',#15433,#15434);
#15433 = CARTESIAN_POINT('',(6.1,-5.7,3.2));
#15434 = VECTOR('',#15435,1.);
#15435 = DIRECTION('',(-0.57735026919,-0.57735026919,-0.57735026919));
#15436 = ORIENTED_EDGE('',*,*,#15437,.F.);
#15437 = EDGE_CURVE('',#15404,#15430,#15438,.T.);
#15438 = LINE('',#15439,#15440);
#15439 = CARTESIAN_POINT('',(6.05,-5.75,2.85));
#15440 = VECTOR('',#15441,1.);
#15441 = DIRECTION('',(0.,0.,1.));
#15442 = PLANE('',#15443);
#15443 = AXIS2_PLACEMENT_3D('',#15444,#15445,#15446);
#15444 = CARTESIAN_POINT('',(6.15,-5.65,2.85));
#15445 = DIRECTION('',(0.707106781187,-0.707106781187,
    -1.735417226644E-18));
#15446 = DIRECTION('',(1.227125289148E-18,-1.227125289148E-18,1.));
#15447 = ADVANCED_FACE('',(#15448),#15459,.T.);
#15448 = FACE_BOUND('',#15449,.T.);
#15449 = EDGE_LOOP('',(#15450,#15451,#15452,#15453));
#15450 = ORIENTED_EDGE('',*,*,#15429,.F.);
#15451 = ORIENTED_EDGE('',*,*,#14429,.T.);
#15452 = ORIENTED_EDGE('',*,*,#15381,.T.);
#15453 = ORIENTED_EDGE('',*,*,#15454,.F.);
#15454 = EDGE_CURVE('',#15430,#15382,#15455,.T.);
#15455 = LINE('',#15456,#15457);
#15456 = CARTESIAN_POINT('',(6.25,-5.75,3.15));
#15457 = VECTOR('',#15458,1.);
#15458 = DIRECTION('',(-1.,1.224646799147E-16,0.));
#15459 = PLANE('',#15460);
#15460 = AXIS2_PLACEMENT_3D('',#15461,#15462,#15463);
#15461 = CARTESIAN_POINT('',(6.25,-5.65,3.25));
#15462 = DIRECTION('',(-8.659560562349E-17,-0.707106781187,
    0.707106781187));
#15463 = DIRECTION('',(-1.,1.224646799147E-16,2.105272540809E-29));
#15464 = ADVANCED_FACE('',(#15465),#15490,.F.);
#15465 = FACE_BOUND('',#15466,.F.);
#15466 = EDGE_LOOP('',(#15467,#15475,#15476,#15484));
#15467 = ORIENTED_EDGE('',*,*,#15468,.F.);
#15468 = EDGE_CURVE('',#14446,#15469,#15471,.T.);
#15469 = VERTEX_POINT('',#15470);
#15470 = CARTESIAN_POINT('',(1.95,-5.75,3.05));
#15471 = LINE('',#15472,#15473);
#15472 = CARTESIAN_POINT('',(1.9,-5.7,3.));
#15473 = VECTOR('',#15474,1.);
#15474 = DIRECTION('',(0.57735026919,-0.57735026919,0.57735026919));
#15475 = ORIENTED_EDGE('',*,*,#14445,.T.);
#15476 = ORIENTED_EDGE('',*,*,#15477,.T.);
#15477 = EDGE_CURVE('',#14448,#15478,#15480,.T.);
#15478 = VERTEX_POINT('',#15479);
#15479 = CARTESIAN_POINT('',(1.95,-5.75,3.15));
#15480 = LINE('',#15481,#15482);
#15481 = CARTESIAN_POINT('',(1.983333333333,-5.783333333333,
    3.116666666667));
#15482 = VECTOR('',#15483,1.);
#15483 = DIRECTION('',(0.57735026919,-0.57735026919,-0.57735026919));
#15484 = ORIENTED_EDGE('',*,*,#15485,.F.);
#15485 = EDGE_CURVE('',#15469,#15478,#15486,.T.);
#15486 = LINE('',#15487,#15488);
#15487 = CARTESIAN_POINT('',(1.95,-5.75,2.85));
#15488 = VECTOR('',#15489,1.);
#15489 = DIRECTION('',(0.,0.,1.));
#15490 = PLANE('',#15491);
#15491 = AXIS2_PLACEMENT_3D('',#15492,#15493,#15494);
#15492 = CARTESIAN_POINT('',(1.85,-5.65,2.85));
#15493 = DIRECTION('',(0.707106781187,0.707106781187,1.735417226644E-18)
  );
#15494 = DIRECTION('',(-1.227125289148E-18,-1.227125289148E-18,1.));
#15495 = ADVANCED_FACE('',(#15496),#15514,.T.);
#15496 = FACE_BOUND('',#15497,.F.);
#15497 = EDGE_LOOP('',(#15498,#15506,#15507,#15508));
#15498 = ORIENTED_EDGE('',*,*,#15499,.F.);
#15499 = EDGE_CURVE('',#14477,#15500,#15502,.T.);
#15500 = VERTEX_POINT('',#15501);
#15501 = CARTESIAN_POINT('',(2.05,-5.75,3.05));
#15502 = LINE('',#15503,#15504);
#15503 = CARTESIAN_POINT('',(2.183333333333,-5.616666666667,
    2.916666666667));
#15504 = VECTOR('',#15505,1.);
#15505 = DIRECTION('',(-0.57735026919,-0.57735026919,0.57735026919));
#15506 = ORIENTED_EDGE('',*,*,#14486,.T.);
#15507 = ORIENTED_EDGE('',*,*,#15468,.T.);
#15508 = ORIENTED_EDGE('',*,*,#15509,.F.);
#15509 = EDGE_CURVE('',#15500,#15469,#15510,.T.);
#15510 = LINE('',#15511,#15512);
#15511 = CARTESIAN_POINT('',(2.25,-5.75,3.05));
#15512 = VECTOR('',#15513,1.);
#15513 = DIRECTION('',(-1.,1.224646799147E-16,0.));
#15514 = PLANE('',#15515);
#15515 = AXIS2_PLACEMENT_3D('',#15516,#15517,#15518);
#15516 = CARTESIAN_POINT('',(2.25,-5.65,2.95));
#15517 = DIRECTION('',(-8.659560562349E-17,-0.707106781187,
    -0.707106781187));
#15518 = DIRECTION('',(1.,-1.224646799147E-16,2.105272540809E-29));
#15519 = ADVANCED_FACE('',(#15520),#15538,.T.);
#15520 = FACE_BOUND('',#15521,.T.);
#15521 = EDGE_LOOP('',(#15522,#15523,#15524,#15532));
#15522 = ORIENTED_EDGE('',*,*,#15499,.F.);
#15523 = ORIENTED_EDGE('',*,*,#14500,.T.);
#15524 = ORIENTED_EDGE('',*,*,#15525,.T.);
#15525 = EDGE_CURVE('',#14501,#15526,#15528,.T.);
#15526 = VERTEX_POINT('',#15527);
#15527 = CARTESIAN_POINT('',(2.05,-5.75,3.15));
#15528 = LINE('',#15529,#15530);
#15529 = CARTESIAN_POINT('',(2.1,-5.7,3.2));
#15530 = VECTOR('',#15531,1.);
#15531 = DIRECTION('',(-0.57735026919,-0.57735026919,-0.57735026919));
#15532 = ORIENTED_EDGE('',*,*,#15533,.F.);
#15533 = EDGE_CURVE('',#15500,#15526,#15534,.T.);
#15534 = LINE('',#15535,#15536);
#15535 = CARTESIAN_POINT('',(2.05,-5.75,2.85));
#15536 = VECTOR('',#15537,1.);
#15537 = DIRECTION('',(0.,0.,1.));
#15538 = PLANE('',#15539);
#15539 = AXIS2_PLACEMENT_3D('',#15540,#15541,#15542);
#15540 = CARTESIAN_POINT('',(2.15,-5.65,2.85));
#15541 = DIRECTION('',(0.707106781187,-0.707106781187,
    -1.735417226644E-18));
#15542 = DIRECTION('',(1.227125289148E-18,-1.227125289148E-18,1.));
#15543 = ADVANCED_FACE('',(#15544),#15555,.T.);
#15544 = FACE_BOUND('',#15545,.T.);
#15545 = EDGE_LOOP('',(#15546,#15547,#15548,#15549));
#15546 = ORIENTED_EDGE('',*,*,#15525,.F.);
#15547 = ORIENTED_EDGE('',*,*,#14525,.T.);
#15548 = ORIENTED_EDGE('',*,*,#15477,.T.);
#15549 = ORIENTED_EDGE('',*,*,#15550,.F.);
#15550 = EDGE_CURVE('',#15526,#15478,#15551,.T.);
#15551 = LINE('',#15552,#15553);
#15552 = CARTESIAN_POINT('',(2.25,-5.75,3.15));
#15553 = VECTOR('',#15554,1.);
#15554 = DIRECTION('',(-1.,1.224646799147E-16,0.));
#15555 = PLANE('',#15556);
#15556 = AXIS2_PLACEMENT_3D('',#15557,#15558,#15559);
#15557 = CARTESIAN_POINT('',(2.25,-5.65,3.25));
#15558 = DIRECTION('',(-8.659560562349E-17,-0.707106781187,
    0.707106781187));
#15559 = DIRECTION('',(-1.,1.224646799147E-16,2.105272540809E-29));
#15560 = ADVANCED_FACE('',(#15561),#15586,.T.);
#15561 = FACE_BOUND('',#15562,.T.);
#15562 = EDGE_LOOP('',(#15563,#15571,#15572,#15580));
#15563 = ORIENTED_EDGE('',*,*,#15564,.F.);
#15564 = EDGE_CURVE('',#14542,#15565,#15567,.T.);
#15565 = VERTEX_POINT('',#15566);
#15566 = CARTESIAN_POINT('',(4.05,-5.75,3.15));
#15567 = LINE('',#15568,#15569);
#15568 = CARTESIAN_POINT('',(4.1,-5.7,3.2));
#15569 = VECTOR('',#15570,1.);
#15570 = DIRECTION('',(-0.57735026919,-0.57735026919,-0.57735026919));
#15571 = ORIENTED_EDGE('',*,*,#14549,.T.);
#15572 = ORIENTED_EDGE('',*,*,#15573,.T.);
#15573 = EDGE_CURVE('',#14550,#15574,#15576,.T.);
#15574 = VERTEX_POINT('',#15575);
#15575 = CARTESIAN_POINT('',(3.95,-5.75,3.15));
#15576 = LINE('',#15577,#15578);
#15577 = CARTESIAN_POINT('',(3.983333333333,-5.783333333333,
    3.116666666667));
#15578 = VECTOR('',#15579,1.);
#15579 = DIRECTION('',(0.57735026919,-0.57735026919,-0.57735026919));
#15580 = ORIENTED_EDGE('',*,*,#15581,.F.);
#15581 = EDGE_CURVE('',#15565,#15574,#15582,.T.);
#15582 = LINE('',#15583,#15584);
#15583 = CARTESIAN_POINT('',(4.25,-5.75,3.15));
#15584 = VECTOR('',#15585,1.);
#15585 = DIRECTION('',(-1.,1.224646799147E-16,0.));
#15586 = PLANE('',#15587);
#15587 = AXIS2_PLACEMENT_3D('',#15588,#15589,#15590);
#15588 = CARTESIAN_POINT('',(4.25,-5.65,3.25));
#15589 = DIRECTION('',(-8.659560562349E-17,-0.707106781187,
    0.707106781187));
#15590 = DIRECTION('',(-1.,1.224646799147E-16,2.105272540809E-29));
#15591 = ADVANCED_FACE('',(#15592),#15610,.F.);
#15592 = FACE_BOUND('',#15593,.F.);
#15593 = EDGE_LOOP('',(#15594,#15602,#15603,#15604));
#15594 = ORIENTED_EDGE('',*,*,#15595,.F.);
#15595 = EDGE_CURVE('',#14573,#15596,#15598,.T.);
#15596 = VERTEX_POINT('',#15597);
#15597 = CARTESIAN_POINT('',(3.95,-5.75,3.05));
#15598 = LINE('',#15599,#15600);
#15599 = CARTESIAN_POINT('',(3.9,-5.7,3.));
#15600 = VECTOR('',#15601,1.);
#15601 = DIRECTION('',(0.57735026919,-0.57735026919,0.57735026919));
#15602 = ORIENTED_EDGE('',*,*,#14572,.T.);
#15603 = ORIENTED_EDGE('',*,*,#15573,.T.);
#15604 = ORIENTED_EDGE('',*,*,#15605,.F.);
#15605 = EDGE_CURVE('',#15596,#15574,#15606,.T.);
#15606 = LINE('',#15607,#15608);
#15607 = CARTESIAN_POINT('',(3.95,-5.75,2.85));
#15608 = VECTOR('',#15609,1.);
#15609 = DIRECTION('',(0.,0.,1.));
#15610 = PLANE('',#15611);
#15611 = AXIS2_PLACEMENT_3D('',#15612,#15613,#15614);
#15612 = CARTESIAN_POINT('',(3.85,-5.65,2.85));
#15613 = DIRECTION('',(0.707106781187,0.707106781187,1.735417226644E-18)
  );
#15614 = DIRECTION('',(-1.227125289148E-18,-1.227125289148E-18,1.));
#15615 = ADVANCED_FACE('',(#15616),#15634,.T.);
#15616 = FACE_BOUND('',#15617,.F.);
#15617 = EDGE_LOOP('',(#15618,#15626,#15627,#15628));
#15618 = ORIENTED_EDGE('',*,*,#15619,.F.);
#15619 = EDGE_CURVE('',#14597,#15620,#15622,.T.);
#15620 = VERTEX_POINT('',#15621);
#15621 = CARTESIAN_POINT('',(4.05,-5.75,3.05));
#15622 = LINE('',#15623,#15624);
#15623 = CARTESIAN_POINT('',(4.183333333333,-5.616666666667,
    2.916666666667));
#15624 = VECTOR('',#15625,1.);
#15625 = DIRECTION('',(-0.57735026919,-0.57735026919,0.57735026919));
#15626 = ORIENTED_EDGE('',*,*,#14606,.T.);
#15627 = ORIENTED_EDGE('',*,*,#15595,.T.);
#15628 = ORIENTED_EDGE('',*,*,#15629,.F.);
#15629 = EDGE_CURVE('',#15620,#15596,#15630,.T.);
#15630 = LINE('',#15631,#15632);
#15631 = CARTESIAN_POINT('',(4.25,-5.75,3.05));
#15632 = VECTOR('',#15633,1.);
#15633 = DIRECTION('',(-1.,1.224646799147E-16,0.));
#15634 = PLANE('',#15635);
#15635 = AXIS2_PLACEMENT_3D('',#15636,#15637,#15638);
#15636 = CARTESIAN_POINT('',(4.25,-5.65,2.95));
#15637 = DIRECTION('',(-8.659560562349E-17,-0.707106781187,
    -0.707106781187));
#15638 = DIRECTION('',(1.,-1.224646799147E-16,2.105272540809E-29));
#15639 = ADVANCED_FACE('',(#15640),#15651,.T.);
#15640 = FACE_BOUND('',#15641,.T.);
#15641 = EDGE_LOOP('',(#15642,#15643,#15644,#15645));
#15642 = ORIENTED_EDGE('',*,*,#15619,.F.);
#15643 = ORIENTED_EDGE('',*,*,#14620,.T.);
#15644 = ORIENTED_EDGE('',*,*,#15564,.T.);
#15645 = ORIENTED_EDGE('',*,*,#15646,.F.);
#15646 = EDGE_CURVE('',#15620,#15565,#15647,.T.);
#15647 = LINE('',#15648,#15649);
#15648 = CARTESIAN_POINT('',(4.05,-5.75,2.85));
#15649 = VECTOR('',#15650,1.);
#15650 = DIRECTION('',(0.,0.,1.));
#15651 = PLANE('',#15652);
#15652 = AXIS2_PLACEMENT_3D('',#15653,#15654,#15655);
#15653 = CARTESIAN_POINT('',(4.15,-5.65,2.85));
#15654 = DIRECTION('',(0.707106781187,-0.707106781187,
    -1.735417226644E-18));
#15655 = DIRECTION('',(1.227125289148E-18,-1.227125289148E-18,1.));
#15656 = ADVANCED_FACE('',(#15657),#15682,.T.);
#15657 = FACE_BOUND('',#15658,.T.);
#15658 = EDGE_LOOP('',(#15659,#15667,#15668,#15676));
#15659 = ORIENTED_EDGE('',*,*,#15660,.F.);
#15660 = EDGE_CURVE('',#14638,#15661,#15663,.T.);
#15661 = VERTEX_POINT('',#15662);
#15662 = CARTESIAN_POINT('',(12.05,-5.75,3.05));
#15663 = LINE('',#15664,#15665);
#15664 = CARTESIAN_POINT('',(12.183333333333,-5.616666666667,
    2.916666666667));
#15665 = VECTOR('',#15666,1.);
#15666 = DIRECTION('',(-0.57735026919,-0.57735026919,0.57735026919));
#15667 = ORIENTED_EDGE('',*,*,#14637,.T.);
#15668 = ORIENTED_EDGE('',*,*,#15669,.F.);
#15669 = EDGE_CURVE('',#15670,#14640,#15672,.T.);
#15670 = VERTEX_POINT('',#15671);
#15671 = CARTESIAN_POINT('',(12.05,-5.75,3.15));
#15672 = LINE('',#15673,#15674);
#15673 = CARTESIAN_POINT('',(12.1,-5.7,3.2));
#15674 = VECTOR('',#15675,1.);
#15675 = DIRECTION('',(0.57735026919,0.57735026919,0.57735026919));
#15676 = ORIENTED_EDGE('',*,*,#15677,.F.);
#15677 = EDGE_CURVE('',#15661,#15670,#15678,.T.);
#15678 = LINE('',#15679,#15680);
#15679 = CARTESIAN_POINT('',(12.05,-5.75,2.85));
#15680 = VECTOR('',#15681,1.);
#15681 = DIRECTION('',(0.,0.,1.));
#15682 = PLANE('',#15683);
#15683 = AXIS2_PLACEMENT_3D('',#15684,#15685,#15686);
#15684 = CARTESIAN_POINT('',(12.15,-5.65,2.85));
#15685 = DIRECTION('',(0.707106781187,-0.707106781187,
    -1.735417226644E-18));
#15686 = DIRECTION('',(1.227125289148E-18,-1.227125289148E-18,1.));
#15687 = ADVANCED_FACE('',(#15688),#15706,.T.);
#15688 = FACE_BOUND('',#15689,.F.);
#15689 = EDGE_LOOP('',(#15690,#15691,#15699,#15705));
#15690 = ORIENTED_EDGE('',*,*,#15669,.F.);
#15691 = ORIENTED_EDGE('',*,*,#15692,.T.);
#15692 = EDGE_CURVE('',#15670,#15693,#15695,.T.);
#15693 = VERTEX_POINT('',#15694);
#15694 = CARTESIAN_POINT('',(11.95,-5.75,3.15));
#15695 = LINE('',#15696,#15697);
#15696 = CARTESIAN_POINT('',(12.25,-5.75,3.15));
#15697 = VECTOR('',#15698,1.);
#15698 = DIRECTION('',(-1.,1.224646799147E-16,0.));
#15699 = ORIENTED_EDGE('',*,*,#15700,.T.);
#15700 = EDGE_CURVE('',#15693,#14670,#15701,.T.);
#15701 = LINE('',#15702,#15703);
#15702 = CARTESIAN_POINT('',(11.983333333333,-5.783333333333,
    3.116666666667));
#15703 = VECTOR('',#15704,1.);
#15704 = DIRECTION('',(-0.57735026919,0.57735026919,0.57735026919));
#15705 = ORIENTED_EDGE('',*,*,#14669,.F.);
#15706 = PLANE('',#15707);
#15707 = AXIS2_PLACEMENT_3D('',#15708,#15709,#15710);
#15708 = CARTESIAN_POINT('',(12.25,-5.65,3.25));
#15709 = DIRECTION('',(-8.659560562349E-17,-0.707106781187,
    0.707106781187));
#15710 = DIRECTION('',(1.,-1.224646799147E-16,-2.105272540809E-29));
#15711 = ADVANCED_FACE('',(#15712),#15730,.F.);
#15712 = FACE_BOUND('',#15713,.F.);
#15713 = EDGE_LOOP('',(#15714,#15722,#15723,#15724));
#15714 = ORIENTED_EDGE('',*,*,#15715,.F.);
#15715 = EDGE_CURVE('',#14693,#15716,#15718,.T.);
#15716 = VERTEX_POINT('',#15717);
#15717 = CARTESIAN_POINT('',(11.95,-5.75,3.05));
#15718 = LINE('',#15719,#15720);
#15719 = CARTESIAN_POINT('',(11.9,-5.7,3.));
#15720 = VECTOR('',#15721,1.);
#15721 = DIRECTION('',(0.57735026919,-0.57735026919,0.57735026919));
#15722 = ORIENTED_EDGE('',*,*,#14692,.T.);
#15723 = ORIENTED_EDGE('',*,*,#15700,.F.);
#15724 = ORIENTED_EDGE('',*,*,#15725,.F.);
#15725 = EDGE_CURVE('',#15716,#15693,#15726,.T.);
#15726 = LINE('',#15727,#15728);
#15727 = CARTESIAN_POINT('',(11.95,-5.75,2.85));
#15728 = VECTOR('',#15729,1.);
#15729 = DIRECTION('',(0.,0.,1.));
#15730 = PLANE('',#15731);
#15731 = AXIS2_PLACEMENT_3D('',#15732,#15733,#15734);
#15732 = CARTESIAN_POINT('',(11.85,-5.65,2.85));
#15733 = DIRECTION('',(0.707106781187,0.707106781187,1.735417226644E-18)
  );
#15734 = DIRECTION('',(-1.227125289148E-18,-1.227125289148E-18,1.));
#15735 = ADVANCED_FACE('',(#15736),#15747,.T.);
#15736 = FACE_BOUND('',#15737,.F.);
#15737 = EDGE_LOOP('',(#15738,#15739,#15740,#15741));
#15738 = ORIENTED_EDGE('',*,*,#15660,.F.);
#15739 = ORIENTED_EDGE('',*,*,#14719,.T.);
#15740 = ORIENTED_EDGE('',*,*,#15715,.T.);
#15741 = ORIENTED_EDGE('',*,*,#15742,.F.);
#15742 = EDGE_CURVE('',#15661,#15716,#15743,.T.);
#15743 = LINE('',#15744,#15745);
#15744 = CARTESIAN_POINT('',(12.25,-5.75,3.05));
#15745 = VECTOR('',#15746,1.);
#15746 = DIRECTION('',(-1.,1.224646799147E-16,0.));
#15747 = PLANE('',#15748);
#15748 = AXIS2_PLACEMENT_3D('',#15749,#15750,#15751);
#15749 = CARTESIAN_POINT('',(12.25,-5.65,2.95));
#15750 = DIRECTION('',(-8.659560562349E-17,-0.707106781187,
    -0.707106781187));
#15751 = DIRECTION('',(1.,-1.224646799147E-16,2.105272540809E-29));
#15752 = ADVANCED_FACE('',(#15753),#15778,.F.);
#15753 = FACE_BOUND('',#15754,.F.);
#15754 = EDGE_LOOP('',(#15755,#15763,#15764,#15772));
#15755 = ORIENTED_EDGE('',*,*,#15756,.F.);
#15756 = EDGE_CURVE('',#14734,#15757,#15759,.T.);
#15757 = VERTEX_POINT('',#15758);
#15758 = CARTESIAN_POINT('',(-5.E-02,-5.75,3.05));
#15759 = LINE('',#15760,#15761);
#15760 = CARTESIAN_POINT('',(-0.1,-5.7,3.));
#15761 = VECTOR('',#15762,1.);
#15762 = DIRECTION('',(0.57735026919,-0.57735026919,0.57735026919));
#15763 = ORIENTED_EDGE('',*,*,#14733,.T.);
#15764 = ORIENTED_EDGE('',*,*,#15765,.F.);
#15765 = EDGE_CURVE('',#15766,#14736,#15768,.T.);
#15766 = VERTEX_POINT('',#15767);
#15767 = CARTESIAN_POINT('',(-5.E-02,-5.75,3.15));
#15768 = LINE('',#15769,#15770);
#15769 = CARTESIAN_POINT('',(-1.666666666667E-02,-5.783333333333,
    3.116666666667));
#15770 = VECTOR('',#15771,1.);
#15771 = DIRECTION('',(-0.57735026919,0.57735026919,0.57735026919));
#15772 = ORIENTED_EDGE('',*,*,#15773,.F.);
#15773 = EDGE_CURVE('',#15757,#15766,#15774,.T.);
#15774 = LINE('',#15775,#15776);
#15775 = CARTESIAN_POINT('',(-5.E-02,-5.75,2.85));
#15776 = VECTOR('',#15777,1.);
#15777 = DIRECTION('',(0.,0.,1.));
#15778 = PLANE('',#15779);
#15779 = AXIS2_PLACEMENT_3D('',#15780,#15781,#15782);
#15780 = CARTESIAN_POINT('',(-0.15,-5.65,2.85));
#15781 = DIRECTION('',(0.707106781187,0.707106781187,1.735417226644E-18)
  );
#15782 = DIRECTION('',(-1.227125289148E-18,-1.227125289148E-18,1.));
#15783 = ADVANCED_FACE('',(#15784),#15802,.T.);
#15784 = FACE_BOUND('',#15785,.F.);
#15785 = EDGE_LOOP('',(#15786,#15794,#15795,#15796));
#15786 = ORIENTED_EDGE('',*,*,#15787,.F.);
#15787 = EDGE_CURVE('',#14765,#15788,#15790,.T.);
#15788 = VERTEX_POINT('',#15789);
#15789 = CARTESIAN_POINT('',(5.E-02,-5.75,3.05));
#15790 = LINE('',#15791,#15792);
#15791 = CARTESIAN_POINT('',(0.183333333333,-5.616666666667,
    2.916666666667));
#15792 = VECTOR('',#15793,1.);
#15793 = DIRECTION('',(-0.57735026919,-0.57735026919,0.57735026919));
#15794 = ORIENTED_EDGE('',*,*,#14774,.T.);
#15795 = ORIENTED_EDGE('',*,*,#15756,.T.);
#15796 = ORIENTED_EDGE('',*,*,#15797,.F.);
#15797 = EDGE_CURVE('',#15788,#15757,#15798,.T.);
#15798 = LINE('',#15799,#15800);
#15799 = CARTESIAN_POINT('',(0.25,-5.75,3.05));
#15800 = VECTOR('',#15801,1.);
#15801 = DIRECTION('',(-1.,1.224646799147E-16,0.));
#15802 = PLANE('',#15803);
#15803 = AXIS2_PLACEMENT_3D('',#15804,#15805,#15806);
#15804 = CARTESIAN_POINT('',(0.25,-5.65,2.95));
#15805 = DIRECTION('',(-8.659560562349E-17,-0.707106781187,
    -0.707106781187));
#15806 = DIRECTION('',(1.,-1.224646799147E-16,2.105272540809E-29));
#15807 = ADVANCED_FACE('',(#15808),#15826,.T.);
#15808 = FACE_BOUND('',#15809,.T.);
#15809 = EDGE_LOOP('',(#15810,#15811,#15812,#15820));
#15810 = ORIENTED_EDGE('',*,*,#15787,.F.);
#15811 = ORIENTED_EDGE('',*,*,#14788,.T.);
#15812 = ORIENTED_EDGE('',*,*,#15813,.F.);
#15813 = EDGE_CURVE('',#15814,#14789,#15816,.T.);
#15814 = VERTEX_POINT('',#15815);
#15815 = CARTESIAN_POINT('',(5.E-02,-5.75,3.15));
#15816 = LINE('',#15817,#15818);
#15817 = CARTESIAN_POINT('',(0.1,-5.7,3.2));
#15818 = VECTOR('',#15819,1.);
#15819 = DIRECTION('',(0.57735026919,0.57735026919,0.57735026919));
#15820 = ORIENTED_EDGE('',*,*,#15821,.F.);
#15821 = EDGE_CURVE('',#15788,#15814,#15822,.T.);
#15822 = LINE('',#15823,#15824);
#15823 = CARTESIAN_POINT('',(5.E-02,-5.75,2.85));
#15824 = VECTOR('',#15825,1.);
#15825 = DIRECTION('',(0.,0.,1.));
#15826 = PLANE('',#15827);
#15827 = AXIS2_PLACEMENT_3D('',#15828,#15829,#15830);
#15828 = CARTESIAN_POINT('',(0.15,-5.65,2.85));
#15829 = DIRECTION('',(0.707106781187,-0.707106781187,
    -1.735417226644E-18));
#15830 = DIRECTION('',(1.227125289148E-18,-1.227125289148E-18,1.));
#15831 = ADVANCED_FACE('',(#15832),#15843,.T.);
#15832 = FACE_BOUND('',#15833,.F.);
#15833 = EDGE_LOOP('',(#15834,#15835,#15841,#15842));
#15834 = ORIENTED_EDGE('',*,*,#15813,.F.);
#15835 = ORIENTED_EDGE('',*,*,#15836,.T.);
#15836 = EDGE_CURVE('',#15814,#15766,#15837,.T.);
#15837 = LINE('',#15838,#15839);
#15838 = CARTESIAN_POINT('',(0.25,-5.75,3.15));
#15839 = VECTOR('',#15840,1.);
#15840 = DIRECTION('',(-1.,1.224646799147E-16,0.));
#15841 = ORIENTED_EDGE('',*,*,#15765,.T.);
#15842 = ORIENTED_EDGE('',*,*,#14813,.F.);
#15843 = PLANE('',#15844);
#15844 = AXIS2_PLACEMENT_3D('',#15845,#15846,#15847);
#15845 = CARTESIAN_POINT('',(0.25,-5.65,3.25));
#15846 = DIRECTION('',(-8.659560562349E-17,-0.707106781187,
    0.707106781187));
#15847 = DIRECTION('',(1.,-1.224646799147E-16,-2.105272540809E-29));
#15848 = ADVANCED_FACE('',(#15849),#15940,.F.);
#15849 = FACE_BOUND('',#15850,.F.);
#15850 = EDGE_LOOP('',(#15851,#15852,#15860,#15869,#15877,#15885,#15893,
    #15901,#15909,#15917,#15925,#15934));
#15851 = ORIENTED_EDGE('',*,*,#14835,.F.);
#15852 = ORIENTED_EDGE('',*,*,#15853,.T.);
#15853 = EDGE_CURVE('',#14836,#15854,#15856,.T.);
#15854 = VERTEX_POINT('',#15855);
#15855 = CARTESIAN_POINT('',(12.25,-0.3,3.35));
#15856 = LINE('',#15857,#15858);
#15857 = CARTESIAN_POINT('',(12.25,-5.75,3.35));
#15858 = VECTOR('',#15859,1.);
#15859 = DIRECTION('',(1.224646799147E-16,1.,0.));
#15860 = ORIENTED_EDGE('',*,*,#15861,.T.);
#15861 = EDGE_CURVE('',#15854,#15862,#15864,.T.);
#15862 = VERTEX_POINT('',#15863);
#15863 = CARTESIAN_POINT('',(12.25,0.25,2.8));
#15864 = CIRCLE('',#15865,0.55);
#15865 = AXIS2_PLACEMENT_3D('',#15866,#15867,#15868);
#15866 = CARTESIAN_POINT('',(12.25,-0.3,2.8));
#15867 = DIRECTION('',(-1.,1.224646799147E-16,0.));
#15868 = DIRECTION('',(0.,0.,1.));
#15869 = ORIENTED_EDGE('',*,*,#15870,.T.);
#15870 = EDGE_CURVE('',#15862,#15871,#15873,.T.);
#15871 = VERTEX_POINT('',#15872);
#15872 = CARTESIAN_POINT('',(12.25,0.25,-0.9));
#15873 = LINE('',#15874,#15875);
#15874 = CARTESIAN_POINT('',(12.25,0.25,3.35));
#15875 = VECTOR('',#15876,1.);
#15876 = DIRECTION('',(-0.,0.,-1.));
#15877 = ORIENTED_EDGE('',*,*,#15878,.T.);
#15878 = EDGE_CURVE('',#15871,#15879,#15881,.T.);
#15879 = VERTEX_POINT('',#15880);
#15880 = CARTESIAN_POINT('',(12.25,-5.E-02,-1.5));
#15881 = LINE('',#15882,#15883);
#15882 = CARTESIAN_POINT('',(12.25,0.25,-0.9));
#15883 = VECTOR('',#15884,1.);
#15884 = DIRECTION('',(-5.476786982641E-17,-0.4472135955,-0.894427191));
#15885 = ORIENTED_EDGE('',*,*,#15886,.T.);
#15886 = EDGE_CURVE('',#15879,#15887,#15889,.T.);
#15887 = VERTEX_POINT('',#15888);
#15888 = CARTESIAN_POINT('',(12.25,0.218421052632,-3.2));
#15889 = LINE('',#15890,#15891);
#15890 = CARTESIAN_POINT('',(12.25,-5.E-02,-1.5));
#15891 = VECTOR('',#15892,1.);
#15892 = DIRECTION('',(1.909990663905E-17,0.155962573473,-0.987762965329
    ));
#15893 = ORIENTED_EDGE('',*,*,#15894,.T.);
#15894 = EDGE_CURVE('',#15887,#15895,#15897,.T.);
#15895 = VERTEX_POINT('',#15896);
#15896 = CARTESIAN_POINT('',(12.25,-0.281578947368,-3.2));
#15897 = LINE('',#15898,#15899);
#15898 = CARTESIAN_POINT('',(12.25,0.25,-3.2));
#15899 = VECTOR('',#15900,1.);
#15900 = DIRECTION('',(-1.224646799147E-16,-1.,0.));
#15901 = ORIENTED_EDGE('',*,*,#15902,.T.);
#15902 = EDGE_CURVE('',#15895,#15903,#15905,.T.);
#15903 = VERTEX_POINT('',#15904);
#15904 = CARTESIAN_POINT('',(12.25,-0.55,-1.5));
#15905 = LINE('',#15906,#15907);
#15906 = CARTESIAN_POINT('',(12.25,-0.25,-3.4));
#15907 = VECTOR('',#15908,1.);
#15908 = DIRECTION('',(-1.909990663905E-17,-0.155962573473,
    0.987762965329));
#15909 = ORIENTED_EDGE('',*,*,#15910,.T.);
#15910 = EDGE_CURVE('',#15903,#15911,#15913,.T.);
#15911 = VERTEX_POINT('',#15912);
#15912 = CARTESIAN_POINT('',(12.25,-0.25,-0.9));
#15913 = LINE('',#15914,#15915);
#15914 = CARTESIAN_POINT('',(12.25,-0.55,-1.5));
#15915 = VECTOR('',#15916,1.);
#15916 = DIRECTION('',(5.476786982641E-17,0.4472135955,0.894427191));
#15917 = ORIENTED_EDGE('',*,*,#15918,.T.);
#15918 = EDGE_CURVE('',#15911,#15919,#15921,.T.);
#15919 = VERTEX_POINT('',#15920);
#15920 = CARTESIAN_POINT('',(12.25,-0.25,2.8));
#15921 = LINE('',#15922,#15923);
#15922 = CARTESIAN_POINT('',(12.25,-0.25,-0.9));
#15923 = VECTOR('',#15924,1.);
#15924 = DIRECTION('',(0.,0.,1.));
#15925 = ORIENTED_EDGE('',*,*,#15926,.F.);
#15926 = EDGE_CURVE('',#15927,#15919,#15929,.T.);
#15927 = VERTEX_POINT('',#15928);
#15928 = CARTESIAN_POINT('',(12.25,-0.3,2.85));
#15929 = CIRCLE('',#15930,5.E-02);
#15930 = AXIS2_PLACEMENT_3D('',#15931,#15932,#15933);
#15931 = CARTESIAN_POINT('',(12.25,-0.3,2.8));
#15932 = DIRECTION('',(-1.,1.224646799147E-16,0.));
#15933 = DIRECTION('',(0.,0.,1.));
#15934 = ORIENTED_EDGE('',*,*,#15935,.T.);
#15935 = EDGE_CURVE('',#15927,#14838,#15936,.T.);
#15936 = LINE('',#15937,#15938);
#15937 = CARTESIAN_POINT('',(12.25,-0.25,2.85));
#15938 = VECTOR('',#15939,1.);
#15939 = DIRECTION('',(-1.224646799147E-16,-1.,0.));
#15940 = PLANE('',#15941);
#15941 = AXIS2_PLACEMENT_3D('',#15942,#15943,#15944);
#15942 = CARTESIAN_POINT('',(12.25,-1.421959173294,1.302213422577));
#15943 = DIRECTION('',(-1.,1.224646799147E-16,0.));
#15944 = DIRECTION('',(0.,0.,1.));
#15945 = ADVANCED_FACE('',(#15946),#15964,.F.);
#15946 = FACE_BOUND('',#15947,.F.);
#15947 = EDGE_LOOP('',(#15948,#15949,#15950,#15958));
#15948 = ORIENTED_EDGE('',*,*,#15853,.F.);
#15949 = ORIENTED_EDGE('',*,*,#14861,.F.);
#15950 = ORIENTED_EDGE('',*,*,#15951,.T.);
#15951 = EDGE_CURVE('',#14854,#15952,#15954,.T.);
#15952 = VERTEX_POINT('',#15953);
#15953 = CARTESIAN_POINT('',(11.75,-0.3,3.35));
#15954 = LINE('',#15955,#15956);
#15955 = CARTESIAN_POINT('',(11.75,-5.75,3.35));
#15956 = VECTOR('',#15957,1.);
#15957 = DIRECTION('',(1.224646799147E-16,1.,0.));
#15958 = ORIENTED_EDGE('',*,*,#15959,.F.);
#15959 = EDGE_CURVE('',#15854,#15952,#15960,.T.);
#15960 = LINE('',#15961,#15962);
#15961 = CARTESIAN_POINT('',(12.25,-0.3,3.35));
#15962 = VECTOR('',#15963,1.);
#15963 = DIRECTION('',(-1.,1.224646799147E-16,0.));
#15964 = PLANE('',#15965);
#15965 = AXIS2_PLACEMENT_3D('',#15966,#15967,#15968);
#15966 = CARTESIAN_POINT('',(12.25,-5.75,3.35));
#15967 = DIRECTION('',(-0.,0.,-1.));
#15968 = DIRECTION('',(1.224646799147E-16,1.,0.));
#15969 = ADVANCED_FACE('',(#15970),#16054,.T.);
#15970 = FACE_BOUND('',#15971,.T.);
#15971 = EDGE_LOOP('',(#15972,#15973,#15974,#15983,#15991,#15999,#16007,
    #16015,#16023,#16031,#16039,#16048));
#15972 = ORIENTED_EDGE('',*,*,#14853,.F.);
#15973 = ORIENTED_EDGE('',*,*,#15951,.T.);
#15974 = ORIENTED_EDGE('',*,*,#15975,.T.);
#15975 = EDGE_CURVE('',#15952,#15976,#15978,.T.);
#15976 = VERTEX_POINT('',#15977);
#15977 = CARTESIAN_POINT('',(11.75,0.25,2.8));
#15978 = CIRCLE('',#15979,0.55);
#15979 = AXIS2_PLACEMENT_3D('',#15980,#15981,#15982);
#15980 = CARTESIAN_POINT('',(11.75,-0.3,2.8));
#15981 = DIRECTION('',(-1.,1.224646799147E-16,0.));
#15982 = DIRECTION('',(0.,0.,1.));
#15983 = ORIENTED_EDGE('',*,*,#15984,.T.);
#15984 = EDGE_CURVE('',#15976,#15985,#15987,.T.);
#15985 = VERTEX_POINT('',#15986);
#15986 = CARTESIAN_POINT('',(11.75,0.25,-0.9));
#15987 = LINE('',#15988,#15989);
#15988 = CARTESIAN_POINT('',(11.75,0.25,3.35));
#15989 = VECTOR('',#15990,1.);
#15990 = DIRECTION('',(-0.,0.,-1.));
#15991 = ORIENTED_EDGE('',*,*,#15992,.T.);
#15992 = EDGE_CURVE('',#15985,#15993,#15995,.T.);
#15993 = VERTEX_POINT('',#15994);
#15994 = CARTESIAN_POINT('',(11.75,-5.E-02,-1.5));
#15995 = LINE('',#15996,#15997);
#15996 = CARTESIAN_POINT('',(11.75,0.25,-0.9));
#15997 = VECTOR('',#15998,1.);
#15998 = DIRECTION('',(-5.476786982641E-17,-0.4472135955,-0.894427191));
#15999 = ORIENTED_EDGE('',*,*,#16000,.T.);
#16000 = EDGE_CURVE('',#15993,#16001,#16003,.T.);
#16001 = VERTEX_POINT('',#16002);
#16002 = CARTESIAN_POINT('',(11.75,0.218421052632,-3.2));
#16003 = LINE('',#16004,#16005);
#16004 = CARTESIAN_POINT('',(11.75,-5.E-02,-1.5));
#16005 = VECTOR('',#16006,1.);
#16006 = DIRECTION('',(1.909990663905E-17,0.155962573473,-0.987762965329
    ));
#16007 = ORIENTED_EDGE('',*,*,#16008,.T.);
#16008 = EDGE_CURVE('',#16001,#16009,#16011,.T.);
#16009 = VERTEX_POINT('',#16010);
#16010 = CARTESIAN_POINT('',(11.75,-0.281578947368,-3.2));
#16011 = LINE('',#16012,#16013);
#16012 = CARTESIAN_POINT('',(11.75,0.25,-3.2));
#16013 = VECTOR('',#16014,1.);
#16014 = DIRECTION('',(-1.224646799147E-16,-1.,0.));
#16015 = ORIENTED_EDGE('',*,*,#16016,.T.);
#16016 = EDGE_CURVE('',#16009,#16017,#16019,.T.);
#16017 = VERTEX_POINT('',#16018);
#16018 = CARTESIAN_POINT('',(11.75,-0.55,-1.5));
#16019 = LINE('',#16020,#16021);
#16020 = CARTESIAN_POINT('',(11.75,-0.25,-3.4));
#16021 = VECTOR('',#16022,1.);
#16022 = DIRECTION('',(-1.909990663905E-17,-0.155962573473,
    0.987762965329));
#16023 = ORIENTED_EDGE('',*,*,#16024,.T.);
#16024 = EDGE_CURVE('',#16017,#16025,#16027,.T.);
#16025 = VERTEX_POINT('',#16026);
#16026 = CARTESIAN_POINT('',(11.75,-0.25,-0.9));
#16027 = LINE('',#16028,#16029);
#16028 = CARTESIAN_POINT('',(11.75,-0.55,-1.5));
#16029 = VECTOR('',#16030,1.);
#16030 = DIRECTION('',(5.476786982641E-17,0.4472135955,0.894427191));
#16031 = ORIENTED_EDGE('',*,*,#16032,.T.);
#16032 = EDGE_CURVE('',#16025,#16033,#16035,.T.);
#16033 = VERTEX_POINT('',#16034);
#16034 = CARTESIAN_POINT('',(11.75,-0.25,2.8));
#16035 = LINE('',#16036,#16037);
#16036 = CARTESIAN_POINT('',(11.75,-0.25,-0.9));
#16037 = VECTOR('',#16038,1.);
#16038 = DIRECTION('',(0.,0.,1.));
#16039 = ORIENTED_EDGE('',*,*,#16040,.F.);
#16040 = EDGE_CURVE('',#16041,#16033,#16043,.T.);
#16041 = VERTEX_POINT('',#16042);
#16042 = CARTESIAN_POINT('',(11.75,-0.3,2.85));
#16043 = CIRCLE('',#16044,5.E-02);
#16044 = AXIS2_PLACEMENT_3D('',#16045,#16046,#16047);
#16045 = CARTESIAN_POINT('',(11.75,-0.3,2.8));
#16046 = DIRECTION('',(-1.,1.224646799147E-16,0.));
#16047 = DIRECTION('',(0.,0.,1.));
#16048 = ORIENTED_EDGE('',*,*,#16049,.T.);
#16049 = EDGE_CURVE('',#16041,#14846,#16050,.T.);
#16050 = LINE('',#16051,#16052);
#16051 = CARTESIAN_POINT('',(11.75,-0.25,2.85));
#16052 = VECTOR('',#16053,1.);
#16053 = DIRECTION('',(-1.224646799147E-16,-1.,0.));
#16054 = PLANE('',#16055);
#16055 = AXIS2_PLACEMENT_3D('',#16056,#16057,#16058);
#16056 = CARTESIAN_POINT('',(11.75,-1.421959173294,1.302213422577));
#16057 = DIRECTION('',(-1.,1.224646799147E-16,0.));
#16058 = DIRECTION('',(0.,0.,1.));
#16059 = ADVANCED_FACE('',(#16060),#16071,.F.);
#16060 = FACE_BOUND('',#16061,.F.);
#16061 = EDGE_LOOP('',(#16062,#16063,#16069,#16070));
#16062 = ORIENTED_EDGE('',*,*,#15935,.F.);
#16063 = ORIENTED_EDGE('',*,*,#16064,.T.);
#16064 = EDGE_CURVE('',#15927,#16041,#16065,.T.);
#16065 = LINE('',#16066,#16067);
#16066 = CARTESIAN_POINT('',(12.25,-0.3,2.85));
#16067 = VECTOR('',#16068,1.);
#16068 = DIRECTION('',(-1.,1.224646799147E-16,0.));
#16069 = ORIENTED_EDGE('',*,*,#16049,.T.);
#16070 = ORIENTED_EDGE('',*,*,#14845,.F.);
#16071 = PLANE('',#16072);
#16072 = AXIS2_PLACEMENT_3D('',#16073,#16074,#16075);
#16073 = CARTESIAN_POINT('',(12.25,-0.25,2.85));
#16074 = DIRECTION('',(0.,0.,1.));
#16075 = DIRECTION('',(-1.224646799147E-16,-1.,0.));
#16076 = ADVANCED_FACE('',(#16077),#16136,.T.);
#16077 = FACE_BOUND('',#16078,.T.);
#16078 = EDGE_LOOP('',(#16079,#16080,#16088,#16097,#16105,#16113,#16121,
    #16130));
#16079 = ORIENTED_EDGE('',*,*,#14881,.F.);
#16080 = ORIENTED_EDGE('',*,*,#16081,.T.);
#16081 = EDGE_CURVE('',#14882,#16082,#16084,.T.);
#16082 = VERTEX_POINT('',#16083);
#16083 = CARTESIAN_POINT('',(9.75,-0.3,3.35));
#16084 = LINE('',#16085,#16086);
#16085 = CARTESIAN_POINT('',(9.75,-5.75,3.35));
#16086 = VECTOR('',#16087,1.);
#16087 = DIRECTION('',(1.224646799147E-16,1.,0.));
#16088 = ORIENTED_EDGE('',*,*,#16089,.T.);
#16089 = EDGE_CURVE('',#16082,#16090,#16092,.T.);
#16090 = VERTEX_POINT('',#16091);
#16091 = CARTESIAN_POINT('',(9.75,0.25,2.8));
#16092 = CIRCLE('',#16093,0.55);
#16093 = AXIS2_PLACEMENT_3D('',#16094,#16095,#16096);
#16094 = CARTESIAN_POINT('',(9.75,-0.3,2.8));
#16095 = DIRECTION('',(-1.,1.224646799147E-16,0.));
#16096 = DIRECTION('',(0.,0.,1.));
#16097 = ORIENTED_EDGE('',*,*,#16098,.T.);
#16098 = EDGE_CURVE('',#16090,#16099,#16101,.T.);
#16099 = VERTEX_POINT('',#16100);
#16100 = CARTESIAN_POINT('',(9.75,0.25,-3.2));
#16101 = LINE('',#16102,#16103);
#16102 = CARTESIAN_POINT('',(9.75,0.25,3.35));
#16103 = VECTOR('',#16104,1.);
#16104 = DIRECTION('',(-0.,0.,-1.));
#16105 = ORIENTED_EDGE('',*,*,#16106,.T.);
#16106 = EDGE_CURVE('',#16099,#16107,#16109,.T.);
#16107 = VERTEX_POINT('',#16108);
#16108 = CARTESIAN_POINT('',(9.75,-0.25,-3.2));
#16109 = LINE('',#16110,#16111);
#16110 = CARTESIAN_POINT('',(9.75,0.25,-3.2));
#16111 = VECTOR('',#16112,1.);
#16112 = DIRECTION('',(-1.224646799147E-16,-1.,0.));
#16113 = ORIENTED_EDGE('',*,*,#16114,.T.);
#16114 = EDGE_CURVE('',#16107,#16115,#16117,.T.);
#16115 = VERTEX_POINT('',#16116);
#16116 = CARTESIAN_POINT('',(9.75,-0.25,2.8));
#16117 = LINE('',#16118,#16119);
#16118 = CARTESIAN_POINT('',(9.75,-0.25,-3.4));
#16119 = VECTOR('',#16120,1.);
#16120 = DIRECTION('',(0.,0.,1.));
#16121 = ORIENTED_EDGE('',*,*,#16122,.F.);
#16122 = EDGE_CURVE('',#16123,#16115,#16125,.T.);
#16123 = VERTEX_POINT('',#16124);
#16124 = CARTESIAN_POINT('',(9.75,-0.3,2.85));
#16125 = CIRCLE('',#16126,5.E-02);
#16126 = AXIS2_PLACEMENT_3D('',#16127,#16128,#16129);
#16127 = CARTESIAN_POINT('',(9.75,-0.3,2.8));
#16128 = DIRECTION('',(-1.,1.224646799147E-16,0.));
#16129 = DIRECTION('',(0.,0.,1.));
#16130 = ORIENTED_EDGE('',*,*,#16131,.T.);
#16131 = EDGE_CURVE('',#16123,#14884,#16132,.T.);
#16132 = LINE('',#16133,#16134);
#16133 = CARTESIAN_POINT('',(9.75,-0.25,2.85));
#16134 = VECTOR('',#16135,1.);
#16135 = DIRECTION('',(-1.224646799147E-16,-1.,0.));
#16136 = PLANE('',#16137);
#16137 = AXIS2_PLACEMENT_3D('',#16138,#16139,#16140);
#16138 = CARTESIAN_POINT('',(9.75,-1.401960784314,1.323039215686));
#16139 = DIRECTION('',(-1.,1.224646799147E-16,0.));
#16140 = DIRECTION('',(0.,0.,1.));
#16141 = ADVANCED_FACE('',(#16142),#16160,.F.);
#16142 = FACE_BOUND('',#16143,.F.);
#16143 = EDGE_LOOP('',(#16144,#16152,#16158,#16159));
#16144 = ORIENTED_EDGE('',*,*,#16145,.F.);
#16145 = EDGE_CURVE('',#16146,#14900,#16148,.T.);
#16146 = VERTEX_POINT('',#16147);
#16147 = CARTESIAN_POINT('',(10.25,-0.3,2.85));
#16148 = LINE('',#16149,#16150);
#16149 = CARTESIAN_POINT('',(10.25,-0.25,2.85));
#16150 = VECTOR('',#16151,1.);
#16151 = DIRECTION('',(-1.224646799147E-16,-1.,0.));
#16152 = ORIENTED_EDGE('',*,*,#16153,.T.);
#16153 = EDGE_CURVE('',#16146,#16123,#16154,.T.);
#16154 = LINE('',#16155,#16156);
#16155 = CARTESIAN_POINT('',(10.25,-0.3,2.85));
#16156 = VECTOR('',#16157,1.);
#16157 = DIRECTION('',(-1.,1.224646799147E-16,0.));
#16158 = ORIENTED_EDGE('',*,*,#16131,.T.);
#16159 = ORIENTED_EDGE('',*,*,#14907,.F.);
#16160 = PLANE('',#16161);
#16161 = AXIS2_PLACEMENT_3D('',#16162,#16163,#16164);
#16162 = CARTESIAN_POINT('',(10.25,-0.25,2.85));
#16163 = DIRECTION('',(0.,0.,1.));
#16164 = DIRECTION('',(-1.224646799147E-16,-1.,0.));
#16165 = ADVANCED_FACE('',(#16166),#16218,.F.);
#16166 = FACE_BOUND('',#16167,.F.);
#16167 = EDGE_LOOP('',(#16168,#16169,#16177,#16186,#16194,#16202,#16210,
    #16217));
#16168 = ORIENTED_EDGE('',*,*,#14899,.F.);
#16169 = ORIENTED_EDGE('',*,*,#16170,.T.);
#16170 = EDGE_CURVE('',#14892,#16171,#16173,.T.);
#16171 = VERTEX_POINT('',#16172);
#16172 = CARTESIAN_POINT('',(10.25,-0.3,3.35));
#16173 = LINE('',#16174,#16175);
#16174 = CARTESIAN_POINT('',(10.25,-5.75,3.35));
#16175 = VECTOR('',#16176,1.);
#16176 = DIRECTION('',(1.224646799147E-16,1.,0.));
#16177 = ORIENTED_EDGE('',*,*,#16178,.T.);
#16178 = EDGE_CURVE('',#16171,#16179,#16181,.T.);
#16179 = VERTEX_POINT('',#16180);
#16180 = CARTESIAN_POINT('',(10.25,0.25,2.8));
#16181 = CIRCLE('',#16182,0.55);
#16182 = AXIS2_PLACEMENT_3D('',#16183,#16184,#16185);
#16183 = CARTESIAN_POINT('',(10.25,-0.3,2.8));
#16184 = DIRECTION('',(-1.,1.224646799147E-16,0.));
#16185 = DIRECTION('',(0.,0.,1.));
#16186 = ORIENTED_EDGE('',*,*,#16187,.T.);
#16187 = EDGE_CURVE('',#16179,#16188,#16190,.T.);
#16188 = VERTEX_POINT('',#16189);
#16189 = CARTESIAN_POINT('',(10.25,0.25,-3.2));
#16190 = LINE('',#16191,#16192);
#16191 = CARTESIAN_POINT('',(10.25,0.25,3.35));
#16192 = VECTOR('',#16193,1.);
#16193 = DIRECTION('',(-0.,0.,-1.));
#16194 = ORIENTED_EDGE('',*,*,#16195,.T.);
#16195 = EDGE_CURVE('',#16188,#16196,#16198,.T.);
#16196 = VERTEX_POINT('',#16197);
#16197 = CARTESIAN_POINT('',(10.25,-0.25,-3.2));
#16198 = LINE('',#16199,#16200);
#16199 = CARTESIAN_POINT('',(10.25,0.25,-3.2));
#16200 = VECTOR('',#16201,1.);
#16201 = DIRECTION('',(-1.224646799147E-16,-1.,0.));
#16202 = ORIENTED_EDGE('',*,*,#16203,.T.);
#16203 = EDGE_CURVE('',#16196,#16204,#16206,.T.);
#16204 = VERTEX_POINT('',#16205);
#16205 = CARTESIAN_POINT('',(10.25,-0.25,2.8));
#16206 = LINE('',#16207,#16208);
#16207 = CARTESIAN_POINT('',(10.25,-0.25,-3.4));
#16208 = VECTOR('',#16209,1.);
#16209 = DIRECTION('',(0.,0.,1.));
#16210 = ORIENTED_EDGE('',*,*,#16211,.F.);
#16211 = EDGE_CURVE('',#16146,#16204,#16212,.T.);
#16212 = CIRCLE('',#16213,5.E-02);
#16213 = AXIS2_PLACEMENT_3D('',#16214,#16215,#16216);
#16214 = CARTESIAN_POINT('',(10.25,-0.3,2.8));
#16215 = DIRECTION('',(-1.,1.224646799147E-16,0.));
#16216 = DIRECTION('',(0.,0.,1.));
#16217 = ORIENTED_EDGE('',*,*,#16145,.T.);
#16218 = PLANE('',#16219);
#16219 = AXIS2_PLACEMENT_3D('',#16220,#16221,#16222);
#16220 = CARTESIAN_POINT('',(10.25,-1.401960784314,1.323039215686));
#16221 = DIRECTION('',(-1.,1.224646799147E-16,0.));
#16222 = DIRECTION('',(0.,0.,1.));
#16223 = ADVANCED_FACE('',(#16224),#16235,.F.);
#16224 = FACE_BOUND('',#16225,.F.);
#16225 = EDGE_LOOP('',(#16226,#16227,#16228,#16229));
#16226 = ORIENTED_EDGE('',*,*,#16170,.F.);
#16227 = ORIENTED_EDGE('',*,*,#14891,.F.);
#16228 = ORIENTED_EDGE('',*,*,#16081,.T.);
#16229 = ORIENTED_EDGE('',*,*,#16230,.F.);
#16230 = EDGE_CURVE('',#16171,#16082,#16231,.T.);
#16231 = LINE('',#16232,#16233);
#16232 = CARTESIAN_POINT('',(10.25,-0.3,3.35));
#16233 = VECTOR('',#16234,1.);
#16234 = DIRECTION('',(-1.,1.224646799147E-16,0.));
#16235 = PLANE('',#16236);
#16236 = AXIS2_PLACEMENT_3D('',#16237,#16238,#16239);
#16237 = CARTESIAN_POINT('',(10.25,-5.75,3.35));
#16238 = DIRECTION('',(-0.,0.,-1.));
#16239 = DIRECTION('',(1.224646799147E-16,1.,0.));
#16240 = ADVANCED_FACE('',(#16241),#16300,.F.);
#16241 = FACE_BOUND('',#16242,.F.);
#16242 = EDGE_LOOP('',(#16243,#16244,#16252,#16261,#16269,#16277,#16285,
    #16294));
#16243 = ORIENTED_EDGE('',*,*,#14927,.F.);
#16244 = ORIENTED_EDGE('',*,*,#16245,.T.);
#16245 = EDGE_CURVE('',#14928,#16246,#16248,.T.);
#16246 = VERTEX_POINT('',#16247);
#16247 = CARTESIAN_POINT('',(8.25,-0.3,3.35));
#16248 = LINE('',#16249,#16250);
#16249 = CARTESIAN_POINT('',(8.25,-5.75,3.35));
#16250 = VECTOR('',#16251,1.);
#16251 = DIRECTION('',(1.224646799147E-16,1.,0.));
#16252 = ORIENTED_EDGE('',*,*,#16253,.T.);
#16253 = EDGE_CURVE('',#16246,#16254,#16256,.T.);
#16254 = VERTEX_POINT('',#16255);
#16255 = CARTESIAN_POINT('',(8.25,0.25,2.8));
#16256 = CIRCLE('',#16257,0.55);
#16257 = AXIS2_PLACEMENT_3D('',#16258,#16259,#16260);
#16258 = CARTESIAN_POINT('',(8.25,-0.3,2.8));
#16259 = DIRECTION('',(-1.,1.224646799147E-16,0.));
#16260 = DIRECTION('',(0.,0.,1.));
#16261 = ORIENTED_EDGE('',*,*,#16262,.T.);
#16262 = EDGE_CURVE('',#16254,#16263,#16265,.T.);
#16263 = VERTEX_POINT('',#16264);
#16264 = CARTESIAN_POINT('',(8.25,0.25,-3.2));
#16265 = LINE('',#16266,#16267);
#16266 = CARTESIAN_POINT('',(8.25,0.25,3.35));
#16267 = VECTOR('',#16268,1.);
#16268 = DIRECTION('',(-0.,0.,-1.));
#16269 = ORIENTED_EDGE('',*,*,#16270,.T.);
#16270 = EDGE_CURVE('',#16263,#16271,#16273,.T.);
#16271 = VERTEX_POINT('',#16272);
#16272 = CARTESIAN_POINT('',(8.25,-0.25,-3.2));
#16273 = LINE('',#16274,#16275);
#16274 = CARTESIAN_POINT('',(8.25,0.25,-3.2));
#16275 = VECTOR('',#16276,1.);
#16276 = DIRECTION('',(-1.224646799147E-16,-1.,0.));
#16277 = ORIENTED_EDGE('',*,*,#16278,.T.);
#16278 = EDGE_CURVE('',#16271,#16279,#16281,.T.);
#16279 = VERTEX_POINT('',#16280);
#16280 = CARTESIAN_POINT('',(8.25,-0.25,2.8));
#16281 = LINE('',#16282,#16283);
#16282 = CARTESIAN_POINT('',(8.25,-0.25,-3.4));
#16283 = VECTOR('',#16284,1.);
#16284 = DIRECTION('',(0.,0.,1.));
#16285 = ORIENTED_EDGE('',*,*,#16286,.F.);
#16286 = EDGE_CURVE('',#16287,#16279,#16289,.T.);
#16287 = VERTEX_POINT('',#16288);
#16288 = CARTESIAN_POINT('',(8.25,-0.3,2.85));
#16289 = CIRCLE('',#16290,5.E-02);
#16290 = AXIS2_PLACEMENT_3D('',#16291,#16292,#16293);
#16291 = CARTESIAN_POINT('',(8.25,-0.3,2.8));
#16292 = DIRECTION('',(-1.,1.224646799147E-16,0.));
#16293 = DIRECTION('',(0.,0.,1.));
#16294 = ORIENTED_EDGE('',*,*,#16295,.T.);
#16295 = EDGE_CURVE('',#16287,#14930,#16296,.T.);
#16296 = LINE('',#16297,#16298);
#16297 = CARTESIAN_POINT('',(8.25,-0.25,2.85));
#16298 = VECTOR('',#16299,1.);
#16299 = DIRECTION('',(-1.224646799147E-16,-1.,0.));
#16300 = PLANE('',#16301);
#16301 = AXIS2_PLACEMENT_3D('',#16302,#16303,#16304);
#16302 = CARTESIAN_POINT('',(8.25,-1.401960784314,1.323039215686));
#16303 = DIRECTION('',(-1.,1.224646799147E-16,0.));
#16304 = DIRECTION('',(0.,0.,1.));
#16305 = ADVANCED_FACE('',(#16306),#16324,.F.);
#16306 = FACE_BOUND('',#16307,.F.);
#16307 = EDGE_LOOP('',(#16308,#16309,#16310,#16318));
#16308 = ORIENTED_EDGE('',*,*,#16245,.F.);
#16309 = ORIENTED_EDGE('',*,*,#14953,.F.);
#16310 = ORIENTED_EDGE('',*,*,#16311,.T.);
#16311 = EDGE_CURVE('',#14946,#16312,#16314,.T.);
#16312 = VERTEX_POINT('',#16313);
#16313 = CARTESIAN_POINT('',(7.75,-0.3,3.35));
#16314 = LINE('',#16315,#16316);
#16315 = CARTESIAN_POINT('',(7.75,-5.75,3.35));
#16316 = VECTOR('',#16317,1.);
#16317 = DIRECTION('',(1.224646799147E-16,1.,0.));
#16318 = ORIENTED_EDGE('',*,*,#16319,.F.);
#16319 = EDGE_CURVE('',#16246,#16312,#16320,.T.);
#16320 = LINE('',#16321,#16322);
#16321 = CARTESIAN_POINT('',(8.25,-0.3,3.35));
#16322 = VECTOR('',#16323,1.);
#16323 = DIRECTION('',(-1.,1.224646799147E-16,0.));
#16324 = PLANE('',#16325);
#16325 = AXIS2_PLACEMENT_3D('',#16326,#16327,#16328);
#16326 = CARTESIAN_POINT('',(8.25,-5.75,3.35));
#16327 = DIRECTION('',(-0.,0.,-1.));
#16328 = DIRECTION('',(1.224646799147E-16,1.,0.));
#16329 = ADVANCED_FACE('',(#16330),#16382,.T.);
#16330 = FACE_BOUND('',#16331,.T.);
#16331 = EDGE_LOOP('',(#16332,#16333,#16334,#16343,#16351,#16359,#16367,
    #16376));
#16332 = ORIENTED_EDGE('',*,*,#14945,.F.);
#16333 = ORIENTED_EDGE('',*,*,#16311,.T.);
#16334 = ORIENTED_EDGE('',*,*,#16335,.T.);
#16335 = EDGE_CURVE('',#16312,#16336,#16338,.T.);
#16336 = VERTEX_POINT('',#16337);
#16337 = CARTESIAN_POINT('',(7.75,0.25,2.8));
#16338 = CIRCLE('',#16339,0.55);
#16339 = AXIS2_PLACEMENT_3D('',#16340,#16341,#16342);
#16340 = CARTESIAN_POINT('',(7.75,-0.3,2.8));
#16341 = DIRECTION('',(-1.,1.224646799147E-16,0.));
#16342 = DIRECTION('',(0.,0.,1.));
#16343 = ORIENTED_EDGE('',*,*,#16344,.T.);
#16344 = EDGE_CURVE('',#16336,#16345,#16347,.T.);
#16345 = VERTEX_POINT('',#16346);
#16346 = CARTESIAN_POINT('',(7.75,0.25,-3.2));
#16347 = LINE('',#16348,#16349);
#16348 = CARTESIAN_POINT('',(7.75,0.25,3.35));
#16349 = VECTOR('',#16350,1.);
#16350 = DIRECTION('',(-0.,0.,-1.));
#16351 = ORIENTED_EDGE('',*,*,#16352,.T.);
#16352 = EDGE_CURVE('',#16345,#16353,#16355,.T.);
#16353 = VERTEX_POINT('',#16354);
#16354 = CARTESIAN_POINT('',(7.75,-0.25,-3.2));
#16355 = LINE('',#16356,#16357);
#16356 = CARTESIAN_POINT('',(7.75,0.25,-3.2));
#16357 = VECTOR('',#16358,1.);
#16358 = DIRECTION('',(-1.224646799147E-16,-1.,0.));
#16359 = ORIENTED_EDGE('',*,*,#16360,.T.);
#16360 = EDGE_CURVE('',#16353,#16361,#16363,.T.);
#16361 = VERTEX_POINT('',#16362);
#16362 = CARTESIAN_POINT('',(7.75,-0.25,2.8));
#16363 = LINE('',#16364,#16365);
#16364 = CARTESIAN_POINT('',(7.75,-0.25,-3.4));
#16365 = VECTOR('',#16366,1.);
#16366 = DIRECTION('',(0.,0.,1.));
#16367 = ORIENTED_EDGE('',*,*,#16368,.F.);
#16368 = EDGE_CURVE('',#16369,#16361,#16371,.T.);
#16369 = VERTEX_POINT('',#16370);
#16370 = CARTESIAN_POINT('',(7.75,-0.3,2.85));
#16371 = CIRCLE('',#16372,5.E-02);
#16372 = AXIS2_PLACEMENT_3D('',#16373,#16374,#16375);
#16373 = CARTESIAN_POINT('',(7.75,-0.3,2.8));
#16374 = DIRECTION('',(-1.,1.224646799147E-16,0.));
#16375 = DIRECTION('',(0.,0.,1.));
#16376 = ORIENTED_EDGE('',*,*,#16377,.T.);
#16377 = EDGE_CURVE('',#16369,#14938,#16378,.T.);
#16378 = LINE('',#16379,#16380);
#16379 = CARTESIAN_POINT('',(7.75,-0.25,2.85));
#16380 = VECTOR('',#16381,1.);
#16381 = DIRECTION('',(-1.224646799147E-16,-1.,0.));
#16382 = PLANE('',#16383);
#16383 = AXIS2_PLACEMENT_3D('',#16384,#16385,#16386);
#16384 = CARTESIAN_POINT('',(7.75,-1.401960784314,1.323039215686));
#16385 = DIRECTION('',(-1.,1.224646799147E-16,0.));
#16386 = DIRECTION('',(0.,0.,1.));
#16387 = ADVANCED_FACE('',(#16388),#16399,.F.);
#16388 = FACE_BOUND('',#16389,.F.);
#16389 = EDGE_LOOP('',(#16390,#16391,#16397,#16398));
#16390 = ORIENTED_EDGE('',*,*,#16295,.F.);
#16391 = ORIENTED_EDGE('',*,*,#16392,.T.);
#16392 = EDGE_CURVE('',#16287,#16369,#16393,.T.);
#16393 = LINE('',#16394,#16395);
#16394 = CARTESIAN_POINT('',(8.25,-0.3,2.85));
#16395 = VECTOR('',#16396,1.);
#16396 = DIRECTION('',(-1.,1.224646799147E-16,0.));
#16397 = ORIENTED_EDGE('',*,*,#16377,.T.);
#16398 = ORIENTED_EDGE('',*,*,#14937,.F.);
#16399 = PLANE('',#16400);
#16400 = AXIS2_PLACEMENT_3D('',#16401,#16402,#16403);
#16401 = CARTESIAN_POINT('',(8.25,-0.25,2.85));
#16402 = DIRECTION('',(0.,0.,1.));
#16403 = DIRECTION('',(-1.224646799147E-16,-1.,0.));
#16404 = ADVANCED_FACE('',(#16405),#16464,.T.);
#16405 = FACE_BOUND('',#16406,.T.);
#16406 = EDGE_LOOP('',(#16407,#16408,#16416,#16425,#16433,#16441,#16449,
    #16458));
#16407 = ORIENTED_EDGE('',*,*,#14973,.F.);
#16408 = ORIENTED_EDGE('',*,*,#16409,.T.);
#16409 = EDGE_CURVE('',#14974,#16410,#16412,.T.);
#16410 = VERTEX_POINT('',#16411);
#16411 = CARTESIAN_POINT('',(5.75,-0.3,3.35));
#16412 = LINE('',#16413,#16414);
#16413 = CARTESIAN_POINT('',(5.75,-5.75,3.35));
#16414 = VECTOR('',#16415,1.);
#16415 = DIRECTION('',(1.224646799147E-16,1.,0.));
#16416 = ORIENTED_EDGE('',*,*,#16417,.T.);
#16417 = EDGE_CURVE('',#16410,#16418,#16420,.T.);
#16418 = VERTEX_POINT('',#16419);
#16419 = CARTESIAN_POINT('',(5.75,0.25,2.8));
#16420 = CIRCLE('',#16421,0.55);
#16421 = AXIS2_PLACEMENT_3D('',#16422,#16423,#16424);
#16422 = CARTESIAN_POINT('',(5.75,-0.3,2.8));
#16423 = DIRECTION('',(-1.,1.224646799147E-16,0.));
#16424 = DIRECTION('',(0.,0.,1.));
#16425 = ORIENTED_EDGE('',*,*,#16426,.T.);
#16426 = EDGE_CURVE('',#16418,#16427,#16429,.T.);
#16427 = VERTEX_POINT('',#16428);
#16428 = CARTESIAN_POINT('',(5.75,0.25,-3.2));
#16429 = LINE('',#16430,#16431);
#16430 = CARTESIAN_POINT('',(5.75,0.25,3.35));
#16431 = VECTOR('',#16432,1.);
#16432 = DIRECTION('',(-0.,0.,-1.));
#16433 = ORIENTED_EDGE('',*,*,#16434,.T.);
#16434 = EDGE_CURVE('',#16427,#16435,#16437,.T.);
#16435 = VERTEX_POINT('',#16436);
#16436 = CARTESIAN_POINT('',(5.75,-0.25,-3.2));
#16437 = LINE('',#16438,#16439);
#16438 = CARTESIAN_POINT('',(5.75,0.25,-3.2));
#16439 = VECTOR('',#16440,1.);
#16440 = DIRECTION('',(-1.224646799147E-16,-1.,0.));
#16441 = ORIENTED_EDGE('',*,*,#16442,.T.);
#16442 = EDGE_CURVE('',#16435,#16443,#16445,.T.);
#16443 = VERTEX_POINT('',#16444);
#16444 = CARTESIAN_POINT('',(5.75,-0.25,2.8));
#16445 = LINE('',#16446,#16447);
#16446 = CARTESIAN_POINT('',(5.75,-0.25,-3.4));
#16447 = VECTOR('',#16448,1.);
#16448 = DIRECTION('',(0.,0.,1.));
#16449 = ORIENTED_EDGE('',*,*,#16450,.F.);
#16450 = EDGE_CURVE('',#16451,#16443,#16453,.T.);
#16451 = VERTEX_POINT('',#16452);
#16452 = CARTESIAN_POINT('',(5.75,-0.3,2.85));
#16453 = CIRCLE('',#16454,5.E-02);
#16454 = AXIS2_PLACEMENT_3D('',#16455,#16456,#16457);
#16455 = CARTESIAN_POINT('',(5.75,-0.3,2.8));
#16456 = DIRECTION('',(-1.,1.224646799147E-16,0.));
#16457 = DIRECTION('',(0.,0.,1.));
#16458 = ORIENTED_EDGE('',*,*,#16459,.T.);
#16459 = EDGE_CURVE('',#16451,#14976,#16460,.T.);
#16460 = LINE('',#16461,#16462);
#16461 = CARTESIAN_POINT('',(5.75,-0.25,2.85));
#16462 = VECTOR('',#16463,1.);
#16463 = DIRECTION('',(-1.224646799147E-16,-1.,0.));
#16464 = PLANE('',#16465);
#16465 = AXIS2_PLACEMENT_3D('',#16466,#16467,#16468);
#16466 = CARTESIAN_POINT('',(5.75,-1.401960784314,1.323039215686));
#16467 = DIRECTION('',(-1.,1.224646799147E-16,0.));
#16468 = DIRECTION('',(0.,0.,1.));
#16469 = ADVANCED_FACE('',(#16470),#16488,.F.);
#16470 = FACE_BOUND('',#16471,.F.);
#16471 = EDGE_LOOP('',(#16472,#16480,#16486,#16487));
#16472 = ORIENTED_EDGE('',*,*,#16473,.F.);
#16473 = EDGE_CURVE('',#16474,#14992,#16476,.T.);
#16474 = VERTEX_POINT('',#16475);
#16475 = CARTESIAN_POINT('',(6.25,-0.3,2.85));
#16476 = LINE('',#16477,#16478);
#16477 = CARTESIAN_POINT('',(6.25,-0.25,2.85));
#16478 = VECTOR('',#16479,1.);
#16479 = DIRECTION('',(-1.224646799147E-16,-1.,0.));
#16480 = ORIENTED_EDGE('',*,*,#16481,.T.);
#16481 = EDGE_CURVE('',#16474,#16451,#16482,.T.);
#16482 = LINE('',#16483,#16484);
#16483 = CARTESIAN_POINT('',(6.25,-0.3,2.85));
#16484 = VECTOR('',#16485,1.);
#16485 = DIRECTION('',(-1.,1.224646799147E-16,0.));
#16486 = ORIENTED_EDGE('',*,*,#16459,.T.);
#16487 = ORIENTED_EDGE('',*,*,#14999,.F.);
#16488 = PLANE('',#16489);
#16489 = AXIS2_PLACEMENT_3D('',#16490,#16491,#16492);
#16490 = CARTESIAN_POINT('',(6.25,-0.25,2.85));
#16491 = DIRECTION('',(0.,0.,1.));
#16492 = DIRECTION('',(-1.224646799147E-16,-1.,0.));
#16493 = ADVANCED_FACE('',(#16494),#16546,.F.);
#16494 = FACE_BOUND('',#16495,.F.);
#16495 = EDGE_LOOP('',(#16496,#16497,#16505,#16514,#16522,#16530,#16538,
    #16545));
#16496 = ORIENTED_EDGE('',*,*,#14991,.F.);
#16497 = ORIENTED_EDGE('',*,*,#16498,.T.);
#16498 = EDGE_CURVE('',#14984,#16499,#16501,.T.);
#16499 = VERTEX_POINT('',#16500);
#16500 = CARTESIAN_POINT('',(6.25,-0.3,3.35));
#16501 = LINE('',#16502,#16503);
#16502 = CARTESIAN_POINT('',(6.25,-5.75,3.35));
#16503 = VECTOR('',#16504,1.);
#16504 = DIRECTION('',(1.224646799147E-16,1.,0.));
#16505 = ORIENTED_EDGE('',*,*,#16506,.T.);
#16506 = EDGE_CURVE('',#16499,#16507,#16509,.T.);
#16507 = VERTEX_POINT('',#16508);
#16508 = CARTESIAN_POINT('',(6.25,0.25,2.8));
#16509 = CIRCLE('',#16510,0.55);
#16510 = AXIS2_PLACEMENT_3D('',#16511,#16512,#16513);
#16511 = CARTESIAN_POINT('',(6.25,-0.3,2.8));
#16512 = DIRECTION('',(-1.,1.224646799147E-16,0.));
#16513 = DIRECTION('',(0.,0.,1.));
#16514 = ORIENTED_EDGE('',*,*,#16515,.T.);
#16515 = EDGE_CURVE('',#16507,#16516,#16518,.T.);
#16516 = VERTEX_POINT('',#16517);
#16517 = CARTESIAN_POINT('',(6.25,0.25,-3.2));
#16518 = LINE('',#16519,#16520);
#16519 = CARTESIAN_POINT('',(6.25,0.25,3.35));
#16520 = VECTOR('',#16521,1.);
#16521 = DIRECTION('',(-0.,0.,-1.));
#16522 = ORIENTED_EDGE('',*,*,#16523,.T.);
#16523 = EDGE_CURVE('',#16516,#16524,#16526,.T.);
#16524 = VERTEX_POINT('',#16525);
#16525 = CARTESIAN_POINT('',(6.25,-0.25,-3.2));
#16526 = LINE('',#16527,#16528);
#16527 = CARTESIAN_POINT('',(6.25,0.25,-3.2));
#16528 = VECTOR('',#16529,1.);
#16529 = DIRECTION('',(-1.224646799147E-16,-1.,0.));
#16530 = ORIENTED_EDGE('',*,*,#16531,.T.);
#16531 = EDGE_CURVE('',#16524,#16532,#16534,.T.);
#16532 = VERTEX_POINT('',#16533);
#16533 = CARTESIAN_POINT('',(6.25,-0.25,2.8));
#16534 = LINE('',#16535,#16536);
#16535 = CARTESIAN_POINT('',(6.25,-0.25,-3.4));
#16536 = VECTOR('',#16537,1.);
#16537 = DIRECTION('',(0.,0.,1.));
#16538 = ORIENTED_EDGE('',*,*,#16539,.F.);
#16539 = EDGE_CURVE('',#16474,#16532,#16540,.T.);
#16540 = CIRCLE('',#16541,5.E-02);
#16541 = AXIS2_PLACEMENT_3D('',#16542,#16543,#16544);
#16542 = CARTESIAN_POINT('',(6.25,-0.3,2.8));
#16543 = DIRECTION('',(-1.,1.224646799147E-16,0.));
#16544 = DIRECTION('',(0.,0.,1.));
#16545 = ORIENTED_EDGE('',*,*,#16473,.T.);
#16546 = PLANE('',#16547);
#16547 = AXIS2_PLACEMENT_3D('',#16548,#16549,#16550);
#16548 = CARTESIAN_POINT('',(6.25,-1.401960784314,1.323039215686));
#16549 = DIRECTION('',(-1.,1.224646799147E-16,0.));
#16550 = DIRECTION('',(0.,0.,1.));
#16551 = ADVANCED_FACE('',(#16552),#16563,.F.);
#16552 = FACE_BOUND('',#16553,.F.);
#16553 = EDGE_LOOP('',(#16554,#16555,#16556,#16557));
#16554 = ORIENTED_EDGE('',*,*,#16498,.F.);
#16555 = ORIENTED_EDGE('',*,*,#14983,.F.);
#16556 = ORIENTED_EDGE('',*,*,#16409,.T.);
#16557 = ORIENTED_EDGE('',*,*,#16558,.F.);
#16558 = EDGE_CURVE('',#16499,#16410,#16559,.T.);
#16559 = LINE('',#16560,#16561);
#16560 = CARTESIAN_POINT('',(6.25,-0.3,3.35));
#16561 = VECTOR('',#16562,1.);
#16562 = DIRECTION('',(-1.,1.224646799147E-16,0.));
#16563 = PLANE('',#16564);
#16564 = AXIS2_PLACEMENT_3D('',#16565,#16566,#16567);
#16565 = CARTESIAN_POINT('',(6.25,-5.75,3.35));
#16566 = DIRECTION('',(-0.,0.,-1.));
#16567 = DIRECTION('',(1.224646799147E-16,1.,0.));
#16568 = ADVANCED_FACE('',(#16569),#16594,.F.);
#16569 = FACE_BOUND('',#16570,.F.);
#16570 = EDGE_LOOP('',(#16571,#16579,#16580,#16588));
#16571 = ORIENTED_EDGE('',*,*,#16572,.F.);
#16572 = EDGE_CURVE('',#15022,#16573,#16575,.T.);
#16573 = VERTEX_POINT('',#16574);
#16574 = CARTESIAN_POINT('',(4.25,-0.3,3.35));
#16575 = LINE('',#16576,#16577);
#16576 = CARTESIAN_POINT('',(4.25,-5.75,3.35));
#16577 = VECTOR('',#16578,1.);
#16578 = DIRECTION('',(1.224646799147E-16,1.,0.));
#16579 = ORIENTED_EDGE('',*,*,#15019,.F.);
#16580 = ORIENTED_EDGE('',*,*,#16581,.T.);
#16581 = EDGE_CURVE('',#15020,#16582,#16584,.T.);
#16582 = VERTEX_POINT('',#16583);
#16583 = CARTESIAN_POINT('',(3.75,-0.3,3.35));
#16584 = LINE('',#16585,#16586);
#16585 = CARTESIAN_POINT('',(3.75,-5.75,3.35));
#16586 = VECTOR('',#16587,1.);
#16587 = DIRECTION('',(1.224646799147E-16,1.,0.));
#16588 = ORIENTED_EDGE('',*,*,#16589,.F.);
#16589 = EDGE_CURVE('',#16573,#16582,#16590,.T.);
#16590 = LINE('',#16591,#16592);
#16591 = CARTESIAN_POINT('',(4.25,-0.3,3.35));
#16592 = VECTOR('',#16593,1.);
#16593 = DIRECTION('',(-1.,1.224646799147E-16,0.));
#16594 = PLANE('',#16595);
#16595 = AXIS2_PLACEMENT_3D('',#16596,#16597,#16598);
#16596 = CARTESIAN_POINT('',(4.25,-5.75,3.35));
#16597 = DIRECTION('',(-0.,0.,-1.));
#16598 = DIRECTION('',(1.224646799147E-16,1.,0.));
#16599 = ADVANCED_FACE('',(#16600),#16652,.T.);
#16600 = FACE_BOUND('',#16601,.T.);
#16601 = EDGE_LOOP('',(#16602,#16603,#16604,#16613,#16621,#16629,#16637,
    #16646));
#16602 = ORIENTED_EDGE('',*,*,#15045,.F.);
#16603 = ORIENTED_EDGE('',*,*,#16581,.T.);
#16604 = ORIENTED_EDGE('',*,*,#16605,.T.);
#16605 = EDGE_CURVE('',#16582,#16606,#16608,.T.);
#16606 = VERTEX_POINT('',#16607);
#16607 = CARTESIAN_POINT('',(3.75,0.25,2.8));
#16608 = CIRCLE('',#16609,0.55);
#16609 = AXIS2_PLACEMENT_3D('',#16610,#16611,#16612);
#16610 = CARTESIAN_POINT('',(3.75,-0.3,2.8));
#16611 = DIRECTION('',(-1.,1.224646799147E-16,0.));
#16612 = DIRECTION('',(0.,0.,1.));
#16613 = ORIENTED_EDGE('',*,*,#16614,.T.);
#16614 = EDGE_CURVE('',#16606,#16615,#16617,.T.);
#16615 = VERTEX_POINT('',#16616);
#16616 = CARTESIAN_POINT('',(3.75,0.25,-3.2));
#16617 = LINE('',#16618,#16619);
#16618 = CARTESIAN_POINT('',(3.75,0.25,3.35));
#16619 = VECTOR('',#16620,1.);
#16620 = DIRECTION('',(-0.,0.,-1.));
#16621 = ORIENTED_EDGE('',*,*,#16622,.T.);
#16622 = EDGE_CURVE('',#16615,#16623,#16625,.T.);
#16623 = VERTEX_POINT('',#16624);
#16624 = CARTESIAN_POINT('',(3.75,-0.25,-3.2));
#16625 = LINE('',#16626,#16627);
#16626 = CARTESIAN_POINT('',(3.75,0.25,-3.2));
#16627 = VECTOR('',#16628,1.);
#16628 = DIRECTION('',(-1.224646799147E-16,-1.,0.));
#16629 = ORIENTED_EDGE('',*,*,#16630,.T.);
#16630 = EDGE_CURVE('',#16623,#16631,#16633,.T.);
#16631 = VERTEX_POINT('',#16632);
#16632 = CARTESIAN_POINT('',(3.75,-0.25,2.8));
#16633 = LINE('',#16634,#16635);
#16634 = CARTESIAN_POINT('',(3.75,-0.25,-3.4));
#16635 = VECTOR('',#16636,1.);
#16636 = DIRECTION('',(0.,0.,1.));
#16637 = ORIENTED_EDGE('',*,*,#16638,.F.);
#16638 = EDGE_CURVE('',#16639,#16631,#16641,.T.);
#16639 = VERTEX_POINT('',#16640);
#16640 = CARTESIAN_POINT('',(3.75,-0.3,2.85));
#16641 = CIRCLE('',#16642,5.E-02);
#16642 = AXIS2_PLACEMENT_3D('',#16643,#16644,#16645);
#16643 = CARTESIAN_POINT('',(3.75,-0.3,2.8));
#16644 = DIRECTION('',(-1.,1.224646799147E-16,0.));
#16645 = DIRECTION('',(0.,0.,1.));
#16646 = ORIENTED_EDGE('',*,*,#16647,.T.);
#16647 = EDGE_CURVE('',#16639,#15038,#16648,.T.);
#16648 = LINE('',#16649,#16650);
#16649 = CARTESIAN_POINT('',(3.75,-0.25,2.85));
#16650 = VECTOR('',#16651,1.);
#16651 = DIRECTION('',(-1.224646799147E-16,-1.,0.));
#16652 = PLANE('',#16653);
#16653 = AXIS2_PLACEMENT_3D('',#16654,#16655,#16656);
#16654 = CARTESIAN_POINT('',(3.75,-1.401960784314,1.323039215686));
#16655 = DIRECTION('',(-1.,1.224646799147E-16,0.));
#16656 = DIRECTION('',(0.,0.,1.));
#16657 = ADVANCED_FACE('',(#16658),#16676,.F.);
#16658 = FACE_BOUND('',#16659,.F.);
#16659 = EDGE_LOOP('',(#16660,#16668,#16674,#16675));
#16660 = ORIENTED_EDGE('',*,*,#16661,.F.);
#16661 = EDGE_CURVE('',#16662,#15030,#16664,.T.);
#16662 = VERTEX_POINT('',#16663);
#16663 = CARTESIAN_POINT('',(4.25,-0.3,2.85));
#16664 = LINE('',#16665,#16666);
#16665 = CARTESIAN_POINT('',(4.25,-0.25,2.85));
#16666 = VECTOR('',#16667,1.);
#16667 = DIRECTION('',(-1.224646799147E-16,-1.,0.));
#16668 = ORIENTED_EDGE('',*,*,#16669,.T.);
#16669 = EDGE_CURVE('',#16662,#16639,#16670,.T.);
#16670 = LINE('',#16671,#16672);
#16671 = CARTESIAN_POINT('',(4.25,-0.3,2.85));
#16672 = VECTOR('',#16673,1.);
#16673 = DIRECTION('',(-1.,1.224646799147E-16,0.));
#16674 = ORIENTED_EDGE('',*,*,#16647,.T.);
#16675 = ORIENTED_EDGE('',*,*,#15037,.F.);
#16676 = PLANE('',#16677);
#16677 = AXIS2_PLACEMENT_3D('',#16678,#16679,#16680);
#16678 = CARTESIAN_POINT('',(4.25,-0.25,2.85));
#16679 = DIRECTION('',(0.,0.,1.));
#16680 = DIRECTION('',(-1.224646799147E-16,-1.,0.));
#16681 = ADVANCED_FACE('',(#16682),#16727,.F.);
#16682 = FACE_BOUND('',#16683,.F.);
#16683 = EDGE_LOOP('',(#16684,#16685,#16686,#16695,#16703,#16711,#16719,
    #16726));
#16684 = ORIENTED_EDGE('',*,*,#15029,.F.);
#16685 = ORIENTED_EDGE('',*,*,#16572,.T.);
#16686 = ORIENTED_EDGE('',*,*,#16687,.T.);
#16687 = EDGE_CURVE('',#16573,#16688,#16690,.T.);
#16688 = VERTEX_POINT('',#16689);
#16689 = CARTESIAN_POINT('',(4.25,0.25,2.8));
#16690 = CIRCLE('',#16691,0.55);
#16691 = AXIS2_PLACEMENT_3D('',#16692,#16693,#16694);
#16692 = CARTESIAN_POINT('',(4.25,-0.3,2.8));
#16693 = DIRECTION('',(-1.,1.224646799147E-16,0.));
#16694 = DIRECTION('',(0.,0.,1.));
#16695 = ORIENTED_EDGE('',*,*,#16696,.T.);
#16696 = EDGE_CURVE('',#16688,#16697,#16699,.T.);
#16697 = VERTEX_POINT('',#16698);
#16698 = CARTESIAN_POINT('',(4.25,0.25,-3.2));
#16699 = LINE('',#16700,#16701);
#16700 = CARTESIAN_POINT('',(4.25,0.25,3.35));
#16701 = VECTOR('',#16702,1.);
#16702 = DIRECTION('',(-0.,0.,-1.));
#16703 = ORIENTED_EDGE('',*,*,#16704,.T.);
#16704 = EDGE_CURVE('',#16697,#16705,#16707,.T.);
#16705 = VERTEX_POINT('',#16706);
#16706 = CARTESIAN_POINT('',(4.25,-0.25,-3.2));
#16707 = LINE('',#16708,#16709);
#16708 = CARTESIAN_POINT('',(4.25,0.25,-3.2));
#16709 = VECTOR('',#16710,1.);
#16710 = DIRECTION('',(-1.224646799147E-16,-1.,0.));
#16711 = ORIENTED_EDGE('',*,*,#16712,.T.);
#16712 = EDGE_CURVE('',#16705,#16713,#16715,.T.);
#16713 = VERTEX_POINT('',#16714);
#16714 = CARTESIAN_POINT('',(4.25,-0.25,2.8));
#16715 = LINE('',#16716,#16717);
#16716 = CARTESIAN_POINT('',(4.25,-0.25,-3.4));
#16717 = VECTOR('',#16718,1.);
#16718 = DIRECTION('',(0.,0.,1.));
#16719 = ORIENTED_EDGE('',*,*,#16720,.F.);
#16720 = EDGE_CURVE('',#16662,#16713,#16721,.T.);
#16721 = CIRCLE('',#16722,5.E-02);
#16722 = AXIS2_PLACEMENT_3D('',#16723,#16724,#16725);
#16723 = CARTESIAN_POINT('',(4.25,-0.3,2.8));
#16724 = DIRECTION('',(-1.,1.224646799147E-16,0.));
#16725 = DIRECTION('',(0.,0.,1.));
#16726 = ORIENTED_EDGE('',*,*,#16661,.T.);
#16727 = PLANE('',#16728);
#16728 = AXIS2_PLACEMENT_3D('',#16729,#16730,#16731);
#16729 = CARTESIAN_POINT('',(4.25,-1.401960784314,1.323039215686));
#16730 = DIRECTION('',(-1.,1.224646799147E-16,0.));
#16731 = DIRECTION('',(0.,0.,1.));
#16732 = ADVANCED_FACE('',(#16733),#16792,.T.);
#16733 = FACE_BOUND('',#16734,.T.);
#16734 = EDGE_LOOP('',(#16735,#16736,#16744,#16753,#16761,#16769,#16777,
    #16786));
#16735 = ORIENTED_EDGE('',*,*,#15065,.F.);
#16736 = ORIENTED_EDGE('',*,*,#16737,.T.);
#16737 = EDGE_CURVE('',#15066,#16738,#16740,.T.);
#16738 = VERTEX_POINT('',#16739);
#16739 = CARTESIAN_POINT('',(1.75,-0.3,3.35));
#16740 = LINE('',#16741,#16742);
#16741 = CARTESIAN_POINT('',(1.75,-5.75,3.35));
#16742 = VECTOR('',#16743,1.);
#16743 = DIRECTION('',(1.224646799147E-16,1.,0.));
#16744 = ORIENTED_EDGE('',*,*,#16745,.T.);
#16745 = EDGE_CURVE('',#16738,#16746,#16748,.T.);
#16746 = VERTEX_POINT('',#16747);
#16747 = CARTESIAN_POINT('',(1.75,0.25,2.8));
#16748 = CIRCLE('',#16749,0.55);
#16749 = AXIS2_PLACEMENT_3D('',#16750,#16751,#16752);
#16750 = CARTESIAN_POINT('',(1.75,-0.3,2.8));
#16751 = DIRECTION('',(-1.,1.224646799147E-16,0.));
#16752 = DIRECTION('',(0.,0.,1.));
#16753 = ORIENTED_EDGE('',*,*,#16754,.T.);
#16754 = EDGE_CURVE('',#16746,#16755,#16757,.T.);
#16755 = VERTEX_POINT('',#16756);
#16756 = CARTESIAN_POINT('',(1.75,0.25,-3.2));
#16757 = LINE('',#16758,#16759);
#16758 = CARTESIAN_POINT('',(1.75,0.25,3.35));
#16759 = VECTOR('',#16760,1.);
#16760 = DIRECTION('',(-0.,0.,-1.));
#16761 = ORIENTED_EDGE('',*,*,#16762,.T.);
#16762 = EDGE_CURVE('',#16755,#16763,#16765,.T.);
#16763 = VERTEX_POINT('',#16764);
#16764 = CARTESIAN_POINT('',(1.75,-0.25,-3.2));
#16765 = LINE('',#16766,#16767);
#16766 = CARTESIAN_POINT('',(1.75,0.25,-3.2));
#16767 = VECTOR('',#16768,1.);
#16768 = DIRECTION('',(-1.224646799147E-16,-1.,0.));
#16769 = ORIENTED_EDGE('',*,*,#16770,.T.);
#16770 = EDGE_CURVE('',#16763,#16771,#16773,.T.);
#16771 = VERTEX_POINT('',#16772);
#16772 = CARTESIAN_POINT('',(1.75,-0.25,2.8));
#16773 = LINE('',#16774,#16775);
#16774 = CARTESIAN_POINT('',(1.75,-0.25,-3.4));
#16775 = VECTOR('',#16776,1.);
#16776 = DIRECTION('',(0.,0.,1.));
#16777 = ORIENTED_EDGE('',*,*,#16778,.F.);
#16778 = EDGE_CURVE('',#16779,#16771,#16781,.T.);
#16779 = VERTEX_POINT('',#16780);
#16780 = CARTESIAN_POINT('',(1.75,-0.3,2.85));
#16781 = CIRCLE('',#16782,5.E-02);
#16782 = AXIS2_PLACEMENT_3D('',#16783,#16784,#16785);
#16783 = CARTESIAN_POINT('',(1.75,-0.3,2.8));
#16784 = DIRECTION('',(-1.,1.224646799147E-16,0.));
#16785 = DIRECTION('',(0.,0.,1.));
#16786 = ORIENTED_EDGE('',*,*,#16787,.T.);
#16787 = EDGE_CURVE('',#16779,#15068,#16788,.T.);
#16788 = LINE('',#16789,#16790);
#16789 = CARTESIAN_POINT('',(1.75,-0.25,2.85));
#16790 = VECTOR('',#16791,1.);
#16791 = DIRECTION('',(-1.224646799147E-16,-1.,0.));
#16792 = PLANE('',#16793);
#16793 = AXIS2_PLACEMENT_3D('',#16794,#16795,#16796);
#16794 = CARTESIAN_POINT('',(1.75,-1.401960784314,1.323039215686));
#16795 = DIRECTION('',(-1.,1.224646799147E-16,0.));
#16796 = DIRECTION('',(0.,0.,1.));
#16797 = ADVANCED_FACE('',(#16798),#16816,.F.);
#16798 = FACE_BOUND('',#16799,.F.);
#16799 = EDGE_LOOP('',(#16800,#16808,#16814,#16815));
#16800 = ORIENTED_EDGE('',*,*,#16801,.F.);
#16801 = EDGE_CURVE('',#16802,#15084,#16804,.T.);
#16802 = VERTEX_POINT('',#16803);
#16803 = CARTESIAN_POINT('',(2.25,-0.3,2.85));
#16804 = LINE('',#16805,#16806);
#16805 = CARTESIAN_POINT('',(2.25,-0.25,2.85));
#16806 = VECTOR('',#16807,1.);
#16807 = DIRECTION('',(-1.224646799147E-16,-1.,0.));
#16808 = ORIENTED_EDGE('',*,*,#16809,.T.);
#16809 = EDGE_CURVE('',#16802,#16779,#16810,.T.);
#16810 = LINE('',#16811,#16812);
#16811 = CARTESIAN_POINT('',(2.25,-0.3,2.85));
#16812 = VECTOR('',#16813,1.);
#16813 = DIRECTION('',(-1.,1.224646799147E-16,0.));
#16814 = ORIENTED_EDGE('',*,*,#16787,.T.);
#16815 = ORIENTED_EDGE('',*,*,#15091,.F.);
#16816 = PLANE('',#16817);
#16817 = AXIS2_PLACEMENT_3D('',#16818,#16819,#16820);
#16818 = CARTESIAN_POINT('',(2.25,-0.25,2.85));
#16819 = DIRECTION('',(0.,0.,1.));
#16820 = DIRECTION('',(-1.224646799147E-16,-1.,0.));
#16821 = ADVANCED_FACE('',(#16822),#16874,.F.);
#16822 = FACE_BOUND('',#16823,.F.);
#16823 = EDGE_LOOP('',(#16824,#16825,#16833,#16842,#16850,#16858,#16866,
    #16873));
#16824 = ORIENTED_EDGE('',*,*,#15083,.F.);
#16825 = ORIENTED_EDGE('',*,*,#16826,.T.);
#16826 = EDGE_CURVE('',#15076,#16827,#16829,.T.);
#16827 = VERTEX_POINT('',#16828);
#16828 = CARTESIAN_POINT('',(2.25,-0.3,3.35));
#16829 = LINE('',#16830,#16831);
#16830 = CARTESIAN_POINT('',(2.25,-5.75,3.35));
#16831 = VECTOR('',#16832,1.);
#16832 = DIRECTION('',(1.224646799147E-16,1.,0.));
#16833 = ORIENTED_EDGE('',*,*,#16834,.T.);
#16834 = EDGE_CURVE('',#16827,#16835,#16837,.T.);
#16835 = VERTEX_POINT('',#16836);
#16836 = CARTESIAN_POINT('',(2.25,0.25,2.8));
#16837 = CIRCLE('',#16838,0.55);
#16838 = AXIS2_PLACEMENT_3D('',#16839,#16840,#16841);
#16839 = CARTESIAN_POINT('',(2.25,-0.3,2.8));
#16840 = DIRECTION('',(-1.,1.224646799147E-16,0.));
#16841 = DIRECTION('',(0.,0.,1.));
#16842 = ORIENTED_EDGE('',*,*,#16843,.T.);
#16843 = EDGE_CURVE('',#16835,#16844,#16846,.T.);
#16844 = VERTEX_POINT('',#16845);
#16845 = CARTESIAN_POINT('',(2.25,0.25,-3.2));
#16846 = LINE('',#16847,#16848);
#16847 = CARTESIAN_POINT('',(2.25,0.25,3.35));
#16848 = VECTOR('',#16849,1.);
#16849 = DIRECTION('',(-0.,0.,-1.));
#16850 = ORIENTED_EDGE('',*,*,#16851,.T.);
#16851 = EDGE_CURVE('',#16844,#16852,#16854,.T.);
#16852 = VERTEX_POINT('',#16853);
#16853 = CARTESIAN_POINT('',(2.25,-0.25,-3.2));
#16854 = LINE('',#16855,#16856);
#16855 = CARTESIAN_POINT('',(2.25,0.25,-3.2));
#16856 = VECTOR('',#16857,1.);
#16857 = DIRECTION('',(-1.224646799147E-16,-1.,0.));
#16858 = ORIENTED_EDGE('',*,*,#16859,.T.);
#16859 = EDGE_CURVE('',#16852,#16860,#16862,.T.);
#16860 = VERTEX_POINT('',#16861);
#16861 = CARTESIAN_POINT('',(2.25,-0.25,2.8));
#16862 = LINE('',#16863,#16864);
#16863 = CARTESIAN_POINT('',(2.25,-0.25,-3.4));
#16864 = VECTOR('',#16865,1.);
#16865 = DIRECTION('',(0.,0.,1.));
#16866 = ORIENTED_EDGE('',*,*,#16867,.F.);
#16867 = EDGE_CURVE('',#16802,#16860,#16868,.T.);
#16868 = CIRCLE('',#16869,5.E-02);
#16869 = AXIS2_PLACEMENT_3D('',#16870,#16871,#16872);
#16870 = CARTESIAN_POINT('',(2.25,-0.3,2.8));
#16871 = DIRECTION('',(-1.,1.224646799147E-16,0.));
#16872 = DIRECTION('',(0.,0.,1.));
#16873 = ORIENTED_EDGE('',*,*,#16801,.T.);
#16874 = PLANE('',#16875);
#16875 = AXIS2_PLACEMENT_3D('',#16876,#16877,#16878);
#16876 = CARTESIAN_POINT('',(2.25,-1.401960784314,1.323039215686));
#16877 = DIRECTION('',(-1.,1.224646799147E-16,0.));
#16878 = DIRECTION('',(0.,0.,1.));
#16879 = ADVANCED_FACE('',(#16880),#16891,.F.);
#16880 = FACE_BOUND('',#16881,.F.);
#16881 = EDGE_LOOP('',(#16882,#16883,#16884,#16885));
#16882 = ORIENTED_EDGE('',*,*,#16826,.F.);
#16883 = ORIENTED_EDGE('',*,*,#15075,.F.);
#16884 = ORIENTED_EDGE('',*,*,#16737,.T.);
#16885 = ORIENTED_EDGE('',*,*,#16886,.F.);
#16886 = EDGE_CURVE('',#16827,#16738,#16887,.T.);
#16887 = LINE('',#16888,#16889);
#16888 = CARTESIAN_POINT('',(2.25,-0.3,3.35));
#16889 = VECTOR('',#16890,1.);
#16890 = DIRECTION('',(-1.,1.224646799147E-16,0.));
#16891 = PLANE('',#16892);
#16892 = AXIS2_PLACEMENT_3D('',#16893,#16894,#16895);
#16893 = CARTESIAN_POINT('',(2.25,-5.75,3.35));
#16894 = DIRECTION('',(-0.,0.,-1.));
#16895 = DIRECTION('',(1.224646799147E-16,1.,0.));
#16896 = ADVANCED_FACE('',(#16897),#16988,.T.);
#16897 = FACE_BOUND('',#16898,.T.);
#16898 = EDGE_LOOP('',(#16899,#16900,#16908,#16917,#16925,#16933,#16941,
    #16949,#16957,#16965,#16973,#16982));
#16899 = ORIENTED_EDGE('',*,*,#15111,.F.);
#16900 = ORIENTED_EDGE('',*,*,#16901,.T.);
#16901 = EDGE_CURVE('',#15112,#16902,#16904,.T.);
#16902 = VERTEX_POINT('',#16903);
#16903 = CARTESIAN_POINT('',(-0.25,-0.3,3.35));
#16904 = LINE('',#16905,#16906);
#16905 = CARTESIAN_POINT('',(-0.25,-5.75,3.35));
#16906 = VECTOR('',#16907,1.);
#16907 = DIRECTION('',(1.224646799147E-16,1.,0.));
#16908 = ORIENTED_EDGE('',*,*,#16909,.T.);
#16909 = EDGE_CURVE('',#16902,#16910,#16912,.T.);
#16910 = VERTEX_POINT('',#16911);
#16911 = CARTESIAN_POINT('',(-0.25,0.25,2.8));
#16912 = CIRCLE('',#16913,0.55);
#16913 = AXIS2_PLACEMENT_3D('',#16914,#16915,#16916);
#16914 = CARTESIAN_POINT('',(-0.25,-0.3,2.8));
#16915 = DIRECTION('',(-1.,1.224646799147E-16,0.));
#16916 = DIRECTION('',(0.,0.,1.));
#16917 = ORIENTED_EDGE('',*,*,#16918,.T.);
#16918 = EDGE_CURVE('',#16910,#16919,#16921,.T.);
#16919 = VERTEX_POINT('',#16920);
#16920 = CARTESIAN_POINT('',(-0.25,0.25,-0.9));
#16921 = LINE('',#16922,#16923);
#16922 = CARTESIAN_POINT('',(-0.25,0.25,3.35));
#16923 = VECTOR('',#16924,1.);
#16924 = DIRECTION('',(-0.,0.,-1.));
#16925 = ORIENTED_EDGE('',*,*,#16926,.T.);
#16926 = EDGE_CURVE('',#16919,#16927,#16929,.T.);
#16927 = VERTEX_POINT('',#16928);
#16928 = CARTESIAN_POINT('',(-0.25,-5.E-02,-1.5));
#16929 = LINE('',#16930,#16931);
#16930 = CARTESIAN_POINT('',(-0.25,0.25,-0.9));
#16931 = VECTOR('',#16932,1.);
#16932 = DIRECTION('',(-5.476786982641E-17,-0.4472135955,-0.894427191));
#16933 = ORIENTED_EDGE('',*,*,#16934,.T.);
#16934 = EDGE_CURVE('',#16927,#16935,#16937,.T.);
#16935 = VERTEX_POINT('',#16936);
#16936 = CARTESIAN_POINT('',(-0.25,0.218421052632,-3.2));
#16937 = LINE('',#16938,#16939);
#16938 = CARTESIAN_POINT('',(-0.25,-5.E-02,-1.5));
#16939 = VECTOR('',#16940,1.);
#16940 = DIRECTION('',(1.909990663905E-17,0.155962573473,-0.987762965329
    ));
#16941 = ORIENTED_EDGE('',*,*,#16942,.T.);
#16942 = EDGE_CURVE('',#16935,#16943,#16945,.T.);
#16943 = VERTEX_POINT('',#16944);
#16944 = CARTESIAN_POINT('',(-0.25,-0.281578947368,-3.2));
#16945 = LINE('',#16946,#16947);
#16946 = CARTESIAN_POINT('',(-0.25,0.25,-3.2));
#16947 = VECTOR('',#16948,1.);
#16948 = DIRECTION('',(-1.224646799147E-16,-1.,0.));
#16949 = ORIENTED_EDGE('',*,*,#16950,.T.);
#16950 = EDGE_CURVE('',#16943,#16951,#16953,.T.);
#16951 = VERTEX_POINT('',#16952);
#16952 = CARTESIAN_POINT('',(-0.25,-0.55,-1.5));
#16953 = LINE('',#16954,#16955);
#16954 = CARTESIAN_POINT('',(-0.25,-0.25,-3.4));
#16955 = VECTOR('',#16956,1.);
#16956 = DIRECTION('',(-1.909990663905E-17,-0.155962573473,
    0.987762965329));
#16957 = ORIENTED_EDGE('',*,*,#16958,.T.);
#16958 = EDGE_CURVE('',#16951,#16959,#16961,.T.);
#16959 = VERTEX_POINT('',#16960);
#16960 = CARTESIAN_POINT('',(-0.25,-0.25,-0.9));
#16961 = LINE('',#16962,#16963);
#16962 = CARTESIAN_POINT('',(-0.25,-0.55,-1.5));
#16963 = VECTOR('',#16964,1.);
#16964 = DIRECTION('',(5.476786982641E-17,0.4472135955,0.894427191));
#16965 = ORIENTED_EDGE('',*,*,#16966,.T.);
#16966 = EDGE_CURVE('',#16959,#16967,#16969,.T.);
#16967 = VERTEX_POINT('',#16968);
#16968 = CARTESIAN_POINT('',(-0.25,-0.25,2.8));
#16969 = LINE('',#16970,#16971);
#16970 = CARTESIAN_POINT('',(-0.25,-0.25,-0.9));
#16971 = VECTOR('',#16972,1.);
#16972 = DIRECTION('',(0.,0.,1.));
#16973 = ORIENTED_EDGE('',*,*,#16974,.F.);
#16974 = EDGE_CURVE('',#16975,#16967,#16977,.T.);
#16975 = VERTEX_POINT('',#16976);
#16976 = CARTESIAN_POINT('',(-0.25,-0.3,2.85));
#16977 = CIRCLE('',#16978,5.E-02);
#16978 = AXIS2_PLACEMENT_3D('',#16979,#16980,#16981);
#16979 = CARTESIAN_POINT('',(-0.25,-0.3,2.8));
#16980 = DIRECTION('',(-1.,1.224646799147E-16,0.));
#16981 = DIRECTION('',(0.,0.,1.));
#16982 = ORIENTED_EDGE('',*,*,#16983,.T.);
#16983 = EDGE_CURVE('',#16975,#15114,#16984,.T.);
#16984 = LINE('',#16985,#16986);
#16985 = CARTESIAN_POINT('',(-0.25,-0.25,2.85));
#16986 = VECTOR('',#16987,1.);
#16987 = DIRECTION('',(-1.224646799147E-16,-1.,0.));
#16988 = PLANE('',#16989);
#16989 = AXIS2_PLACEMENT_3D('',#16990,#16991,#16992);
#16990 = CARTESIAN_POINT('',(-0.25,-1.421959173294,1.302213422577));
#16991 = DIRECTION('',(-1.,1.224646799147E-16,0.));
#16992 = DIRECTION('',(0.,0.,1.));
#16993 = ADVANCED_FACE('',(#16994),#17012,.F.);
#16994 = FACE_BOUND('',#16995,.F.);
#16995 = EDGE_LOOP('',(#16996,#17004,#17010,#17011));
#16996 = ORIENTED_EDGE('',*,*,#16997,.F.);
#16997 = EDGE_CURVE('',#16998,#15130,#17000,.T.);
#16998 = VERTEX_POINT('',#16999);
#16999 = CARTESIAN_POINT('',(0.25,-0.3,2.85));
#17000 = LINE('',#17001,#17002);
#17001 = CARTESIAN_POINT('',(0.25,-0.25,2.85));
#17002 = VECTOR('',#17003,1.);
#17003 = DIRECTION('',(-1.224646799147E-16,-1.,0.));
#17004 = ORIENTED_EDGE('',*,*,#17005,.T.);
#17005 = EDGE_CURVE('',#16998,#16975,#17006,.T.);
#17006 = LINE('',#17007,#17008);
#17007 = CARTESIAN_POINT('',(0.25,-0.3,2.85));
#17008 = VECTOR('',#17009,1.);
#17009 = DIRECTION('',(-1.,1.224646799147E-16,0.));
#17010 = ORIENTED_EDGE('',*,*,#16983,.T.);
#17011 = ORIENTED_EDGE('',*,*,#15137,.F.);
#17012 = PLANE('',#17013);
#17013 = AXIS2_PLACEMENT_3D('',#17014,#17015,#17016);
#17014 = CARTESIAN_POINT('',(0.25,-0.25,2.85));
#17015 = DIRECTION('',(0.,0.,1.));
#17016 = DIRECTION('',(-1.224646799147E-16,-1.,0.));
#17017 = ADVANCED_FACE('',(#17018),#17102,.F.);
#17018 = FACE_BOUND('',#17019,.F.);
#17019 = EDGE_LOOP('',(#17020,#17021,#17029,#17038,#17046,#17054,#17062,
    #17070,#17078,#17086,#17094,#17101));
#17020 = ORIENTED_EDGE('',*,*,#15129,.F.);
#17021 = ORIENTED_EDGE('',*,*,#17022,.T.);
#17022 = EDGE_CURVE('',#15122,#17023,#17025,.T.);
#17023 = VERTEX_POINT('',#17024);
#17024 = CARTESIAN_POINT('',(0.25,-0.3,3.35));
#17025 = LINE('',#17026,#17027);
#17026 = CARTESIAN_POINT('',(0.25,-5.75,3.35));
#17027 = VECTOR('',#17028,1.);
#17028 = DIRECTION('',(1.224646799147E-16,1.,0.));
#17029 = ORIENTED_EDGE('',*,*,#17030,.T.);
#17030 = EDGE_CURVE('',#17023,#17031,#17033,.T.);
#17031 = VERTEX_POINT('',#17032);
#17032 = CARTESIAN_POINT('',(0.25,0.25,2.8));
#17033 = CIRCLE('',#17034,0.55);
#17034 = AXIS2_PLACEMENT_3D('',#17035,#17036,#17037);
#17035 = CARTESIAN_POINT('',(0.25,-0.3,2.8));
#17036 = DIRECTION('',(-1.,1.224646799147E-16,0.));
#17037 = DIRECTION('',(0.,0.,1.));
#17038 = ORIENTED_EDGE('',*,*,#17039,.T.);
#17039 = EDGE_CURVE('',#17031,#17040,#17042,.T.);
#17040 = VERTEX_POINT('',#17041);
#17041 = CARTESIAN_POINT('',(0.25,0.25,-0.9));
#17042 = LINE('',#17043,#17044);
#17043 = CARTESIAN_POINT('',(0.25,0.25,3.35));
#17044 = VECTOR('',#17045,1.);
#17045 = DIRECTION('',(-0.,0.,-1.));
#17046 = ORIENTED_EDGE('',*,*,#17047,.T.);
#17047 = EDGE_CURVE('',#17040,#17048,#17050,.T.);
#17048 = VERTEX_POINT('',#17049);
#17049 = CARTESIAN_POINT('',(0.25,-5.E-02,-1.5));
#17050 = LINE('',#17051,#17052);
#17051 = CARTESIAN_POINT('',(0.25,0.25,-0.9));
#17052 = VECTOR('',#17053,1.);
#17053 = DIRECTION('',(-5.476786982641E-17,-0.4472135955,-0.894427191));
#17054 = ORIENTED_EDGE('',*,*,#17055,.T.);
#17055 = EDGE_CURVE('',#17048,#17056,#17058,.T.);
#17056 = VERTEX_POINT('',#17057);
#17057 = CARTESIAN_POINT('',(0.25,0.218421052632,-3.2));
#17058 = LINE('',#17059,#17060);
#17059 = CARTESIAN_POINT('',(0.25,-5.E-02,-1.5));
#17060 = VECTOR('',#17061,1.);
#17061 = DIRECTION('',(1.909990663905E-17,0.155962573473,-0.987762965329
    ));
#17062 = ORIENTED_EDGE('',*,*,#17063,.T.);
#17063 = EDGE_CURVE('',#17056,#17064,#17066,.T.);
#17064 = VERTEX_POINT('',#17065);
#17065 = CARTESIAN_POINT('',(0.25,-0.281578947368,-3.2));
#17066 = LINE('',#17067,#17068);
#17067 = CARTESIAN_POINT('',(0.25,0.25,-3.2));
#17068 = VECTOR('',#17069,1.);
#17069 = DIRECTION('',(-1.224646799147E-16,-1.,0.));
#17070 = ORIENTED_EDGE('',*,*,#17071,.T.);
#17071 = EDGE_CURVE('',#17064,#17072,#17074,.T.);
#17072 = VERTEX_POINT('',#17073);
#17073 = CARTESIAN_POINT('',(0.25,-0.55,-1.5));
#17074 = LINE('',#17075,#17076);
#17075 = CARTESIAN_POINT('',(0.25,-0.25,-3.4));
#17076 = VECTOR('',#17077,1.);
#17077 = DIRECTION('',(-1.909990663905E-17,-0.155962573473,
    0.987762965329));
#17078 = ORIENTED_EDGE('',*,*,#17079,.T.);
#17079 = EDGE_CURVE('',#17072,#17080,#17082,.T.);
#17080 = VERTEX_POINT('',#17081);
#17081 = CARTESIAN_POINT('',(0.25,-0.25,-0.9));
#17082 = LINE('',#17083,#17084);
#17083 = CARTESIAN_POINT('',(0.25,-0.55,-1.5));
#17084 = VECTOR('',#17085,1.);
#17085 = DIRECTION('',(5.476786982641E-17,0.4472135955,0.894427191));
#17086 = ORIENTED_EDGE('',*,*,#17087,.T.);
#17087 = EDGE_CURVE('',#17080,#17088,#17090,.T.);
#17088 = VERTEX_POINT('',#17089);
#17089 = CARTESIAN_POINT('',(0.25,-0.25,2.8));
#17090 = LINE('',#17091,#17092);
#17091 = CARTESIAN_POINT('',(0.25,-0.25,-0.9));
#17092 = VECTOR('',#17093,1.);
#17093 = DIRECTION('',(0.,0.,1.));
#17094 = ORIENTED_EDGE('',*,*,#17095,.F.);
#17095 = EDGE_CURVE('',#16998,#17088,#17096,.T.);
#17096 = CIRCLE('',#17097,5.E-02);
#17097 = AXIS2_PLACEMENT_3D('',#17098,#17099,#17100);
#17098 = CARTESIAN_POINT('',(0.25,-0.3,2.8));
#17099 = DIRECTION('',(-1.,1.224646799147E-16,0.));
#17100 = DIRECTION('',(0.,0.,1.));
#17101 = ORIENTED_EDGE('',*,*,#16997,.T.);
#17102 = PLANE('',#17103);
#17103 = AXIS2_PLACEMENT_3D('',#17104,#17105,#17106);
#17104 = CARTESIAN_POINT('',(0.25,-1.421959173294,1.302213422577));
#17105 = DIRECTION('',(-1.,1.224646799147E-16,0.));
#17106 = DIRECTION('',(0.,0.,1.));
#17107 = ADVANCED_FACE('',(#17108),#17119,.F.);
#17108 = FACE_BOUND('',#17109,.F.);
#17109 = EDGE_LOOP('',(#17110,#17111,#17112,#17113));
#17110 = ORIENTED_EDGE('',*,*,#17022,.F.);
#17111 = ORIENTED_EDGE('',*,*,#15121,.F.);
#17112 = ORIENTED_EDGE('',*,*,#16901,.T.);
#17113 = ORIENTED_EDGE('',*,*,#17114,.F.);
#17114 = EDGE_CURVE('',#17023,#16902,#17115,.T.);
#17115 = LINE('',#17116,#17117);
#17116 = CARTESIAN_POINT('',(0.25,-0.3,3.35));
#17117 = VECTOR('',#17118,1.);
#17118 = DIRECTION('',(-1.,1.224646799147E-16,0.));
#17119 = PLANE('',#17120);
#17120 = AXIS2_PLACEMENT_3D('',#17121,#17122,#17123);
#17121 = CARTESIAN_POINT('',(0.25,-5.75,3.35));
#17122 = DIRECTION('',(-0.,0.,-1.));
#17123 = DIRECTION('',(1.224646799147E-16,1.,0.));
#17124 = ADVANCED_FACE('',(#17125),#17131,.F.);
#17125 = FACE_BOUND('',#17126,.F.);
#17126 = EDGE_LOOP('',(#17127,#17128,#17129,#17130));
#17127 = ORIENTED_EDGE('',*,*,#15221,.T.);
#17128 = ORIENTED_EDGE('',*,*,#15197,.T.);
#17129 = ORIENTED_EDGE('',*,*,#15262,.F.);
#17130 = ORIENTED_EDGE('',*,*,#15245,.F.);
#17131 = PLANE('',#17132);
#17132 = AXIS2_PLACEMENT_3D('',#17133,#17134,#17135);
#17133 = CARTESIAN_POINT('',(10.25,-5.75,2.85));
#17134 = DIRECTION('',(1.224646799147E-16,1.,0.));
#17135 = DIRECTION('',(0.,-0.,1.));
#17136 = ADVANCED_FACE('',(#17137),#17143,.F.);
#17137 = FACE_BOUND('',#17138,.F.);
#17138 = EDGE_LOOP('',(#17139,#17140,#17141,#17142));
#17139 = ORIENTED_EDGE('',*,*,#15358,.T.);
#17140 = ORIENTED_EDGE('',*,*,#15341,.T.);
#17141 = ORIENTED_EDGE('',*,*,#15317,.F.);
#17142 = ORIENTED_EDGE('',*,*,#15293,.F.);
#17143 = PLANE('',#17144);
#17144 = AXIS2_PLACEMENT_3D('',#17145,#17146,#17147);
#17145 = CARTESIAN_POINT('',(8.25,-5.75,2.85));
#17146 = DIRECTION('',(1.224646799147E-16,1.,0.));
#17147 = DIRECTION('',(0.,-0.,1.));
#17148 = ADVANCED_FACE('',(#17149),#17155,.F.);
#17149 = FACE_BOUND('',#17150,.F.);
#17150 = EDGE_LOOP('',(#17151,#17152,#17153,#17154));
#17151 = ORIENTED_EDGE('',*,*,#15413,.T.);
#17152 = ORIENTED_EDGE('',*,*,#15389,.T.);
#17153 = ORIENTED_EDGE('',*,*,#15454,.F.);
#17154 = ORIENTED_EDGE('',*,*,#15437,.F.);
#17155 = PLANE('',#17156);
#17156 = AXIS2_PLACEMENT_3D('',#17157,#17158,#17159);
#17157 = CARTESIAN_POINT('',(6.25,-5.75,2.85));
#17158 = DIRECTION('',(1.224646799147E-16,1.,0.));
#17159 = DIRECTION('',(0.,-0.,1.));
#17160 = ADVANCED_FACE('',(#17161),#17167,.F.);
#17161 = FACE_BOUND('',#17162,.F.);
#17162 = EDGE_LOOP('',(#17163,#17164,#17165,#17166));
#17163 = ORIENTED_EDGE('',*,*,#15509,.T.);
#17164 = ORIENTED_EDGE('',*,*,#15485,.T.);
#17165 = ORIENTED_EDGE('',*,*,#15550,.F.);
#17166 = ORIENTED_EDGE('',*,*,#15533,.F.);
#17167 = PLANE('',#17168);
#17168 = AXIS2_PLACEMENT_3D('',#17169,#17170,#17171);
#17169 = CARTESIAN_POINT('',(2.25,-5.75,2.85));
#17170 = DIRECTION('',(1.224646799147E-16,1.,0.));
#17171 = DIRECTION('',(0.,-0.,1.));
#17172 = ADVANCED_FACE('',(#17173),#17179,.F.);
#17173 = FACE_BOUND('',#17174,.F.);
#17174 = EDGE_LOOP('',(#17175,#17176,#17177,#17178));
#17175 = ORIENTED_EDGE('',*,*,#15629,.T.);
#17176 = ORIENTED_EDGE('',*,*,#15605,.T.);
#17177 = ORIENTED_EDGE('',*,*,#15581,.F.);
#17178 = ORIENTED_EDGE('',*,*,#15646,.F.);
#17179 = PLANE('',#17180);
#17180 = AXIS2_PLACEMENT_3D('',#17181,#17182,#17183);
#17181 = CARTESIAN_POINT('',(4.25,-5.75,2.85));
#17182 = DIRECTION('',(1.224646799147E-16,1.,0.));
#17183 = DIRECTION('',(0.,-0.,1.));
#17184 = ADVANCED_FACE('',(#17185),#17191,.F.);
#17185 = FACE_BOUND('',#17186,.F.);
#17186 = EDGE_LOOP('',(#17187,#17188,#17189,#17190));
#17187 = ORIENTED_EDGE('',*,*,#15742,.T.);
#17188 = ORIENTED_EDGE('',*,*,#15725,.T.);
#17189 = ORIENTED_EDGE('',*,*,#15692,.F.);
#17190 = ORIENTED_EDGE('',*,*,#15677,.F.);
#17191 = PLANE('',#17192);
#17192 = AXIS2_PLACEMENT_3D('',#17193,#17194,#17195);
#17193 = CARTESIAN_POINT('',(12.25,-5.75,2.85));
#17194 = DIRECTION('',(1.224646799147E-16,1.,0.));
#17195 = DIRECTION('',(0.,-0.,1.));
#17196 = ADVANCED_FACE('',(#17197),#17203,.F.);
#17197 = FACE_BOUND('',#17198,.F.);
#17198 = EDGE_LOOP('',(#17199,#17200,#17201,#17202));
#17199 = ORIENTED_EDGE('',*,*,#15797,.T.);
#17200 = ORIENTED_EDGE('',*,*,#15773,.T.);
#17201 = ORIENTED_EDGE('',*,*,#15836,.F.);
#17202 = ORIENTED_EDGE('',*,*,#15821,.F.);
#17203 = PLANE('',#17204);
#17204 = AXIS2_PLACEMENT_3D('',#17205,#17206,#17207);
#17205 = CARTESIAN_POINT('',(0.25,-5.75,2.85));
#17206 = DIRECTION('',(1.224646799147E-16,1.,0.));
#17207 = DIRECTION('',(0.,-0.,1.));
#17208 = ADVANCED_FACE('',(#17209),#17220,.F.);
#17209 = FACE_BOUND('',#17210,.F.);
#17210 = EDGE_LOOP('',(#17211,#17212,#17218,#17219));
#17211 = ORIENTED_EDGE('',*,*,#15926,.T.);
#17212 = ORIENTED_EDGE('',*,*,#17213,.T.);
#17213 = EDGE_CURVE('',#15919,#16033,#17214,.T.);
#17214 = LINE('',#17215,#17216);
#17215 = CARTESIAN_POINT('',(12.25,-0.25,2.8));
#17216 = VECTOR('',#17217,1.);
#17217 = DIRECTION('',(-1.,1.224646799147E-16,0.));
#17218 = ORIENTED_EDGE('',*,*,#16040,.F.);
#17219 = ORIENTED_EDGE('',*,*,#16064,.F.);
#17220 = CYLINDRICAL_SURFACE('',#17221,5.E-02);
#17221 = AXIS2_PLACEMENT_3D('',#17222,#17223,#17224);
#17222 = CARTESIAN_POINT('',(12.25,-0.3,2.8));
#17223 = DIRECTION('',(-1.,1.224646799147E-16,0.));
#17224 = DIRECTION('',(0.,0.,1.));
#17225 = ADVANCED_FACE('',(#17226),#17237,.F.);
#17226 = FACE_BOUND('',#17227,.F.);
#17227 = EDGE_LOOP('',(#17228,#17229,#17235,#17236));
#17228 = ORIENTED_EDGE('',*,*,#15918,.F.);
#17229 = ORIENTED_EDGE('',*,*,#17230,.T.);
#17230 = EDGE_CURVE('',#15911,#16025,#17231,.T.);
#17231 = LINE('',#17232,#17233);
#17232 = CARTESIAN_POINT('',(12.25,-0.25,-0.9));
#17233 = VECTOR('',#17234,1.);
#17234 = DIRECTION('',(-1.,1.224646799147E-16,0.));
#17235 = ORIENTED_EDGE('',*,*,#16032,.T.);
#17236 = ORIENTED_EDGE('',*,*,#17213,.F.);
#17237 = PLANE('',#17238);
#17238 = AXIS2_PLACEMENT_3D('',#17239,#17240,#17241);
#17239 = CARTESIAN_POINT('',(12.25,-0.25,-0.9));
#17240 = DIRECTION('',(1.224646799147E-16,1.,0.));
#17241 = DIRECTION('',(0.,-0.,1.));
#17242 = ADVANCED_FACE('',(#17243),#17254,.F.);
#17243 = FACE_BOUND('',#17244,.F.);
#17244 = EDGE_LOOP('',(#17245,#17251,#17252,#17253));
#17245 = ORIENTED_EDGE('',*,*,#17246,.T.);
#17246 = EDGE_CURVE('',#15903,#16017,#17247,.T.);
#17247 = LINE('',#17248,#17249);
#17248 = CARTESIAN_POINT('',(12.25,-0.55,-1.5));
#17249 = VECTOR('',#17250,1.);
#17250 = DIRECTION('',(-1.,1.224646799147E-16,0.));
#17251 = ORIENTED_EDGE('',*,*,#16024,.T.);
#17252 = ORIENTED_EDGE('',*,*,#17230,.F.);
#17253 = ORIENTED_EDGE('',*,*,#15910,.F.);
#17254 = PLANE('',#17255);
#17255 = AXIS2_PLACEMENT_3D('',#17256,#17257,#17258);
#17256 = CARTESIAN_POINT('',(12.25,-0.55,-1.5));
#17257 = DIRECTION('',(1.095357396528E-16,0.894427191,-0.4472135955));
#17258 = DIRECTION('',(5.476786982641E-17,0.4472135955,0.894427191));
#17259 = ADVANCED_FACE('',(#17260),#17287,.F.);
#17260 = FACE_BOUND('',#17261,.F.);
#17261 = EDGE_LOOP('',(#17262,#17263,#17271,#17279,#17285,#17286));
#17262 = ORIENTED_EDGE('',*,*,#15902,.F.);
#17263 = ORIENTED_EDGE('',*,*,#17264,.F.);
#17264 = EDGE_CURVE('',#17265,#15895,#17267,.T.);
#17265 = VERTEX_POINT('',#17266);
#17266 = CARTESIAN_POINT('',(12.247552593066,-0.281192514695,
    -3.202447406934));
#17267 = LINE('',#17268,#17269);
#17268 = CARTESIAN_POINT('',(12.1292749658,-0.262517099863,-3.3207250342
    ));
#17269 = VECTOR('',#17270,1.);
#17270 = DIRECTION('',(0.702740385383,-0.110959008218,0.702740385383));
#17271 = ORIENTED_EDGE('',*,*,#17272,.T.);
#17272 = EDGE_CURVE('',#17265,#17273,#17275,.T.);
#17273 = VERTEX_POINT('',#17274);
#17274 = CARTESIAN_POINT('',(11.752447406934,-0.281192514695,
    -3.202447406934));
#17275 = LINE('',#17276,#17277);
#17276 = CARTESIAN_POINT('',(12.25,-0.281192514695,-3.202447406934));
#17277 = VECTOR('',#17278,1.);
#17278 = DIRECTION('',(-1.,1.224646799147E-16,0.));
#17279 = ORIENTED_EDGE('',*,*,#17280,.T.);
#17280 = EDGE_CURVE('',#17273,#16009,#17281,.T.);
#17281 = LINE('',#17282,#17283);
#17282 = CARTESIAN_POINT('',(11.994186046512,-0.243023255814,
    -3.444186046512));
#17283 = VECTOR('',#17284,1.);
#17284 = DIRECTION('',(-0.702740385383,-0.110959008218,0.702740385383));
#17285 = ORIENTED_EDGE('',*,*,#16016,.T.);
#17286 = ORIENTED_EDGE('',*,*,#17246,.F.);
#17287 = PLANE('',#17288);
#17288 = AXIS2_PLACEMENT_3D('',#17289,#17290,#17291);
#17289 = CARTESIAN_POINT('',(12.25,-0.25,-3.4));
#17290 = DIRECTION('',(1.209660753807E-16,0.987762965329,0.155962573473)
  );
#17291 = DIRECTION('',(-1.909990663905E-17,-0.155962573473,
    0.987762965329));
#17292 = ADVANCED_FACE('',(#17293),#17327,.T.);
#17293 = FACE_BOUND('',#17294,.F.);
#17294 = EDGE_LOOP('',(#17295,#17305,#17313,#17319,#17320,#17321));
#17295 = ORIENTED_EDGE('',*,*,#17296,.F.);
#17296 = EDGE_CURVE('',#17297,#17299,#17301,.T.);
#17297 = VERTEX_POINT('',#17298);
#17298 = CARTESIAN_POINT('',(12.05,5.E-02,-3.4));
#17299 = VERTEX_POINT('',#17300);
#17300 = CARTESIAN_POINT('',(12.247552593066,0.218807485305,
    -3.202447406934));
#17301 = LINE('',#17302,#17303);
#17302 = CARTESIAN_POINT('',(12.185852405654,0.166085051658,
    -3.264147594346));
#17303 = VECTOR('',#17304,1.);
#17304 = DIRECTION('',(0.605209817607,0.517148096144,0.605209817607));
#17305 = ORIENTED_EDGE('',*,*,#17306,.T.);
#17306 = EDGE_CURVE('',#17297,#17307,#17309,.T.);
#17307 = VERTEX_POINT('',#17308);
#17308 = CARTESIAN_POINT('',(12.05,-5.E-02,-3.4));
#17309 = LINE('',#17310,#17311);
#17310 = CARTESIAN_POINT('',(12.05,0.25,-3.4));
#17311 = VECTOR('',#17312,1.);
#17312 = DIRECTION('',(-1.224646799147E-16,-1.,0.));
#17313 = ORIENTED_EDGE('',*,*,#17314,.T.);
#17314 = EDGE_CURVE('',#17307,#17265,#17315,.T.);
#17315 = LINE('',#17316,#17317);
#17316 = CARTESIAN_POINT('',(12.09198936903,-9.913946036316E-02,
    -3.35801063097));
#17317 = VECTOR('',#17318,1.);
#17318 = DIRECTION('',(0.544770019249,-0.63753529491,0.544770019249));
#17319 = ORIENTED_EDGE('',*,*,#17264,.T.);
#17320 = ORIENTED_EDGE('',*,*,#15894,.F.);
#17321 = ORIENTED_EDGE('',*,*,#17322,.F.);
#17322 = EDGE_CURVE('',#17299,#15887,#17323,.T.);
#17323 = LINE('',#17324,#17325);
#17324 = CARTESIAN_POINT('',(12.629616963064,0.158481532148,
    -2.820383036936));
#17325 = VECTOR('',#17326,1.);
#17326 = DIRECTION('',(0.702740385383,-0.110959008218,0.702740385383));
#17327 = PLANE('',#17328);
#17328 = AXIS2_PLACEMENT_3D('',#17329,#17330,#17331);
#17329 = CARTESIAN_POINT('',(12.15,0.25,-3.3));
#17330 = DIRECTION('',(0.707106781187,-8.486018839685E-17,
    -0.707106781187));
#17331 = DIRECTION('',(1.212375546256E-16,1.,1.227125289196E-18));
#17332 = ADVANCED_FACE('',(#17333),#17358,.F.);
#17333 = FACE_BOUND('',#17334,.F.);
#17334 = EDGE_LOOP('',(#17335,#17336,#17342,#17343,#17351,#17357));
#17335 = ORIENTED_EDGE('',*,*,#15886,.F.);
#17336 = ORIENTED_EDGE('',*,*,#17337,.T.);
#17337 = EDGE_CURVE('',#15879,#15993,#17338,.T.);
#17338 = LINE('',#17339,#17340);
#17339 = CARTESIAN_POINT('',(12.25,-5.E-02,-1.5));
#17340 = VECTOR('',#17341,1.);
#17341 = DIRECTION('',(-1.,1.224646799147E-16,0.));
#17342 = ORIENTED_EDGE('',*,*,#16000,.T.);
#17343 = ORIENTED_EDGE('',*,*,#17344,.F.);
#17344 = EDGE_CURVE('',#17345,#16001,#17347,.T.);
#17345 = VERTEX_POINT('',#17346);
#17346 = CARTESIAN_POINT('',(11.752447406934,0.218807485305,
    -3.202447406934));
#17347 = LINE('',#17348,#17349);
#17348 = CARTESIAN_POINT('',(11.493844049248,0.177975376197,
    -2.943844049248));
#17349 = VECTOR('',#17350,1.);
#17350 = DIRECTION('',(-0.702740385383,-0.110959008218,0.702740385383));
#17351 = ORIENTED_EDGE('',*,*,#17352,.F.);
#17352 = EDGE_CURVE('',#17299,#17345,#17353,.T.);
#17353 = LINE('',#17354,#17355);
#17354 = CARTESIAN_POINT('',(12.25,0.218807485305,-3.202447406934));
#17355 = VECTOR('',#17356,1.);
#17356 = DIRECTION('',(-1.,1.224646799147E-16,0.));
#17357 = ORIENTED_EDGE('',*,*,#17322,.T.);
#17358 = PLANE('',#17359);
#17359 = AXIS2_PLACEMENT_3D('',#17360,#17361,#17362);
#17360 = CARTESIAN_POINT('',(12.25,-5.E-02,-1.5));
#17361 = DIRECTION('',(-1.209660753807E-16,-0.987762965329,
    -0.155962573473));
#17362 = DIRECTION('',(1.909990663905E-17,0.155962573473,-0.987762965329
    ));
#17363 = ADVANCED_FACE('',(#17364),#17375,.F.);
#17364 = FACE_BOUND('',#17365,.F.);
#17365 = EDGE_LOOP('',(#17366,#17372,#17373,#17374));
#17366 = ORIENTED_EDGE('',*,*,#17367,.T.);
#17367 = EDGE_CURVE('',#15871,#15985,#17368,.T.);
#17368 = LINE('',#17369,#17370);
#17369 = CARTESIAN_POINT('',(12.25,0.25,-0.9));
#17370 = VECTOR('',#17371,1.);
#17371 = DIRECTION('',(-1.,1.224646799147E-16,0.));
#17372 = ORIENTED_EDGE('',*,*,#15992,.T.);
#17373 = ORIENTED_EDGE('',*,*,#17337,.F.);
#17374 = ORIENTED_EDGE('',*,*,#15878,.F.);
#17375 = PLANE('',#17376);
#17376 = AXIS2_PLACEMENT_3D('',#17377,#17378,#17379);
#17377 = CARTESIAN_POINT('',(12.25,0.25,-0.9));
#17378 = DIRECTION('',(-1.095357396528E-16,-0.894427191,0.4472135955));
#17379 = DIRECTION('',(-5.476786982641E-17,-0.4472135955,-0.894427191));
#17380 = ADVANCED_FACE('',(#17381),#17392,.F.);
#17381 = FACE_BOUND('',#17382,.F.);
#17382 = EDGE_LOOP('',(#17383,#17384,#17390,#17391));
#17383 = ORIENTED_EDGE('',*,*,#15870,.F.);
#17384 = ORIENTED_EDGE('',*,*,#17385,.T.);
#17385 = EDGE_CURVE('',#15862,#15976,#17386,.T.);
#17386 = LINE('',#17387,#17388);
#17387 = CARTESIAN_POINT('',(12.25,0.25,2.8));
#17388 = VECTOR('',#17389,1.);
#17389 = DIRECTION('',(-1.,1.224646799147E-16,0.));
#17390 = ORIENTED_EDGE('',*,*,#15984,.T.);
#17391 = ORIENTED_EDGE('',*,*,#17367,.F.);
#17392 = PLANE('',#17393);
#17393 = AXIS2_PLACEMENT_3D('',#17394,#17395,#17396);
#17394 = CARTESIAN_POINT('',(12.25,0.25,3.35));
#17395 = DIRECTION('',(-1.224646799147E-16,-1.,0.));
#17396 = DIRECTION('',(-0.,0.,-1.));
#17397 = ADVANCED_FACE('',(#17398),#17404,.T.);
#17398 = FACE_BOUND('',#17399,.T.);
#17399 = EDGE_LOOP('',(#17400,#17401,#17402,#17403));
#17400 = ORIENTED_EDGE('',*,*,#15861,.T.);
#17401 = ORIENTED_EDGE('',*,*,#17385,.T.);
#17402 = ORIENTED_EDGE('',*,*,#15975,.F.);
#17403 = ORIENTED_EDGE('',*,*,#15959,.F.);
#17404 = CYLINDRICAL_SURFACE('',#17405,0.55);
#17405 = AXIS2_PLACEMENT_3D('',#17406,#17407,#17408);
#17406 = CARTESIAN_POINT('',(12.25,-0.3,2.8));
#17407 = DIRECTION('',(-1.,1.224646799147E-16,0.));
#17408 = DIRECTION('',(0.,0.,1.));
#17409 = ADVANCED_FACE('',(#17410),#17437,.F.);
#17410 = FACE_BOUND('',#17411,.T.);
#17411 = EDGE_LOOP('',(#17412,#17420,#17428,#17434,#17435,#17436));
#17412 = ORIENTED_EDGE('',*,*,#17413,.F.);
#17413 = EDGE_CURVE('',#17414,#17345,#17416,.T.);
#17414 = VERTEX_POINT('',#17415);
#17415 = CARTESIAN_POINT('',(11.95,5.E-02,-3.4));
#17416 = LINE('',#17417,#17418);
#17417 = CARTESIAN_POINT('',(11.905717325178,8.783927542193E-02,
    -3.355717325178));
#17418 = VECTOR('',#17419,1.);
#17419 = DIRECTION('',(-0.605209817607,0.517148096144,0.605209817607));
#17420 = ORIENTED_EDGE('',*,*,#17421,.T.);
#17421 = EDGE_CURVE('',#17414,#17422,#17424,.T.);
#17422 = VERTEX_POINT('',#17423);
#17423 = CARTESIAN_POINT('',(11.95,-5.E-02,-3.4));
#17424 = LINE('',#17425,#17426);
#17425 = CARTESIAN_POINT('',(11.95,0.25,-3.4));
#17426 = VECTOR('',#17427,1.);
#17427 = DIRECTION('',(-1.224646799147E-16,-1.,0.));
#17428 = ORIENTED_EDGE('',*,*,#17429,.T.);
#17429 = EDGE_CURVE('',#17422,#17273,#17430,.T.);
#17430 = LINE('',#17431,#17432);
#17431 = CARTESIAN_POINT('',(11.982204224438,-1.231193164325E-02,
    -3.432204224438));
#17432 = VECTOR('',#17433,1.);
#17433 = DIRECTION('',(-0.544770019249,-0.63753529491,0.544770019249));
#17434 = ORIENTED_EDGE('',*,*,#17280,.T.);
#17435 = ORIENTED_EDGE('',*,*,#16008,.F.);
#17436 = ORIENTED_EDGE('',*,*,#17344,.F.);
#17437 = PLANE('',#17438);
#17438 = AXIS2_PLACEMENT_3D('',#17439,#17440,#17441);
#17439 = CARTESIAN_POINT('',(11.85,0.25,-3.3));
#17440 = DIRECTION('',(0.707106781187,-8.833102285013E-17,0.707106781187
    ));
#17441 = DIRECTION('',(1.236918052038E-16,1.,1.227125289097E-18));
#17442 = ADVANCED_FACE('',(#17443),#17454,.F.);
#17443 = FACE_BOUND('',#17444,.F.);
#17444 = EDGE_LOOP('',(#17445,#17446,#17452,#17453));
#17445 = ORIENTED_EDGE('',*,*,#16211,.T.);
#17446 = ORIENTED_EDGE('',*,*,#17447,.T.);
#17447 = EDGE_CURVE('',#16204,#16115,#17448,.T.);
#17448 = LINE('',#17449,#17450);
#17449 = CARTESIAN_POINT('',(10.25,-0.25,2.8));
#17450 = VECTOR('',#17451,1.);
#17451 = DIRECTION('',(-1.,1.224646799147E-16,0.));
#17452 = ORIENTED_EDGE('',*,*,#16122,.F.);
#17453 = ORIENTED_EDGE('',*,*,#16153,.F.);
#17454 = CYLINDRICAL_SURFACE('',#17455,5.E-02);
#17455 = AXIS2_PLACEMENT_3D('',#17456,#17457,#17458);
#17456 = CARTESIAN_POINT('',(10.25,-0.3,2.8));
#17457 = DIRECTION('',(-1.,1.224646799147E-16,0.));
#17458 = DIRECTION('',(0.,0.,1.));
#17459 = ADVANCED_FACE('',(#17460),#17471,.F.);
#17460 = FACE_BOUND('',#17461,.F.);
#17461 = EDGE_LOOP('',(#17462,#17463,#17469,#17470));
#17462 = ORIENTED_EDGE('',*,*,#16203,.F.);
#17463 = ORIENTED_EDGE('',*,*,#17464,.T.);
#17464 = EDGE_CURVE('',#16196,#16107,#17465,.T.);
#17465 = LINE('',#17466,#17467);
#17466 = CARTESIAN_POINT('',(10.25,-0.25,-3.2));
#17467 = VECTOR('',#17468,1.);
#17468 = DIRECTION('',(-1.,1.224646799147E-16,0.));
#17469 = ORIENTED_EDGE('',*,*,#16114,.T.);
#17470 = ORIENTED_EDGE('',*,*,#17447,.F.);
#17471 = PLANE('',#17472);
#17472 = AXIS2_PLACEMENT_3D('',#17473,#17474,#17475);
#17473 = CARTESIAN_POINT('',(10.25,-0.25,-3.4));
#17474 = DIRECTION('',(1.224646799147E-16,1.,0.));
#17475 = DIRECTION('',(0.,-0.,1.));
#17476 = ADVANCED_FACE('',(#17477),#17502,.F.);
#17477 = FACE_BOUND('',#17478,.T.);
#17478 = EDGE_LOOP('',(#17479,#17487,#17495,#17501));
#17479 = ORIENTED_EDGE('',*,*,#17480,.F.);
#17480 = EDGE_CURVE('',#17481,#16099,#17483,.T.);
#17481 = VERTEX_POINT('',#17482);
#17482 = CARTESIAN_POINT('',(9.95,5.E-02,-3.4));
#17483 = LINE('',#17484,#17485);
#17484 = CARTESIAN_POINT('',(9.9,0.1,-3.35));
#17485 = VECTOR('',#17486,1.);
#17486 = DIRECTION('',(-0.57735026919,0.57735026919,0.57735026919));
#17487 = ORIENTED_EDGE('',*,*,#17488,.T.);
#17488 = EDGE_CURVE('',#17481,#17489,#17491,.T.);
#17489 = VERTEX_POINT('',#17490);
#17490 = CARTESIAN_POINT('',(9.95,-5.E-02,-3.4));
#17491 = LINE('',#17492,#17493);
#17492 = CARTESIAN_POINT('',(9.95,0.25,-3.4));
#17493 = VECTOR('',#17494,1.);
#17494 = DIRECTION('',(-1.224646799147E-16,-1.,0.));
#17495 = ORIENTED_EDGE('',*,*,#17496,.T.);
#17496 = EDGE_CURVE('',#17489,#16107,#17497,.T.);
#17497 = LINE('',#17498,#17499);
#17498 = CARTESIAN_POINT('',(9.983333333333,-1.666666666667E-02,
    -3.433333333333));
#17499 = VECTOR('',#17500,1.);
#17500 = DIRECTION('',(-0.57735026919,-0.57735026919,0.57735026919));
#17501 = ORIENTED_EDGE('',*,*,#16106,.F.);
#17502 = PLANE('',#17503);
#17503 = AXIS2_PLACEMENT_3D('',#17504,#17505,#17506);
#17504 = CARTESIAN_POINT('',(9.85,0.25,-3.3));
#17505 = DIRECTION('',(0.707106781187,-8.833102285013E-17,0.707106781187
    ));
#17506 = DIRECTION('',(1.236918052038E-16,1.,1.227125289097E-18));
#17507 = ADVANCED_FACE('',(#17508),#17524,.F.);
#17508 = FACE_BOUND('',#17509,.F.);
#17509 = EDGE_LOOP('',(#17510,#17511,#17517,#17518));
#17510 = ORIENTED_EDGE('',*,*,#16187,.F.);
#17511 = ORIENTED_EDGE('',*,*,#17512,.T.);
#17512 = EDGE_CURVE('',#16179,#16090,#17513,.T.);
#17513 = LINE('',#17514,#17515);
#17514 = CARTESIAN_POINT('',(10.25,0.25,2.8));
#17515 = VECTOR('',#17516,1.);
#17516 = DIRECTION('',(-1.,1.224646799147E-16,0.));
#17517 = ORIENTED_EDGE('',*,*,#16098,.T.);
#17518 = ORIENTED_EDGE('',*,*,#17519,.F.);
#17519 = EDGE_CURVE('',#16188,#16099,#17520,.T.);
#17520 = LINE('',#17521,#17522);
#17521 = CARTESIAN_POINT('',(10.25,0.25,-3.2));
#17522 = VECTOR('',#17523,1.);
#17523 = DIRECTION('',(-1.,1.224646799147E-16,0.));
#17524 = PLANE('',#17525);
#17525 = AXIS2_PLACEMENT_3D('',#17526,#17527,#17528);
#17526 = CARTESIAN_POINT('',(10.25,0.25,3.35));
#17527 = DIRECTION('',(-1.224646799147E-16,-1.,0.));
#17528 = DIRECTION('',(-0.,0.,-1.));
#17529 = ADVANCED_FACE('',(#17530),#17536,.T.);
#17530 = FACE_BOUND('',#17531,.T.);
#17531 = EDGE_LOOP('',(#17532,#17533,#17534,#17535));
#17532 = ORIENTED_EDGE('',*,*,#16178,.T.);
#17533 = ORIENTED_EDGE('',*,*,#17512,.T.);
#17534 = ORIENTED_EDGE('',*,*,#16089,.F.);
#17535 = ORIENTED_EDGE('',*,*,#16230,.F.);
#17536 = CYLINDRICAL_SURFACE('',#17537,0.55);
#17537 = AXIS2_PLACEMENT_3D('',#17538,#17539,#17540);
#17538 = CARTESIAN_POINT('',(10.25,-0.3,2.8));
#17539 = DIRECTION('',(-1.,1.224646799147E-16,0.));
#17540 = DIRECTION('',(0.,0.,1.));
#17541 = ADVANCED_FACE('',(#17542),#17567,.T.);
#17542 = FACE_BOUND('',#17543,.F.);
#17543 = EDGE_LOOP('',(#17544,#17552,#17560,#17566));
#17544 = ORIENTED_EDGE('',*,*,#17545,.F.);
#17545 = EDGE_CURVE('',#17546,#16188,#17548,.T.);
#17546 = VERTEX_POINT('',#17547);
#17547 = CARTESIAN_POINT('',(10.05,5.E-02,-3.4));
#17548 = LINE('',#17549,#17550);
#17549 = CARTESIAN_POINT('',(10.183333333333,0.183333333333,
    -3.266666666667));
#17550 = VECTOR('',#17551,1.);
#17551 = DIRECTION('',(0.57735026919,0.57735026919,0.57735026919));
#17552 = ORIENTED_EDGE('',*,*,#17553,.T.);
#17553 = EDGE_CURVE('',#17546,#17554,#17556,.T.);
#17554 = VERTEX_POINT('',#17555);
#17555 = CARTESIAN_POINT('',(10.05,-5.E-02,-3.4));
#17556 = LINE('',#17557,#17558);
#17557 = CARTESIAN_POINT('',(10.05,0.25,-3.4));
#17558 = VECTOR('',#17559,1.);
#17559 = DIRECTION('',(-1.224646799147E-16,-1.,0.));
#17560 = ORIENTED_EDGE('',*,*,#17561,.T.);
#17561 = EDGE_CURVE('',#17554,#16196,#17562,.T.);
#17562 = LINE('',#17563,#17564);
#17563 = CARTESIAN_POINT('',(10.1,-0.1,-3.35));
#17564 = VECTOR('',#17565,1.);
#17565 = DIRECTION('',(0.57735026919,-0.57735026919,0.57735026919));
#17566 = ORIENTED_EDGE('',*,*,#16195,.F.);
#17567 = PLANE('',#17568);
#17568 = AXIS2_PLACEMENT_3D('',#17569,#17570,#17571);
#17569 = CARTESIAN_POINT('',(10.15,0.25,-3.3));
#17570 = DIRECTION('',(0.707106781187,-8.486018839685E-17,
    -0.707106781187));
#17571 = DIRECTION('',(1.212375546256E-16,1.,1.227125289196E-18));
#17572 = ADVANCED_FACE('',(#17573),#17584,.F.);
#17573 = FACE_BOUND('',#17574,.F.);
#17574 = EDGE_LOOP('',(#17575,#17576,#17582,#17583));
#17575 = ORIENTED_EDGE('',*,*,#16286,.T.);
#17576 = ORIENTED_EDGE('',*,*,#17577,.T.);
#17577 = EDGE_CURVE('',#16279,#16361,#17578,.T.);
#17578 = LINE('',#17579,#17580);
#17579 = CARTESIAN_POINT('',(8.25,-0.25,2.8));
#17580 = VECTOR('',#17581,1.);
#17581 = DIRECTION('',(-1.,1.224646799147E-16,0.));
#17582 = ORIENTED_EDGE('',*,*,#16368,.F.);
#17583 = ORIENTED_EDGE('',*,*,#16392,.F.);
#17584 = CYLINDRICAL_SURFACE('',#17585,5.E-02);
#17585 = AXIS2_PLACEMENT_3D('',#17586,#17587,#17588);
#17586 = CARTESIAN_POINT('',(8.25,-0.3,2.8));
#17587 = DIRECTION('',(-1.,1.224646799147E-16,0.));
#17588 = DIRECTION('',(0.,0.,1.));
#17589 = ADVANCED_FACE('',(#17590),#17601,.F.);
#17590 = FACE_BOUND('',#17591,.F.);
#17591 = EDGE_LOOP('',(#17592,#17593,#17599,#17600));
#17592 = ORIENTED_EDGE('',*,*,#16278,.F.);
#17593 = ORIENTED_EDGE('',*,*,#17594,.T.);
#17594 = EDGE_CURVE('',#16271,#16353,#17595,.T.);
#17595 = LINE('',#17596,#17597);
#17596 = CARTESIAN_POINT('',(8.25,-0.25,-3.2));
#17597 = VECTOR('',#17598,1.);
#17598 = DIRECTION('',(-1.,1.224646799147E-16,0.));
#17599 = ORIENTED_EDGE('',*,*,#16360,.T.);
#17600 = ORIENTED_EDGE('',*,*,#17577,.F.);
#17601 = PLANE('',#17602);
#17602 = AXIS2_PLACEMENT_3D('',#17603,#17604,#17605);
#17603 = CARTESIAN_POINT('',(8.25,-0.25,-3.4));
#17604 = DIRECTION('',(1.224646799147E-16,1.,0.));
#17605 = DIRECTION('',(0.,-0.,1.));
#17606 = ADVANCED_FACE('',(#17607),#17632,.T.);
#17607 = FACE_BOUND('',#17608,.F.);
#17608 = EDGE_LOOP('',(#17609,#17617,#17625,#17631));
#17609 = ORIENTED_EDGE('',*,*,#17610,.F.);
#17610 = EDGE_CURVE('',#17611,#16263,#17613,.T.);
#17611 = VERTEX_POINT('',#17612);
#17612 = CARTESIAN_POINT('',(8.05,5.E-02,-3.4));
#17613 = LINE('',#17614,#17615);
#17614 = CARTESIAN_POINT('',(8.183333333333,0.183333333333,
    -3.266666666667));
#17615 = VECTOR('',#17616,1.);
#17616 = DIRECTION('',(0.57735026919,0.57735026919,0.57735026919));
#17617 = ORIENTED_EDGE('',*,*,#17618,.T.);
#17618 = EDGE_CURVE('',#17611,#17619,#17621,.T.);
#17619 = VERTEX_POINT('',#17620);
#17620 = CARTESIAN_POINT('',(8.05,-5.E-02,-3.4));
#17621 = LINE('',#17622,#17623);
#17622 = CARTESIAN_POINT('',(8.05,0.25,-3.4));
#17623 = VECTOR('',#17624,1.);
#17624 = DIRECTION('',(-1.224646799147E-16,-1.,0.));
#17625 = ORIENTED_EDGE('',*,*,#17626,.T.);
#17626 = EDGE_CURVE('',#17619,#16271,#17627,.T.);
#17627 = LINE('',#17628,#17629);
#17628 = CARTESIAN_POINT('',(8.1,-0.1,-3.35));
#17629 = VECTOR('',#17630,1.);
#17630 = DIRECTION('',(0.57735026919,-0.57735026919,0.57735026919));
#17631 = ORIENTED_EDGE('',*,*,#16270,.F.);
#17632 = PLANE('',#17633);
#17633 = AXIS2_PLACEMENT_3D('',#17634,#17635,#17636);
#17634 = CARTESIAN_POINT('',(8.15,0.25,-3.3));
#17635 = DIRECTION('',(0.707106781187,-8.486018839685E-17,
    -0.707106781187));
#17636 = DIRECTION('',(1.212375546256E-16,1.,1.227125289196E-18));
#17637 = ADVANCED_FACE('',(#17638),#17654,.F.);
#17638 = FACE_BOUND('',#17639,.F.);
#17639 = EDGE_LOOP('',(#17640,#17641,#17647,#17648));
#17640 = ORIENTED_EDGE('',*,*,#16262,.F.);
#17641 = ORIENTED_EDGE('',*,*,#17642,.T.);
#17642 = EDGE_CURVE('',#16254,#16336,#17643,.T.);
#17643 = LINE('',#17644,#17645);
#17644 = CARTESIAN_POINT('',(8.25,0.25,2.8));
#17645 = VECTOR('',#17646,1.);
#17646 = DIRECTION('',(-1.,1.224646799147E-16,0.));
#17647 = ORIENTED_EDGE('',*,*,#16344,.T.);
#17648 = ORIENTED_EDGE('',*,*,#17649,.F.);
#17649 = EDGE_CURVE('',#16263,#16345,#17650,.T.);
#17650 = LINE('',#17651,#17652);
#17651 = CARTESIAN_POINT('',(8.25,0.25,-3.2));
#17652 = VECTOR('',#17653,1.);
#17653 = DIRECTION('',(-1.,1.224646799147E-16,0.));
#17654 = PLANE('',#17655);
#17655 = AXIS2_PLACEMENT_3D('',#17656,#17657,#17658);
#17656 = CARTESIAN_POINT('',(8.25,0.25,3.35));
#17657 = DIRECTION('',(-1.224646799147E-16,-1.,0.));
#17658 = DIRECTION('',(-0.,0.,-1.));
#17659 = ADVANCED_FACE('',(#17660),#17666,.T.);
#17660 = FACE_BOUND('',#17661,.T.);
#17661 = EDGE_LOOP('',(#17662,#17663,#17664,#17665));
#17662 = ORIENTED_EDGE('',*,*,#16253,.T.);
#17663 = ORIENTED_EDGE('',*,*,#17642,.T.);
#17664 = ORIENTED_EDGE('',*,*,#16335,.F.);
#17665 = ORIENTED_EDGE('',*,*,#16319,.F.);
#17666 = CYLINDRICAL_SURFACE('',#17667,0.55);
#17667 = AXIS2_PLACEMENT_3D('',#17668,#17669,#17670);
#17668 = CARTESIAN_POINT('',(8.25,-0.3,2.8));
#17669 = DIRECTION('',(-1.,1.224646799147E-16,0.));
#17670 = DIRECTION('',(0.,0.,1.));
#17671 = ADVANCED_FACE('',(#17672),#17697,.F.);
#17672 = FACE_BOUND('',#17673,.T.);
#17673 = EDGE_LOOP('',(#17674,#17682,#17690,#17696));
#17674 = ORIENTED_EDGE('',*,*,#17675,.F.);
#17675 = EDGE_CURVE('',#17676,#16345,#17678,.T.);
#17676 = VERTEX_POINT('',#17677);
#17677 = CARTESIAN_POINT('',(7.95,5.E-02,-3.4));
#17678 = LINE('',#17679,#17680);
#17679 = CARTESIAN_POINT('',(7.9,0.1,-3.35));
#17680 = VECTOR('',#17681,1.);
#17681 = DIRECTION('',(-0.57735026919,0.57735026919,0.57735026919));
#17682 = ORIENTED_EDGE('',*,*,#17683,.T.);
#17683 = EDGE_CURVE('',#17676,#17684,#17686,.T.);
#17684 = VERTEX_POINT('',#17685);
#17685 = CARTESIAN_POINT('',(7.95,-5.E-02,-3.4));
#17686 = LINE('',#17687,#17688);
#17687 = CARTESIAN_POINT('',(7.95,0.25,-3.4));
#17688 = VECTOR('',#17689,1.);
#17689 = DIRECTION('',(-1.224646799147E-16,-1.,0.));
#17690 = ORIENTED_EDGE('',*,*,#17691,.T.);
#17691 = EDGE_CURVE('',#17684,#16353,#17692,.T.);
#17692 = LINE('',#17693,#17694);
#17693 = CARTESIAN_POINT('',(7.983333333333,-1.666666666667E-02,
    -3.433333333333));
#17694 = VECTOR('',#17695,1.);
#17695 = DIRECTION('',(-0.57735026919,-0.57735026919,0.57735026919));
#17696 = ORIENTED_EDGE('',*,*,#16352,.F.);
#17697 = PLANE('',#17698);
#17698 = AXIS2_PLACEMENT_3D('',#17699,#17700,#17701);
#17699 = CARTESIAN_POINT('',(7.85,0.25,-3.3));
#17700 = DIRECTION('',(0.707106781187,-8.833102285013E-17,0.707106781187
    ));
#17701 = DIRECTION('',(1.236918052038E-16,1.,1.227125289097E-18));
#17702 = ADVANCED_FACE('',(#17703),#17714,.F.);
#17703 = FACE_BOUND('',#17704,.F.);
#17704 = EDGE_LOOP('',(#17705,#17706,#17712,#17713));
#17705 = ORIENTED_EDGE('',*,*,#16539,.T.);
#17706 = ORIENTED_EDGE('',*,*,#17707,.T.);
#17707 = EDGE_CURVE('',#16532,#16443,#17708,.T.);
#17708 = LINE('',#17709,#17710);
#17709 = CARTESIAN_POINT('',(6.25,-0.25,2.8));
#17710 = VECTOR('',#17711,1.);
#17711 = DIRECTION('',(-1.,1.224646799147E-16,0.));
#17712 = ORIENTED_EDGE('',*,*,#16450,.F.);
#17713 = ORIENTED_EDGE('',*,*,#16481,.F.);
#17714 = CYLINDRICAL_SURFACE('',#17715,5.E-02);
#17715 = AXIS2_PLACEMENT_3D('',#17716,#17717,#17718);
#17716 = CARTESIAN_POINT('',(6.25,-0.3,2.8));
#17717 = DIRECTION('',(-1.,1.224646799147E-16,0.));
#17718 = DIRECTION('',(0.,0.,1.));
#17719 = ADVANCED_FACE('',(#17720),#17731,.F.);
#17720 = FACE_BOUND('',#17721,.F.);
#17721 = EDGE_LOOP('',(#17722,#17723,#17729,#17730));
#17722 = ORIENTED_EDGE('',*,*,#16531,.F.);
#17723 = ORIENTED_EDGE('',*,*,#17724,.T.);
#17724 = EDGE_CURVE('',#16524,#16435,#17725,.T.);
#17725 = LINE('',#17726,#17727);
#17726 = CARTESIAN_POINT('',(6.25,-0.25,-3.2));
#17727 = VECTOR('',#17728,1.);
#17728 = DIRECTION('',(-1.,1.224646799147E-16,0.));
#17729 = ORIENTED_EDGE('',*,*,#16442,.T.);
#17730 = ORIENTED_EDGE('',*,*,#17707,.F.);
#17731 = PLANE('',#17732);
#17732 = AXIS2_PLACEMENT_3D('',#17733,#17734,#17735);
#17733 = CARTESIAN_POINT('',(6.25,-0.25,-3.4));
#17734 = DIRECTION('',(1.224646799147E-16,1.,0.));
#17735 = DIRECTION('',(0.,-0.,1.));
#17736 = ADVANCED_FACE('',(#17737),#17762,.F.);
#17737 = FACE_BOUND('',#17738,.T.);
#17738 = EDGE_LOOP('',(#17739,#17747,#17755,#17761));
#17739 = ORIENTED_EDGE('',*,*,#17740,.F.);
#17740 = EDGE_CURVE('',#17741,#16427,#17743,.T.);
#17741 = VERTEX_POINT('',#17742);
#17742 = CARTESIAN_POINT('',(5.95,5.E-02,-3.4));
#17743 = LINE('',#17744,#17745);
#17744 = CARTESIAN_POINT('',(5.9,0.1,-3.35));
#17745 = VECTOR('',#17746,1.);
#17746 = DIRECTION('',(-0.57735026919,0.57735026919,0.57735026919));
#17747 = ORIENTED_EDGE('',*,*,#17748,.T.);
#17748 = EDGE_CURVE('',#17741,#17749,#17751,.T.);
#17749 = VERTEX_POINT('',#17750);
#17750 = CARTESIAN_POINT('',(5.95,-5.E-02,-3.4));
#17751 = LINE('',#17752,#17753);
#17752 = CARTESIAN_POINT('',(5.95,0.25,-3.4));
#17753 = VECTOR('',#17754,1.);
#17754 = DIRECTION('',(-1.224646799147E-16,-1.,0.));
#17755 = ORIENTED_EDGE('',*,*,#17756,.T.);
#17756 = EDGE_CURVE('',#17749,#16435,#17757,.T.);
#17757 = LINE('',#17758,#17759);
#17758 = CARTESIAN_POINT('',(5.983333333333,-1.666666666667E-02,
    -3.433333333333));
#17759 = VECTOR('',#17760,1.);
#17760 = DIRECTION('',(-0.57735026919,-0.57735026919,0.57735026919));
#17761 = ORIENTED_EDGE('',*,*,#16434,.F.);
#17762 = PLANE('',#17763);
#17763 = AXIS2_PLACEMENT_3D('',#17764,#17765,#17766);
#17764 = CARTESIAN_POINT('',(5.85,0.25,-3.3));
#17765 = DIRECTION('',(0.707106781187,-8.833102285013E-17,0.707106781187
    ));
#17766 = DIRECTION('',(1.236918052038E-16,1.,1.227125289097E-18));
#17767 = ADVANCED_FACE('',(#17768),#17784,.F.);
#17768 = FACE_BOUND('',#17769,.F.);
#17769 = EDGE_LOOP('',(#17770,#17771,#17777,#17778));
#17770 = ORIENTED_EDGE('',*,*,#16515,.F.);
#17771 = ORIENTED_EDGE('',*,*,#17772,.T.);
#17772 = EDGE_CURVE('',#16507,#16418,#17773,.T.);
#17773 = LINE('',#17774,#17775);
#17774 = CARTESIAN_POINT('',(6.25,0.25,2.8));
#17775 = VECTOR('',#17776,1.);
#17776 = DIRECTION('',(-1.,1.224646799147E-16,0.));
#17777 = ORIENTED_EDGE('',*,*,#16426,.T.);
#17778 = ORIENTED_EDGE('',*,*,#17779,.F.);
#17779 = EDGE_CURVE('',#16516,#16427,#17780,.T.);
#17780 = LINE('',#17781,#17782);
#17781 = CARTESIAN_POINT('',(6.25,0.25,-3.2));
#17782 = VECTOR('',#17783,1.);
#17783 = DIRECTION('',(-1.,1.224646799147E-16,0.));
#17784 = PLANE('',#17785);
#17785 = AXIS2_PLACEMENT_3D('',#17786,#17787,#17788);
#17786 = CARTESIAN_POINT('',(6.25,0.25,3.35));
#17787 = DIRECTION('',(-1.224646799147E-16,-1.,0.));
#17788 = DIRECTION('',(-0.,0.,-1.));
#17789 = ADVANCED_FACE('',(#17790),#17796,.T.);
#17790 = FACE_BOUND('',#17791,.T.);
#17791 = EDGE_LOOP('',(#17792,#17793,#17794,#17795));
#17792 = ORIENTED_EDGE('',*,*,#16506,.T.);
#17793 = ORIENTED_EDGE('',*,*,#17772,.T.);
#17794 = ORIENTED_EDGE('',*,*,#16417,.F.);
#17795 = ORIENTED_EDGE('',*,*,#16558,.F.);
#17796 = CYLINDRICAL_SURFACE('',#17797,0.55);
#17797 = AXIS2_PLACEMENT_3D('',#17798,#17799,#17800);
#17798 = CARTESIAN_POINT('',(6.25,-0.3,2.8));
#17799 = DIRECTION('',(-1.,1.224646799147E-16,0.));
#17800 = DIRECTION('',(0.,0.,1.));
#17801 = ADVANCED_FACE('',(#17802),#17827,.T.);
#17802 = FACE_BOUND('',#17803,.F.);
#17803 = EDGE_LOOP('',(#17804,#17812,#17820,#17826));
#17804 = ORIENTED_EDGE('',*,*,#17805,.F.);
#17805 = EDGE_CURVE('',#17806,#16516,#17808,.T.);
#17806 = VERTEX_POINT('',#17807);
#17807 = CARTESIAN_POINT('',(6.05,5.E-02,-3.4));
#17808 = LINE('',#17809,#17810);
#17809 = CARTESIAN_POINT('',(6.183333333333,0.183333333333,
    -3.266666666667));
#17810 = VECTOR('',#17811,1.);
#17811 = DIRECTION('',(0.57735026919,0.57735026919,0.57735026919));
#17812 = ORIENTED_EDGE('',*,*,#17813,.T.);
#17813 = EDGE_CURVE('',#17806,#17814,#17816,.T.);
#17814 = VERTEX_POINT('',#17815);
#17815 = CARTESIAN_POINT('',(6.05,-5.E-02,-3.4));
#17816 = LINE('',#17817,#17818);
#17817 = CARTESIAN_POINT('',(6.05,0.25,-3.4));
#17818 = VECTOR('',#17819,1.);
#17819 = DIRECTION('',(-1.224646799147E-16,-1.,0.));
#17820 = ORIENTED_EDGE('',*,*,#17821,.T.);
#17821 = EDGE_CURVE('',#17814,#16524,#17822,.T.);
#17822 = LINE('',#17823,#17824);
#17823 = CARTESIAN_POINT('',(6.1,-0.1,-3.35));
#17824 = VECTOR('',#17825,1.);
#17825 = DIRECTION('',(0.57735026919,-0.57735026919,0.57735026919));
#17826 = ORIENTED_EDGE('',*,*,#16523,.F.);
#17827 = PLANE('',#17828);
#17828 = AXIS2_PLACEMENT_3D('',#17829,#17830,#17831);
#17829 = CARTESIAN_POINT('',(6.15,0.25,-3.3));
#17830 = DIRECTION('',(0.707106781187,-8.486018839685E-17,
    -0.707106781187));
#17831 = DIRECTION('',(1.212375546256E-16,1.,1.227125289196E-18));
#17832 = ADVANCED_FACE('',(#17833),#17844,.T.);
#17833 = FACE_BOUND('',#17834,.T.);
#17834 = EDGE_LOOP('',(#17835,#17836,#17842,#17843));
#17835 = ORIENTED_EDGE('',*,*,#16687,.T.);
#17836 = ORIENTED_EDGE('',*,*,#17837,.T.);
#17837 = EDGE_CURVE('',#16688,#16606,#17838,.T.);
#17838 = LINE('',#17839,#17840);
#17839 = CARTESIAN_POINT('',(4.25,0.25,2.8));
#17840 = VECTOR('',#17841,1.);
#17841 = DIRECTION('',(-1.,1.224646799147E-16,0.));
#17842 = ORIENTED_EDGE('',*,*,#16605,.F.);
#17843 = ORIENTED_EDGE('',*,*,#16589,.F.);
#17844 = CYLINDRICAL_SURFACE('',#17845,0.55);
#17845 = AXIS2_PLACEMENT_3D('',#17846,#17847,#17848);
#17846 = CARTESIAN_POINT('',(4.25,-0.3,2.8));
#17847 = DIRECTION('',(-1.,1.224646799147E-16,0.));
#17848 = DIRECTION('',(0.,0.,1.));
#17849 = ADVANCED_FACE('',(#17850),#17861,.F.);
#17850 = FACE_BOUND('',#17851,.F.);
#17851 = EDGE_LOOP('',(#17852,#17853,#17859,#17860));
#17852 = ORIENTED_EDGE('',*,*,#16720,.T.);
#17853 = ORIENTED_EDGE('',*,*,#17854,.T.);
#17854 = EDGE_CURVE('',#16713,#16631,#17855,.T.);
#17855 = LINE('',#17856,#17857);
#17856 = CARTESIAN_POINT('',(4.25,-0.25,2.8));
#17857 = VECTOR('',#17858,1.);
#17858 = DIRECTION('',(-1.,1.224646799147E-16,0.));
#17859 = ORIENTED_EDGE('',*,*,#16638,.F.);
#17860 = ORIENTED_EDGE('',*,*,#16669,.F.);
#17861 = CYLINDRICAL_SURFACE('',#17862,5.E-02);
#17862 = AXIS2_PLACEMENT_3D('',#17863,#17864,#17865);
#17863 = CARTESIAN_POINT('',(4.25,-0.3,2.8));
#17864 = DIRECTION('',(-1.,1.224646799147E-16,0.));
#17865 = DIRECTION('',(0.,0.,1.));
#17866 = ADVANCED_FACE('',(#17867),#17878,.F.);
#17867 = FACE_BOUND('',#17868,.F.);
#17868 = EDGE_LOOP('',(#17869,#17870,#17876,#17877));
#17869 = ORIENTED_EDGE('',*,*,#16712,.F.);
#17870 = ORIENTED_EDGE('',*,*,#17871,.T.);
#17871 = EDGE_CURVE('',#16705,#16623,#17872,.T.);
#17872 = LINE('',#17873,#17874);
#17873 = CARTESIAN_POINT('',(4.25,-0.25,-3.2));
#17874 = VECTOR('',#17875,1.);
#17875 = DIRECTION('',(-1.,1.224646799147E-16,0.));
#17876 = ORIENTED_EDGE('',*,*,#16630,.T.);
#17877 = ORIENTED_EDGE('',*,*,#17854,.F.);
#17878 = PLANE('',#17879);
#17879 = AXIS2_PLACEMENT_3D('',#17880,#17881,#17882);
#17880 = CARTESIAN_POINT('',(4.25,-0.25,-3.4));
#17881 = DIRECTION('',(1.224646799147E-16,1.,0.));
#17882 = DIRECTION('',(0.,-0.,1.));
#17883 = ADVANCED_FACE('',(#17884),#17909,.F.);
#17884 = FACE_BOUND('',#17885,.T.);
#17885 = EDGE_LOOP('',(#17886,#17894,#17902,#17908));
#17886 = ORIENTED_EDGE('',*,*,#17887,.F.);
#17887 = EDGE_CURVE('',#17888,#16615,#17890,.T.);
#17888 = VERTEX_POINT('',#17889);
#17889 = CARTESIAN_POINT('',(3.95,5.E-02,-3.4));
#17890 = LINE('',#17891,#17892);
#17891 = CARTESIAN_POINT('',(3.9,0.1,-3.35));
#17892 = VECTOR('',#17893,1.);
#17893 = DIRECTION('',(-0.57735026919,0.57735026919,0.57735026919));
#17894 = ORIENTED_EDGE('',*,*,#17895,.T.);
#17895 = EDGE_CURVE('',#17888,#17896,#17898,.T.);
#17896 = VERTEX_POINT('',#17897);
#17897 = CARTESIAN_POINT('',(3.95,-5.E-02,-3.4));
#17898 = LINE('',#17899,#17900);
#17899 = CARTESIAN_POINT('',(3.95,0.25,-3.4));
#17900 = VECTOR('',#17901,1.);
#17901 = DIRECTION('',(-1.224646799147E-16,-1.,0.));
#17902 = ORIENTED_EDGE('',*,*,#17903,.T.);
#17903 = EDGE_CURVE('',#17896,#16623,#17904,.T.);
#17904 = LINE('',#17905,#17906);
#17905 = CARTESIAN_POINT('',(3.983333333333,-1.666666666667E-02,
    -3.433333333333));
#17906 = VECTOR('',#17907,1.);
#17907 = DIRECTION('',(-0.57735026919,-0.57735026919,0.57735026919));
#17908 = ORIENTED_EDGE('',*,*,#16622,.F.);
#17909 = PLANE('',#17910);
#17910 = AXIS2_PLACEMENT_3D('',#17911,#17912,#17913);
#17911 = CARTESIAN_POINT('',(3.85,0.25,-3.3));
#17912 = DIRECTION('',(0.707106781187,-8.833102285013E-17,0.707106781187
    ));
#17913 = DIRECTION('',(1.236918052038E-16,1.,1.227125289097E-18));
#17914 = ADVANCED_FACE('',(#17915),#17926,.F.);
#17915 = FACE_BOUND('',#17916,.F.);
#17916 = EDGE_LOOP('',(#17917,#17918,#17919,#17920));
#17917 = ORIENTED_EDGE('',*,*,#16696,.F.);
#17918 = ORIENTED_EDGE('',*,*,#17837,.T.);
#17919 = ORIENTED_EDGE('',*,*,#16614,.T.);
#17920 = ORIENTED_EDGE('',*,*,#17921,.F.);
#17921 = EDGE_CURVE('',#16697,#16615,#17922,.T.);
#17922 = LINE('',#17923,#17924);
#17923 = CARTESIAN_POINT('',(4.25,0.25,-3.2));
#17924 = VECTOR('',#17925,1.);
#17925 = DIRECTION('',(-1.,1.224646799147E-16,0.));
#17926 = PLANE('',#17927);
#17927 = AXIS2_PLACEMENT_3D('',#17928,#17929,#17930);
#17928 = CARTESIAN_POINT('',(4.25,0.25,3.35));
#17929 = DIRECTION('',(-1.224646799147E-16,-1.,0.));
#17930 = DIRECTION('',(-0.,0.,-1.));
#17931 = ADVANCED_FACE('',(#17932),#17957,.T.);
#17932 = FACE_BOUND('',#17933,.F.);
#17933 = EDGE_LOOP('',(#17934,#17942,#17950,#17956));
#17934 = ORIENTED_EDGE('',*,*,#17935,.F.);
#17935 = EDGE_CURVE('',#17936,#16697,#17938,.T.);
#17936 = VERTEX_POINT('',#17937);
#17937 = CARTESIAN_POINT('',(4.05,5.E-02,-3.4));
#17938 = LINE('',#17939,#17940);
#17939 = CARTESIAN_POINT('',(4.183333333333,0.183333333333,
    -3.266666666667));
#17940 = VECTOR('',#17941,1.);
#17941 = DIRECTION('',(0.57735026919,0.57735026919,0.57735026919));
#17942 = ORIENTED_EDGE('',*,*,#17943,.T.);
#17943 = EDGE_CURVE('',#17936,#17944,#17946,.T.);
#17944 = VERTEX_POINT('',#17945);
#17945 = CARTESIAN_POINT('',(4.05,-5.E-02,-3.4));
#17946 = LINE('',#17947,#17948);
#17947 = CARTESIAN_POINT('',(4.05,0.25,-3.4));
#17948 = VECTOR('',#17949,1.);
#17949 = DIRECTION('',(-1.224646799147E-16,-1.,0.));
#17950 = ORIENTED_EDGE('',*,*,#17951,.T.);
#17951 = EDGE_CURVE('',#17944,#16705,#17952,.T.);
#17952 = LINE('',#17953,#17954);
#17953 = CARTESIAN_POINT('',(4.1,-0.1,-3.35));
#17954 = VECTOR('',#17955,1.);
#17955 = DIRECTION('',(0.57735026919,-0.57735026919,0.57735026919));
#17956 = ORIENTED_EDGE('',*,*,#16704,.F.);
#17957 = PLANE('',#17958);
#17958 = AXIS2_PLACEMENT_3D('',#17959,#17960,#17961);
#17959 = CARTESIAN_POINT('',(4.15,0.25,-3.3));
#17960 = DIRECTION('',(0.707106781187,-8.486018839685E-17,
    -0.707106781187));
#17961 = DIRECTION('',(1.212375546256E-16,1.,1.227125289196E-18));
#17962 = ADVANCED_FACE('',(#17963),#17974,.F.);
#17963 = FACE_BOUND('',#17964,.F.);
#17964 = EDGE_LOOP('',(#17965,#17966,#17972,#17973));
#17965 = ORIENTED_EDGE('',*,*,#16867,.T.);
#17966 = ORIENTED_EDGE('',*,*,#17967,.T.);
#17967 = EDGE_CURVE('',#16860,#16771,#17968,.T.);
#17968 = LINE('',#17969,#17970);
#17969 = CARTESIAN_POINT('',(2.25,-0.25,2.8));
#17970 = VECTOR('',#17971,1.);
#17971 = DIRECTION('',(-1.,1.224646799147E-16,0.));
#17972 = ORIENTED_EDGE('',*,*,#16778,.F.);
#17973 = ORIENTED_EDGE('',*,*,#16809,.F.);
#17974 = CYLINDRICAL_SURFACE('',#17975,5.E-02);
#17975 = AXIS2_PLACEMENT_3D('',#17976,#17977,#17978);
#17976 = CARTESIAN_POINT('',(2.25,-0.3,2.8));
#17977 = DIRECTION('',(-1.,1.224646799147E-16,0.));
#17978 = DIRECTION('',(0.,0.,1.));
#17979 = ADVANCED_FACE('',(#17980),#17991,.F.);
#17980 = FACE_BOUND('',#17981,.F.);
#17981 = EDGE_LOOP('',(#17982,#17983,#17989,#17990));
#17982 = ORIENTED_EDGE('',*,*,#16859,.F.);
#17983 = ORIENTED_EDGE('',*,*,#17984,.T.);
#17984 = EDGE_CURVE('',#16852,#16763,#17985,.T.);
#17985 = LINE('',#17986,#17987);
#17986 = CARTESIAN_POINT('',(2.25,-0.25,-3.2));
#17987 = VECTOR('',#17988,1.);
#17988 = DIRECTION('',(-1.,1.224646799147E-16,0.));
#17989 = ORIENTED_EDGE('',*,*,#16770,.T.);
#17990 = ORIENTED_EDGE('',*,*,#17967,.F.);
#17991 = PLANE('',#17992);
#17992 = AXIS2_PLACEMENT_3D('',#17993,#17994,#17995);
#17993 = CARTESIAN_POINT('',(2.25,-0.25,-3.4));
#17994 = DIRECTION('',(1.224646799147E-16,1.,0.));
#17995 = DIRECTION('',(0.,-0.,1.));
#17996 = ADVANCED_FACE('',(#17997),#18022,.F.);
#17997 = FACE_BOUND('',#17998,.T.);
#17998 = EDGE_LOOP('',(#17999,#18007,#18015,#18021));
#17999 = ORIENTED_EDGE('',*,*,#18000,.F.);
#18000 = EDGE_CURVE('',#18001,#16755,#18003,.T.);
#18001 = VERTEX_POINT('',#18002);
#18002 = CARTESIAN_POINT('',(1.95,5.E-02,-3.4));
#18003 = LINE('',#18004,#18005);
#18004 = CARTESIAN_POINT('',(1.9,0.1,-3.35));
#18005 = VECTOR('',#18006,1.);
#18006 = DIRECTION('',(-0.57735026919,0.57735026919,0.57735026919));
#18007 = ORIENTED_EDGE('',*,*,#18008,.T.);
#18008 = EDGE_CURVE('',#18001,#18009,#18011,.T.);
#18009 = VERTEX_POINT('',#18010);
#18010 = CARTESIAN_POINT('',(1.95,-5.E-02,-3.4));
#18011 = LINE('',#18012,#18013);
#18012 = CARTESIAN_POINT('',(1.95,0.25,-3.4));
#18013 = VECTOR('',#18014,1.);
#18014 = DIRECTION('',(-1.224646799147E-16,-1.,0.));
#18015 = ORIENTED_EDGE('',*,*,#18016,.T.);
#18016 = EDGE_CURVE('',#18009,#16763,#18017,.T.);
#18017 = LINE('',#18018,#18019);
#18018 = CARTESIAN_POINT('',(1.983333333333,-1.666666666667E-02,
    -3.433333333333));
#18019 = VECTOR('',#18020,1.);
#18020 = DIRECTION('',(-0.57735026919,-0.57735026919,0.57735026919));
#18021 = ORIENTED_EDGE('',*,*,#16762,.F.);
#18022 = PLANE('',#18023);
#18023 = AXIS2_PLACEMENT_3D('',#18024,#18025,#18026);
#18024 = CARTESIAN_POINT('',(1.85,0.25,-3.3));
#18025 = DIRECTION('',(0.707106781187,-8.833102285013E-17,0.707106781187
    ));
#18026 = DIRECTION('',(1.236918052038E-16,1.,1.227125289097E-18));
#18027 = ADVANCED_FACE('',(#18028),#18044,.F.);
#18028 = FACE_BOUND('',#18029,.F.);
#18029 = EDGE_LOOP('',(#18030,#18031,#18037,#18038));
#18030 = ORIENTED_EDGE('',*,*,#16843,.F.);
#18031 = ORIENTED_EDGE('',*,*,#18032,.T.);
#18032 = EDGE_CURVE('',#16835,#16746,#18033,.T.);
#18033 = LINE('',#18034,#18035);
#18034 = CARTESIAN_POINT('',(2.25,0.25,2.8));
#18035 = VECTOR('',#18036,1.);
#18036 = DIRECTION('',(-1.,1.224646799147E-16,0.));
#18037 = ORIENTED_EDGE('',*,*,#16754,.T.);
#18038 = ORIENTED_EDGE('',*,*,#18039,.F.);
#18039 = EDGE_CURVE('',#16844,#16755,#18040,.T.);
#18040 = LINE('',#18041,#18042);
#18041 = CARTESIAN_POINT('',(2.25,0.25,-3.2));
#18042 = VECTOR('',#18043,1.);
#18043 = DIRECTION('',(-1.,1.224646799147E-16,0.));
#18044 = PLANE('',#18045);
#18045 = AXIS2_PLACEMENT_3D('',#18046,#18047,#18048);
#18046 = CARTESIAN_POINT('',(2.25,0.25,3.35));
#18047 = DIRECTION('',(-1.224646799147E-16,-1.,0.));
#18048 = DIRECTION('',(-0.,0.,-1.));
#18049 = ADVANCED_FACE('',(#18050),#18056,.T.);
#18050 = FACE_BOUND('',#18051,.T.);
#18051 = EDGE_LOOP('',(#18052,#18053,#18054,#18055));
#18052 = ORIENTED_EDGE('',*,*,#16834,.T.);
#18053 = ORIENTED_EDGE('',*,*,#18032,.T.);
#18054 = ORIENTED_EDGE('',*,*,#16745,.F.);
#18055 = ORIENTED_EDGE('',*,*,#16886,.F.);
#18056 = CYLINDRICAL_SURFACE('',#18057,0.55);
#18057 = AXIS2_PLACEMENT_3D('',#18058,#18059,#18060);
#18058 = CARTESIAN_POINT('',(2.25,-0.3,2.8));
#18059 = DIRECTION('',(-1.,1.224646799147E-16,0.));
#18060 = DIRECTION('',(0.,0.,1.));
#18061 = ADVANCED_FACE('',(#18062),#18087,.T.);
#18062 = FACE_BOUND('',#18063,.F.);
#18063 = EDGE_LOOP('',(#18064,#18072,#18080,#18086));
#18064 = ORIENTED_EDGE('',*,*,#18065,.F.);
#18065 = EDGE_CURVE('',#18066,#16844,#18068,.T.);
#18066 = VERTEX_POINT('',#18067);
#18067 = CARTESIAN_POINT('',(2.05,5.E-02,-3.4));
#18068 = LINE('',#18069,#18070);
#18069 = CARTESIAN_POINT('',(2.183333333333,0.183333333333,
    -3.266666666667));
#18070 = VECTOR('',#18071,1.);
#18071 = DIRECTION('',(0.57735026919,0.57735026919,0.57735026919));
#18072 = ORIENTED_EDGE('',*,*,#18073,.T.);
#18073 = EDGE_CURVE('',#18066,#18074,#18076,.T.);
#18074 = VERTEX_POINT('',#18075);
#18075 = CARTESIAN_POINT('',(2.05,-5.E-02,-3.4));
#18076 = LINE('',#18077,#18078);
#18077 = CARTESIAN_POINT('',(2.05,0.25,-3.4));
#18078 = VECTOR('',#18079,1.);
#18079 = DIRECTION('',(-1.224646799147E-16,-1.,0.));
#18080 = ORIENTED_EDGE('',*,*,#18081,.T.);
#18081 = EDGE_CURVE('',#18074,#16852,#18082,.T.);
#18082 = LINE('',#18083,#18084);
#18083 = CARTESIAN_POINT('',(2.1,-0.1,-3.35));
#18084 = VECTOR('',#18085,1.);
#18085 = DIRECTION('',(0.57735026919,-0.57735026919,0.57735026919));
#18086 = ORIENTED_EDGE('',*,*,#16851,.F.);
#18087 = PLANE('',#18088);
#18088 = AXIS2_PLACEMENT_3D('',#18089,#18090,#18091);
#18089 = CARTESIAN_POINT('',(2.15,0.25,-3.3));
#18090 = DIRECTION('',(0.707106781187,-8.486018839685E-17,
    -0.707106781187));
#18091 = DIRECTION('',(1.212375546256E-16,1.,1.227125289196E-18));
#18092 = ADVANCED_FACE('',(#18093),#18104,.F.);
#18093 = FACE_BOUND('',#18094,.F.);
#18094 = EDGE_LOOP('',(#18095,#18096,#18102,#18103));
#18095 = ORIENTED_EDGE('',*,*,#17095,.T.);
#18096 = ORIENTED_EDGE('',*,*,#18097,.T.);
#18097 = EDGE_CURVE('',#17088,#16967,#18098,.T.);
#18098 = LINE('',#18099,#18100);
#18099 = CARTESIAN_POINT('',(0.25,-0.25,2.8));
#18100 = VECTOR('',#18101,1.);
#18101 = DIRECTION('',(-1.,1.224646799147E-16,0.));
#18102 = ORIENTED_EDGE('',*,*,#16974,.F.);
#18103 = ORIENTED_EDGE('',*,*,#17005,.F.);
#18104 = CYLINDRICAL_SURFACE('',#18105,5.E-02);
#18105 = AXIS2_PLACEMENT_3D('',#18106,#18107,#18108);
#18106 = CARTESIAN_POINT('',(0.25,-0.3,2.8));
#18107 = DIRECTION('',(-1.,1.224646799147E-16,0.));
#18108 = DIRECTION('',(0.,0.,1.));
#18109 = ADVANCED_FACE('',(#18110),#18121,.F.);
#18110 = FACE_BOUND('',#18111,.F.);
#18111 = EDGE_LOOP('',(#18112,#18113,#18119,#18120));
#18112 = ORIENTED_EDGE('',*,*,#17087,.F.);
#18113 = ORIENTED_EDGE('',*,*,#18114,.T.);
#18114 = EDGE_CURVE('',#17080,#16959,#18115,.T.);
#18115 = LINE('',#18116,#18117);
#18116 = CARTESIAN_POINT('',(0.25,-0.25,-0.9));
#18117 = VECTOR('',#18118,1.);
#18118 = DIRECTION('',(-1.,1.224646799147E-16,0.));
#18119 = ORIENTED_EDGE('',*,*,#16966,.T.);
#18120 = ORIENTED_EDGE('',*,*,#18097,.F.);
#18121 = PLANE('',#18122);
#18122 = AXIS2_PLACEMENT_3D('',#18123,#18124,#18125);
#18123 = CARTESIAN_POINT('',(0.25,-0.25,-0.9));
#18124 = DIRECTION('',(1.224646799147E-16,1.,0.));
#18125 = DIRECTION('',(0.,-0.,1.));
#18126 = ADVANCED_FACE('',(#18127),#18138,.F.);
#18127 = FACE_BOUND('',#18128,.F.);
#18128 = EDGE_LOOP('',(#18129,#18135,#18136,#18137));
#18129 = ORIENTED_EDGE('',*,*,#18130,.T.);
#18130 = EDGE_CURVE('',#17072,#16951,#18131,.T.);
#18131 = LINE('',#18132,#18133);
#18132 = CARTESIAN_POINT('',(0.25,-0.55,-1.5));
#18133 = VECTOR('',#18134,1.);
#18134 = DIRECTION('',(-1.,1.224646799147E-16,0.));
#18135 = ORIENTED_EDGE('',*,*,#16958,.T.);
#18136 = ORIENTED_EDGE('',*,*,#18114,.F.);
#18137 = ORIENTED_EDGE('',*,*,#17079,.F.);
#18138 = PLANE('',#18139);
#18139 = AXIS2_PLACEMENT_3D('',#18140,#18141,#18142);
#18140 = CARTESIAN_POINT('',(0.25,-0.55,-1.5));
#18141 = DIRECTION('',(1.095357396528E-16,0.894427191,-0.4472135955));
#18142 = DIRECTION('',(5.476786982641E-17,0.4472135955,0.894427191));
#18143 = ADVANCED_FACE('',(#18144),#18171,.F.);
#18144 = FACE_BOUND('',#18145,.F.);
#18145 = EDGE_LOOP('',(#18146,#18147,#18155,#18163,#18169,#18170));
#18146 = ORIENTED_EDGE('',*,*,#17071,.F.);
#18147 = ORIENTED_EDGE('',*,*,#18148,.F.);
#18148 = EDGE_CURVE('',#18149,#17064,#18151,.T.);
#18149 = VERTEX_POINT('',#18150);
#18150 = CARTESIAN_POINT('',(0.247552593066,-0.281192514695,
    -3.202447406934));
#18151 = LINE('',#18152,#18153);
#18152 = CARTESIAN_POINT('',(0.1292749658,-0.262517099863,-3.3207250342)
  );
#18153 = VECTOR('',#18154,1.);
#18154 = DIRECTION('',(0.702740385383,-0.110959008218,0.702740385383));
#18155 = ORIENTED_EDGE('',*,*,#18156,.T.);
#18156 = EDGE_CURVE('',#18149,#18157,#18159,.T.);
#18157 = VERTEX_POINT('',#18158);
#18158 = CARTESIAN_POINT('',(-0.247552593066,-0.281192514695,
    -3.202447406934));
#18159 = LINE('',#18160,#18161);
#18160 = CARTESIAN_POINT('',(0.25,-0.281192514695,-3.202447406934));
#18161 = VECTOR('',#18162,1.);
#18162 = DIRECTION('',(-1.,1.224646799147E-16,0.));
#18163 = ORIENTED_EDGE('',*,*,#18164,.T.);
#18164 = EDGE_CURVE('',#18157,#16943,#18165,.T.);
#18165 = LINE('',#18166,#18167);
#18166 = CARTESIAN_POINT('',(-5.813953488372E-03,-0.243023255814,
    -3.444186046512));
#18167 = VECTOR('',#18168,1.);
#18168 = DIRECTION('',(-0.702740385383,-0.110959008218,0.702740385383));
#18169 = ORIENTED_EDGE('',*,*,#16950,.T.);
#18170 = ORIENTED_EDGE('',*,*,#18130,.F.);
#18171 = PLANE('',#18172);
#18172 = AXIS2_PLACEMENT_3D('',#18173,#18174,#18175);
#18173 = CARTESIAN_POINT('',(0.25,-0.25,-3.4));
#18174 = DIRECTION('',(1.209660753807E-16,0.987762965329,0.155962573473)
  );
#18175 = DIRECTION('',(-1.909990663905E-17,-0.155962573473,
    0.987762965329));
#18176 = ADVANCED_FACE('',(#18177),#18211,.F.);
#18177 = FACE_BOUND('',#18178,.T.);
#18178 = EDGE_LOOP('',(#18179,#18189,#18197,#18203,#18204,#18205));
#18179 = ORIENTED_EDGE('',*,*,#18180,.F.);
#18180 = EDGE_CURVE('',#18181,#18183,#18185,.T.);
#18181 = VERTEX_POINT('',#18182);
#18182 = CARTESIAN_POINT('',(-5.E-02,5.E-02,-3.4));
#18183 = VERTEX_POINT('',#18184);
#18184 = CARTESIAN_POINT('',(-0.247552593066,0.218807485305,
    -3.202447406934));
#18185 = LINE('',#18186,#18187);
#18186 = CARTESIAN_POINT('',(-9.428267482221E-02,8.783927542193E-02,
    -3.355717325178));
#18187 = VECTOR('',#18188,1.);
#18188 = DIRECTION('',(-0.605209817607,0.517148096144,0.605209817607));
#18189 = ORIENTED_EDGE('',*,*,#18190,.T.);
#18190 = EDGE_CURVE('',#18181,#18191,#18193,.T.);
#18191 = VERTEX_POINT('',#18192);
#18192 = CARTESIAN_POINT('',(-5.E-02,-5.E-02,-3.4));
#18193 = LINE('',#18194,#18195);
#18194 = CARTESIAN_POINT('',(-5.E-02,0.25,-3.4));
#18195 = VECTOR('',#18196,1.);
#18196 = DIRECTION('',(-1.224646799147E-16,-1.,0.));
#18197 = ORIENTED_EDGE('',*,*,#18198,.T.);
#18198 = EDGE_CURVE('',#18191,#18157,#18199,.T.);
#18199 = LINE('',#18200,#18201);
#18200 = CARTESIAN_POINT('',(-1.77957755624E-02,-1.231193164325E-02,
    -3.432204224438));
#18201 = VECTOR('',#18202,1.);
#18202 = DIRECTION('',(-0.544770019249,-0.63753529491,0.544770019249));
#18203 = ORIENTED_EDGE('',*,*,#18164,.T.);
#18204 = ORIENTED_EDGE('',*,*,#16942,.F.);
#18205 = ORIENTED_EDGE('',*,*,#18206,.F.);
#18206 = EDGE_CURVE('',#18183,#16935,#18207,.T.);
#18207 = LINE('',#18208,#18209);
#18208 = CARTESIAN_POINT('',(-0.506155950752,0.177975376197,
    -2.943844049248));
#18209 = VECTOR('',#18210,1.);
#18210 = DIRECTION('',(-0.702740385383,-0.110959008218,0.702740385383));
#18211 = PLANE('',#18212);
#18212 = AXIS2_PLACEMENT_3D('',#18213,#18214,#18215);
#18213 = CARTESIAN_POINT('',(-0.15,0.25,-3.3));
#18214 = DIRECTION('',(0.707106781187,-8.833102285013E-17,0.707106781187
    ));
#18215 = DIRECTION('',(1.236918052038E-16,1.,1.227125289097E-18));
#18216 = ADVANCED_FACE('',(#18217),#18242,.F.);
#18217 = FACE_BOUND('',#18218,.F.);
#18218 = EDGE_LOOP('',(#18219,#18220,#18226,#18227,#18228,#18236));
#18219 = ORIENTED_EDGE('',*,*,#17055,.F.);
#18220 = ORIENTED_EDGE('',*,*,#18221,.T.);
#18221 = EDGE_CURVE('',#17048,#16927,#18222,.T.);
#18222 = LINE('',#18223,#18224);
#18223 = CARTESIAN_POINT('',(0.25,-5.E-02,-1.5));
#18224 = VECTOR('',#18225,1.);
#18225 = DIRECTION('',(-1.,1.224646799147E-16,0.));
#18226 = ORIENTED_EDGE('',*,*,#16934,.T.);
#18227 = ORIENTED_EDGE('',*,*,#18206,.F.);
#18228 = ORIENTED_EDGE('',*,*,#18229,.F.);
#18229 = EDGE_CURVE('',#18230,#18183,#18232,.T.);
#18230 = VERTEX_POINT('',#18231);
#18231 = CARTESIAN_POINT('',(0.247552593066,0.218807485305,
    -3.202447406934));
#18232 = LINE('',#18233,#18234);
#18233 = CARTESIAN_POINT('',(0.25,0.218807485305,-3.202447406934));
#18234 = VECTOR('',#18235,1.);
#18235 = DIRECTION('',(-1.,1.224646799147E-16,0.));
#18236 = ORIENTED_EDGE('',*,*,#18237,.T.);
#18237 = EDGE_CURVE('',#18230,#17056,#18238,.T.);
#18238 = LINE('',#18239,#18240);
#18239 = CARTESIAN_POINT('',(0.629616963064,0.158481532148,
    -2.820383036936));
#18240 = VECTOR('',#18241,1.);
#18241 = DIRECTION('',(0.702740385383,-0.110959008218,0.702740385383));
#18242 = PLANE('',#18243);
#18243 = AXIS2_PLACEMENT_3D('',#18244,#18245,#18246);
#18244 = CARTESIAN_POINT('',(0.25,-5.E-02,-1.5));
#18245 = DIRECTION('',(-1.209660753807E-16,-0.987762965329,
    -0.155962573473));
#18246 = DIRECTION('',(1.909990663905E-17,0.155962573473,-0.987762965329
    ));
#18247 = ADVANCED_FACE('',(#18248),#18259,.F.);
#18248 = FACE_BOUND('',#18249,.F.);
#18249 = EDGE_LOOP('',(#18250,#18256,#18257,#18258));
#18250 = ORIENTED_EDGE('',*,*,#18251,.T.);
#18251 = EDGE_CURVE('',#17040,#16919,#18252,.T.);
#18252 = LINE('',#18253,#18254);
#18253 = CARTESIAN_POINT('',(0.25,0.25,-0.9));
#18254 = VECTOR('',#18255,1.);
#18255 = DIRECTION('',(-1.,1.224646799147E-16,0.));
#18256 = ORIENTED_EDGE('',*,*,#16926,.T.);
#18257 = ORIENTED_EDGE('',*,*,#18221,.F.);
#18258 = ORIENTED_EDGE('',*,*,#17047,.F.);
#18259 = PLANE('',#18260);
#18260 = AXIS2_PLACEMENT_3D('',#18261,#18262,#18263);
#18261 = CARTESIAN_POINT('',(0.25,0.25,-0.9));
#18262 = DIRECTION('',(-1.095357396528E-16,-0.894427191,0.4472135955));
#18263 = DIRECTION('',(-5.476786982641E-17,-0.4472135955,-0.894427191));
#18264 = ADVANCED_FACE('',(#18265),#18276,.F.);
#18265 = FACE_BOUND('',#18266,.F.);
#18266 = EDGE_LOOP('',(#18267,#18268,#18274,#18275));
#18267 = ORIENTED_EDGE('',*,*,#17039,.F.);
#18268 = ORIENTED_EDGE('',*,*,#18269,.T.);
#18269 = EDGE_CURVE('',#17031,#16910,#18270,.T.);
#18270 = LINE('',#18271,#18272);
#18271 = CARTESIAN_POINT('',(0.25,0.25,2.8));
#18272 = VECTOR('',#18273,1.);
#18273 = DIRECTION('',(-1.,1.224646799147E-16,0.));
#18274 = ORIENTED_EDGE('',*,*,#16918,.T.);
#18275 = ORIENTED_EDGE('',*,*,#18251,.F.);
#18276 = PLANE('',#18277);
#18277 = AXIS2_PLACEMENT_3D('',#18278,#18279,#18280);
#18278 = CARTESIAN_POINT('',(0.25,0.25,3.35));
#18279 = DIRECTION('',(-1.224646799147E-16,-1.,0.));
#18280 = DIRECTION('',(-0.,0.,-1.));
#18281 = ADVANCED_FACE('',(#18282),#18288,.T.);
#18282 = FACE_BOUND('',#18283,.T.);
#18283 = EDGE_LOOP('',(#18284,#18285,#18286,#18287));
#18284 = ORIENTED_EDGE('',*,*,#17030,.T.);
#18285 = ORIENTED_EDGE('',*,*,#18269,.T.);
#18286 = ORIENTED_EDGE('',*,*,#16909,.F.);
#18287 = ORIENTED_EDGE('',*,*,#17114,.F.);
#18288 = CYLINDRICAL_SURFACE('',#18289,0.55);
#18289 = AXIS2_PLACEMENT_3D('',#18290,#18291,#18292);
#18290 = CARTESIAN_POINT('',(0.25,-0.3,2.8));
#18291 = DIRECTION('',(-1.,1.224646799147E-16,0.));
#18292 = DIRECTION('',(0.,0.,1.));
#18293 = ADVANCED_FACE('',(#18294),#18321,.T.);
#18294 = FACE_BOUND('',#18295,.F.);
#18295 = EDGE_LOOP('',(#18296,#18304,#18312,#18318,#18319,#18320));
#18296 = ORIENTED_EDGE('',*,*,#18297,.F.);
#18297 = EDGE_CURVE('',#18298,#18230,#18300,.T.);
#18298 = VERTEX_POINT('',#18299);
#18299 = CARTESIAN_POINT('',(5.E-02,5.E-02,-3.4));
#18300 = LINE('',#18301,#18302);
#18301 = CARTESIAN_POINT('',(0.185852405654,0.166085051658,
    -3.264147594346));
#18302 = VECTOR('',#18303,1.);
#18303 = DIRECTION('',(0.605209817607,0.517148096144,0.605209817607));
#18304 = ORIENTED_EDGE('',*,*,#18305,.T.);
#18305 = EDGE_CURVE('',#18298,#18306,#18308,.T.);
#18306 = VERTEX_POINT('',#18307);
#18307 = CARTESIAN_POINT('',(5.E-02,-5.E-02,-3.4));
#18308 = LINE('',#18309,#18310);
#18309 = CARTESIAN_POINT('',(5.E-02,0.25,-3.4));
#18310 = VECTOR('',#18311,1.);
#18311 = DIRECTION('',(-1.224646799147E-16,-1.,0.));
#18312 = ORIENTED_EDGE('',*,*,#18313,.T.);
#18313 = EDGE_CURVE('',#18306,#18149,#18314,.T.);
#18314 = LINE('',#18315,#18316);
#18315 = CARTESIAN_POINT('',(9.198936903048E-02,-9.913946036316E-02,
    -3.35801063097));
#18316 = VECTOR('',#18317,1.);
#18317 = DIRECTION('',(0.544770019249,-0.63753529491,0.544770019249));
#18318 = ORIENTED_EDGE('',*,*,#18148,.T.);
#18319 = ORIENTED_EDGE('',*,*,#17063,.F.);
#18320 = ORIENTED_EDGE('',*,*,#18237,.F.);
#18321 = PLANE('',#18322);
#18322 = AXIS2_PLACEMENT_3D('',#18323,#18324,#18325);
#18323 = CARTESIAN_POINT('',(0.15,0.25,-3.3));
#18324 = DIRECTION('',(0.707106781187,-8.486018839685E-17,
    -0.707106781187));
#18325 = DIRECTION('',(1.212375546256E-16,1.,1.227125289196E-18));
#18326 = ADVANCED_FACE('',(#18327),#18338,.T.);
#18327 = FACE_BOUND('',#18328,.F.);
#18328 = EDGE_LOOP('',(#18329,#18330,#18336,#18337));
#18329 = ORIENTED_EDGE('',*,*,#17314,.F.);
#18330 = ORIENTED_EDGE('',*,*,#18331,.T.);
#18331 = EDGE_CURVE('',#17307,#17422,#18332,.T.);
#18332 = LINE('',#18333,#18334);
#18333 = CARTESIAN_POINT('',(12.25,-5.E-02,-3.4));
#18334 = VECTOR('',#18335,1.);
#18335 = DIRECTION('',(-1.,1.224646799147E-16,0.));
#18336 = ORIENTED_EDGE('',*,*,#17429,.T.);
#18337 = ORIENTED_EDGE('',*,*,#17272,.F.);
#18338 = PLANE('',#18339);
#18339 = AXIS2_PLACEMENT_3D('',#18340,#18341,#18342);
#18340 = CARTESIAN_POINT('',(12.25,-0.165596257347,-3.301223703467));
#18341 = DIRECTION('',(-8.302774088379E-17,-0.64962967394,
    -0.760250805153));
#18342 = DIRECTION('',(1.,-1.247195775152E-16,-2.638869166629E-18));
#18343 = ADVANCED_FACE('',(#18344),#18355,.T.);
#18344 = FACE_BOUND('',#18345,.T.);
#18345 = EDGE_LOOP('',(#18346,#18347,#18353,#18354));
#18346 = ORIENTED_EDGE('',*,*,#17296,.F.);
#18347 = ORIENTED_EDGE('',*,*,#18348,.T.);
#18348 = EDGE_CURVE('',#17297,#17414,#18349,.T.);
#18349 = LINE('',#18350,#18351);
#18350 = CARTESIAN_POINT('',(12.25,5.E-02,-3.4));
#18351 = VECTOR('',#18352,1.);
#18352 = DIRECTION('',(-1.,1.224646799147E-16,0.));
#18353 = ORIENTED_EDGE('',*,*,#17413,.T.);
#18354 = ORIENTED_EDGE('',*,*,#17352,.F.);
#18355 = PLANE('',#18356);
#18356 = AXIS2_PLACEMENT_3D('',#18357,#18358,#18359);
#18357 = CARTESIAN_POINT('',(12.25,0.134403742653,-3.301223703467));
#18358 = DIRECTION('',(9.136856246232E-17,0.760250805153,-0.64962967394)
  );
#18359 = DIRECTION('',(-1.,1.211454098155E-16,1.127308249542E-18));
#18360 = ADVANCED_FACE('',(#18361),#18367,.F.);
#18361 = FACE_BOUND('',#18362,.F.);
#18362 = EDGE_LOOP('',(#18363,#18364,#18365,#18366));
#18363 = ORIENTED_EDGE('',*,*,#18348,.T.);
#18364 = ORIENTED_EDGE('',*,*,#17421,.T.);
#18365 = ORIENTED_EDGE('',*,*,#18331,.F.);
#18366 = ORIENTED_EDGE('',*,*,#17306,.F.);
#18367 = PLANE('',#18368);
#18368 = AXIS2_PLACEMENT_3D('',#18369,#18370,#18371);
#18369 = CARTESIAN_POINT('',(12.25,0.25,-3.4));
#18370 = DIRECTION('',(0.,0.,1.));
#18371 = DIRECTION('',(-1.224646799147E-16,-1.,0.));
#18372 = ADVANCED_FACE('',(#18373),#18384,.T.);
#18373 = FACE_BOUND('',#18374,.F.);
#18374 = EDGE_LOOP('',(#18375,#18376,#18382,#18383));
#18375 = ORIENTED_EDGE('',*,*,#17561,.F.);
#18376 = ORIENTED_EDGE('',*,*,#18377,.T.);
#18377 = EDGE_CURVE('',#17554,#17489,#18378,.T.);
#18378 = LINE('',#18379,#18380);
#18379 = CARTESIAN_POINT('',(10.25,-5.E-02,-3.4));
#18380 = VECTOR('',#18381,1.);
#18381 = DIRECTION('',(-1.,1.224646799147E-16,0.));
#18382 = ORIENTED_EDGE('',*,*,#17496,.T.);
#18383 = ORIENTED_EDGE('',*,*,#17464,.F.);
#18384 = PLANE('',#18385);
#18385 = AXIS2_PLACEMENT_3D('',#18386,#18387,#18388);
#18386 = CARTESIAN_POINT('',(10.25,-0.15,-3.3));
#18387 = DIRECTION('',(-8.486018839685E-17,-0.707106781187,
    -0.707106781187));
#18388 = DIRECTION('',(1.,-1.212375546256E-16,1.227125289196E-18));
#18389 = ADVANCED_FACE('',(#18390),#18401,.T.);
#18390 = FACE_BOUND('',#18391,.T.);
#18391 = EDGE_LOOP('',(#18392,#18393,#18399,#18400));
#18392 = ORIENTED_EDGE('',*,*,#17545,.F.);
#18393 = ORIENTED_EDGE('',*,*,#18394,.T.);
#18394 = EDGE_CURVE('',#17546,#17481,#18395,.T.);
#18395 = LINE('',#18396,#18397);
#18396 = CARTESIAN_POINT('',(10.25,5.E-02,-3.4));
#18397 = VECTOR('',#18398,1.);
#18398 = DIRECTION('',(-1.,1.224646799147E-16,0.));
#18399 = ORIENTED_EDGE('',*,*,#17480,.T.);
#18400 = ORIENTED_EDGE('',*,*,#17519,.F.);
#18401 = PLANE('',#18402);
#18402 = AXIS2_PLACEMENT_3D('',#18403,#18404,#18405);
#18403 = CARTESIAN_POINT('',(10.25,0.15,-3.3));
#18404 = DIRECTION('',(8.486018839685E-17,0.707106781187,-0.707106781187
    ));
#18405 = DIRECTION('',(-1.,1.212375546256E-16,1.227125289196E-18));
#18406 = ADVANCED_FACE('',(#18407),#18413,.F.);
#18407 = FACE_BOUND('',#18408,.F.);
#18408 = EDGE_LOOP('',(#18409,#18410,#18411,#18412));
#18409 = ORIENTED_EDGE('',*,*,#18394,.T.);
#18410 = ORIENTED_EDGE('',*,*,#17488,.T.);
#18411 = ORIENTED_EDGE('',*,*,#18377,.F.);
#18412 = ORIENTED_EDGE('',*,*,#17553,.F.);
#18413 = PLANE('',#18414);
#18414 = AXIS2_PLACEMENT_3D('',#18415,#18416,#18417);
#18415 = CARTESIAN_POINT('',(10.25,0.25,-3.4));
#18416 = DIRECTION('',(0.,0.,1.));
#18417 = DIRECTION('',(-1.224646799147E-16,-1.,0.));
#18418 = ADVANCED_FACE('',(#18419),#18430,.T.);
#18419 = FACE_BOUND('',#18420,.F.);
#18420 = EDGE_LOOP('',(#18421,#18422,#18428,#18429));
#18421 = ORIENTED_EDGE('',*,*,#17626,.F.);
#18422 = ORIENTED_EDGE('',*,*,#18423,.T.);
#18423 = EDGE_CURVE('',#17619,#17684,#18424,.T.);
#18424 = LINE('',#18425,#18426);
#18425 = CARTESIAN_POINT('',(8.25,-5.E-02,-3.4));
#18426 = VECTOR('',#18427,1.);
#18427 = DIRECTION('',(-1.,1.224646799147E-16,0.));
#18428 = ORIENTED_EDGE('',*,*,#17691,.T.);
#18429 = ORIENTED_EDGE('',*,*,#17594,.F.);
#18430 = PLANE('',#18431);
#18431 = AXIS2_PLACEMENT_3D('',#18432,#18433,#18434);
#18432 = CARTESIAN_POINT('',(8.25,-0.15,-3.3));
#18433 = DIRECTION('',(-8.486018839685E-17,-0.707106781187,
    -0.707106781187));
#18434 = DIRECTION('',(1.,-1.212375546256E-16,1.227125289196E-18));
#18435 = ADVANCED_FACE('',(#18436),#18447,.T.);
#18436 = FACE_BOUND('',#18437,.T.);
#18437 = EDGE_LOOP('',(#18438,#18439,#18445,#18446));
#18438 = ORIENTED_EDGE('',*,*,#17610,.F.);
#18439 = ORIENTED_EDGE('',*,*,#18440,.T.);
#18440 = EDGE_CURVE('',#17611,#17676,#18441,.T.);
#18441 = LINE('',#18442,#18443);
#18442 = CARTESIAN_POINT('',(8.25,5.E-02,-3.4));
#18443 = VECTOR('',#18444,1.);
#18444 = DIRECTION('',(-1.,1.224646799147E-16,0.));
#18445 = ORIENTED_EDGE('',*,*,#17675,.T.);
#18446 = ORIENTED_EDGE('',*,*,#17649,.F.);
#18447 = PLANE('',#18448);
#18448 = AXIS2_PLACEMENT_3D('',#18449,#18450,#18451);
#18449 = CARTESIAN_POINT('',(8.25,0.15,-3.3));
#18450 = DIRECTION('',(8.486018839685E-17,0.707106781187,-0.707106781187
    ));
#18451 = DIRECTION('',(-1.,1.212375546256E-16,1.227125289196E-18));
#18452 = ADVANCED_FACE('',(#18453),#18459,.F.);
#18453 = FACE_BOUND('',#18454,.F.);
#18454 = EDGE_LOOP('',(#18455,#18456,#18457,#18458));
#18455 = ORIENTED_EDGE('',*,*,#18440,.T.);
#18456 = ORIENTED_EDGE('',*,*,#17683,.T.);
#18457 = ORIENTED_EDGE('',*,*,#18423,.F.);
#18458 = ORIENTED_EDGE('',*,*,#17618,.F.);
#18459 = PLANE('',#18460);
#18460 = AXIS2_PLACEMENT_3D('',#18461,#18462,#18463);
#18461 = CARTESIAN_POINT('',(8.25,0.25,-3.4));
#18462 = DIRECTION('',(0.,0.,1.));
#18463 = DIRECTION('',(-1.224646799147E-16,-1.,0.));
#18464 = ADVANCED_FACE('',(#18465),#18476,.T.);
#18465 = FACE_BOUND('',#18466,.F.);
#18466 = EDGE_LOOP('',(#18467,#18468,#18474,#18475));
#18467 = ORIENTED_EDGE('',*,*,#17821,.F.);
#18468 = ORIENTED_EDGE('',*,*,#18469,.T.);
#18469 = EDGE_CURVE('',#17814,#17749,#18470,.T.);
#18470 = LINE('',#18471,#18472);
#18471 = CARTESIAN_POINT('',(6.25,-5.E-02,-3.4));
#18472 = VECTOR('',#18473,1.);
#18473 = DIRECTION('',(-1.,1.224646799147E-16,0.));
#18474 = ORIENTED_EDGE('',*,*,#17756,.T.);
#18475 = ORIENTED_EDGE('',*,*,#17724,.F.);
#18476 = PLANE('',#18477);
#18477 = AXIS2_PLACEMENT_3D('',#18478,#18479,#18480);
#18478 = CARTESIAN_POINT('',(6.25,-0.15,-3.3));
#18479 = DIRECTION('',(-8.486018839685E-17,-0.707106781187,
    -0.707106781187));
#18480 = DIRECTION('',(1.,-1.212375546256E-16,1.227125289196E-18));
#18481 = ADVANCED_FACE('',(#18482),#18493,.T.);
#18482 = FACE_BOUND('',#18483,.T.);
#18483 = EDGE_LOOP('',(#18484,#18485,#18491,#18492));
#18484 = ORIENTED_EDGE('',*,*,#17805,.F.);
#18485 = ORIENTED_EDGE('',*,*,#18486,.T.);
#18486 = EDGE_CURVE('',#17806,#17741,#18487,.T.);
#18487 = LINE('',#18488,#18489);
#18488 = CARTESIAN_POINT('',(6.25,5.E-02,-3.4));
#18489 = VECTOR('',#18490,1.);
#18490 = DIRECTION('',(-1.,1.224646799147E-16,0.));
#18491 = ORIENTED_EDGE('',*,*,#17740,.T.);
#18492 = ORIENTED_EDGE('',*,*,#17779,.F.);
#18493 = PLANE('',#18494);
#18494 = AXIS2_PLACEMENT_3D('',#18495,#18496,#18497);
#18495 = CARTESIAN_POINT('',(6.25,0.15,-3.3));
#18496 = DIRECTION('',(8.486018839685E-17,0.707106781187,-0.707106781187
    ));
#18497 = DIRECTION('',(-1.,1.212375546256E-16,1.227125289196E-18));
#18498 = ADVANCED_FACE('',(#18499),#18505,.F.);
#18499 = FACE_BOUND('',#18500,.F.);
#18500 = EDGE_LOOP('',(#18501,#18502,#18503,#18504));
#18501 = ORIENTED_EDGE('',*,*,#18486,.T.);
#18502 = ORIENTED_EDGE('',*,*,#17748,.T.);
#18503 = ORIENTED_EDGE('',*,*,#18469,.F.);
#18504 = ORIENTED_EDGE('',*,*,#17813,.F.);
#18505 = PLANE('',#18506);
#18506 = AXIS2_PLACEMENT_3D('',#18507,#18508,#18509);
#18507 = CARTESIAN_POINT('',(6.25,0.25,-3.4));
#18508 = DIRECTION('',(0.,0.,1.));
#18509 = DIRECTION('',(-1.224646799147E-16,-1.,0.));
#18510 = ADVANCED_FACE('',(#18511),#18522,.T.);
#18511 = FACE_BOUND('',#18512,.F.);
#18512 = EDGE_LOOP('',(#18513,#18514,#18520,#18521));
#18513 = ORIENTED_EDGE('',*,*,#17951,.F.);
#18514 = ORIENTED_EDGE('',*,*,#18515,.T.);
#18515 = EDGE_CURVE('',#17944,#17896,#18516,.T.);
#18516 = LINE('',#18517,#18518);
#18517 = CARTESIAN_POINT('',(4.25,-5.E-02,-3.4));
#18518 = VECTOR('',#18519,1.);
#18519 = DIRECTION('',(-1.,1.224646799147E-16,0.));
#18520 = ORIENTED_EDGE('',*,*,#17903,.T.);
#18521 = ORIENTED_EDGE('',*,*,#17871,.F.);
#18522 = PLANE('',#18523);
#18523 = AXIS2_PLACEMENT_3D('',#18524,#18525,#18526);
#18524 = CARTESIAN_POINT('',(4.25,-0.15,-3.3));
#18525 = DIRECTION('',(-8.486018839685E-17,-0.707106781187,
    -0.707106781187));
#18526 = DIRECTION('',(1.,-1.212375546256E-16,1.227125289196E-18));
#18527 = ADVANCED_FACE('',(#18528),#18539,.T.);
#18528 = FACE_BOUND('',#18529,.T.);
#18529 = EDGE_LOOP('',(#18530,#18531,#18537,#18538));
#18530 = ORIENTED_EDGE('',*,*,#17935,.F.);
#18531 = ORIENTED_EDGE('',*,*,#18532,.T.);
#18532 = EDGE_CURVE('',#17936,#17888,#18533,.T.);
#18533 = LINE('',#18534,#18535);
#18534 = CARTESIAN_POINT('',(4.25,5.E-02,-3.4));
#18535 = VECTOR('',#18536,1.);
#18536 = DIRECTION('',(-1.,1.224646799147E-16,0.));
#18537 = ORIENTED_EDGE('',*,*,#17887,.T.);
#18538 = ORIENTED_EDGE('',*,*,#17921,.F.);
#18539 = PLANE('',#18540);
#18540 = AXIS2_PLACEMENT_3D('',#18541,#18542,#18543);
#18541 = CARTESIAN_POINT('',(4.25,0.15,-3.3));
#18542 = DIRECTION('',(8.486018839685E-17,0.707106781187,-0.707106781187
    ));
#18543 = DIRECTION('',(-1.,1.212375546256E-16,1.227125289196E-18));
#18544 = ADVANCED_FACE('',(#18545),#18551,.F.);
#18545 = FACE_BOUND('',#18546,.F.);
#18546 = EDGE_LOOP('',(#18547,#18548,#18549,#18550));
#18547 = ORIENTED_EDGE('',*,*,#18532,.T.);
#18548 = ORIENTED_EDGE('',*,*,#17895,.T.);
#18549 = ORIENTED_EDGE('',*,*,#18515,.F.);
#18550 = ORIENTED_EDGE('',*,*,#17943,.F.);
#18551 = PLANE('',#18552);
#18552 = AXIS2_PLACEMENT_3D('',#18553,#18554,#18555);
#18553 = CARTESIAN_POINT('',(4.25,0.25,-3.4));
#18554 = DIRECTION('',(0.,0.,1.));
#18555 = DIRECTION('',(-1.224646799147E-16,-1.,0.));
#18556 = ADVANCED_FACE('',(#18557),#18568,.T.);
#18557 = FACE_BOUND('',#18558,.F.);
#18558 = EDGE_LOOP('',(#18559,#18560,#18566,#18567));
#18559 = ORIENTED_EDGE('',*,*,#18081,.F.);
#18560 = ORIENTED_EDGE('',*,*,#18561,.T.);
#18561 = EDGE_CURVE('',#18074,#18009,#18562,.T.);
#18562 = LINE('',#18563,#18564);
#18563 = CARTESIAN_POINT('',(2.25,-5.E-02,-3.4));
#18564 = VECTOR('',#18565,1.);
#18565 = DIRECTION('',(-1.,1.224646799147E-16,0.));
#18566 = ORIENTED_EDGE('',*,*,#18016,.T.);
#18567 = ORIENTED_EDGE('',*,*,#17984,.F.);
#18568 = PLANE('',#18569);
#18569 = AXIS2_PLACEMENT_3D('',#18570,#18571,#18572);
#18570 = CARTESIAN_POINT('',(2.25,-0.15,-3.3));
#18571 = DIRECTION('',(-8.486018839685E-17,-0.707106781187,
    -0.707106781187));
#18572 = DIRECTION('',(1.,-1.212375546256E-16,1.227125289196E-18));
#18573 = ADVANCED_FACE('',(#18574),#18585,.T.);
#18574 = FACE_BOUND('',#18575,.T.);
#18575 = EDGE_LOOP('',(#18576,#18577,#18583,#18584));
#18576 = ORIENTED_EDGE('',*,*,#18065,.F.);
#18577 = ORIENTED_EDGE('',*,*,#18578,.T.);
#18578 = EDGE_CURVE('',#18066,#18001,#18579,.T.);
#18579 = LINE('',#18580,#18581);
#18580 = CARTESIAN_POINT('',(2.25,5.E-02,-3.4));
#18581 = VECTOR('',#18582,1.);
#18582 = DIRECTION('',(-1.,1.224646799147E-16,0.));
#18583 = ORIENTED_EDGE('',*,*,#18000,.T.);
#18584 = ORIENTED_EDGE('',*,*,#18039,.F.);
#18585 = PLANE('',#18586);
#18586 = AXIS2_PLACEMENT_3D('',#18587,#18588,#18589);
#18587 = CARTESIAN_POINT('',(2.25,0.15,-3.3));
#18588 = DIRECTION('',(8.486018839685E-17,0.707106781187,-0.707106781187
    ));
#18589 = DIRECTION('',(-1.,1.212375546256E-16,1.227125289196E-18));
#18590 = ADVANCED_FACE('',(#18591),#18597,.F.);
#18591 = FACE_BOUND('',#18592,.F.);
#18592 = EDGE_LOOP('',(#18593,#18594,#18595,#18596));
#18593 = ORIENTED_EDGE('',*,*,#18578,.T.);
#18594 = ORIENTED_EDGE('',*,*,#18008,.T.);
#18595 = ORIENTED_EDGE('',*,*,#18561,.F.);
#18596 = ORIENTED_EDGE('',*,*,#18073,.F.);
#18597 = PLANE('',#18598);
#18598 = AXIS2_PLACEMENT_3D('',#18599,#18600,#18601);
#18599 = CARTESIAN_POINT('',(2.25,0.25,-3.4));
#18600 = DIRECTION('',(0.,0.,1.));
#18601 = DIRECTION('',(-1.224646799147E-16,-1.,0.));
#18602 = ADVANCED_FACE('',(#18603),#18614,.T.);
#18603 = FACE_BOUND('',#18604,.F.);
#18604 = EDGE_LOOP('',(#18605,#18606,#18612,#18613));
#18605 = ORIENTED_EDGE('',*,*,#18313,.F.);
#18606 = ORIENTED_EDGE('',*,*,#18607,.T.);
#18607 = EDGE_CURVE('',#18306,#18191,#18608,.T.);
#18608 = LINE('',#18609,#18610);
#18609 = CARTESIAN_POINT('',(0.25,-5.E-02,-3.4));
#18610 = VECTOR('',#18611,1.);
#18611 = DIRECTION('',(-1.,1.224646799147E-16,0.));
#18612 = ORIENTED_EDGE('',*,*,#18198,.T.);
#18613 = ORIENTED_EDGE('',*,*,#18156,.F.);
#18614 = PLANE('',#18615);
#18615 = AXIS2_PLACEMENT_3D('',#18616,#18617,#18618);
#18616 = CARTESIAN_POINT('',(0.25,-0.165596257347,-3.301223703467));
#18617 = DIRECTION('',(-8.302774088379E-17,-0.64962967394,
    -0.760250805153));
#18618 = DIRECTION('',(1.,-1.247195775152E-16,-2.638869166629E-18));
#18619 = ADVANCED_FACE('',(#18620),#18631,.T.);
#18620 = FACE_BOUND('',#18621,.T.);
#18621 = EDGE_LOOP('',(#18622,#18623,#18629,#18630));
#18622 = ORIENTED_EDGE('',*,*,#18297,.F.);
#18623 = ORIENTED_EDGE('',*,*,#18624,.T.);
#18624 = EDGE_CURVE('',#18298,#18181,#18625,.T.);
#18625 = LINE('',#18626,#18627);
#18626 = CARTESIAN_POINT('',(0.25,5.E-02,-3.4));
#18627 = VECTOR('',#18628,1.);
#18628 = DIRECTION('',(-1.,1.224646799147E-16,0.));
#18629 = ORIENTED_EDGE('',*,*,#18180,.T.);
#18630 = ORIENTED_EDGE('',*,*,#18229,.F.);
#18631 = PLANE('',#18632);
#18632 = AXIS2_PLACEMENT_3D('',#18633,#18634,#18635);
#18633 = CARTESIAN_POINT('',(0.25,0.134403742653,-3.301223703467));
#18634 = DIRECTION('',(9.136856246232E-17,0.760250805153,-0.64962967394)
  );
#18635 = DIRECTION('',(-1.,1.211454098155E-16,1.127308249542E-18));
#18636 = ADVANCED_FACE('',(#18637),#18643,.F.);
#18637 = FACE_BOUND('',#18638,.F.);
#18638 = EDGE_LOOP('',(#18639,#18640,#18641,#18642));
#18639 = ORIENTED_EDGE('',*,*,#18624,.T.);
#18640 = ORIENTED_EDGE('',*,*,#18190,.T.);
#18641 = ORIENTED_EDGE('',*,*,#18607,.F.);
#18642 = ORIENTED_EDGE('',*,*,#18305,.F.);
#18643 = PLANE('',#18644);
#18644 = AXIS2_PLACEMENT_3D('',#18645,#18646,#18647);
#18645 = CARTESIAN_POINT('',(0.25,0.25,-3.4));
#18646 = DIRECTION('',(0.,0.,1.));
#18647 = DIRECTION('',(-1.224646799147E-16,-1.,0.));
#18648 = ( GEOMETRIC_REPRESENTATION_CONTEXT(3) 
GLOBAL_UNCERTAINTY_ASSIGNED_CONTEXT((#18652)) 
GLOBAL_UNIT_ASSIGNED_CONTEXT((#18649,#18650,#18651)) 
REPRESENTATION_CONTEXT('Context #1',
  '3D Context with UNIT and UNCERTAINTY') );
#18649 = ( LENGTH_UNIT() NAMED_UNIT(*) SI_UNIT(.MILLI.,.METRE.) );
#18650 = ( NAMED_UNIT(*) PLANE_ANGLE_UNIT() SI_UNIT($,.RADIAN.) );
#18651 = ( NAMED_UNIT(*) SI_UNIT($,.STERADIAN.) SOLID_ANGLE_UNIT() );
#18652 = UNCERTAINTY_MEASURE_WITH_UNIT(LENGTH_MEASURE(1.E-07),#18649,
  'distance_accuracy_value','confusion accuracy');
#18653 = CONTEXT_DEPENDENT_SHAPE_REPRESENTATION(#18654,#18656);
#18654 = ( REPRESENTATION_RELATIONSHIP('','',#10443,#10) 
REPRESENTATION_RELATIONSHIP_WITH_TRANSFORMATION(#18655) 
SHAPE_REPRESENTATION_RELATIONSHIP() );
#18655 = ITEM_DEFINED_TRANSFORMATION('','',#11,#63);
#18656 = PRODUCT_DEFINITION_SHAPE('Placement','Placement of an item',
  #18657);
#18657 = NEXT_ASSEMBLY_USAGE_OCCURRENCE('13','J1','',#5,#10438,$);
#18658 = PRODUCT_RELATED_PRODUCT_CATEGORY('part',$,(#10440));
#18659 = CONTEXT_DEPENDENT_SHAPE_REPRESENTATION(#18660,#18662);
#18660 = ( REPRESENTATION_RELATIONSHIP('','',#8726,#10) 
REPRESENTATION_RELATIONSHIP_WITH_TRANSFORMATION(#18661) 
SHAPE_REPRESENTATION_RELATIONSHIP() );
#18661 = ITEM_DEFINED_TRANSFORMATION('','',#11,#67);
#18662 = PRODUCT_DEFINITION_SHAPE('Placement','Placement of an item',
  #18663);
#18663 = NEXT_ASSEMBLY_USAGE_OCCURRENCE('14','D3','',#5,#8721,$);
#18664 = SHAPE_DEFINITION_REPRESENTATION(#18665,#18671);
#18665 = PRODUCT_DEFINITION_SHAPE('','',#18666);
#18666 = PRODUCT_DEFINITION('design','',#18667,#18670);
#18667 = PRODUCT_DEFINITION_FORMATION('','',#18668);
#18668 = PRODUCT('Encoders-LCD_PCB','Encoders-LCD_PCB','',(#18669));
#18669 = PRODUCT_CONTEXT('',#2,'mechanical');
#18670 = PRODUCT_DEFINITION_CONTEXT('part definition',#2,'design');
#18671 = ADVANCED_BREP_SHAPE_REPRESENTATION('',(#11,#18672),#21536);
#18672 = MANIFOLD_SOLID_BREP('',#18673);
#18673 = CLOSED_SHELL('',(#18674,#18716,#18747,#18778,#19556,#20334,
    #20351,#20368,#20385,#20402,#20414,#20431,#20448,#20465,#20482,
    #20499,#20516,#20533,#20550,#20567,#20584,#20601,#20618,#20635,
    #20652,#20669,#20686,#20703,#20720,#20737,#20754,#20771,#20788,
    #20805,#20822,#20839,#20856,#20873,#20890,#20907,#20924,#20941,
    #20958,#20975,#20992,#21009,#21026,#21043,#21060,#21077,#21094,
    #21111,#21128,#21145,#21162,#21179,#21196,#21213,#21230,#21247,
    #21264,#21281,#21298,#21315,#21332,#21349,#21366,#21383,#21400,
    #21417,#21434,#21451,#21468,#21485,#21502,#21519));
#18674 = ADVANCED_FACE('',(#18675),#18711,.T.);
#18675 = FACE_BOUND('',#18676,.T.);
#18676 = EDGE_LOOP('',(#18677,#18687,#18696,#18704));
#18677 = ORIENTED_EDGE('',*,*,#18678,.T.);
#18678 = EDGE_CURVE('',#18679,#18681,#18683,.T.);
#18679 = VERTEX_POINT('',#18680);
#18680 = CARTESIAN_POINT('',(46.999999,38.,0.));
#18681 = VERTEX_POINT('',#18682);
#18682 = CARTESIAN_POINT('',(46.999999,38.,1.51));
#18683 = LINE('',#18684,#18685);
#18684 = CARTESIAN_POINT('',(46.999999,38.,0.));
#18685 = VECTOR('',#18686,1.);
#18686 = DIRECTION('',(0.,0.,1.));
#18687 = ORIENTED_EDGE('',*,*,#18688,.T.);
#18688 = EDGE_CURVE('',#18681,#18689,#18691,.T.);
#18689 = VERTEX_POINT('',#18690);
#18690 = CARTESIAN_POINT('',(49.999999,35.,1.51));
#18691 = CIRCLE('',#18692,3.000001172987);
#18692 = AXIS2_PLACEMENT_3D('',#18693,#18694,#18695);
#18693 = CARTESIAN_POINT('',(46.999997827013,34.999998827013,1.51));
#18694 = DIRECTION('',(0.,0.,-1.));
#18695 = DIRECTION('',(3.909953663434E-07,1.,0.));
#18696 = ORIENTED_EDGE('',*,*,#18697,.F.);
#18697 = EDGE_CURVE('',#18698,#18689,#18700,.T.);
#18698 = VERTEX_POINT('',#18699);
#18699 = CARTESIAN_POINT('',(49.999999,35.,0.));
#18700 = LINE('',#18701,#18702);
#18701 = CARTESIAN_POINT('',(49.999999,35.,0.));
#18702 = VECTOR('',#18703,1.);
#18703 = DIRECTION('',(0.,0.,1.));
#18704 = ORIENTED_EDGE('',*,*,#18705,.F.);
#18705 = EDGE_CURVE('',#18679,#18698,#18706,.T.);
#18706 = CIRCLE('',#18707,3.000001172987);
#18707 = AXIS2_PLACEMENT_3D('',#18708,#18709,#18710);
#18708 = CARTESIAN_POINT('',(46.999997827013,34.999998827013,0.));
#18709 = DIRECTION('',(0.,0.,-1.));
#18710 = DIRECTION('',(3.909953663434E-07,1.,0.));
#18711 = CYLINDRICAL_SURFACE('',#18712,3.000001172987);
#18712 = AXIS2_PLACEMENT_3D('',#18713,#18714,#18715);
#18713 = CARTESIAN_POINT('',(46.999997827013,34.999998827013,0.));
#18714 = DIRECTION('',(0.,0.,-1.));
#18715 = DIRECTION('',(3.909953663434E-07,1.,0.));
#18716 = ADVANCED_FACE('',(#18717),#18742,.T.);
#18717 = FACE_BOUND('',#18718,.T.);
#18718 = EDGE_LOOP('',(#18719,#18729,#18735,#18736));
#18719 = ORIENTED_EDGE('',*,*,#18720,.T.);
#18720 = EDGE_CURVE('',#18721,#18723,#18725,.T.);
#18721 = VERTEX_POINT('',#18722);
#18722 = CARTESIAN_POINT('',(-47.,38.,0.));
#18723 = VERTEX_POINT('',#18724);
#18724 = CARTESIAN_POINT('',(-47.,38.,1.51));
#18725 = LINE('',#18726,#18727);
#18726 = CARTESIAN_POINT('',(-47.,38.,0.));
#18727 = VECTOR('',#18728,1.);
#18728 = DIRECTION('',(0.,0.,1.));
#18729 = ORIENTED_EDGE('',*,*,#18730,.T.);
#18730 = EDGE_CURVE('',#18723,#18681,#18731,.T.);
#18731 = LINE('',#18732,#18733);
#18732 = CARTESIAN_POINT('',(-47.,38.,1.51));
#18733 = VECTOR('',#18734,1.);
#18734 = DIRECTION('',(1.,0.,0.));
#18735 = ORIENTED_EDGE('',*,*,#18678,.F.);
#18736 = ORIENTED_EDGE('',*,*,#18737,.F.);
#18737 = EDGE_CURVE('',#18721,#18679,#18738,.T.);
#18738 = LINE('',#18739,#18740);
#18739 = CARTESIAN_POINT('',(-47.,38.,0.));
#18740 = VECTOR('',#18741,1.);
#18741 = DIRECTION('',(1.,0.,0.));
#18742 = PLANE('',#18743);
#18743 = AXIS2_PLACEMENT_3D('',#18744,#18745,#18746);
#18744 = CARTESIAN_POINT('',(-47.,38.,0.));
#18745 = DIRECTION('',(0.,1.,0.));
#18746 = DIRECTION('',(1.,0.,0.));
#18747 = ADVANCED_FACE('',(#18748),#18773,.T.);
#18748 = FACE_BOUND('',#18749,.T.);
#18749 = EDGE_LOOP('',(#18750,#18751,#18759,#18767));
#18750 = ORIENTED_EDGE('',*,*,#18697,.T.);
#18751 = ORIENTED_EDGE('',*,*,#18752,.T.);
#18752 = EDGE_CURVE('',#18689,#18753,#18755,.T.);
#18753 = VERTEX_POINT('',#18754);
#18754 = CARTESIAN_POINT('',(49.999999,-35.,1.51));
#18755 = LINE('',#18756,#18757);
#18756 = CARTESIAN_POINT('',(49.999999,35.,1.51));
#18757 = VECTOR('',#18758,1.);
#18758 = DIRECTION('',(0.,-1.,0.));
#18759 = ORIENTED_EDGE('',*,*,#18760,.F.);
#18760 = EDGE_CURVE('',#18761,#18753,#18763,.T.);
#18761 = VERTEX_POINT('',#18762);
#18762 = CARTESIAN_POINT('',(49.999999,-35.,0.));
#18763 = LINE('',#18764,#18765);
#18764 = CARTESIAN_POINT('',(49.999999,-35.,0.));
#18765 = VECTOR('',#18766,1.);
#18766 = DIRECTION('',(0.,0.,1.));
#18767 = ORIENTED_EDGE('',*,*,#18768,.F.);
#18768 = EDGE_CURVE('',#18698,#18761,#18769,.T.);
#18769 = LINE('',#18770,#18771);
#18770 = CARTESIAN_POINT('',(49.999999,35.,0.));
#18771 = VECTOR('',#18772,1.);
#18772 = DIRECTION('',(0.,-1.,0.));
#18773 = PLANE('',#18774);
#18774 = AXIS2_PLACEMENT_3D('',#18775,#18776,#18777);
#18775 = CARTESIAN_POINT('',(49.999999,35.,0.));
#18776 = DIRECTION('',(1.,0.,-0.));
#18777 = DIRECTION('',(0.,-1.,0.));
#18778 = ADVANCED_FACE('',(#18779,#18825,#18836,#18847,#18858,#18869,
    #18880,#18891,#18902,#18913,#18924,#18935,#18946,#18957,#18968,
    #18979,#18990,#19001,#19012,#19023,#19034,#19045,#19056,#19067,
    #19078,#19089,#19100,#19111,#19122,#19133,#19144,#19155,#19166,
    #19177,#19188,#19199,#19210,#19221,#19232,#19243,#19254,#19265,
    #19276,#19287,#19298,#19309,#19320,#19331,#19342,#19353,#19364,
    #19375,#19386,#19397,#19408,#19419,#19430,#19441,#19452,#19463,
    #19474,#19485,#19496,#19507,#19518,#19529,#19540),#19551,.F.);
#18779 = FACE_BOUND('',#18780,.F.);
#18780 = EDGE_LOOP('',(#18781,#18782,#18783,#18792,#18800,#18809,#18817,
    #18824));
#18781 = ORIENTED_EDGE('',*,*,#18705,.F.);
#18782 = ORIENTED_EDGE('',*,*,#18737,.F.);
#18783 = ORIENTED_EDGE('',*,*,#18784,.F.);
#18784 = EDGE_CURVE('',#18785,#18721,#18787,.T.);
#18785 = VERTEX_POINT('',#18786);
#18786 = CARTESIAN_POINT('',(-50.000001,34.999999,0.));
#18787 = CIRCLE('',#18788,3.000001172986);
#18788 = AXIS2_PLACEMENT_3D('',#18789,#18790,#18791);
#18789 = CARTESIAN_POINT('',(-46.99999982701,34.999998827014,0.));
#18790 = DIRECTION('',(0.,0.,-1.));
#18791 = DIRECTION('',(-1.,5.766197944245E-08,0.));
#18792 = ORIENTED_EDGE('',*,*,#18793,.F.);
#18793 = EDGE_CURVE('',#18794,#18785,#18796,.T.);
#18794 = VERTEX_POINT('',#18795);
#18795 = CARTESIAN_POINT('',(-50.000001,-34.999999,0.));
#18796 = LINE('',#18797,#18798);
#18797 = CARTESIAN_POINT('',(-50.000001,-34.999999,0.));
#18798 = VECTOR('',#18799,1.);
#18799 = DIRECTION('',(0.,1.,0.));
#18800 = ORIENTED_EDGE('',*,*,#18801,.F.);
#18801 = EDGE_CURVE('',#18802,#18794,#18804,.T.);
#18802 = VERTEX_POINT('',#18803);
#18803 = CARTESIAN_POINT('',(-47.,-38.,0.));
#18804 = CIRCLE('',#18805,3.000001172986);
#18805 = AXIS2_PLACEMENT_3D('',#18806,#18807,#18808);
#18806 = CARTESIAN_POINT('',(-46.99999982701,-34.99999882701,0.));
#18807 = DIRECTION('',(0.,0.,-1.));
#18808 = DIRECTION('',(-5.766197944245E-08,-1.,-0.));
#18809 = ORIENTED_EDGE('',*,*,#18810,.F.);
#18810 = EDGE_CURVE('',#18811,#18802,#18813,.T.);
#18811 = VERTEX_POINT('',#18812);
#18812 = CARTESIAN_POINT('',(46.999999,-38.,0.));
#18813 = LINE('',#18814,#18815);
#18814 = CARTESIAN_POINT('',(46.999999,-38.,0.));
#18815 = VECTOR('',#18816,1.);
#18816 = DIRECTION('',(-1.,0.,0.));
#18817 = ORIENTED_EDGE('',*,*,#18818,.F.);
#18818 = EDGE_CURVE('',#18761,#18811,#18819,.T.);
#18819 = CIRCLE('',#18820,3.000001172987);
#18820 = AXIS2_PLACEMENT_3D('',#18821,#18822,#18823);
#18821 = CARTESIAN_POINT('',(46.999997827013,-34.99999882701,0.));
#18822 = DIRECTION('',(0.,0.,-1.));
#18823 = DIRECTION('',(1.,-3.909953663434E-07,0.));
#18824 = ORIENTED_EDGE('',*,*,#18768,.F.);
#18825 = FACE_BOUND('',#18826,.F.);
#18826 = EDGE_LOOP('',(#18827));
#18827 = ORIENTED_EDGE('',*,*,#18828,.T.);
#18828 = EDGE_CURVE('',#18829,#18829,#18831,.T.);
#18829 = VERTEX_POINT('',#18830);
#18830 = CARTESIAN_POINT('',(-44.,-33.6,0.));
#18831 = CIRCLE('',#18832,1.6);
#18832 = AXIS2_PLACEMENT_3D('',#18833,#18834,#18835);
#18833 = CARTESIAN_POINT('',(-44.,-32.,0.));
#18834 = DIRECTION('',(-0.,0.,-1.));
#18835 = DIRECTION('',(-0.,-1.,0.));
#18836 = FACE_BOUND('',#18837,.F.);
#18837 = EDGE_LOOP('',(#18838));
#18838 = ORIENTED_EDGE('',*,*,#18839,.T.);
#18839 = EDGE_CURVE('',#18840,#18840,#18842,.T.);
#18840 = VERTEX_POINT('',#18841);
#18841 = CARTESIAN_POINT('',(-31.5,-30.55,0.));
#18842 = CIRCLE('',#18843,0.5);
#18843 = AXIS2_PLACEMENT_3D('',#18844,#18845,#18846);
#18844 = CARTESIAN_POINT('',(-31.5,-30.05,0.));
#18845 = DIRECTION('',(-0.,0.,-1.));
#18846 = DIRECTION('',(-0.,-1.,0.));
#18847 = FACE_BOUND('',#18848,.F.);
#18848 = EDGE_LOOP('',(#18849));
#18849 = ORIENTED_EDGE('',*,*,#18850,.T.);
#18850 = EDGE_CURVE('',#18851,#18851,#18853,.T.);
#18851 = VERTEX_POINT('',#18852);
#18852 = CARTESIAN_POINT('',(-26.5,-30.55,0.));
#18853 = CIRCLE('',#18854,0.5);
#18854 = AXIS2_PLACEMENT_3D('',#18855,#18856,#18857);
#18855 = CARTESIAN_POINT('',(-26.5,-30.05,0.));
#18856 = DIRECTION('',(-0.,0.,-1.));
#18857 = DIRECTION('',(-0.,-1.,0.));
#18858 = FACE_BOUND('',#18859,.F.);
#18859 = EDGE_LOOP('',(#18860));
#18860 = ORIENTED_EDGE('',*,*,#18861,.T.);
#18861 = EDGE_CURVE('',#18862,#18862,#18864,.T.);
#18862 = VERTEX_POINT('',#18863);
#18863 = CARTESIAN_POINT('',(-34.6,-24.35,0.));
#18864 = CIRCLE('',#18865,1.3);
#18865 = AXIS2_PLACEMENT_3D('',#18866,#18867,#18868);
#18866 = CARTESIAN_POINT('',(-34.6,-23.05,0.));
#18867 = DIRECTION('',(-0.,0.,-1.));
#18868 = DIRECTION('',(-5.465713352001E-15,-1.,0.));
#18869 = FACE_BOUND('',#18870,.F.);
#18870 = EDGE_LOOP('',(#18871));
#18871 = ORIENTED_EDGE('',*,*,#18872,.T.);
#18872 = EDGE_CURVE('',#18873,#18873,#18875,.T.);
#18873 = VERTEX_POINT('',#18874);
#18874 = CARTESIAN_POINT('',(-23.4,-24.35,0.));
#18875 = CIRCLE('',#18876,1.3);
#18876 = AXIS2_PLACEMENT_3D('',#18877,#18878,#18879);
#18877 = CARTESIAN_POINT('',(-23.4,-23.05,0.));
#18878 = DIRECTION('',(-0.,0.,-1.));
#18879 = DIRECTION('',(-0.,-1.,0.));
#18880 = FACE_BOUND('',#18881,.F.);
#18881 = EDGE_LOOP('',(#18882));
#18882 = ORIENTED_EDGE('',*,*,#18883,.T.);
#18883 = EDGE_CURVE('',#18884,#18884,#18886,.T.);
#18884 = VERTEX_POINT('',#18885);
#18885 = CARTESIAN_POINT('',(-3.08,-25.448,0.));
#18886 = CIRCLE('',#18887,0.55);
#18887 = AXIS2_PLACEMENT_3D('',#18888,#18889,#18890);
#18888 = CARTESIAN_POINT('',(-3.08,-24.898,0.));
#18889 = DIRECTION('',(-0.,0.,-1.));
#18890 = DIRECTION('',(-0.,-1.,0.));
#18891 = FACE_BOUND('',#18892,.F.);
#18892 = EDGE_LOOP('',(#18893));
#18893 = ORIENTED_EDGE('',*,*,#18894,.T.);
#18894 = EDGE_CURVE('',#18895,#18895,#18897,.T.);
#18895 = VERTEX_POINT('',#18896);
#18896 = CARTESIAN_POINT('',(-3.08,-20.948,0.));
#18897 = CIRCLE('',#18898,0.55);
#18898 = AXIS2_PLACEMENT_3D('',#18899,#18900,#18901);
#18899 = CARTESIAN_POINT('',(-3.08,-20.398,0.));
#18900 = DIRECTION('',(-0.,0.,-1.));
#18901 = DIRECTION('',(-0.,-1.,0.));
#18902 = FACE_BOUND('',#18903,.F.);
#18903 = EDGE_LOOP('',(#18904));
#18904 = ORIENTED_EDGE('',*,*,#18905,.T.);
#18905 = EDGE_CURVE('',#18906,#18906,#18908,.T.);
#18906 = VERTEX_POINT('',#18907);
#18907 = CARTESIAN_POINT('',(-31.5,-16.05,0.));
#18908 = CIRCLE('',#18909,0.5);
#18909 = AXIS2_PLACEMENT_3D('',#18910,#18911,#18912);
#18910 = CARTESIAN_POINT('',(-31.5,-15.55,0.));
#18911 = DIRECTION('',(-0.,0.,-1.));
#18912 = DIRECTION('',(-0.,-1.,0.));
#18913 = FACE_BOUND('',#18914,.F.);
#18914 = EDGE_LOOP('',(#18915));
#18915 = ORIENTED_EDGE('',*,*,#18916,.T.);
#18916 = EDGE_CURVE('',#18917,#18917,#18919,.T.);
#18917 = VERTEX_POINT('',#18918);
#18918 = CARTESIAN_POINT('',(-29.,-16.05,0.));
#18919 = CIRCLE('',#18920,0.5);
#18920 = AXIS2_PLACEMENT_3D('',#18921,#18922,#18923);
#18921 = CARTESIAN_POINT('',(-29.,-15.55,0.));
#18922 = DIRECTION('',(-0.,0.,-1.));
#18923 = DIRECTION('',(-0.,-1.,0.));
#18924 = FACE_BOUND('',#18925,.F.);
#18925 = EDGE_LOOP('',(#18926));
#18926 = ORIENTED_EDGE('',*,*,#18927,.T.);
#18927 = EDGE_CURVE('',#18928,#18928,#18930,.T.);
#18928 = VERTEX_POINT('',#18929);
#18929 = CARTESIAN_POINT('',(-26.5,-16.05,0.));
#18930 = CIRCLE('',#18931,0.5);
#18931 = AXIS2_PLACEMENT_3D('',#18932,#18933,#18934);
#18932 = CARTESIAN_POINT('',(-26.5,-15.55,0.));
#18933 = DIRECTION('',(-0.,0.,-1.));
#18934 = DIRECTION('',(-0.,-1.,0.));
#18935 = FACE_BOUND('',#18936,.F.);
#18936 = EDGE_LOOP('',(#18937));
#18937 = ORIENTED_EDGE('',*,*,#18938,.T.);
#18938 = EDGE_CURVE('',#18939,#18939,#18941,.T.);
#18939 = VERTEX_POINT('',#18940);
#18940 = CARTESIAN_POINT('',(-35.1884,-4.7816,0.));
#18941 = CIRCLE('',#18942,0.4);
#18942 = AXIS2_PLACEMENT_3D('',#18943,#18944,#18945);
#18943 = CARTESIAN_POINT('',(-35.1884,-4.3816,0.));
#18944 = DIRECTION('',(-0.,0.,-1.));
#18945 = DIRECTION('',(-0.,-1.,0.));
#18946 = FACE_BOUND('',#18947,.F.);
#18947 = EDGE_LOOP('',(#18948));
#18948 = ORIENTED_EDGE('',*,*,#18949,.T.);
#18949 = EDGE_CURVE('',#18950,#18950,#18952,.T.);
#18950 = VERTEX_POINT('',#18951);
#18951 = CARTESIAN_POINT('',(-32.6484,-4.7816,0.));
#18952 = CIRCLE('',#18953,0.4);
#18953 = AXIS2_PLACEMENT_3D('',#18954,#18955,#18956);
#18954 = CARTESIAN_POINT('',(-32.6484,-4.3816,0.));
#18955 = DIRECTION('',(-0.,0.,-1.));
#18956 = DIRECTION('',(-1.7763568394E-14,-1.,0.));
#18957 = FACE_BOUND('',#18958,.F.);
#18958 = EDGE_LOOP('',(#18959));
#18959 = ORIENTED_EDGE('',*,*,#18960,.T.);
#18960 = EDGE_CURVE('',#18961,#18961,#18963,.T.);
#18961 = VERTEX_POINT('',#18962);
#18962 = CARTESIAN_POINT('',(-30.1084,-4.7816,0.));
#18963 = CIRCLE('',#18964,0.4);
#18964 = AXIS2_PLACEMENT_3D('',#18965,#18966,#18967);
#18965 = CARTESIAN_POINT('',(-30.1084,-4.3816,0.));
#18966 = DIRECTION('',(-0.,0.,-1.));
#18967 = DIRECTION('',(8.881784197001E-15,-1.,-0.));
#18968 = FACE_BOUND('',#18969,.F.);
#18969 = EDGE_LOOP('',(#18970));
#18970 = ORIENTED_EDGE('',*,*,#18971,.T.);
#18971 = EDGE_CURVE('',#18972,#18972,#18974,.T.);
#18972 = VERTEX_POINT('',#18973);
#18973 = CARTESIAN_POINT('',(-27.5684,-4.7816,0.));
#18974 = CIRCLE('',#18975,0.4);
#18975 = AXIS2_PLACEMENT_3D('',#18976,#18977,#18978);
#18976 = CARTESIAN_POINT('',(-27.5684,-4.3816,0.));
#18977 = DIRECTION('',(-0.,0.,-1.));
#18978 = DIRECTION('',(-8.881784197001E-15,-1.,0.));
#18979 = FACE_BOUND('',#18980,.F.);
#18980 = EDGE_LOOP('',(#18981));
#18981 = ORIENTED_EDGE('',*,*,#18982,.T.);
#18982 = EDGE_CURVE('',#18983,#18983,#18985,.T.);
#18983 = VERTEX_POINT('',#18984);
#18984 = CARTESIAN_POINT('',(-25.0284,-4.7816,0.));
#18985 = CIRCLE('',#18986,0.4);
#18986 = AXIS2_PLACEMENT_3D('',#18987,#18988,#18989);
#18987 = CARTESIAN_POINT('',(-25.0284,-4.3816,0.));
#18988 = DIRECTION('',(-0.,0.,-1.));
#18989 = DIRECTION('',(-8.881784197001E-15,-1.,0.));
#18990 = FACE_BOUND('',#18991,.F.);
#18991 = EDGE_LOOP('',(#18992));
#18992 = ORIENTED_EDGE('',*,*,#18993,.T.);
#18993 = EDGE_CURVE('',#18994,#18994,#18996,.T.);
#18994 = VERTEX_POINT('',#18995);
#18995 = CARTESIAN_POINT('',(3.42,-25.448,0.));
#18996 = CIRCLE('',#18997,0.55);
#18997 = AXIS2_PLACEMENT_3D('',#18998,#18999,#19000);
#18998 = CARTESIAN_POINT('',(3.42,-24.898,0.));
#18999 = DIRECTION('',(-0.,0.,-1.));
#19000 = DIRECTION('',(-0.,-1.,0.));
#19001 = FACE_BOUND('',#19002,.F.);
#19002 = EDGE_LOOP('',(#19003));
#19003 = ORIENTED_EDGE('',*,*,#19004,.T.);
#19004 = EDGE_CURVE('',#19005,#19005,#19007,.T.);
#19005 = VERTEX_POINT('',#19006);
#19006 = CARTESIAN_POINT('',(3.42,-20.948,0.));
#19007 = CIRCLE('',#19008,0.55);
#19008 = AXIS2_PLACEMENT_3D('',#19009,#19010,#19011);
#19009 = CARTESIAN_POINT('',(3.42,-20.398,0.));
#19010 = DIRECTION('',(-0.,0.,-1.));
#19011 = DIRECTION('',(-0.,-1.,0.));
#19012 = FACE_BOUND('',#19013,.F.);
#19013 = EDGE_LOOP('',(#19014));
#19014 = ORIENTED_EDGE('',*,*,#19015,.T.);
#19015 = EDGE_CURVE('',#19016,#19016,#19018,.T.);
#19016 = VERTEX_POINT('',#19017);
#19017 = CARTESIAN_POINT('',(27.5,-30.5,0.));
#19018 = CIRCLE('',#19019,0.5);
#19019 = AXIS2_PLACEMENT_3D('',#19020,#19021,#19022);
#19020 = CARTESIAN_POINT('',(27.5,-30.,0.));
#19021 = DIRECTION('',(-0.,0.,-1.));
#19022 = DIRECTION('',(-0.,-1.,0.));
#19023 = FACE_BOUND('',#19024,.F.);
#19024 = EDGE_LOOP('',(#19025));
#19025 = ORIENTED_EDGE('',*,*,#19026,.T.);
#19026 = EDGE_CURVE('',#19027,#19027,#19029,.T.);
#19027 = VERTEX_POINT('',#19028);
#19028 = CARTESIAN_POINT('',(32.5,-30.5,0.));
#19029 = CIRCLE('',#19030,0.5);
#19030 = AXIS2_PLACEMENT_3D('',#19031,#19032,#19033);
#19031 = CARTESIAN_POINT('',(32.5,-30.,0.));
#19032 = DIRECTION('',(-0.,0.,-1.));
#19033 = DIRECTION('',(-0.,-1.,0.));
#19034 = FACE_BOUND('',#19035,.F.);
#19035 = EDGE_LOOP('',(#19036));
#19036 = ORIENTED_EDGE('',*,*,#19037,.T.);
#19037 = EDGE_CURVE('',#19038,#19038,#19040,.T.);
#19038 = VERTEX_POINT('',#19039);
#19039 = CARTESIAN_POINT('',(44.,-33.6,0.));
#19040 = CIRCLE('',#19041,1.6);
#19041 = AXIS2_PLACEMENT_3D('',#19042,#19043,#19044);
#19042 = CARTESIAN_POINT('',(44.,-32.,0.));
#19043 = DIRECTION('',(-0.,0.,-1.));
#19044 = DIRECTION('',(-0.,-1.,0.));
#19045 = FACE_BOUND('',#19046,.F.);
#19046 = EDGE_LOOP('',(#19047));
#19047 = ORIENTED_EDGE('',*,*,#19048,.T.);
#19048 = EDGE_CURVE('',#19049,#19049,#19051,.T.);
#19049 = VERTEX_POINT('',#19050);
#19050 = CARTESIAN_POINT('',(24.4,-24.3,0.));
#19051 = CIRCLE('',#19052,1.3);
#19052 = AXIS2_PLACEMENT_3D('',#19053,#19054,#19055);
#19053 = CARTESIAN_POINT('',(24.4,-23.,0.));
#19054 = DIRECTION('',(-0.,0.,-1.));
#19055 = DIRECTION('',(-0.,-1.,0.));
#19056 = FACE_BOUND('',#19057,.F.);
#19057 = EDGE_LOOP('',(#19058));
#19058 = ORIENTED_EDGE('',*,*,#19059,.T.);
#19059 = EDGE_CURVE('',#19060,#19060,#19062,.T.);
#19060 = VERTEX_POINT('',#19061);
#19061 = CARTESIAN_POINT('',(35.6,-24.3,0.));
#19062 = CIRCLE('',#19063,1.3);
#19063 = AXIS2_PLACEMENT_3D('',#19064,#19065,#19066);
#19064 = CARTESIAN_POINT('',(35.6,-23.,0.));
#19065 = DIRECTION('',(-0.,0.,-1.));
#19066 = DIRECTION('',(5.465713352001E-15,-1.,-0.));
#19067 = FACE_BOUND('',#19068,.F.);
#19068 = EDGE_LOOP('',(#19069));
#19069 = ORIENTED_EDGE('',*,*,#19070,.T.);
#19070 = EDGE_CURVE('',#19071,#19071,#19073,.T.);
#19071 = VERTEX_POINT('',#19072);
#19072 = CARTESIAN_POINT('',(27.5,-16.,0.));
#19073 = CIRCLE('',#19074,0.5);
#19074 = AXIS2_PLACEMENT_3D('',#19075,#19076,#19077);
#19075 = CARTESIAN_POINT('',(27.5,-15.5,0.));
#19076 = DIRECTION('',(-0.,0.,-1.));
#19077 = DIRECTION('',(-0.,-1.,0.));
#19078 = FACE_BOUND('',#19079,.F.);
#19079 = EDGE_LOOP('',(#19080));
#19080 = ORIENTED_EDGE('',*,*,#19081,.T.);
#19081 = EDGE_CURVE('',#19082,#19082,#19084,.T.);
#19082 = VERTEX_POINT('',#19083);
#19083 = CARTESIAN_POINT('',(30.,-16.,0.));
#19084 = CIRCLE('',#19085,0.5);
#19085 = AXIS2_PLACEMENT_3D('',#19086,#19087,#19088);
#19086 = CARTESIAN_POINT('',(30.,-15.5,0.));
#19087 = DIRECTION('',(-0.,0.,-1.));
#19088 = DIRECTION('',(-0.,-1.,0.));
#19089 = FACE_BOUND('',#19090,.F.);
#19090 = EDGE_LOOP('',(#19091));
#19091 = ORIENTED_EDGE('',*,*,#19092,.T.);
#19092 = EDGE_CURVE('',#19093,#19093,#19095,.T.);
#19093 = VERTEX_POINT('',#19094);
#19094 = CARTESIAN_POINT('',(32.5,-16.,0.));
#19095 = CIRCLE('',#19096,0.5);
#19096 = AXIS2_PLACEMENT_3D('',#19097,#19098,#19099);
#19097 = CARTESIAN_POINT('',(32.5,-15.5,0.));
#19098 = DIRECTION('',(-0.,0.,-1.));
#19099 = DIRECTION('',(-0.,-1.,0.));
#19100 = FACE_BOUND('',#19101,.F.);
#19101 = EDGE_LOOP('',(#19102));
#19102 = ORIENTED_EDGE('',*,*,#19103,.T.);
#19103 = EDGE_CURVE('',#19104,#19104,#19106,.T.);
#19104 = VERTEX_POINT('',#19105);
#19105 = CARTESIAN_POINT('',(23.638,-4.7308,0.));
#19106 = CIRCLE('',#19107,0.4);
#19107 = AXIS2_PLACEMENT_3D('',#19108,#19109,#19110);
#19108 = CARTESIAN_POINT('',(23.638,-4.3308,0.));
#19109 = DIRECTION('',(-0.,0.,-1.));
#19110 = DIRECTION('',(8.881784197001E-15,-1.,-0.));
#19111 = FACE_BOUND('',#19112,.F.);
#19112 = EDGE_LOOP('',(#19113));
#19113 = ORIENTED_EDGE('',*,*,#19114,.T.);
#19114 = EDGE_CURVE('',#19115,#19115,#19117,.T.);
#19115 = VERTEX_POINT('',#19116);
#19116 = CARTESIAN_POINT('',(26.178,-4.7308,0.));
#19117 = CIRCLE('',#19118,0.4);
#19118 = AXIS2_PLACEMENT_3D('',#19119,#19120,#19121);
#19119 = CARTESIAN_POINT('',(26.178,-4.3308,0.));
#19120 = DIRECTION('',(-0.,0.,-1.));
#19121 = DIRECTION('',(8.881784197001E-15,-1.,-0.));
#19122 = FACE_BOUND('',#19123,.F.);
#19123 = EDGE_LOOP('',(#19124));
#19124 = ORIENTED_EDGE('',*,*,#19125,.T.);
#19125 = EDGE_CURVE('',#19126,#19126,#19128,.T.);
#19126 = VERTEX_POINT('',#19127);
#19127 = CARTESIAN_POINT('',(28.718,-4.7308,0.));
#19128 = CIRCLE('',#19129,0.4);
#19129 = AXIS2_PLACEMENT_3D('',#19130,#19131,#19132);
#19130 = CARTESIAN_POINT('',(28.718,-4.3308,0.));
#19131 = DIRECTION('',(-0.,0.,-1.));
#19132 = DIRECTION('',(-0.,-1.,0.));
#19133 = FACE_BOUND('',#19134,.F.);
#19134 = EDGE_LOOP('',(#19135));
#19135 = ORIENTED_EDGE('',*,*,#19136,.T.);
#19136 = EDGE_CURVE('',#19137,#19137,#19139,.T.);
#19137 = VERTEX_POINT('',#19138);
#19138 = CARTESIAN_POINT('',(31.258,-4.7308,0.));
#19139 = CIRCLE('',#19140,0.4);
#19140 = AXIS2_PLACEMENT_3D('',#19141,#19142,#19143);
#19141 = CARTESIAN_POINT('',(31.258,-4.3308,0.));
#19142 = DIRECTION('',(-0.,0.,-1.));
#19143 = DIRECTION('',(-8.881784197001E-15,-1.,0.));
#19144 = FACE_BOUND('',#19145,.F.);
#19145 = EDGE_LOOP('',(#19146));
#19146 = ORIENTED_EDGE('',*,*,#19147,.T.);
#19147 = EDGE_CURVE('',#19148,#19148,#19150,.T.);
#19148 = VERTEX_POINT('',#19149);
#19149 = CARTESIAN_POINT('',(33.798,-4.7308,0.));
#19150 = CIRCLE('',#19151,0.4);
#19151 = AXIS2_PLACEMENT_3D('',#19152,#19153,#19154);
#19152 = CARTESIAN_POINT('',(33.798,-4.3308,0.));
#19153 = DIRECTION('',(-0.,0.,-1.));
#19154 = DIRECTION('',(-0.,-1.,0.));
#19155 = FACE_BOUND('',#19156,.F.);
#19156 = EDGE_LOOP('',(#19157));
#19157 = ORIENTED_EDGE('',*,*,#19158,.T.);
#19158 = EDGE_CURVE('',#19159,#19159,#19161,.T.);
#19159 = VERTEX_POINT('',#19160);
#19160 = CARTESIAN_POINT('',(-35.1884,5.3784,0.));
#19161 = CIRCLE('',#19162,0.4);
#19162 = AXIS2_PLACEMENT_3D('',#19163,#19164,#19165);
#19163 = CARTESIAN_POINT('',(-35.1884,5.7784,0.));
#19164 = DIRECTION('',(-0.,0.,-1.));
#19165 = DIRECTION('',(-0.,-1.,0.));
#19166 = FACE_BOUND('',#19167,.F.);
#19167 = EDGE_LOOP('',(#19168));
#19168 = ORIENTED_EDGE('',*,*,#19169,.T.);
#19169 = EDGE_CURVE('',#19170,#19170,#19172,.T.);
#19170 = VERTEX_POINT('',#19171);
#19171 = CARTESIAN_POINT('',(-32.6484,5.3784,0.));
#19172 = CIRCLE('',#19173,0.4);
#19173 = AXIS2_PLACEMENT_3D('',#19174,#19175,#19176);
#19174 = CARTESIAN_POINT('',(-32.6484,5.7784,0.));
#19175 = DIRECTION('',(-0.,0.,-1.));
#19176 = DIRECTION('',(-1.7763568394E-14,-1.,0.));
#19177 = FACE_BOUND('',#19178,.F.);
#19178 = EDGE_LOOP('',(#19179));
#19179 = ORIENTED_EDGE('',*,*,#19180,.T.);
#19180 = EDGE_CURVE('',#19181,#19181,#19183,.T.);
#19181 = VERTEX_POINT('',#19182);
#19182 = CARTESIAN_POINT('',(-30.1084,5.3784,0.));
#19183 = CIRCLE('',#19184,0.4);
#19184 = AXIS2_PLACEMENT_3D('',#19185,#19186,#19187);
#19185 = CARTESIAN_POINT('',(-30.1084,5.7784,0.));
#19186 = DIRECTION('',(-0.,0.,-1.));
#19187 = DIRECTION('',(8.881784197001E-15,-1.,-0.));
#19188 = FACE_BOUND('',#19189,.F.);
#19189 = EDGE_LOOP('',(#19190));
#19190 = ORIENTED_EDGE('',*,*,#19191,.T.);
#19191 = EDGE_CURVE('',#19192,#19192,#19194,.T.);
#19192 = VERTEX_POINT('',#19193);
#19193 = CARTESIAN_POINT('',(-27.5684,5.3784,0.));
#19194 = CIRCLE('',#19195,0.4);
#19195 = AXIS2_PLACEMENT_3D('',#19196,#19197,#19198);
#19196 = CARTESIAN_POINT('',(-27.5684,5.7784,0.));
#19197 = DIRECTION('',(-0.,0.,-1.));
#19198 = DIRECTION('',(-8.881784197001E-15,-1.,0.));
#19199 = FACE_BOUND('',#19200,.F.);
#19200 = EDGE_LOOP('',(#19201));
#19201 = ORIENTED_EDGE('',*,*,#19202,.T.);
#19202 = EDGE_CURVE('',#19203,#19203,#19205,.T.);
#19203 = VERTEX_POINT('',#19204);
#19204 = CARTESIAN_POINT('',(-25.0284,5.3784,0.));
#19205 = CIRCLE('',#19206,0.4);
#19206 = AXIS2_PLACEMENT_3D('',#19207,#19208,#19209);
#19207 = CARTESIAN_POINT('',(-25.0284,5.7784,0.));
#19208 = DIRECTION('',(-0.,0.,-1.));
#19209 = DIRECTION('',(-8.881784197001E-15,-1.,0.));
#19210 = FACE_BOUND('',#19211,.F.);
#19211 = EDGE_LOOP('',(#19212));
#19212 = ORIENTED_EDGE('',*,*,#19213,.T.);
#19213 = EDGE_CURVE('',#19214,#19214,#19216,.T.);
#19214 = VERTEX_POINT('',#19215);
#19215 = CARTESIAN_POINT('',(-23.388,14.6198,0.));
#19216 = CIRCLE('',#19217,0.375);
#19217 = AXIS2_PLACEMENT_3D('',#19218,#19219,#19220);
#19218 = CARTESIAN_POINT('',(-23.388,14.9948,0.));
#19219 = DIRECTION('',(-0.,0.,-1.));
#19220 = DIRECTION('',(-0.,-1.,0.));
#19221 = FACE_BOUND('',#19222,.F.);
#19222 = EDGE_LOOP('',(#19223));
#19223 = ORIENTED_EDGE('',*,*,#19224,.T.);
#19224 = EDGE_CURVE('',#19225,#19225,#19227,.T.);
#19225 = VERTEX_POINT('',#19226);
#19226 = CARTESIAN_POINT('',(-22.4884,5.3784,0.));
#19227 = CIRCLE('',#19228,0.4);
#19228 = AXIS2_PLACEMENT_3D('',#19229,#19230,#19231);
#19229 = CARTESIAN_POINT('',(-22.4884,5.7784,0.));
#19230 = DIRECTION('',(-0.,0.,-1.));
#19231 = DIRECTION('',(-0.,-1.,0.));
#19232 = FACE_BOUND('',#19233,.F.);
#19233 = EDGE_LOOP('',(#19234));
#19234 = ORIENTED_EDGE('',*,*,#19235,.T.);
#19235 = EDGE_CURVE('',#19236,#19236,#19238,.T.);
#19236 = VERTEX_POINT('',#19237);
#19237 = CARTESIAN_POINT('',(-21.388,14.6198,0.));
#19238 = CIRCLE('',#19239,0.375);
#19239 = AXIS2_PLACEMENT_3D('',#19240,#19241,#19242);
#19240 = CARTESIAN_POINT('',(-21.388,14.9948,0.));
#19241 = DIRECTION('',(-0.,0.,-1.));
#19242 = DIRECTION('',(-0.,-1.,0.));
#19243 = FACE_BOUND('',#19244,.F.);
#19244 = EDGE_LOOP('',(#19245));
#19245 = ORIENTED_EDGE('',*,*,#19246,.T.);
#19246 = EDGE_CURVE('',#19247,#19247,#19249,.T.);
#19247 = VERTEX_POINT('',#19248);
#19248 = CARTESIAN_POINT('',(-19.388,14.6198,0.));
#19249 = CIRCLE('',#19250,0.375);
#19250 = AXIS2_PLACEMENT_3D('',#19251,#19252,#19253);
#19251 = CARTESIAN_POINT('',(-19.388,14.9948,0.));
#19252 = DIRECTION('',(-0.,0.,-1.));
#19253 = DIRECTION('',(-0.,-1.,0.));
#19254 = FACE_BOUND('',#19255,.F.);
#19255 = EDGE_LOOP('',(#19256));
#19256 = ORIENTED_EDGE('',*,*,#19257,.T.);
#19257 = EDGE_CURVE('',#19258,#19258,#19260,.T.);
#19258 = VERTEX_POINT('',#19259);
#19259 = CARTESIAN_POINT('',(-17.388,14.6198,0.));
#19260 = CIRCLE('',#19261,0.375);
#19261 = AXIS2_PLACEMENT_3D('',#19262,#19263,#19264);
#19262 = CARTESIAN_POINT('',(-17.388,14.9948,0.));
#19263 = DIRECTION('',(-0.,0.,-1.));
#19264 = DIRECTION('',(-0.,-1.,0.));
#19265 = FACE_BOUND('',#19266,.F.);
#19266 = EDGE_LOOP('',(#19267));
#19267 = ORIENTED_EDGE('',*,*,#19268,.T.);
#19268 = EDGE_CURVE('',#19269,#19269,#19271,.T.);
#19269 = VERTEX_POINT('',#19270);
#19270 = CARTESIAN_POINT('',(-15.388,14.6198,0.));
#19271 = CIRCLE('',#19272,0.375);
#19272 = AXIS2_PLACEMENT_3D('',#19273,#19274,#19275);
#19273 = CARTESIAN_POINT('',(-15.388,14.9948,0.));
#19274 = DIRECTION('',(-0.,0.,-1.));
#19275 = DIRECTION('',(-0.,-1.,0.));
#19276 = FACE_BOUND('',#19277,.F.);
#19277 = EDGE_LOOP('',(#19278));
#19278 = ORIENTED_EDGE('',*,*,#19279,.T.);
#19279 = EDGE_CURVE('',#19280,#19280,#19282,.T.);
#19280 = VERTEX_POINT('',#19281);
#19281 = CARTESIAN_POINT('',(-13.388,14.6198,0.));
#19282 = CIRCLE('',#19283,0.375);
#19283 = AXIS2_PLACEMENT_3D('',#19284,#19285,#19286);
#19284 = CARTESIAN_POINT('',(-13.388,14.9948,0.));
#19285 = DIRECTION('',(-0.,0.,-1.));
#19286 = DIRECTION('',(-0.,-1.,0.));
#19287 = FACE_BOUND('',#19288,.F.);
#19288 = EDGE_LOOP('',(#19289));
#19289 = ORIENTED_EDGE('',*,*,#19290,.T.);
#19290 = EDGE_CURVE('',#19291,#19291,#19293,.T.);
#19291 = VERTEX_POINT('',#19292);
#19292 = CARTESIAN_POINT('',(-11.388,14.6198,0.));
#19293 = CIRCLE('',#19294,0.375);
#19294 = AXIS2_PLACEMENT_3D('',#19295,#19296,#19297);
#19295 = CARTESIAN_POINT('',(-11.388,14.9948,0.));
#19296 = DIRECTION('',(-0.,0.,-1.));
#19297 = DIRECTION('',(-0.,-1.,0.));
#19298 = FACE_BOUND('',#19299,.F.);
#19299 = EDGE_LOOP('',(#19300));
#19300 = ORIENTED_EDGE('',*,*,#19301,.T.);
#19301 = EDGE_CURVE('',#19302,#19302,#19304,.T.);
#19302 = VERTEX_POINT('',#19303);
#19303 = CARTESIAN_POINT('',(-2.55,15.1,0.));
#19304 = CIRCLE('',#19305,0.5);
#19305 = AXIS2_PLACEMENT_3D('',#19306,#19307,#19308);
#19306 = CARTESIAN_POINT('',(-2.55,15.6,0.));
#19307 = DIRECTION('',(-0.,0.,-1.));
#19308 = DIRECTION('',(-0.,-1.,0.));
#19309 = FACE_BOUND('',#19310,.F.);
#19310 = EDGE_LOOP('',(#19311));
#19311 = ORIENTED_EDGE('',*,*,#19312,.T.);
#19312 = EDGE_CURVE('',#19313,#19313,#19315,.T.);
#19313 = VERTEX_POINT('',#19314);
#19314 = CARTESIAN_POINT('',(-5.E-02,15.1,0.));
#19315 = CIRCLE('',#19316,0.5);
#19316 = AXIS2_PLACEMENT_3D('',#19317,#19318,#19319);
#19317 = CARTESIAN_POINT('',(-5.E-02,15.6,0.));
#19318 = DIRECTION('',(-0.,0.,-1.));
#19319 = DIRECTION('',(5.551115123126E-17,-1.,-0.));
#19320 = FACE_BOUND('',#19321,.F.);
#19321 = EDGE_LOOP('',(#19322));
#19322 = ORIENTED_EDGE('',*,*,#19323,.T.);
#19323 = EDGE_CURVE('',#19324,#19324,#19326,.T.);
#19324 = VERTEX_POINT('',#19325);
#19325 = CARTESIAN_POINT('',(-35.86,20.6,0.));
#19326 = CIRCLE('',#19327,0.55);
#19327 = AXIS2_PLACEMENT_3D('',#19328,#19329,#19330);
#19328 = CARTESIAN_POINT('',(-35.86,21.15,0.));
#19329 = DIRECTION('',(-0.,0.,-1.));
#19330 = DIRECTION('',(-0.,-1.,0.));
#19331 = FACE_BOUND('',#19332,.F.);
#19332 = EDGE_LOOP('',(#19333));
#19333 = ORIENTED_EDGE('',*,*,#19334,.T.);
#19334 = EDGE_CURVE('',#19335,#19335,#19337,.T.);
#19335 = VERTEX_POINT('',#19336);
#19336 = CARTESIAN_POINT('',(-29.36,20.6,0.));
#19337 = CIRCLE('',#19338,0.55);
#19338 = AXIS2_PLACEMENT_3D('',#19339,#19340,#19341);
#19339 = CARTESIAN_POINT('',(-29.36,21.15,0.));
#19340 = DIRECTION('',(-0.,0.,-1.));
#19341 = DIRECTION('',(-0.,-1.,0.));
#19342 = FACE_BOUND('',#19343,.F.);
#19343 = EDGE_LOOP('',(#19344));
#19344 = ORIENTED_EDGE('',*,*,#19345,.T.);
#19345 = EDGE_CURVE('',#19346,#19346,#19348,.T.);
#19346 = VERTEX_POINT('',#19347);
#19347 = CARTESIAN_POINT('',(-35.86,25.1,0.));
#19348 = CIRCLE('',#19349,0.55);
#19349 = AXIS2_PLACEMENT_3D('',#19350,#19351,#19352);
#19350 = CARTESIAN_POINT('',(-35.86,25.65,0.));
#19351 = DIRECTION('',(-0.,0.,-1.));
#19352 = DIRECTION('',(-0.,-1.,0.));
#19353 = FACE_BOUND('',#19354,.F.);
#19354 = EDGE_LOOP('',(#19355));
#19355 = ORIENTED_EDGE('',*,*,#19356,.T.);
#19356 = EDGE_CURVE('',#19357,#19357,#19359,.T.);
#19357 = VERTEX_POINT('',#19358);
#19358 = CARTESIAN_POINT('',(-44.,30.4,0.));
#19359 = CIRCLE('',#19360,1.6);
#19360 = AXIS2_PLACEMENT_3D('',#19361,#19362,#19363);
#19361 = CARTESIAN_POINT('',(-44.,32.,0.));
#19362 = DIRECTION('',(-0.,0.,-1.));
#19363 = DIRECTION('',(-0.,-1.,0.));
#19364 = FACE_BOUND('',#19365,.F.);
#19365 = EDGE_LOOP('',(#19366));
#19366 = ORIENTED_EDGE('',*,*,#19367,.T.);
#19367 = EDGE_CURVE('',#19368,#19368,#19370,.T.);
#19368 = VERTEX_POINT('',#19369);
#19369 = CARTESIAN_POINT('',(-29.36,25.1,0.));
#19370 = CIRCLE('',#19371,0.55);
#19371 = AXIS2_PLACEMENT_3D('',#19372,#19373,#19374);
#19372 = CARTESIAN_POINT('',(-29.36,25.65,0.));
#19373 = DIRECTION('',(-0.,0.,-1.));
#19374 = DIRECTION('',(-0.,-1.,0.));
#19375 = FACE_BOUND('',#19376,.F.);
#19376 = EDGE_LOOP('',(#19377));
#19377 = ORIENTED_EDGE('',*,*,#19378,.T.);
#19378 = EDGE_CURVE('',#19379,#19379,#19381,.T.);
#19379 = VERTEX_POINT('',#19380);
#19380 = CARTESIAN_POINT('',(-5.65,21.8,0.));
#19381 = CIRCLE('',#19382,1.3);
#19382 = AXIS2_PLACEMENT_3D('',#19383,#19384,#19385);
#19383 = CARTESIAN_POINT('',(-5.65,23.1,0.));
#19384 = DIRECTION('',(-0.,0.,-1.));
#19385 = DIRECTION('',(-0.,-1.,0.));
#19386 = FACE_BOUND('',#19387,.F.);
#19387 = EDGE_LOOP('',(#19388));
#19388 = ORIENTED_EDGE('',*,*,#19389,.T.);
#19389 = EDGE_CURVE('',#19390,#19390,#19392,.T.);
#19390 = VERTEX_POINT('',#19391);
#19391 = CARTESIAN_POINT('',(-2.55,29.6,0.));
#19392 = CIRCLE('',#19393,0.5);
#19393 = AXIS2_PLACEMENT_3D('',#19394,#19395,#19396);
#19394 = CARTESIAN_POINT('',(-2.55,30.1,0.));
#19395 = DIRECTION('',(-0.,0.,-1.));
#19396 = DIRECTION('',(-0.,-1.,0.));
#19397 = FACE_BOUND('',#19398,.F.);
#19398 = EDGE_LOOP('',(#19399));
#19399 = ORIENTED_EDGE('',*,*,#19400,.T.);
#19400 = EDGE_CURVE('',#19401,#19401,#19403,.T.);
#19401 = VERTEX_POINT('',#19402);
#19402 = CARTESIAN_POINT('',(2.45,15.1,0.));
#19403 = CIRCLE('',#19404,0.5);
#19404 = AXIS2_PLACEMENT_3D('',#19405,#19406,#19407);
#19405 = CARTESIAN_POINT('',(2.45,15.6,0.));
#19406 = DIRECTION('',(-0.,0.,-1.));
#19407 = DIRECTION('',(-0.,-1.,0.));
#19408 = FACE_BOUND('',#19409,.F.);
#19409 = EDGE_LOOP('',(#19410));
#19410 = ORIENTED_EDGE('',*,*,#19411,.T.);
#19411 = EDGE_CURVE('',#19412,#19412,#19414,.T.);
#19412 = VERTEX_POINT('',#19413);
#19413 = CARTESIAN_POINT('',(23.638,5.4292,0.));
#19414 = CIRCLE('',#19415,0.4);
#19415 = AXIS2_PLACEMENT_3D('',#19416,#19417,#19418);
#19416 = CARTESIAN_POINT('',(23.638,5.8292,0.));
#19417 = DIRECTION('',(-0.,0.,-1.));
#19418 = DIRECTION('',(8.881784197001E-15,-1.,-0.));
#19419 = FACE_BOUND('',#19420,.F.);
#19420 = EDGE_LOOP('',(#19421));
#19421 = ORIENTED_EDGE('',*,*,#19422,.T.);
#19422 = EDGE_CURVE('',#19423,#19423,#19425,.T.);
#19423 = VERTEX_POINT('',#19424);
#19424 = CARTESIAN_POINT('',(26.178,5.4292,0.));
#19425 = CIRCLE('',#19426,0.4);
#19426 = AXIS2_PLACEMENT_3D('',#19427,#19428,#19429);
#19427 = CARTESIAN_POINT('',(26.178,5.8292,0.));
#19428 = DIRECTION('',(-0.,0.,-1.));
#19429 = DIRECTION('',(8.881784197001E-15,-1.,-0.));
#19430 = FACE_BOUND('',#19431,.F.);
#19431 = EDGE_LOOP('',(#19432));
#19432 = ORIENTED_EDGE('',*,*,#19433,.T.);
#19433 = EDGE_CURVE('',#19434,#19434,#19436,.T.);
#19434 = VERTEX_POINT('',#19435);
#19435 = CARTESIAN_POINT('',(28.718,5.4292,0.));
#19436 = CIRCLE('',#19437,0.4);
#19437 = AXIS2_PLACEMENT_3D('',#19438,#19439,#19440);
#19438 = CARTESIAN_POINT('',(28.718,5.8292,0.));
#19439 = DIRECTION('',(-0.,0.,-1.));
#19440 = DIRECTION('',(-0.,-1.,0.));
#19441 = FACE_BOUND('',#19442,.F.);
#19442 = EDGE_LOOP('',(#19443));
#19443 = ORIENTED_EDGE('',*,*,#19444,.T.);
#19444 = EDGE_CURVE('',#19445,#19445,#19447,.T.);
#19445 = VERTEX_POINT('',#19446);
#19446 = CARTESIAN_POINT('',(31.258,5.4292,0.));
#19447 = CIRCLE('',#19448,0.4);
#19448 = AXIS2_PLACEMENT_3D('',#19449,#19450,#19451);
#19449 = CARTESIAN_POINT('',(31.258,5.8292,0.));
#19450 = DIRECTION('',(-0.,0.,-1.));
#19451 = DIRECTION('',(-8.881784197001E-15,-1.,0.));
#19452 = FACE_BOUND('',#19453,.F.);
#19453 = EDGE_LOOP('',(#19454));
#19454 = ORIENTED_EDGE('',*,*,#19455,.T.);
#19455 = EDGE_CURVE('',#19456,#19456,#19458,.T.);
#19456 = VERTEX_POINT('',#19457);
#19457 = CARTESIAN_POINT('',(33.798,5.4292,0.));
#19458 = CIRCLE('',#19459,0.4);
#19459 = AXIS2_PLACEMENT_3D('',#19460,#19461,#19462);
#19460 = CARTESIAN_POINT('',(33.798,5.8292,0.));
#19461 = DIRECTION('',(-0.,0.,-1.));
#19462 = DIRECTION('',(-0.,-1.,0.));
#19463 = FACE_BOUND('',#19464,.F.);
#19464 = EDGE_LOOP('',(#19465));
#19465 = ORIENTED_EDGE('',*,*,#19466,.T.);
#19466 = EDGE_CURVE('',#19467,#19467,#19469,.T.);
#19467 = VERTEX_POINT('',#19468);
#19468 = CARTESIAN_POINT('',(36.338,5.4292,0.));
#19469 = CIRCLE('',#19470,0.4);
#19470 = AXIS2_PLACEMENT_3D('',#19471,#19472,#19473);
#19471 = CARTESIAN_POINT('',(36.338,5.8292,0.));
#19472 = DIRECTION('',(-0.,0.,-1.));
#19473 = DIRECTION('',(-0.,-1.,0.));
#19474 = FACE_BOUND('',#19475,.F.);
#19475 = EDGE_LOOP('',(#19476));
#19476 = ORIENTED_EDGE('',*,*,#19477,.T.);
#19477 = EDGE_CURVE('',#19478,#19478,#19480,.T.);
#19478 = VERTEX_POINT('',#19479);
#19479 = CARTESIAN_POINT('',(5.55,21.8,0.));
#19480 = CIRCLE('',#19481,1.3);
#19481 = AXIS2_PLACEMENT_3D('',#19482,#19483,#19484);
#19482 = CARTESIAN_POINT('',(5.55,23.1,0.));
#19483 = DIRECTION('',(-0.,0.,-1.));
#19484 = DIRECTION('',(-0.,-1.,0.));
#19485 = FACE_BOUND('',#19486,.F.);
#19486 = EDGE_LOOP('',(#19487));
#19487 = ORIENTED_EDGE('',*,*,#19488,.T.);
#19488 = EDGE_CURVE('',#19489,#19489,#19491,.T.);
#19489 = VERTEX_POINT('',#19490);
#19490 = CARTESIAN_POINT('',(2.45,29.6,0.));
#19491 = CIRCLE('',#19492,0.5);
#19492 = AXIS2_PLACEMENT_3D('',#19493,#19494,#19495);
#19493 = CARTESIAN_POINT('',(2.45,30.1,0.));
#19494 = DIRECTION('',(-0.,0.,-1.));
#19495 = DIRECTION('',(-0.,-1.,0.));
#19496 = FACE_BOUND('',#19497,.F.);
#19497 = EDGE_LOOP('',(#19498));
#19498 = ORIENTED_EDGE('',*,*,#19499,.T.);
#19499 = EDGE_CURVE('',#19500,#19500,#19502,.T.);
#19500 = VERTEX_POINT('',#19501);
#19501 = CARTESIAN_POINT('',(29.8625,20.6046,0.));
#19502 = CIRCLE('',#19503,0.55);
#19503 = AXIS2_PLACEMENT_3D('',#19504,#19505,#19506);
#19504 = CARTESIAN_POINT('',(29.8625,21.1546,0.));
#19505 = DIRECTION('',(-0.,0.,-1.));
#19506 = DIRECTION('',(-0.,-1.,0.));
#19507 = FACE_BOUND('',#19508,.F.);
#19508 = EDGE_LOOP('',(#19509));
#19509 = ORIENTED_EDGE('',*,*,#19510,.T.);
#19510 = EDGE_CURVE('',#19511,#19511,#19513,.T.);
#19511 = VERTEX_POINT('',#19512);
#19512 = CARTESIAN_POINT('',(36.3625,20.6046,0.));
#19513 = CIRCLE('',#19514,0.55);
#19514 = AXIS2_PLACEMENT_3D('',#19515,#19516,#19517);
#19515 = CARTESIAN_POINT('',(36.3625,21.1546,0.));
#19516 = DIRECTION('',(-0.,0.,-1.));
#19517 = DIRECTION('',(-0.,-1.,0.));
#19518 = FACE_BOUND('',#19519,.F.);
#19519 = EDGE_LOOP('',(#19520));
#19520 = ORIENTED_EDGE('',*,*,#19521,.T.);
#19521 = EDGE_CURVE('',#19522,#19522,#19524,.T.);
#19522 = VERTEX_POINT('',#19523);
#19523 = CARTESIAN_POINT('',(29.8625,25.1046,0.));
#19524 = CIRCLE('',#19525,0.55);
#19525 = AXIS2_PLACEMENT_3D('',#19526,#19527,#19528);
#19526 = CARTESIAN_POINT('',(29.8625,25.6546,0.));
#19527 = DIRECTION('',(-0.,0.,-1.));
#19528 = DIRECTION('',(-0.,-1.,0.));
#19529 = FACE_BOUND('',#19530,.F.);
#19530 = EDGE_LOOP('',(#19531));
#19531 = ORIENTED_EDGE('',*,*,#19532,.T.);
#19532 = EDGE_CURVE('',#19533,#19533,#19535,.T.);
#19533 = VERTEX_POINT('',#19534);
#19534 = CARTESIAN_POINT('',(36.3625,25.1046,0.));
#19535 = CIRCLE('',#19536,0.55);
#19536 = AXIS2_PLACEMENT_3D('',#19537,#19538,#19539);
#19537 = CARTESIAN_POINT('',(36.3625,25.6546,0.));
#19538 = DIRECTION('',(-0.,0.,-1.));
#19539 = DIRECTION('',(-0.,-1.,0.));
#19540 = FACE_BOUND('',#19541,.F.);
#19541 = EDGE_LOOP('',(#19542));
#19542 = ORIENTED_EDGE('',*,*,#19543,.T.);
#19543 = EDGE_CURVE('',#19544,#19544,#19546,.T.);
#19544 = VERTEX_POINT('',#19545);
#19545 = CARTESIAN_POINT('',(44.,30.4,0.));
#19546 = CIRCLE('',#19547,1.6);
#19547 = AXIS2_PLACEMENT_3D('',#19548,#19549,#19550);
#19548 = CARTESIAN_POINT('',(44.,32.,0.));
#19549 = DIRECTION('',(-0.,0.,-1.));
#19550 = DIRECTION('',(-0.,-1.,0.));
#19551 = PLANE('',#19552);
#19552 = AXIS2_PLACEMENT_3D('',#19553,#19554,#19555);
#19553 = CARTESIAN_POINT('',(0.,0.,0.));
#19554 = DIRECTION('',(0.,0.,1.));
#19555 = DIRECTION('',(1.,0.,-0.));
#19556 = ADVANCED_FACE('',(#19557,#19603,#19614,#19625,#19636,#19647,
    #19658,#19669,#19680,#19691,#19702,#19713,#19724,#19735,#19746,
    #19757,#19768,#19779,#19790,#19801,#19812,#19823,#19834,#19845,
    #19856,#19867,#19878,#19889,#19900,#19911,#19922,#19933,#19944,
    #19955,#19966,#19977,#19988,#19999,#20010,#20021,#20032,#20043,
    #20054,#20065,#20076,#20087,#20098,#20109,#20120,#20131,#20142,
    #20153,#20164,#20175,#20186,#20197,#20208,#20219,#20230,#20241,
    #20252,#20263,#20274,#20285,#20296,#20307,#20318),#20329,.T.);
#19557 = FACE_BOUND('',#19558,.T.);
#19558 = EDGE_LOOP('',(#19559,#19560,#19561,#19570,#19578,#19587,#19595,
    #19602));
#19559 = ORIENTED_EDGE('',*,*,#18688,.F.);
#19560 = ORIENTED_EDGE('',*,*,#18730,.F.);
#19561 = ORIENTED_EDGE('',*,*,#19562,.F.);
#19562 = EDGE_CURVE('',#19563,#18723,#19565,.T.);
#19563 = VERTEX_POINT('',#19564);
#19564 = CARTESIAN_POINT('',(-50.000001,34.999999,1.51));
#19565 = CIRCLE('',#19566,3.000001172986);
#19566 = AXIS2_PLACEMENT_3D('',#19567,#19568,#19569);
#19567 = CARTESIAN_POINT('',(-46.99999982701,34.999998827014,1.51));
#19568 = DIRECTION('',(0.,0.,-1.));
#19569 = DIRECTION('',(-1.,5.766197944245E-08,0.));
#19570 = ORIENTED_EDGE('',*,*,#19571,.F.);
#19571 = EDGE_CURVE('',#19572,#19563,#19574,.T.);
#19572 = VERTEX_POINT('',#19573);
#19573 = CARTESIAN_POINT('',(-50.000001,-34.999999,1.51));
#19574 = LINE('',#19575,#19576);
#19575 = CARTESIAN_POINT('',(-50.000001,-34.999999,1.51));
#19576 = VECTOR('',#19577,1.);
#19577 = DIRECTION('',(0.,1.,0.));
#19578 = ORIENTED_EDGE('',*,*,#19579,.F.);
#19579 = EDGE_CURVE('',#19580,#19572,#19582,.T.);
#19580 = VERTEX_POINT('',#19581);
#19581 = CARTESIAN_POINT('',(-47.,-38.,1.51));
#19582 = CIRCLE('',#19583,3.000001172986);
#19583 = AXIS2_PLACEMENT_3D('',#19584,#19585,#19586);
#19584 = CARTESIAN_POINT('',(-46.99999982701,-34.99999882701,1.51));
#19585 = DIRECTION('',(0.,0.,-1.));
#19586 = DIRECTION('',(-5.766197944245E-08,-1.,-0.));
#19587 = ORIENTED_EDGE('',*,*,#19588,.F.);
#19588 = EDGE_CURVE('',#19589,#19580,#19591,.T.);
#19589 = VERTEX_POINT('',#19590);
#19590 = CARTESIAN_POINT('',(46.999999,-38.,1.51));
#19591 = LINE('',#19592,#19593);
#19592 = CARTESIAN_POINT('',(46.999999,-38.,1.51));
#19593 = VECTOR('',#19594,1.);
#19594 = DIRECTION('',(-1.,0.,0.));
#19595 = ORIENTED_EDGE('',*,*,#19596,.F.);
#19596 = EDGE_CURVE('',#18753,#19589,#19597,.T.);
#19597 = CIRCLE('',#19598,3.000001172987);
#19598 = AXIS2_PLACEMENT_3D('',#19599,#19600,#19601);
#19599 = CARTESIAN_POINT('',(46.999997827013,-34.99999882701,1.51));
#19600 = DIRECTION('',(0.,0.,-1.));
#19601 = DIRECTION('',(1.,-3.909953663434E-07,0.));
#19602 = ORIENTED_EDGE('',*,*,#18752,.F.);
#19603 = FACE_BOUND('',#19604,.T.);
#19604 = EDGE_LOOP('',(#19605));
#19605 = ORIENTED_EDGE('',*,*,#19606,.T.);
#19606 = EDGE_CURVE('',#19607,#19607,#19609,.T.);
#19607 = VERTEX_POINT('',#19608);
#19608 = CARTESIAN_POINT('',(-44.,-33.6,1.51));
#19609 = CIRCLE('',#19610,1.6);
#19610 = AXIS2_PLACEMENT_3D('',#19611,#19612,#19613);
#19611 = CARTESIAN_POINT('',(-44.,-32.,1.51));
#19612 = DIRECTION('',(-0.,0.,-1.));
#19613 = DIRECTION('',(-0.,-1.,0.));
#19614 = FACE_BOUND('',#19615,.T.);
#19615 = EDGE_LOOP('',(#19616));
#19616 = ORIENTED_EDGE('',*,*,#19617,.T.);
#19617 = EDGE_CURVE('',#19618,#19618,#19620,.T.);
#19618 = VERTEX_POINT('',#19619);
#19619 = CARTESIAN_POINT('',(-31.5,-30.55,1.51));
#19620 = CIRCLE('',#19621,0.5);
#19621 = AXIS2_PLACEMENT_3D('',#19622,#19623,#19624);
#19622 = CARTESIAN_POINT('',(-31.5,-30.05,1.51));
#19623 = DIRECTION('',(-0.,0.,-1.));
#19624 = DIRECTION('',(-0.,-1.,0.));
#19625 = FACE_BOUND('',#19626,.T.);
#19626 = EDGE_LOOP('',(#19627));
#19627 = ORIENTED_EDGE('',*,*,#19628,.T.);
#19628 = EDGE_CURVE('',#19629,#19629,#19631,.T.);
#19629 = VERTEX_POINT('',#19630);
#19630 = CARTESIAN_POINT('',(-26.5,-30.55,1.51));
#19631 = CIRCLE('',#19632,0.5);
#19632 = AXIS2_PLACEMENT_3D('',#19633,#19634,#19635);
#19633 = CARTESIAN_POINT('',(-26.5,-30.05,1.51));
#19634 = DIRECTION('',(-0.,0.,-1.));
#19635 = DIRECTION('',(-0.,-1.,0.));
#19636 = FACE_BOUND('',#19637,.T.);
#19637 = EDGE_LOOP('',(#19638));
#19638 = ORIENTED_EDGE('',*,*,#19639,.T.);
#19639 = EDGE_CURVE('',#19640,#19640,#19642,.T.);
#19640 = VERTEX_POINT('',#19641);
#19641 = CARTESIAN_POINT('',(-34.6,-24.35,1.51));
#19642 = CIRCLE('',#19643,1.3);
#19643 = AXIS2_PLACEMENT_3D('',#19644,#19645,#19646);
#19644 = CARTESIAN_POINT('',(-34.6,-23.05,1.51));
#19645 = DIRECTION('',(-0.,0.,-1.));
#19646 = DIRECTION('',(-5.465713352001E-15,-1.,0.));
#19647 = FACE_BOUND('',#19648,.T.);
#19648 = EDGE_LOOP('',(#19649));
#19649 = ORIENTED_EDGE('',*,*,#19650,.T.);
#19650 = EDGE_CURVE('',#19651,#19651,#19653,.T.);
#19651 = VERTEX_POINT('',#19652);
#19652 = CARTESIAN_POINT('',(-23.4,-24.35,1.51));
#19653 = CIRCLE('',#19654,1.3);
#19654 = AXIS2_PLACEMENT_3D('',#19655,#19656,#19657);
#19655 = CARTESIAN_POINT('',(-23.4,-23.05,1.51));
#19656 = DIRECTION('',(-0.,0.,-1.));
#19657 = DIRECTION('',(-0.,-1.,0.));
#19658 = FACE_BOUND('',#19659,.T.);
#19659 = EDGE_LOOP('',(#19660));
#19660 = ORIENTED_EDGE('',*,*,#19661,.T.);
#19661 = EDGE_CURVE('',#19662,#19662,#19664,.T.);
#19662 = VERTEX_POINT('',#19663);
#19663 = CARTESIAN_POINT('',(-3.08,-25.448,1.51));
#19664 = CIRCLE('',#19665,0.55);
#19665 = AXIS2_PLACEMENT_3D('',#19666,#19667,#19668);
#19666 = CARTESIAN_POINT('',(-3.08,-24.898,1.51));
#19667 = DIRECTION('',(-0.,0.,-1.));
#19668 = DIRECTION('',(-0.,-1.,0.));
#19669 = FACE_BOUND('',#19670,.T.);
#19670 = EDGE_LOOP('',(#19671));
#19671 = ORIENTED_EDGE('',*,*,#19672,.T.);
#19672 = EDGE_CURVE('',#19673,#19673,#19675,.T.);
#19673 = VERTEX_POINT('',#19674);
#19674 = CARTESIAN_POINT('',(-3.08,-20.948,1.51));
#19675 = CIRCLE('',#19676,0.55);
#19676 = AXIS2_PLACEMENT_3D('',#19677,#19678,#19679);
#19677 = CARTESIAN_POINT('',(-3.08,-20.398,1.51));
#19678 = DIRECTION('',(-0.,0.,-1.));
#19679 = DIRECTION('',(-0.,-1.,0.));
#19680 = FACE_BOUND('',#19681,.T.);
#19681 = EDGE_LOOP('',(#19682));
#19682 = ORIENTED_EDGE('',*,*,#19683,.T.);
#19683 = EDGE_CURVE('',#19684,#19684,#19686,.T.);
#19684 = VERTEX_POINT('',#19685);
#19685 = CARTESIAN_POINT('',(-31.5,-16.05,1.51));
#19686 = CIRCLE('',#19687,0.5);
#19687 = AXIS2_PLACEMENT_3D('',#19688,#19689,#19690);
#19688 = CARTESIAN_POINT('',(-31.5,-15.55,1.51));
#19689 = DIRECTION('',(-0.,0.,-1.));
#19690 = DIRECTION('',(-0.,-1.,0.));
#19691 = FACE_BOUND('',#19692,.T.);
#19692 = EDGE_LOOP('',(#19693));
#19693 = ORIENTED_EDGE('',*,*,#19694,.T.);
#19694 = EDGE_CURVE('',#19695,#19695,#19697,.T.);
#19695 = VERTEX_POINT('',#19696);
#19696 = CARTESIAN_POINT('',(-29.,-16.05,1.51));
#19697 = CIRCLE('',#19698,0.5);
#19698 = AXIS2_PLACEMENT_3D('',#19699,#19700,#19701);
#19699 = CARTESIAN_POINT('',(-29.,-15.55,1.51));
#19700 = DIRECTION('',(-0.,0.,-1.));
#19701 = DIRECTION('',(-0.,-1.,0.));
#19702 = FACE_BOUND('',#19703,.T.);
#19703 = EDGE_LOOP('',(#19704));
#19704 = ORIENTED_EDGE('',*,*,#19705,.T.);
#19705 = EDGE_CURVE('',#19706,#19706,#19708,.T.);
#19706 = VERTEX_POINT('',#19707);
#19707 = CARTESIAN_POINT('',(-26.5,-16.05,1.51));
#19708 = CIRCLE('',#19709,0.5);
#19709 = AXIS2_PLACEMENT_3D('',#19710,#19711,#19712);
#19710 = CARTESIAN_POINT('',(-26.5,-15.55,1.51));
#19711 = DIRECTION('',(-0.,0.,-1.));
#19712 = DIRECTION('',(-0.,-1.,0.));
#19713 = FACE_BOUND('',#19714,.T.);
#19714 = EDGE_LOOP('',(#19715));
#19715 = ORIENTED_EDGE('',*,*,#19716,.T.);
#19716 = EDGE_CURVE('',#19717,#19717,#19719,.T.);
#19717 = VERTEX_POINT('',#19718);
#19718 = CARTESIAN_POINT('',(-35.1884,-4.7816,1.51));
#19719 = CIRCLE('',#19720,0.4);
#19720 = AXIS2_PLACEMENT_3D('',#19721,#19722,#19723);
#19721 = CARTESIAN_POINT('',(-35.1884,-4.3816,1.51));
#19722 = DIRECTION('',(-0.,0.,-1.));
#19723 = DIRECTION('',(-0.,-1.,0.));
#19724 = FACE_BOUND('',#19725,.T.);
#19725 = EDGE_LOOP('',(#19726));
#19726 = ORIENTED_EDGE('',*,*,#19727,.T.);
#19727 = EDGE_CURVE('',#19728,#19728,#19730,.T.);
#19728 = VERTEX_POINT('',#19729);
#19729 = CARTESIAN_POINT('',(-32.6484,-4.7816,1.51));
#19730 = CIRCLE('',#19731,0.4);
#19731 = AXIS2_PLACEMENT_3D('',#19732,#19733,#19734);
#19732 = CARTESIAN_POINT('',(-32.6484,-4.3816,1.51));
#19733 = DIRECTION('',(-0.,0.,-1.));
#19734 = DIRECTION('',(-1.7763568394E-14,-1.,0.));
#19735 = FACE_BOUND('',#19736,.T.);
#19736 = EDGE_LOOP('',(#19737));
#19737 = ORIENTED_EDGE('',*,*,#19738,.T.);
#19738 = EDGE_CURVE('',#19739,#19739,#19741,.T.);
#19739 = VERTEX_POINT('',#19740);
#19740 = CARTESIAN_POINT('',(-30.1084,-4.7816,1.51));
#19741 = CIRCLE('',#19742,0.4);
#19742 = AXIS2_PLACEMENT_3D('',#19743,#19744,#19745);
#19743 = CARTESIAN_POINT('',(-30.1084,-4.3816,1.51));
#19744 = DIRECTION('',(-0.,0.,-1.));
#19745 = DIRECTION('',(8.881784197001E-15,-1.,-0.));
#19746 = FACE_BOUND('',#19747,.T.);
#19747 = EDGE_LOOP('',(#19748));
#19748 = ORIENTED_EDGE('',*,*,#19749,.T.);
#19749 = EDGE_CURVE('',#19750,#19750,#19752,.T.);
#19750 = VERTEX_POINT('',#19751);
#19751 = CARTESIAN_POINT('',(-27.5684,-4.7816,1.51));
#19752 = CIRCLE('',#19753,0.4);
#19753 = AXIS2_PLACEMENT_3D('',#19754,#19755,#19756);
#19754 = CARTESIAN_POINT('',(-27.5684,-4.3816,1.51));
#19755 = DIRECTION('',(-0.,0.,-1.));
#19756 = DIRECTION('',(-8.881784197001E-15,-1.,0.));
#19757 = FACE_BOUND('',#19758,.T.);
#19758 = EDGE_LOOP('',(#19759));
#19759 = ORIENTED_EDGE('',*,*,#19760,.T.);
#19760 = EDGE_CURVE('',#19761,#19761,#19763,.T.);
#19761 = VERTEX_POINT('',#19762);
#19762 = CARTESIAN_POINT('',(-25.0284,-4.7816,1.51));
#19763 = CIRCLE('',#19764,0.4);
#19764 = AXIS2_PLACEMENT_3D('',#19765,#19766,#19767);
#19765 = CARTESIAN_POINT('',(-25.0284,-4.3816,1.51));
#19766 = DIRECTION('',(-0.,0.,-1.));
#19767 = DIRECTION('',(-8.881784197001E-15,-1.,0.));
#19768 = FACE_BOUND('',#19769,.T.);
#19769 = EDGE_LOOP('',(#19770));
#19770 = ORIENTED_EDGE('',*,*,#19771,.T.);
#19771 = EDGE_CURVE('',#19772,#19772,#19774,.T.);
#19772 = VERTEX_POINT('',#19773);
#19773 = CARTESIAN_POINT('',(3.42,-25.448,1.51));
#19774 = CIRCLE('',#19775,0.55);
#19775 = AXIS2_PLACEMENT_3D('',#19776,#19777,#19778);
#19776 = CARTESIAN_POINT('',(3.42,-24.898,1.51));
#19777 = DIRECTION('',(-0.,0.,-1.));
#19778 = DIRECTION('',(-0.,-1.,0.));
#19779 = FACE_BOUND('',#19780,.T.);
#19780 = EDGE_LOOP('',(#19781));
#19781 = ORIENTED_EDGE('',*,*,#19782,.T.);
#19782 = EDGE_CURVE('',#19783,#19783,#19785,.T.);
#19783 = VERTEX_POINT('',#19784);
#19784 = CARTESIAN_POINT('',(3.42,-20.948,1.51));
#19785 = CIRCLE('',#19786,0.55);
#19786 = AXIS2_PLACEMENT_3D('',#19787,#19788,#19789);
#19787 = CARTESIAN_POINT('',(3.42,-20.398,1.51));
#19788 = DIRECTION('',(-0.,0.,-1.));
#19789 = DIRECTION('',(-0.,-1.,0.));
#19790 = FACE_BOUND('',#19791,.T.);
#19791 = EDGE_LOOP('',(#19792));
#19792 = ORIENTED_EDGE('',*,*,#19793,.T.);
#19793 = EDGE_CURVE('',#19794,#19794,#19796,.T.);
#19794 = VERTEX_POINT('',#19795);
#19795 = CARTESIAN_POINT('',(27.5,-30.5,1.51));
#19796 = CIRCLE('',#19797,0.5);
#19797 = AXIS2_PLACEMENT_3D('',#19798,#19799,#19800);
#19798 = CARTESIAN_POINT('',(27.5,-30.,1.51));
#19799 = DIRECTION('',(-0.,0.,-1.));
#19800 = DIRECTION('',(-0.,-1.,0.));
#19801 = FACE_BOUND('',#19802,.T.);
#19802 = EDGE_LOOP('',(#19803));
#19803 = ORIENTED_EDGE('',*,*,#19804,.T.);
#19804 = EDGE_CURVE('',#19805,#19805,#19807,.T.);
#19805 = VERTEX_POINT('',#19806);
#19806 = CARTESIAN_POINT('',(32.5,-30.5,1.51));
#19807 = CIRCLE('',#19808,0.5);
#19808 = AXIS2_PLACEMENT_3D('',#19809,#19810,#19811);
#19809 = CARTESIAN_POINT('',(32.5,-30.,1.51));
#19810 = DIRECTION('',(-0.,0.,-1.));
#19811 = DIRECTION('',(-0.,-1.,0.));
#19812 = FACE_BOUND('',#19813,.T.);
#19813 = EDGE_LOOP('',(#19814));
#19814 = ORIENTED_EDGE('',*,*,#19815,.T.);
#19815 = EDGE_CURVE('',#19816,#19816,#19818,.T.);
#19816 = VERTEX_POINT('',#19817);
#19817 = CARTESIAN_POINT('',(44.,-33.6,1.51));
#19818 = CIRCLE('',#19819,1.6);
#19819 = AXIS2_PLACEMENT_3D('',#19820,#19821,#19822);
#19820 = CARTESIAN_POINT('',(44.,-32.,1.51));
#19821 = DIRECTION('',(-0.,0.,-1.));
#19822 = DIRECTION('',(-0.,-1.,0.));
#19823 = FACE_BOUND('',#19824,.T.);
#19824 = EDGE_LOOP('',(#19825));
#19825 = ORIENTED_EDGE('',*,*,#19826,.T.);
#19826 = EDGE_CURVE('',#19827,#19827,#19829,.T.);
#19827 = VERTEX_POINT('',#19828);
#19828 = CARTESIAN_POINT('',(24.4,-24.3,1.51));
#19829 = CIRCLE('',#19830,1.3);
#19830 = AXIS2_PLACEMENT_3D('',#19831,#19832,#19833);
#19831 = CARTESIAN_POINT('',(24.4,-23.,1.51));
#19832 = DIRECTION('',(-0.,0.,-1.));
#19833 = DIRECTION('',(-0.,-1.,0.));
#19834 = FACE_BOUND('',#19835,.T.);
#19835 = EDGE_LOOP('',(#19836));
#19836 = ORIENTED_EDGE('',*,*,#19837,.T.);
#19837 = EDGE_CURVE('',#19838,#19838,#19840,.T.);
#19838 = VERTEX_POINT('',#19839);
#19839 = CARTESIAN_POINT('',(35.6,-24.3,1.51));
#19840 = CIRCLE('',#19841,1.3);
#19841 = AXIS2_PLACEMENT_3D('',#19842,#19843,#19844);
#19842 = CARTESIAN_POINT('',(35.6,-23.,1.51));
#19843 = DIRECTION('',(-0.,0.,-1.));
#19844 = DIRECTION('',(5.465713352001E-15,-1.,-0.));
#19845 = FACE_BOUND('',#19846,.T.);
#19846 = EDGE_LOOP('',(#19847));
#19847 = ORIENTED_EDGE('',*,*,#19848,.T.);
#19848 = EDGE_CURVE('',#19849,#19849,#19851,.T.);
#19849 = VERTEX_POINT('',#19850);
#19850 = CARTESIAN_POINT('',(27.5,-16.,1.51));
#19851 = CIRCLE('',#19852,0.5);
#19852 = AXIS2_PLACEMENT_3D('',#19853,#19854,#19855);
#19853 = CARTESIAN_POINT('',(27.5,-15.5,1.51));
#19854 = DIRECTION('',(-0.,0.,-1.));
#19855 = DIRECTION('',(-0.,-1.,0.));
#19856 = FACE_BOUND('',#19857,.T.);
#19857 = EDGE_LOOP('',(#19858));
#19858 = ORIENTED_EDGE('',*,*,#19859,.T.);
#19859 = EDGE_CURVE('',#19860,#19860,#19862,.T.);
#19860 = VERTEX_POINT('',#19861);
#19861 = CARTESIAN_POINT('',(30.,-16.,1.51));
#19862 = CIRCLE('',#19863,0.5);
#19863 = AXIS2_PLACEMENT_3D('',#19864,#19865,#19866);
#19864 = CARTESIAN_POINT('',(30.,-15.5,1.51));
#19865 = DIRECTION('',(-0.,0.,-1.));
#19866 = DIRECTION('',(-0.,-1.,0.));
#19867 = FACE_BOUND('',#19868,.T.);
#19868 = EDGE_LOOP('',(#19869));
#19869 = ORIENTED_EDGE('',*,*,#19870,.T.);
#19870 = EDGE_CURVE('',#19871,#19871,#19873,.T.);
#19871 = VERTEX_POINT('',#19872);
#19872 = CARTESIAN_POINT('',(32.5,-16.,1.51));
#19873 = CIRCLE('',#19874,0.5);
#19874 = AXIS2_PLACEMENT_3D('',#19875,#19876,#19877);
#19875 = CARTESIAN_POINT('',(32.5,-15.5,1.51));
#19876 = DIRECTION('',(-0.,0.,-1.));
#19877 = DIRECTION('',(-0.,-1.,0.));
#19878 = FACE_BOUND('',#19879,.T.);
#19879 = EDGE_LOOP('',(#19880));
#19880 = ORIENTED_EDGE('',*,*,#19881,.T.);
#19881 = EDGE_CURVE('',#19882,#19882,#19884,.T.);
#19882 = VERTEX_POINT('',#19883);
#19883 = CARTESIAN_POINT('',(23.638,-4.7308,1.51));
#19884 = CIRCLE('',#19885,0.4);
#19885 = AXIS2_PLACEMENT_3D('',#19886,#19887,#19888);
#19886 = CARTESIAN_POINT('',(23.638,-4.3308,1.51));
#19887 = DIRECTION('',(-0.,0.,-1.));
#19888 = DIRECTION('',(8.881784197001E-15,-1.,-0.));
#19889 = FACE_BOUND('',#19890,.T.);
#19890 = EDGE_LOOP('',(#19891));
#19891 = ORIENTED_EDGE('',*,*,#19892,.T.);
#19892 = EDGE_CURVE('',#19893,#19893,#19895,.T.);
#19893 = VERTEX_POINT('',#19894);
#19894 = CARTESIAN_POINT('',(26.178,-4.7308,1.51));
#19895 = CIRCLE('',#19896,0.4);
#19896 = AXIS2_PLACEMENT_3D('',#19897,#19898,#19899);
#19897 = CARTESIAN_POINT('',(26.178,-4.3308,1.51));
#19898 = DIRECTION('',(-0.,0.,-1.));
#19899 = DIRECTION('',(8.881784197001E-15,-1.,-0.));
#19900 = FACE_BOUND('',#19901,.T.);
#19901 = EDGE_LOOP('',(#19902));
#19902 = ORIENTED_EDGE('',*,*,#19903,.T.);
#19903 = EDGE_CURVE('',#19904,#19904,#19906,.T.);
#19904 = VERTEX_POINT('',#19905);
#19905 = CARTESIAN_POINT('',(28.718,-4.7308,1.51));
#19906 = CIRCLE('',#19907,0.4);
#19907 = AXIS2_PLACEMENT_3D('',#19908,#19909,#19910);
#19908 = CARTESIAN_POINT('',(28.718,-4.3308,1.51));
#19909 = DIRECTION('',(-0.,0.,-1.));
#19910 = DIRECTION('',(-0.,-1.,0.));
#19911 = FACE_BOUND('',#19912,.T.);
#19912 = EDGE_LOOP('',(#19913));
#19913 = ORIENTED_EDGE('',*,*,#19914,.T.);
#19914 = EDGE_CURVE('',#19915,#19915,#19917,.T.);
#19915 = VERTEX_POINT('',#19916);
#19916 = CARTESIAN_POINT('',(31.258,-4.7308,1.51));
#19917 = CIRCLE('',#19918,0.4);
#19918 = AXIS2_PLACEMENT_3D('',#19919,#19920,#19921);
#19919 = CARTESIAN_POINT('',(31.258,-4.3308,1.51));
#19920 = DIRECTION('',(-0.,0.,-1.));
#19921 = DIRECTION('',(-8.881784197001E-15,-1.,0.));
#19922 = FACE_BOUND('',#19923,.T.);
#19923 = EDGE_LOOP('',(#19924));
#19924 = ORIENTED_EDGE('',*,*,#19925,.T.);
#19925 = EDGE_CURVE('',#19926,#19926,#19928,.T.);
#19926 = VERTEX_POINT('',#19927);
#19927 = CARTESIAN_POINT('',(33.798,-4.7308,1.51));
#19928 = CIRCLE('',#19929,0.4);
#19929 = AXIS2_PLACEMENT_3D('',#19930,#19931,#19932);
#19930 = CARTESIAN_POINT('',(33.798,-4.3308,1.51));
#19931 = DIRECTION('',(-0.,0.,-1.));
#19932 = DIRECTION('',(-0.,-1.,0.));
#19933 = FACE_BOUND('',#19934,.T.);
#19934 = EDGE_LOOP('',(#19935));
#19935 = ORIENTED_EDGE('',*,*,#19936,.T.);
#19936 = EDGE_CURVE('',#19937,#19937,#19939,.T.);
#19937 = VERTEX_POINT('',#19938);
#19938 = CARTESIAN_POINT('',(-35.1884,5.3784,1.51));
#19939 = CIRCLE('',#19940,0.4);
#19940 = AXIS2_PLACEMENT_3D('',#19941,#19942,#19943);
#19941 = CARTESIAN_POINT('',(-35.1884,5.7784,1.51));
#19942 = DIRECTION('',(-0.,0.,-1.));
#19943 = DIRECTION('',(-0.,-1.,0.));
#19944 = FACE_BOUND('',#19945,.T.);
#19945 = EDGE_LOOP('',(#19946));
#19946 = ORIENTED_EDGE('',*,*,#19947,.T.);
#19947 = EDGE_CURVE('',#19948,#19948,#19950,.T.);
#19948 = VERTEX_POINT('',#19949);
#19949 = CARTESIAN_POINT('',(-32.6484,5.3784,1.51));
#19950 = CIRCLE('',#19951,0.4);
#19951 = AXIS2_PLACEMENT_3D('',#19952,#19953,#19954);
#19952 = CARTESIAN_POINT('',(-32.6484,5.7784,1.51));
#19953 = DIRECTION('',(-0.,0.,-1.));
#19954 = DIRECTION('',(-1.7763568394E-14,-1.,0.));
#19955 = FACE_BOUND('',#19956,.T.);
#19956 = EDGE_LOOP('',(#19957));
#19957 = ORIENTED_EDGE('',*,*,#19958,.T.);
#19958 = EDGE_CURVE('',#19959,#19959,#19961,.T.);
#19959 = VERTEX_POINT('',#19960);
#19960 = CARTESIAN_POINT('',(-30.1084,5.3784,1.51));
#19961 = CIRCLE('',#19962,0.4);
#19962 = AXIS2_PLACEMENT_3D('',#19963,#19964,#19965);
#19963 = CARTESIAN_POINT('',(-30.1084,5.7784,1.51));
#19964 = DIRECTION('',(-0.,0.,-1.));
#19965 = DIRECTION('',(8.881784197001E-15,-1.,-0.));
#19966 = FACE_BOUND('',#19967,.T.);
#19967 = EDGE_LOOP('',(#19968));
#19968 = ORIENTED_EDGE('',*,*,#19969,.T.);
#19969 = EDGE_CURVE('',#19970,#19970,#19972,.T.);
#19970 = VERTEX_POINT('',#19971);
#19971 = CARTESIAN_POINT('',(-27.5684,5.3784,1.51));
#19972 = CIRCLE('',#19973,0.4);
#19973 = AXIS2_PLACEMENT_3D('',#19974,#19975,#19976);
#19974 = CARTESIAN_POINT('',(-27.5684,5.7784,1.51));
#19975 = DIRECTION('',(-0.,0.,-1.));
#19976 = DIRECTION('',(-8.881784197001E-15,-1.,0.));
#19977 = FACE_BOUND('',#19978,.T.);
#19978 = EDGE_LOOP('',(#19979));
#19979 = ORIENTED_EDGE('',*,*,#19980,.T.);
#19980 = EDGE_CURVE('',#19981,#19981,#19983,.T.);
#19981 = VERTEX_POINT('',#19982);
#19982 = CARTESIAN_POINT('',(-25.0284,5.3784,1.51));
#19983 = CIRCLE('',#19984,0.4);
#19984 = AXIS2_PLACEMENT_3D('',#19985,#19986,#19987);
#19985 = CARTESIAN_POINT('',(-25.0284,5.7784,1.51));
#19986 = DIRECTION('',(-0.,0.,-1.));
#19987 = DIRECTION('',(-8.881784197001E-15,-1.,0.));
#19988 = FACE_BOUND('',#19989,.T.);
#19989 = EDGE_LOOP('',(#19990));
#19990 = ORIENTED_EDGE('',*,*,#19991,.T.);
#19991 = EDGE_CURVE('',#19992,#19992,#19994,.T.);
#19992 = VERTEX_POINT('',#19993);
#19993 = CARTESIAN_POINT('',(-23.388,14.6198,1.51));
#19994 = CIRCLE('',#19995,0.375);
#19995 = AXIS2_PLACEMENT_3D('',#19996,#19997,#19998);
#19996 = CARTESIAN_POINT('',(-23.388,14.9948,1.51));
#19997 = DIRECTION('',(-0.,0.,-1.));
#19998 = DIRECTION('',(-0.,-1.,0.));
#19999 = FACE_BOUND('',#20000,.T.);
#20000 = EDGE_LOOP('',(#20001));
#20001 = ORIENTED_EDGE('',*,*,#20002,.T.);
#20002 = EDGE_CURVE('',#20003,#20003,#20005,.T.);
#20003 = VERTEX_POINT('',#20004);
#20004 = CARTESIAN_POINT('',(-22.4884,5.3784,1.51));
#20005 = CIRCLE('',#20006,0.4);
#20006 = AXIS2_PLACEMENT_3D('',#20007,#20008,#20009);
#20007 = CARTESIAN_POINT('',(-22.4884,5.7784,1.51));
#20008 = DIRECTION('',(-0.,0.,-1.));
#20009 = DIRECTION('',(-0.,-1.,0.));
#20010 = FACE_BOUND('',#20011,.T.);
#20011 = EDGE_LOOP('',(#20012));
#20012 = ORIENTED_EDGE('',*,*,#20013,.T.);
#20013 = EDGE_CURVE('',#20014,#20014,#20016,.T.);
#20014 = VERTEX_POINT('',#20015);
#20015 = CARTESIAN_POINT('',(-21.388,14.6198,1.51));
#20016 = CIRCLE('',#20017,0.375);
#20017 = AXIS2_PLACEMENT_3D('',#20018,#20019,#20020);
#20018 = CARTESIAN_POINT('',(-21.388,14.9948,1.51));
#20019 = DIRECTION('',(-0.,0.,-1.));
#20020 = DIRECTION('',(-0.,-1.,0.));
#20021 = FACE_BOUND('',#20022,.T.);
#20022 = EDGE_LOOP('',(#20023));
#20023 = ORIENTED_EDGE('',*,*,#20024,.T.);
#20024 = EDGE_CURVE('',#20025,#20025,#20027,.T.);
#20025 = VERTEX_POINT('',#20026);
#20026 = CARTESIAN_POINT('',(-19.388,14.6198,1.51));
#20027 = CIRCLE('',#20028,0.375);
#20028 = AXIS2_PLACEMENT_3D('',#20029,#20030,#20031);
#20029 = CARTESIAN_POINT('',(-19.388,14.9948,1.51));
#20030 = DIRECTION('',(-0.,0.,-1.));
#20031 = DIRECTION('',(-0.,-1.,0.));
#20032 = FACE_BOUND('',#20033,.T.);
#20033 = EDGE_LOOP('',(#20034));
#20034 = ORIENTED_EDGE('',*,*,#20035,.T.);
#20035 = EDGE_CURVE('',#20036,#20036,#20038,.T.);
#20036 = VERTEX_POINT('',#20037);
#20037 = CARTESIAN_POINT('',(-17.388,14.6198,1.51));
#20038 = CIRCLE('',#20039,0.375);
#20039 = AXIS2_PLACEMENT_3D('',#20040,#20041,#20042);
#20040 = CARTESIAN_POINT('',(-17.388,14.9948,1.51));
#20041 = DIRECTION('',(-0.,0.,-1.));
#20042 = DIRECTION('',(-0.,-1.,0.));
#20043 = FACE_BOUND('',#20044,.T.);
#20044 = EDGE_LOOP('',(#20045));
#20045 = ORIENTED_EDGE('',*,*,#20046,.T.);
#20046 = EDGE_CURVE('',#20047,#20047,#20049,.T.);
#20047 = VERTEX_POINT('',#20048);
#20048 = CARTESIAN_POINT('',(-15.388,14.6198,1.51));
#20049 = CIRCLE('',#20050,0.375);
#20050 = AXIS2_PLACEMENT_3D('',#20051,#20052,#20053);
#20051 = CARTESIAN_POINT('',(-15.388,14.9948,1.51));
#20052 = DIRECTION('',(-0.,0.,-1.));
#20053 = DIRECTION('',(-0.,-1.,0.));
#20054 = FACE_BOUND('',#20055,.T.);
#20055 = EDGE_LOOP('',(#20056));
#20056 = ORIENTED_EDGE('',*,*,#20057,.T.);
#20057 = EDGE_CURVE('',#20058,#20058,#20060,.T.);
#20058 = VERTEX_POINT('',#20059);
#20059 = CARTESIAN_POINT('',(-13.388,14.6198,1.51));
#20060 = CIRCLE('',#20061,0.375);
#20061 = AXIS2_PLACEMENT_3D('',#20062,#20063,#20064);
#20062 = CARTESIAN_POINT('',(-13.388,14.9948,1.51));
#20063 = DIRECTION('',(-0.,0.,-1.));
#20064 = DIRECTION('',(-0.,-1.,0.));
#20065 = FACE_BOUND('',#20066,.T.);
#20066 = EDGE_LOOP('',(#20067));
#20067 = ORIENTED_EDGE('',*,*,#20068,.T.);
#20068 = EDGE_CURVE('',#20069,#20069,#20071,.T.);
#20069 = VERTEX_POINT('',#20070);
#20070 = CARTESIAN_POINT('',(-11.388,14.6198,1.51));
#20071 = CIRCLE('',#20072,0.375);
#20072 = AXIS2_PLACEMENT_3D('',#20073,#20074,#20075);
#20073 = CARTESIAN_POINT('',(-11.388,14.9948,1.51));
#20074 = DIRECTION('',(-0.,0.,-1.));
#20075 = DIRECTION('',(-0.,-1.,0.));
#20076 = FACE_BOUND('',#20077,.T.);
#20077 = EDGE_LOOP('',(#20078));
#20078 = ORIENTED_EDGE('',*,*,#20079,.T.);
#20079 = EDGE_CURVE('',#20080,#20080,#20082,.T.);
#20080 = VERTEX_POINT('',#20081);
#20081 = CARTESIAN_POINT('',(-2.55,15.1,1.51));
#20082 = CIRCLE('',#20083,0.5);
#20083 = AXIS2_PLACEMENT_3D('',#20084,#20085,#20086);
#20084 = CARTESIAN_POINT('',(-2.55,15.6,1.51));
#20085 = DIRECTION('',(-0.,0.,-1.));
#20086 = DIRECTION('',(-0.,-1.,0.));
#20087 = FACE_BOUND('',#20088,.T.);
#20088 = EDGE_LOOP('',(#20089));
#20089 = ORIENTED_EDGE('',*,*,#20090,.T.);
#20090 = EDGE_CURVE('',#20091,#20091,#20093,.T.);
#20091 = VERTEX_POINT('',#20092);
#20092 = CARTESIAN_POINT('',(-5.E-02,15.1,1.51));
#20093 = CIRCLE('',#20094,0.5);
#20094 = AXIS2_PLACEMENT_3D('',#20095,#20096,#20097);
#20095 = CARTESIAN_POINT('',(-5.E-02,15.6,1.51));
#20096 = DIRECTION('',(-0.,0.,-1.));
#20097 = DIRECTION('',(5.551115123126E-17,-1.,-0.));
#20098 = FACE_BOUND('',#20099,.T.);
#20099 = EDGE_LOOP('',(#20100));
#20100 = ORIENTED_EDGE('',*,*,#20101,.T.);
#20101 = EDGE_CURVE('',#20102,#20102,#20104,.T.);
#20102 = VERTEX_POINT('',#20103);
#20103 = CARTESIAN_POINT('',(-35.86,20.6,1.51));
#20104 = CIRCLE('',#20105,0.55);
#20105 = AXIS2_PLACEMENT_3D('',#20106,#20107,#20108);
#20106 = CARTESIAN_POINT('',(-35.86,21.15,1.51));
#20107 = DIRECTION('',(-0.,0.,-1.));
#20108 = DIRECTION('',(-0.,-1.,0.));
#20109 = FACE_BOUND('',#20110,.T.);
#20110 = EDGE_LOOP('',(#20111));
#20111 = ORIENTED_EDGE('',*,*,#20112,.T.);
#20112 = EDGE_CURVE('',#20113,#20113,#20115,.T.);
#20113 = VERTEX_POINT('',#20114);
#20114 = CARTESIAN_POINT('',(-29.36,20.6,1.51));
#20115 = CIRCLE('',#20116,0.55);
#20116 = AXIS2_PLACEMENT_3D('',#20117,#20118,#20119);
#20117 = CARTESIAN_POINT('',(-29.36,21.15,1.51));
#20118 = DIRECTION('',(-0.,0.,-1.));
#20119 = DIRECTION('',(-0.,-1.,0.));
#20120 = FACE_BOUND('',#20121,.T.);
#20121 = EDGE_LOOP('',(#20122));
#20122 = ORIENTED_EDGE('',*,*,#20123,.T.);
#20123 = EDGE_CURVE('',#20124,#20124,#20126,.T.);
#20124 = VERTEX_POINT('',#20125);
#20125 = CARTESIAN_POINT('',(-35.86,25.1,1.51));
#20126 = CIRCLE('',#20127,0.55);
#20127 = AXIS2_PLACEMENT_3D('',#20128,#20129,#20130);
#20128 = CARTESIAN_POINT('',(-35.86,25.65,1.51));
#20129 = DIRECTION('',(-0.,0.,-1.));
#20130 = DIRECTION('',(-0.,-1.,0.));
#20131 = FACE_BOUND('',#20132,.T.);
#20132 = EDGE_LOOP('',(#20133));
#20133 = ORIENTED_EDGE('',*,*,#20134,.T.);
#20134 = EDGE_CURVE('',#20135,#20135,#20137,.T.);
#20135 = VERTEX_POINT('',#20136);
#20136 = CARTESIAN_POINT('',(-44.,30.4,1.51));
#20137 = CIRCLE('',#20138,1.6);
#20138 = AXIS2_PLACEMENT_3D('',#20139,#20140,#20141);
#20139 = CARTESIAN_POINT('',(-44.,32.,1.51));
#20140 = DIRECTION('',(-0.,0.,-1.));
#20141 = DIRECTION('',(-0.,-1.,0.));
#20142 = FACE_BOUND('',#20143,.T.);
#20143 = EDGE_LOOP('',(#20144));
#20144 = ORIENTED_EDGE('',*,*,#20145,.T.);
#20145 = EDGE_CURVE('',#20146,#20146,#20148,.T.);
#20146 = VERTEX_POINT('',#20147);
#20147 = CARTESIAN_POINT('',(-29.36,25.1,1.51));
#20148 = CIRCLE('',#20149,0.55);
#20149 = AXIS2_PLACEMENT_3D('',#20150,#20151,#20152);
#20150 = CARTESIAN_POINT('',(-29.36,25.65,1.51));
#20151 = DIRECTION('',(-0.,0.,-1.));
#20152 = DIRECTION('',(-0.,-1.,0.));
#20153 = FACE_BOUND('',#20154,.T.);
#20154 = EDGE_LOOP('',(#20155));
#20155 = ORIENTED_EDGE('',*,*,#20156,.T.);
#20156 = EDGE_CURVE('',#20157,#20157,#20159,.T.);
#20157 = VERTEX_POINT('',#20158);
#20158 = CARTESIAN_POINT('',(-5.65,21.8,1.51));
#20159 = CIRCLE('',#20160,1.3);
#20160 = AXIS2_PLACEMENT_3D('',#20161,#20162,#20163);
#20161 = CARTESIAN_POINT('',(-5.65,23.1,1.51));
#20162 = DIRECTION('',(-0.,0.,-1.));
#20163 = DIRECTION('',(-0.,-1.,0.));
#20164 = FACE_BOUND('',#20165,.T.);
#20165 = EDGE_LOOP('',(#20166));
#20166 = ORIENTED_EDGE('',*,*,#20167,.T.);
#20167 = EDGE_CURVE('',#20168,#20168,#20170,.T.);
#20168 = VERTEX_POINT('',#20169);
#20169 = CARTESIAN_POINT('',(-2.55,29.6,1.51));
#20170 = CIRCLE('',#20171,0.5);
#20171 = AXIS2_PLACEMENT_3D('',#20172,#20173,#20174);
#20172 = CARTESIAN_POINT('',(-2.55,30.1,1.51));
#20173 = DIRECTION('',(-0.,0.,-1.));
#20174 = DIRECTION('',(-0.,-1.,0.));
#20175 = FACE_BOUND('',#20176,.T.);
#20176 = EDGE_LOOP('',(#20177));
#20177 = ORIENTED_EDGE('',*,*,#20178,.T.);
#20178 = EDGE_CURVE('',#20179,#20179,#20181,.T.);
#20179 = VERTEX_POINT('',#20180);
#20180 = CARTESIAN_POINT('',(2.45,15.1,1.51));
#20181 = CIRCLE('',#20182,0.5);
#20182 = AXIS2_PLACEMENT_3D('',#20183,#20184,#20185);
#20183 = CARTESIAN_POINT('',(2.45,15.6,1.51));
#20184 = DIRECTION('',(-0.,0.,-1.));
#20185 = DIRECTION('',(-0.,-1.,0.));
#20186 = FACE_BOUND('',#20187,.T.);
#20187 = EDGE_LOOP('',(#20188));
#20188 = ORIENTED_EDGE('',*,*,#20189,.T.);
#20189 = EDGE_CURVE('',#20190,#20190,#20192,.T.);
#20190 = VERTEX_POINT('',#20191);
#20191 = CARTESIAN_POINT('',(23.638,5.4292,1.51));
#20192 = CIRCLE('',#20193,0.4);
#20193 = AXIS2_PLACEMENT_3D('',#20194,#20195,#20196);
#20194 = CARTESIAN_POINT('',(23.638,5.8292,1.51));
#20195 = DIRECTION('',(-0.,0.,-1.));
#20196 = DIRECTION('',(8.881784197001E-15,-1.,-0.));
#20197 = FACE_BOUND('',#20198,.T.);
#20198 = EDGE_LOOP('',(#20199));
#20199 = ORIENTED_EDGE('',*,*,#20200,.T.);
#20200 = EDGE_CURVE('',#20201,#20201,#20203,.T.);
#20201 = VERTEX_POINT('',#20202);
#20202 = CARTESIAN_POINT('',(26.178,5.4292,1.51));
#20203 = CIRCLE('',#20204,0.4);
#20204 = AXIS2_PLACEMENT_3D('',#20205,#20206,#20207);
#20205 = CARTESIAN_POINT('',(26.178,5.8292,1.51));
#20206 = DIRECTION('',(-0.,0.,-1.));
#20207 = DIRECTION('',(8.881784197001E-15,-1.,-0.));
#20208 = FACE_BOUND('',#20209,.T.);
#20209 = EDGE_LOOP('',(#20210));
#20210 = ORIENTED_EDGE('',*,*,#20211,.T.);
#20211 = EDGE_CURVE('',#20212,#20212,#20214,.T.);
#20212 = VERTEX_POINT('',#20213);
#20213 = CARTESIAN_POINT('',(28.718,5.4292,1.51));
#20214 = CIRCLE('',#20215,0.4);
#20215 = AXIS2_PLACEMENT_3D('',#20216,#20217,#20218);
#20216 = CARTESIAN_POINT('',(28.718,5.8292,1.51));
#20217 = DIRECTION('',(-0.,0.,-1.));
#20218 = DIRECTION('',(-0.,-1.,0.));
#20219 = FACE_BOUND('',#20220,.T.);
#20220 = EDGE_LOOP('',(#20221));
#20221 = ORIENTED_EDGE('',*,*,#20222,.T.);
#20222 = EDGE_CURVE('',#20223,#20223,#20225,.T.);
#20223 = VERTEX_POINT('',#20224);
#20224 = CARTESIAN_POINT('',(31.258,5.4292,1.51));
#20225 = CIRCLE('',#20226,0.4);
#20226 = AXIS2_PLACEMENT_3D('',#20227,#20228,#20229);
#20227 = CARTESIAN_POINT('',(31.258,5.8292,1.51));
#20228 = DIRECTION('',(-0.,0.,-1.));
#20229 = DIRECTION('',(-8.881784197001E-15,-1.,0.));
#20230 = FACE_BOUND('',#20231,.T.);
#20231 = EDGE_LOOP('',(#20232));
#20232 = ORIENTED_EDGE('',*,*,#20233,.T.);
#20233 = EDGE_CURVE('',#20234,#20234,#20236,.T.);
#20234 = VERTEX_POINT('',#20235);
#20235 = CARTESIAN_POINT('',(33.798,5.4292,1.51));
#20236 = CIRCLE('',#20237,0.4);
#20237 = AXIS2_PLACEMENT_3D('',#20238,#20239,#20240);
#20238 = CARTESIAN_POINT('',(33.798,5.8292,1.51));
#20239 = DIRECTION('',(-0.,0.,-1.));
#20240 = DIRECTION('',(-0.,-1.,0.));
#20241 = FACE_BOUND('',#20242,.T.);
#20242 = EDGE_LOOP('',(#20243));
#20243 = ORIENTED_EDGE('',*,*,#20244,.T.);
#20244 = EDGE_CURVE('',#20245,#20245,#20247,.T.);
#20245 = VERTEX_POINT('',#20246);
#20246 = CARTESIAN_POINT('',(36.338,5.4292,1.51));
#20247 = CIRCLE('',#20248,0.4);
#20248 = AXIS2_PLACEMENT_3D('',#20249,#20250,#20251);
#20249 = CARTESIAN_POINT('',(36.338,5.8292,1.51));
#20250 = DIRECTION('',(-0.,0.,-1.));
#20251 = DIRECTION('',(-0.,-1.,0.));
#20252 = FACE_BOUND('',#20253,.T.);
#20253 = EDGE_LOOP('',(#20254));
#20254 = ORIENTED_EDGE('',*,*,#20255,.T.);
#20255 = EDGE_CURVE('',#20256,#20256,#20258,.T.);
#20256 = VERTEX_POINT('',#20257);
#20257 = CARTESIAN_POINT('',(5.55,21.8,1.51));
#20258 = CIRCLE('',#20259,1.3);
#20259 = AXIS2_PLACEMENT_3D('',#20260,#20261,#20262);
#20260 = CARTESIAN_POINT('',(5.55,23.1,1.51));
#20261 = DIRECTION('',(-0.,0.,-1.));
#20262 = DIRECTION('',(-0.,-1.,0.));
#20263 = FACE_BOUND('',#20264,.T.);
#20264 = EDGE_LOOP('',(#20265));
#20265 = ORIENTED_EDGE('',*,*,#20266,.T.);
#20266 = EDGE_CURVE('',#20267,#20267,#20269,.T.);
#20267 = VERTEX_POINT('',#20268);
#20268 = CARTESIAN_POINT('',(2.45,29.6,1.51));
#20269 = CIRCLE('',#20270,0.5);
#20270 = AXIS2_PLACEMENT_3D('',#20271,#20272,#20273);
#20271 = CARTESIAN_POINT('',(2.45,30.1,1.51));
#20272 = DIRECTION('',(-0.,0.,-1.));
#20273 = DIRECTION('',(-0.,-1.,0.));
#20274 = FACE_BOUND('',#20275,.T.);
#20275 = EDGE_LOOP('',(#20276));
#20276 = ORIENTED_EDGE('',*,*,#20277,.T.);
#20277 = EDGE_CURVE('',#20278,#20278,#20280,.T.);
#20278 = VERTEX_POINT('',#20279);
#20279 = CARTESIAN_POINT('',(29.8625,20.6046,1.51));
#20280 = CIRCLE('',#20281,0.55);
#20281 = AXIS2_PLACEMENT_3D('',#20282,#20283,#20284);
#20282 = CARTESIAN_POINT('',(29.8625,21.1546,1.51));
#20283 = DIRECTION('',(-0.,0.,-1.));
#20284 = DIRECTION('',(-0.,-1.,0.));
#20285 = FACE_BOUND('',#20286,.T.);
#20286 = EDGE_LOOP('',(#20287));
#20287 = ORIENTED_EDGE('',*,*,#20288,.T.);
#20288 = EDGE_CURVE('',#20289,#20289,#20291,.T.);
#20289 = VERTEX_POINT('',#20290);
#20290 = CARTESIAN_POINT('',(36.3625,20.6046,1.51));
#20291 = CIRCLE('',#20292,0.55);
#20292 = AXIS2_PLACEMENT_3D('',#20293,#20294,#20295);
#20293 = CARTESIAN_POINT('',(36.3625,21.1546,1.51));
#20294 = DIRECTION('',(-0.,0.,-1.));
#20295 = DIRECTION('',(-0.,-1.,0.));
#20296 = FACE_BOUND('',#20297,.T.);
#20297 = EDGE_LOOP('',(#20298));
#20298 = ORIENTED_EDGE('',*,*,#20299,.T.);
#20299 = EDGE_CURVE('',#20300,#20300,#20302,.T.);
#20300 = VERTEX_POINT('',#20301);
#20301 = CARTESIAN_POINT('',(29.8625,25.1046,1.51));
#20302 = CIRCLE('',#20303,0.55);
#20303 = AXIS2_PLACEMENT_3D('',#20304,#20305,#20306);
#20304 = CARTESIAN_POINT('',(29.8625,25.6546,1.51));
#20305 = DIRECTION('',(-0.,0.,-1.));
#20306 = DIRECTION('',(-0.,-1.,0.));
#20307 = FACE_BOUND('',#20308,.T.);
#20308 = EDGE_LOOP('',(#20309));
#20309 = ORIENTED_EDGE('',*,*,#20310,.T.);
#20310 = EDGE_CURVE('',#20311,#20311,#20313,.T.);
#20311 = VERTEX_POINT('',#20312);
#20312 = CARTESIAN_POINT('',(36.3625,25.1046,1.51));
#20313 = CIRCLE('',#20314,0.55);
#20314 = AXIS2_PLACEMENT_3D('',#20315,#20316,#20317);
#20315 = CARTESIAN_POINT('',(36.3625,25.6546,1.51));
#20316 = DIRECTION('',(-0.,0.,-1.));
#20317 = DIRECTION('',(-0.,-1.,0.));
#20318 = FACE_BOUND('',#20319,.T.);
#20319 = EDGE_LOOP('',(#20320));
#20320 = ORIENTED_EDGE('',*,*,#20321,.T.);
#20321 = EDGE_CURVE('',#20322,#20322,#20324,.T.);
#20322 = VERTEX_POINT('',#20323);
#20323 = CARTESIAN_POINT('',(44.,30.4,1.51));
#20324 = CIRCLE('',#20325,1.6);
#20325 = AXIS2_PLACEMENT_3D('',#20326,#20327,#20328);
#20326 = CARTESIAN_POINT('',(44.,32.,1.51));
#20327 = DIRECTION('',(-0.,0.,-1.));
#20328 = DIRECTION('',(-0.,-1.,0.));
#20329 = PLANE('',#20330);
#20330 = AXIS2_PLACEMENT_3D('',#20331,#20332,#20333);
#20331 = CARTESIAN_POINT('',(0.,0.,1.51));
#20332 = DIRECTION('',(0.,0.,1.));
#20333 = DIRECTION('',(1.,0.,-0.));
#20334 = ADVANCED_FACE('',(#20335),#20346,.T.);
#20335 = FACE_BOUND('',#20336,.T.);
#20336 = EDGE_LOOP('',(#20337,#20343,#20344,#20345));
#20337 = ORIENTED_EDGE('',*,*,#20338,.T.);
#20338 = EDGE_CURVE('',#18785,#19563,#20339,.T.);
#20339 = LINE('',#20340,#20341);
#20340 = CARTESIAN_POINT('',(-50.000001,34.999999,0.));
#20341 = VECTOR('',#20342,1.);
#20342 = DIRECTION('',(0.,0.,1.));
#20343 = ORIENTED_EDGE('',*,*,#19562,.T.);
#20344 = ORIENTED_EDGE('',*,*,#18720,.F.);
#20345 = ORIENTED_EDGE('',*,*,#18784,.F.);
#20346 = CYLINDRICAL_SURFACE('',#20347,3.000001172986);
#20347 = AXIS2_PLACEMENT_3D('',#20348,#20349,#20350);
#20348 = CARTESIAN_POINT('',(-46.99999982701,34.999998827014,0.));
#20349 = DIRECTION('',(0.,0.,-1.));
#20350 = DIRECTION('',(-1.,5.766197944245E-08,0.));
#20351 = ADVANCED_FACE('',(#20352),#20363,.T.);
#20352 = FACE_BOUND('',#20353,.T.);
#20353 = EDGE_LOOP('',(#20354,#20355,#20356,#20362));
#20354 = ORIENTED_EDGE('',*,*,#18760,.T.);
#20355 = ORIENTED_EDGE('',*,*,#19596,.T.);
#20356 = ORIENTED_EDGE('',*,*,#20357,.F.);
#20357 = EDGE_CURVE('',#18811,#19589,#20358,.T.);
#20358 = LINE('',#20359,#20360);
#20359 = CARTESIAN_POINT('',(46.999999,-38.,0.));
#20360 = VECTOR('',#20361,1.);
#20361 = DIRECTION('',(0.,0.,1.));
#20362 = ORIENTED_EDGE('',*,*,#18818,.F.);
#20363 = CYLINDRICAL_SURFACE('',#20364,3.000001172987);
#20364 = AXIS2_PLACEMENT_3D('',#20365,#20366,#20367);
#20365 = CARTESIAN_POINT('',(46.999997827013,-34.99999882701,0.));
#20366 = DIRECTION('',(0.,0.,-1.));
#20367 = DIRECTION('',(1.,-3.909953663434E-07,0.));
#20368 = ADVANCED_FACE('',(#20369),#20380,.T.);
#20369 = FACE_BOUND('',#20370,.T.);
#20370 = EDGE_LOOP('',(#20371,#20377,#20378,#20379));
#20371 = ORIENTED_EDGE('',*,*,#20372,.T.);
#20372 = EDGE_CURVE('',#18794,#19572,#20373,.T.);
#20373 = LINE('',#20374,#20375);
#20374 = CARTESIAN_POINT('',(-50.000001,-34.999999,0.));
#20375 = VECTOR('',#20376,1.);
#20376 = DIRECTION('',(0.,0.,1.));
#20377 = ORIENTED_EDGE('',*,*,#19571,.T.);
#20378 = ORIENTED_EDGE('',*,*,#20338,.F.);
#20379 = ORIENTED_EDGE('',*,*,#18793,.F.);
#20380 = PLANE('',#20381);
#20381 = AXIS2_PLACEMENT_3D('',#20382,#20383,#20384);
#20382 = CARTESIAN_POINT('',(-50.000001,-34.999999,0.));
#20383 = DIRECTION('',(-1.,0.,0.));
#20384 = DIRECTION('',(0.,1.,0.));
#20385 = ADVANCED_FACE('',(#20386),#20397,.T.);
#20386 = FACE_BOUND('',#20387,.T.);
#20387 = EDGE_LOOP('',(#20388,#20389,#20390,#20396));
#20388 = ORIENTED_EDGE('',*,*,#20357,.T.);
#20389 = ORIENTED_EDGE('',*,*,#19588,.T.);
#20390 = ORIENTED_EDGE('',*,*,#20391,.F.);
#20391 = EDGE_CURVE('',#18802,#19580,#20392,.T.);
#20392 = LINE('',#20393,#20394);
#20393 = CARTESIAN_POINT('',(-47.,-38.,0.));
#20394 = VECTOR('',#20395,1.);
#20395 = DIRECTION('',(0.,0.,1.));
#20396 = ORIENTED_EDGE('',*,*,#18810,.F.);
#20397 = PLANE('',#20398);
#20398 = AXIS2_PLACEMENT_3D('',#20399,#20400,#20401);
#20399 = CARTESIAN_POINT('',(46.999999,-38.,0.));
#20400 = DIRECTION('',(0.,-1.,0.));
#20401 = DIRECTION('',(-1.,0.,0.));
#20402 = ADVANCED_FACE('',(#20403),#20409,.T.);
#20403 = FACE_BOUND('',#20404,.T.);
#20404 = EDGE_LOOP('',(#20405,#20406,#20407,#20408));
#20405 = ORIENTED_EDGE('',*,*,#20391,.T.);
#20406 = ORIENTED_EDGE('',*,*,#19579,.T.);
#20407 = ORIENTED_EDGE('',*,*,#20372,.F.);
#20408 = ORIENTED_EDGE('',*,*,#18801,.F.);
#20409 = CYLINDRICAL_SURFACE('',#20410,3.000001172986);
#20410 = AXIS2_PLACEMENT_3D('',#20411,#20412,#20413);
#20411 = CARTESIAN_POINT('',(-46.99999982701,-34.99999882701,0.));
#20412 = DIRECTION('',(0.,0.,-1.));
#20413 = DIRECTION('',(-5.766197944245E-08,-1.,-0.));
#20414 = ADVANCED_FACE('',(#20415),#20426,.F.);
#20415 = FACE_BOUND('',#20416,.T.);
#20416 = EDGE_LOOP('',(#20417,#20418,#20424,#20425));
#20417 = ORIENTED_EDGE('',*,*,#18828,.T.);
#20418 = ORIENTED_EDGE('',*,*,#20419,.T.);
#20419 = EDGE_CURVE('',#18829,#19607,#20420,.T.);
#20420 = LINE('',#20421,#20422);
#20421 = CARTESIAN_POINT('',(-44.,-33.6,-4.6E-02));
#20422 = VECTOR('',#20423,1.);
#20423 = DIRECTION('',(0.,0.,1.));
#20424 = ORIENTED_EDGE('',*,*,#19606,.F.);
#20425 = ORIENTED_EDGE('',*,*,#20419,.F.);
#20426 = CYLINDRICAL_SURFACE('',#20427,1.6);
#20427 = AXIS2_PLACEMENT_3D('',#20428,#20429,#20430);
#20428 = CARTESIAN_POINT('',(-44.,-32.,-4.6E-02));
#20429 = DIRECTION('',(-0.,-0.,-1.));
#20430 = DIRECTION('',(-0.,-1.,0.));
#20431 = ADVANCED_FACE('',(#20432),#20443,.F.);
#20432 = FACE_BOUND('',#20433,.T.);
#20433 = EDGE_LOOP('',(#20434,#20435,#20441,#20442));
#20434 = ORIENTED_EDGE('',*,*,#18839,.T.);
#20435 = ORIENTED_EDGE('',*,*,#20436,.T.);
#20436 = EDGE_CURVE('',#18840,#19618,#20437,.T.);
#20437 = LINE('',#20438,#20439);
#20438 = CARTESIAN_POINT('',(-31.5,-30.55,-4.6E-02));
#20439 = VECTOR('',#20440,1.);
#20440 = DIRECTION('',(0.,0.,1.));
#20441 = ORIENTED_EDGE('',*,*,#19617,.F.);
#20442 = ORIENTED_EDGE('',*,*,#20436,.F.);
#20443 = CYLINDRICAL_SURFACE('',#20444,0.5);
#20444 = AXIS2_PLACEMENT_3D('',#20445,#20446,#20447);
#20445 = CARTESIAN_POINT('',(-31.5,-30.05,-4.6E-02));
#20446 = DIRECTION('',(-0.,-0.,-1.));
#20447 = DIRECTION('',(-0.,-1.,0.));
#20448 = ADVANCED_FACE('',(#20449),#20460,.F.);
#20449 = FACE_BOUND('',#20450,.T.);
#20450 = EDGE_LOOP('',(#20451,#20452,#20458,#20459));
#20451 = ORIENTED_EDGE('',*,*,#18850,.T.);
#20452 = ORIENTED_EDGE('',*,*,#20453,.T.);
#20453 = EDGE_CURVE('',#18851,#19629,#20454,.T.);
#20454 = LINE('',#20455,#20456);
#20455 = CARTESIAN_POINT('',(-26.5,-30.55,-4.6E-02));
#20456 = VECTOR('',#20457,1.);
#20457 = DIRECTION('',(0.,0.,1.));
#20458 = ORIENTED_EDGE('',*,*,#19628,.F.);
#20459 = ORIENTED_EDGE('',*,*,#20453,.F.);
#20460 = CYLINDRICAL_SURFACE('',#20461,0.5);
#20461 = AXIS2_PLACEMENT_3D('',#20462,#20463,#20464);
#20462 = CARTESIAN_POINT('',(-26.5,-30.05,-4.6E-02));
#20463 = DIRECTION('',(-0.,-0.,-1.));
#20464 = DIRECTION('',(-0.,-1.,0.));
#20465 = ADVANCED_FACE('',(#20466),#20477,.F.);
#20466 = FACE_BOUND('',#20467,.T.);
#20467 = EDGE_LOOP('',(#20468,#20469,#20475,#20476));
#20468 = ORIENTED_EDGE('',*,*,#18861,.T.);
#20469 = ORIENTED_EDGE('',*,*,#20470,.T.);
#20470 = EDGE_CURVE('',#18862,#19640,#20471,.T.);
#20471 = LINE('',#20472,#20473);
#20472 = CARTESIAN_POINT('',(-34.6,-24.35,-4.6E-02));
#20473 = VECTOR('',#20474,1.);
#20474 = DIRECTION('',(0.,0.,1.));
#20475 = ORIENTED_EDGE('',*,*,#19639,.F.);
#20476 = ORIENTED_EDGE('',*,*,#20470,.F.);
#20477 = CYLINDRICAL_SURFACE('',#20478,1.3);
#20478 = AXIS2_PLACEMENT_3D('',#20479,#20480,#20481);
#20479 = CARTESIAN_POINT('',(-34.6,-23.05,-4.6E-02));
#20480 = DIRECTION('',(-0.,-0.,-1.));
#20481 = DIRECTION('',(-5.465713352001E-15,-1.,0.));
#20482 = ADVANCED_FACE('',(#20483),#20494,.F.);
#20483 = FACE_BOUND('',#20484,.T.);
#20484 = EDGE_LOOP('',(#20485,#20486,#20492,#20493));
#20485 = ORIENTED_EDGE('',*,*,#18872,.T.);
#20486 = ORIENTED_EDGE('',*,*,#20487,.T.);
#20487 = EDGE_CURVE('',#18873,#19651,#20488,.T.);
#20488 = LINE('',#20489,#20490);
#20489 = CARTESIAN_POINT('',(-23.4,-24.35,-4.6E-02));
#20490 = VECTOR('',#20491,1.);
#20491 = DIRECTION('',(0.,0.,1.));
#20492 = ORIENTED_EDGE('',*,*,#19650,.F.);
#20493 = ORIENTED_EDGE('',*,*,#20487,.F.);
#20494 = CYLINDRICAL_SURFACE('',#20495,1.3);
#20495 = AXIS2_PLACEMENT_3D('',#20496,#20497,#20498);
#20496 = CARTESIAN_POINT('',(-23.4,-23.05,-4.6E-02));
#20497 = DIRECTION('',(-0.,-0.,-1.));
#20498 = DIRECTION('',(-0.,-1.,0.));
#20499 = ADVANCED_FACE('',(#20500),#20511,.F.);
#20500 = FACE_BOUND('',#20501,.T.);
#20501 = EDGE_LOOP('',(#20502,#20503,#20509,#20510));
#20502 = ORIENTED_EDGE('',*,*,#18883,.T.);
#20503 = ORIENTED_EDGE('',*,*,#20504,.T.);
#20504 = EDGE_CURVE('',#18884,#19662,#20505,.T.);
#20505 = LINE('',#20506,#20507);
#20506 = CARTESIAN_POINT('',(-3.08,-25.448,-4.6E-02));
#20507 = VECTOR('',#20508,1.);
#20508 = DIRECTION('',(0.,0.,1.));
#20509 = ORIENTED_EDGE('',*,*,#19661,.F.);
#20510 = ORIENTED_EDGE('',*,*,#20504,.F.);
#20511 = CYLINDRICAL_SURFACE('',#20512,0.55);
#20512 = AXIS2_PLACEMENT_3D('',#20513,#20514,#20515);
#20513 = CARTESIAN_POINT('',(-3.08,-24.898,-4.6E-02));
#20514 = DIRECTION('',(-0.,-0.,-1.));
#20515 = DIRECTION('',(-0.,-1.,0.));
#20516 = ADVANCED_FACE('',(#20517),#20528,.F.);
#20517 = FACE_BOUND('',#20518,.T.);
#20518 = EDGE_LOOP('',(#20519,#20520,#20526,#20527));
#20519 = ORIENTED_EDGE('',*,*,#18894,.T.);
#20520 = ORIENTED_EDGE('',*,*,#20521,.T.);
#20521 = EDGE_CURVE('',#18895,#19673,#20522,.T.);
#20522 = LINE('',#20523,#20524);
#20523 = CARTESIAN_POINT('',(-3.08,-20.948,-4.6E-02));
#20524 = VECTOR('',#20525,1.);
#20525 = DIRECTION('',(0.,0.,1.));
#20526 = ORIENTED_EDGE('',*,*,#19672,.F.);
#20527 = ORIENTED_EDGE('',*,*,#20521,.F.);
#20528 = CYLINDRICAL_SURFACE('',#20529,0.55);
#20529 = AXIS2_PLACEMENT_3D('',#20530,#20531,#20532);
#20530 = CARTESIAN_POINT('',(-3.08,-20.398,-4.6E-02));
#20531 = DIRECTION('',(-0.,-0.,-1.));
#20532 = DIRECTION('',(-0.,-1.,0.));
#20533 = ADVANCED_FACE('',(#20534),#20545,.F.);
#20534 = FACE_BOUND('',#20535,.T.);
#20535 = EDGE_LOOP('',(#20536,#20537,#20543,#20544));
#20536 = ORIENTED_EDGE('',*,*,#18905,.T.);
#20537 = ORIENTED_EDGE('',*,*,#20538,.T.);
#20538 = EDGE_CURVE('',#18906,#19684,#20539,.T.);
#20539 = LINE('',#20540,#20541);
#20540 = CARTESIAN_POINT('',(-31.5,-16.05,-4.6E-02));
#20541 = VECTOR('',#20542,1.);
#20542 = DIRECTION('',(0.,0.,1.));
#20543 = ORIENTED_EDGE('',*,*,#19683,.F.);
#20544 = ORIENTED_EDGE('',*,*,#20538,.F.);
#20545 = CYLINDRICAL_SURFACE('',#20546,0.5);
#20546 = AXIS2_PLACEMENT_3D('',#20547,#20548,#20549);
#20547 = CARTESIAN_POINT('',(-31.5,-15.55,-4.6E-02));
#20548 = DIRECTION('',(-0.,-0.,-1.));
#20549 = DIRECTION('',(-0.,-1.,0.));
#20550 = ADVANCED_FACE('',(#20551),#20562,.F.);
#20551 = FACE_BOUND('',#20552,.T.);
#20552 = EDGE_LOOP('',(#20553,#20554,#20560,#20561));
#20553 = ORIENTED_EDGE('',*,*,#18916,.T.);
#20554 = ORIENTED_EDGE('',*,*,#20555,.T.);
#20555 = EDGE_CURVE('',#18917,#19695,#20556,.T.);
#20556 = LINE('',#20557,#20558);
#20557 = CARTESIAN_POINT('',(-29.,-16.05,-4.6E-02));
#20558 = VECTOR('',#20559,1.);
#20559 = DIRECTION('',(0.,0.,1.));
#20560 = ORIENTED_EDGE('',*,*,#19694,.F.);
#20561 = ORIENTED_EDGE('',*,*,#20555,.F.);
#20562 = CYLINDRICAL_SURFACE('',#20563,0.5);
#20563 = AXIS2_PLACEMENT_3D('',#20564,#20565,#20566);
#20564 = CARTESIAN_POINT('',(-29.,-15.55,-4.6E-02));
#20565 = DIRECTION('',(-0.,-0.,-1.));
#20566 = DIRECTION('',(-0.,-1.,0.));
#20567 = ADVANCED_FACE('',(#20568),#20579,.F.);
#20568 = FACE_BOUND('',#20569,.T.);
#20569 = EDGE_LOOP('',(#20570,#20571,#20577,#20578));
#20570 = ORIENTED_EDGE('',*,*,#18927,.T.);
#20571 = ORIENTED_EDGE('',*,*,#20572,.T.);
#20572 = EDGE_CURVE('',#18928,#19706,#20573,.T.);
#20573 = LINE('',#20574,#20575);
#20574 = CARTESIAN_POINT('',(-26.5,-16.05,-4.6E-02));
#20575 = VECTOR('',#20576,1.);
#20576 = DIRECTION('',(0.,0.,1.));
#20577 = ORIENTED_EDGE('',*,*,#19705,.F.);
#20578 = ORIENTED_EDGE('',*,*,#20572,.F.);
#20579 = CYLINDRICAL_SURFACE('',#20580,0.5);
#20580 = AXIS2_PLACEMENT_3D('',#20581,#20582,#20583);
#20581 = CARTESIAN_POINT('',(-26.5,-15.55,-4.6E-02));
#20582 = DIRECTION('',(-0.,-0.,-1.));
#20583 = DIRECTION('',(-0.,-1.,0.));
#20584 = ADVANCED_FACE('',(#20585),#20596,.F.);
#20585 = FACE_BOUND('',#20586,.T.);
#20586 = EDGE_LOOP('',(#20587,#20588,#20594,#20595));
#20587 = ORIENTED_EDGE('',*,*,#18938,.T.);
#20588 = ORIENTED_EDGE('',*,*,#20589,.T.);
#20589 = EDGE_CURVE('',#18939,#19717,#20590,.T.);
#20590 = LINE('',#20591,#20592);
#20591 = CARTESIAN_POINT('',(-35.1884,-4.7816,-4.6E-02));
#20592 = VECTOR('',#20593,1.);
#20593 = DIRECTION('',(0.,0.,1.));
#20594 = ORIENTED_EDGE('',*,*,#19716,.F.);
#20595 = ORIENTED_EDGE('',*,*,#20589,.F.);
#20596 = CYLINDRICAL_SURFACE('',#20597,0.4);
#20597 = AXIS2_PLACEMENT_3D('',#20598,#20599,#20600);
#20598 = CARTESIAN_POINT('',(-35.1884,-4.3816,-4.6E-02));
#20599 = DIRECTION('',(-0.,-0.,-1.));
#20600 = DIRECTION('',(-0.,-1.,0.));
#20601 = ADVANCED_FACE('',(#20602),#20613,.F.);
#20602 = FACE_BOUND('',#20603,.T.);
#20603 = EDGE_LOOP('',(#20604,#20605,#20611,#20612));
#20604 = ORIENTED_EDGE('',*,*,#18949,.T.);
#20605 = ORIENTED_EDGE('',*,*,#20606,.T.);
#20606 = EDGE_CURVE('',#18950,#19728,#20607,.T.);
#20607 = LINE('',#20608,#20609);
#20608 = CARTESIAN_POINT('',(-32.6484,-4.7816,-4.6E-02));
#20609 = VECTOR('',#20610,1.);
#20610 = DIRECTION('',(0.,0.,1.));
#20611 = ORIENTED_EDGE('',*,*,#19727,.F.);
#20612 = ORIENTED_EDGE('',*,*,#20606,.F.);
#20613 = CYLINDRICAL_SURFACE('',#20614,0.4);
#20614 = AXIS2_PLACEMENT_3D('',#20615,#20616,#20617);
#20615 = CARTESIAN_POINT('',(-32.6484,-4.3816,-4.6E-02));
#20616 = DIRECTION('',(-0.,-0.,-1.));
#20617 = DIRECTION('',(-1.7763568394E-14,-1.,0.));
#20618 = ADVANCED_FACE('',(#20619),#20630,.F.);
#20619 = FACE_BOUND('',#20620,.T.);
#20620 = EDGE_LOOP('',(#20621,#20622,#20628,#20629));
#20621 = ORIENTED_EDGE('',*,*,#18960,.T.);
#20622 = ORIENTED_EDGE('',*,*,#20623,.T.);
#20623 = EDGE_CURVE('',#18961,#19739,#20624,.T.);
#20624 = LINE('',#20625,#20626);
#20625 = CARTESIAN_POINT('',(-30.1084,-4.7816,-4.6E-02));
#20626 = VECTOR('',#20627,1.);
#20627 = DIRECTION('',(0.,0.,1.));
#20628 = ORIENTED_EDGE('',*,*,#19738,.F.);
#20629 = ORIENTED_EDGE('',*,*,#20623,.F.);
#20630 = CYLINDRICAL_SURFACE('',#20631,0.4);
#20631 = AXIS2_PLACEMENT_3D('',#20632,#20633,#20634);
#20632 = CARTESIAN_POINT('',(-30.1084,-4.3816,-4.6E-02));
#20633 = DIRECTION('',(-0.,0.,-1.));
#20634 = DIRECTION('',(8.881784197001E-15,-1.,-0.));
#20635 = ADVANCED_FACE('',(#20636),#20647,.F.);
#20636 = FACE_BOUND('',#20637,.T.);
#20637 = EDGE_LOOP('',(#20638,#20639,#20645,#20646));
#20638 = ORIENTED_EDGE('',*,*,#18971,.T.);
#20639 = ORIENTED_EDGE('',*,*,#20640,.T.);
#20640 = EDGE_CURVE('',#18972,#19750,#20641,.T.);
#20641 = LINE('',#20642,#20643);
#20642 = CARTESIAN_POINT('',(-27.5684,-4.7816,-4.6E-02));
#20643 = VECTOR('',#20644,1.);
#20644 = DIRECTION('',(0.,0.,1.));
#20645 = ORIENTED_EDGE('',*,*,#19749,.F.);
#20646 = ORIENTED_EDGE('',*,*,#20640,.F.);
#20647 = CYLINDRICAL_SURFACE('',#20648,0.4);
#20648 = AXIS2_PLACEMENT_3D('',#20649,#20650,#20651);
#20649 = CARTESIAN_POINT('',(-27.5684,-4.3816,-4.6E-02));
#20650 = DIRECTION('',(-0.,-0.,-1.));
#20651 = DIRECTION('',(-8.881784197001E-15,-1.,0.));
#20652 = ADVANCED_FACE('',(#20653),#20664,.F.);
#20653 = FACE_BOUND('',#20654,.T.);
#20654 = EDGE_LOOP('',(#20655,#20656,#20662,#20663));
#20655 = ORIENTED_EDGE('',*,*,#18982,.T.);
#20656 = ORIENTED_EDGE('',*,*,#20657,.T.);
#20657 = EDGE_CURVE('',#18983,#19761,#20658,.T.);
#20658 = LINE('',#20659,#20660);
#20659 = CARTESIAN_POINT('',(-25.0284,-4.7816,-4.6E-02));
#20660 = VECTOR('',#20661,1.);
#20661 = DIRECTION('',(0.,0.,1.));
#20662 = ORIENTED_EDGE('',*,*,#19760,.F.);
#20663 = ORIENTED_EDGE('',*,*,#20657,.F.);
#20664 = CYLINDRICAL_SURFACE('',#20665,0.4);
#20665 = AXIS2_PLACEMENT_3D('',#20666,#20667,#20668);
#20666 = CARTESIAN_POINT('',(-25.0284,-4.3816,-4.6E-02));
#20667 = DIRECTION('',(-0.,-0.,-1.));
#20668 = DIRECTION('',(-8.881784197001E-15,-1.,0.));
#20669 = ADVANCED_FACE('',(#20670),#20681,.F.);
#20670 = FACE_BOUND('',#20671,.T.);
#20671 = EDGE_LOOP('',(#20672,#20673,#20679,#20680));
#20672 = ORIENTED_EDGE('',*,*,#18993,.T.);
#20673 = ORIENTED_EDGE('',*,*,#20674,.T.);
#20674 = EDGE_CURVE('',#18994,#19772,#20675,.T.);
#20675 = LINE('',#20676,#20677);
#20676 = CARTESIAN_POINT('',(3.42,-25.448,-4.6E-02));
#20677 = VECTOR('',#20678,1.);
#20678 = DIRECTION('',(0.,0.,1.));
#20679 = ORIENTED_EDGE('',*,*,#19771,.F.);
#20680 = ORIENTED_EDGE('',*,*,#20674,.F.);
#20681 = CYLINDRICAL_SURFACE('',#20682,0.55);
#20682 = AXIS2_PLACEMENT_3D('',#20683,#20684,#20685);
#20683 = CARTESIAN_POINT('',(3.42,-24.898,-4.6E-02));
#20684 = DIRECTION('',(-0.,-0.,-1.));
#20685 = DIRECTION('',(-0.,-1.,0.));
#20686 = ADVANCED_FACE('',(#20687),#20698,.F.);
#20687 = FACE_BOUND('',#20688,.T.);
#20688 = EDGE_LOOP('',(#20689,#20690,#20696,#20697));
#20689 = ORIENTED_EDGE('',*,*,#19004,.T.);
#20690 = ORIENTED_EDGE('',*,*,#20691,.T.);
#20691 = EDGE_CURVE('',#19005,#19783,#20692,.T.);
#20692 = LINE('',#20693,#20694);
#20693 = CARTESIAN_POINT('',(3.42,-20.948,-4.6E-02));
#20694 = VECTOR('',#20695,1.);
#20695 = DIRECTION('',(0.,0.,1.));
#20696 = ORIENTED_EDGE('',*,*,#19782,.F.);
#20697 = ORIENTED_EDGE('',*,*,#20691,.F.);
#20698 = CYLINDRICAL_SURFACE('',#20699,0.55);
#20699 = AXIS2_PLACEMENT_3D('',#20700,#20701,#20702);
#20700 = CARTESIAN_POINT('',(3.42,-20.398,-4.6E-02));
#20701 = DIRECTION('',(-0.,-0.,-1.));
#20702 = DIRECTION('',(-0.,-1.,0.));
#20703 = ADVANCED_FACE('',(#20704),#20715,.F.);
#20704 = FACE_BOUND('',#20705,.T.);
#20705 = EDGE_LOOP('',(#20706,#20707,#20713,#20714));
#20706 = ORIENTED_EDGE('',*,*,#19015,.T.);
#20707 = ORIENTED_EDGE('',*,*,#20708,.T.);
#20708 = EDGE_CURVE('',#19016,#19794,#20709,.T.);
#20709 = LINE('',#20710,#20711);
#20710 = CARTESIAN_POINT('',(27.5,-30.5,-4.6E-02));
#20711 = VECTOR('',#20712,1.);
#20712 = DIRECTION('',(0.,0.,1.));
#20713 = ORIENTED_EDGE('',*,*,#19793,.F.);
#20714 = ORIENTED_EDGE('',*,*,#20708,.F.);
#20715 = CYLINDRICAL_SURFACE('',#20716,0.5);
#20716 = AXIS2_PLACEMENT_3D('',#20717,#20718,#20719);
#20717 = CARTESIAN_POINT('',(27.5,-30.,-4.6E-02));
#20718 = DIRECTION('',(-0.,-0.,-1.));
#20719 = DIRECTION('',(-0.,-1.,0.));
#20720 = ADVANCED_FACE('',(#20721),#20732,.F.);
#20721 = FACE_BOUND('',#20722,.T.);
#20722 = EDGE_LOOP('',(#20723,#20724,#20730,#20731));
#20723 = ORIENTED_EDGE('',*,*,#19026,.T.);
#20724 = ORIENTED_EDGE('',*,*,#20725,.T.);
#20725 = EDGE_CURVE('',#19027,#19805,#20726,.T.);
#20726 = LINE('',#20727,#20728);
#20727 = CARTESIAN_POINT('',(32.5,-30.5,-4.6E-02));
#20728 = VECTOR('',#20729,1.);
#20729 = DIRECTION('',(0.,0.,1.));
#20730 = ORIENTED_EDGE('',*,*,#19804,.F.);
#20731 = ORIENTED_EDGE('',*,*,#20725,.F.);
#20732 = CYLINDRICAL_SURFACE('',#20733,0.5);
#20733 = AXIS2_PLACEMENT_3D('',#20734,#20735,#20736);
#20734 = CARTESIAN_POINT('',(32.5,-30.,-4.6E-02));
#20735 = DIRECTION('',(-0.,-0.,-1.));
#20736 = DIRECTION('',(-0.,-1.,0.));
#20737 = ADVANCED_FACE('',(#20738),#20749,.F.);
#20738 = FACE_BOUND('',#20739,.T.);
#20739 = EDGE_LOOP('',(#20740,#20741,#20747,#20748));
#20740 = ORIENTED_EDGE('',*,*,#19037,.T.);
#20741 = ORIENTED_EDGE('',*,*,#20742,.T.);
#20742 = EDGE_CURVE('',#19038,#19816,#20743,.T.);
#20743 = LINE('',#20744,#20745);
#20744 = CARTESIAN_POINT('',(44.,-33.6,-4.6E-02));
#20745 = VECTOR('',#20746,1.);
#20746 = DIRECTION('',(0.,0.,1.));
#20747 = ORIENTED_EDGE('',*,*,#19815,.F.);
#20748 = ORIENTED_EDGE('',*,*,#20742,.F.);
#20749 = CYLINDRICAL_SURFACE('',#20750,1.6);
#20750 = AXIS2_PLACEMENT_3D('',#20751,#20752,#20753);
#20751 = CARTESIAN_POINT('',(44.,-32.,-4.6E-02));
#20752 = DIRECTION('',(-0.,-0.,-1.));
#20753 = DIRECTION('',(-0.,-1.,0.));
#20754 = ADVANCED_FACE('',(#20755),#20766,.F.);
#20755 = FACE_BOUND('',#20756,.T.);
#20756 = EDGE_LOOP('',(#20757,#20758,#20764,#20765));
#20757 = ORIENTED_EDGE('',*,*,#19048,.T.);
#20758 = ORIENTED_EDGE('',*,*,#20759,.T.);
#20759 = EDGE_CURVE('',#19049,#19827,#20760,.T.);
#20760 = LINE('',#20761,#20762);
#20761 = CARTESIAN_POINT('',(24.4,-24.3,-4.6E-02));
#20762 = VECTOR('',#20763,1.);
#20763 = DIRECTION('',(0.,0.,1.));
#20764 = ORIENTED_EDGE('',*,*,#19826,.F.);
#20765 = ORIENTED_EDGE('',*,*,#20759,.F.);
#20766 = CYLINDRICAL_SURFACE('',#20767,1.3);
#20767 = AXIS2_PLACEMENT_3D('',#20768,#20769,#20770);
#20768 = CARTESIAN_POINT('',(24.4,-23.,-4.6E-02));
#20769 = DIRECTION('',(-0.,-0.,-1.));
#20770 = DIRECTION('',(-0.,-1.,0.));
#20771 = ADVANCED_FACE('',(#20772),#20783,.F.);
#20772 = FACE_BOUND('',#20773,.T.);
#20773 = EDGE_LOOP('',(#20774,#20775,#20781,#20782));
#20774 = ORIENTED_EDGE('',*,*,#19059,.T.);
#20775 = ORIENTED_EDGE('',*,*,#20776,.T.);
#20776 = EDGE_CURVE('',#19060,#19838,#20777,.T.);
#20777 = LINE('',#20778,#20779);
#20778 = CARTESIAN_POINT('',(35.6,-24.3,-4.6E-02));
#20779 = VECTOR('',#20780,1.);
#20780 = DIRECTION('',(0.,0.,1.));
#20781 = ORIENTED_EDGE('',*,*,#19837,.F.);
#20782 = ORIENTED_EDGE('',*,*,#20776,.F.);
#20783 = CYLINDRICAL_SURFACE('',#20784,1.3);
#20784 = AXIS2_PLACEMENT_3D('',#20785,#20786,#20787);
#20785 = CARTESIAN_POINT('',(35.6,-23.,-4.6E-02));
#20786 = DIRECTION('',(-0.,0.,-1.));
#20787 = DIRECTION('',(5.465713352001E-15,-1.,-0.));
#20788 = ADVANCED_FACE('',(#20789),#20800,.F.);
#20789 = FACE_BOUND('',#20790,.T.);
#20790 = EDGE_LOOP('',(#20791,#20792,#20798,#20799));
#20791 = ORIENTED_EDGE('',*,*,#19070,.T.);
#20792 = ORIENTED_EDGE('',*,*,#20793,.T.);
#20793 = EDGE_CURVE('',#19071,#19849,#20794,.T.);
#20794 = LINE('',#20795,#20796);
#20795 = CARTESIAN_POINT('',(27.5,-16.,-4.6E-02));
#20796 = VECTOR('',#20797,1.);
#20797 = DIRECTION('',(0.,0.,1.));
#20798 = ORIENTED_EDGE('',*,*,#19848,.F.);
#20799 = ORIENTED_EDGE('',*,*,#20793,.F.);
#20800 = CYLINDRICAL_SURFACE('',#20801,0.5);
#20801 = AXIS2_PLACEMENT_3D('',#20802,#20803,#20804);
#20802 = CARTESIAN_POINT('',(27.5,-15.5,-4.6E-02));
#20803 = DIRECTION('',(-0.,-0.,-1.));
#20804 = DIRECTION('',(-0.,-1.,0.));
#20805 = ADVANCED_FACE('',(#20806),#20817,.F.);
#20806 = FACE_BOUND('',#20807,.T.);
#20807 = EDGE_LOOP('',(#20808,#20809,#20815,#20816));
#20808 = ORIENTED_EDGE('',*,*,#19081,.T.);
#20809 = ORIENTED_EDGE('',*,*,#20810,.T.);
#20810 = EDGE_CURVE('',#19082,#19860,#20811,.T.);
#20811 = LINE('',#20812,#20813);
#20812 = CARTESIAN_POINT('',(30.,-16.,-4.6E-02));
#20813 = VECTOR('',#20814,1.);
#20814 = DIRECTION('',(0.,0.,1.));
#20815 = ORIENTED_EDGE('',*,*,#19859,.F.);
#20816 = ORIENTED_EDGE('',*,*,#20810,.F.);
#20817 = CYLINDRICAL_SURFACE('',#20818,0.5);
#20818 = AXIS2_PLACEMENT_3D('',#20819,#20820,#20821);
#20819 = CARTESIAN_POINT('',(30.,-15.5,-4.6E-02));
#20820 = DIRECTION('',(-0.,-0.,-1.));
#20821 = DIRECTION('',(-0.,-1.,0.));
#20822 = ADVANCED_FACE('',(#20823),#20834,.F.);
#20823 = FACE_BOUND('',#20824,.T.);
#20824 = EDGE_LOOP('',(#20825,#20826,#20832,#20833));
#20825 = ORIENTED_EDGE('',*,*,#19092,.T.);
#20826 = ORIENTED_EDGE('',*,*,#20827,.T.);
#20827 = EDGE_CURVE('',#19093,#19871,#20828,.T.);
#20828 = LINE('',#20829,#20830);
#20829 = CARTESIAN_POINT('',(32.5,-16.,-4.6E-02));
#20830 = VECTOR('',#20831,1.);
#20831 = DIRECTION('',(0.,0.,1.));
#20832 = ORIENTED_EDGE('',*,*,#19870,.F.);
#20833 = ORIENTED_EDGE('',*,*,#20827,.F.);
#20834 = CYLINDRICAL_SURFACE('',#20835,0.5);
#20835 = AXIS2_PLACEMENT_3D('',#20836,#20837,#20838);
#20836 = CARTESIAN_POINT('',(32.5,-15.5,-4.6E-02));
#20837 = DIRECTION('',(-0.,-0.,-1.));
#20838 = DIRECTION('',(-0.,-1.,0.));
#20839 = ADVANCED_FACE('',(#20840),#20851,.F.);
#20840 = FACE_BOUND('',#20841,.T.);
#20841 = EDGE_LOOP('',(#20842,#20843,#20849,#20850));
#20842 = ORIENTED_EDGE('',*,*,#19103,.T.);
#20843 = ORIENTED_EDGE('',*,*,#20844,.T.);
#20844 = EDGE_CURVE('',#19104,#19882,#20845,.T.);
#20845 = LINE('',#20846,#20847);
#20846 = CARTESIAN_POINT('',(23.638,-4.7308,-4.6E-02));
#20847 = VECTOR('',#20848,1.);
#20848 = DIRECTION('',(0.,0.,1.));
#20849 = ORIENTED_EDGE('',*,*,#19881,.F.);
#20850 = ORIENTED_EDGE('',*,*,#20844,.F.);
#20851 = CYLINDRICAL_SURFACE('',#20852,0.4);
#20852 = AXIS2_PLACEMENT_3D('',#20853,#20854,#20855);
#20853 = CARTESIAN_POINT('',(23.638,-4.3308,-4.6E-02));
#20854 = DIRECTION('',(-0.,0.,-1.));
#20855 = DIRECTION('',(8.881784197001E-15,-1.,-0.));
#20856 = ADVANCED_FACE('',(#20857),#20868,.F.);
#20857 = FACE_BOUND('',#20858,.T.);
#20858 = EDGE_LOOP('',(#20859,#20860,#20866,#20867));
#20859 = ORIENTED_EDGE('',*,*,#19114,.T.);
#20860 = ORIENTED_EDGE('',*,*,#20861,.T.);
#20861 = EDGE_CURVE('',#19115,#19893,#20862,.T.);
#20862 = LINE('',#20863,#20864);
#20863 = CARTESIAN_POINT('',(26.178,-4.7308,-4.6E-02));
#20864 = VECTOR('',#20865,1.);
#20865 = DIRECTION('',(0.,0.,1.));
#20866 = ORIENTED_EDGE('',*,*,#19892,.F.);
#20867 = ORIENTED_EDGE('',*,*,#20861,.F.);
#20868 = CYLINDRICAL_SURFACE('',#20869,0.4);
#20869 = AXIS2_PLACEMENT_3D('',#20870,#20871,#20872);
#20870 = CARTESIAN_POINT('',(26.178,-4.3308,-4.6E-02));
#20871 = DIRECTION('',(-0.,0.,-1.));
#20872 = DIRECTION('',(8.881784197001E-15,-1.,-0.));
#20873 = ADVANCED_FACE('',(#20874),#20885,.F.);
#20874 = FACE_BOUND('',#20875,.T.);
#20875 = EDGE_LOOP('',(#20876,#20877,#20883,#20884));
#20876 = ORIENTED_EDGE('',*,*,#19125,.T.);
#20877 = ORIENTED_EDGE('',*,*,#20878,.T.);
#20878 = EDGE_CURVE('',#19126,#19904,#20879,.T.);
#20879 = LINE('',#20880,#20881);
#20880 = CARTESIAN_POINT('',(28.718,-4.7308,-4.6E-02));
#20881 = VECTOR('',#20882,1.);
#20882 = DIRECTION('',(0.,0.,1.));
#20883 = ORIENTED_EDGE('',*,*,#19903,.F.);
#20884 = ORIENTED_EDGE('',*,*,#20878,.F.);
#20885 = CYLINDRICAL_SURFACE('',#20886,0.4);
#20886 = AXIS2_PLACEMENT_3D('',#20887,#20888,#20889);
#20887 = CARTESIAN_POINT('',(28.718,-4.3308,-4.6E-02));
#20888 = DIRECTION('',(-0.,-0.,-1.));
#20889 = DIRECTION('',(-0.,-1.,0.));
#20890 = ADVANCED_FACE('',(#20891),#20902,.F.);
#20891 = FACE_BOUND('',#20892,.T.);
#20892 = EDGE_LOOP('',(#20893,#20894,#20900,#20901));
#20893 = ORIENTED_EDGE('',*,*,#19136,.T.);
#20894 = ORIENTED_EDGE('',*,*,#20895,.T.);
#20895 = EDGE_CURVE('',#19137,#19915,#20896,.T.);
#20896 = LINE('',#20897,#20898);
#20897 = CARTESIAN_POINT('',(31.258,-4.7308,-4.6E-02));
#20898 = VECTOR('',#20899,1.);
#20899 = DIRECTION('',(0.,0.,1.));
#20900 = ORIENTED_EDGE('',*,*,#19914,.F.);
#20901 = ORIENTED_EDGE('',*,*,#20895,.F.);
#20902 = CYLINDRICAL_SURFACE('',#20903,0.4);
#20903 = AXIS2_PLACEMENT_3D('',#20904,#20905,#20906);
#20904 = CARTESIAN_POINT('',(31.258,-4.3308,-4.6E-02));
#20905 = DIRECTION('',(-0.,-0.,-1.));
#20906 = DIRECTION('',(-8.881784197001E-15,-1.,0.));
#20907 = ADVANCED_FACE('',(#20908),#20919,.F.);
#20908 = FACE_BOUND('',#20909,.T.);
#20909 = EDGE_LOOP('',(#20910,#20911,#20917,#20918));
#20910 = ORIENTED_EDGE('',*,*,#19147,.T.);
#20911 = ORIENTED_EDGE('',*,*,#20912,.T.);
#20912 = EDGE_CURVE('',#19148,#19926,#20913,.T.);
#20913 = LINE('',#20914,#20915);
#20914 = CARTESIAN_POINT('',(33.798,-4.7308,-4.6E-02));
#20915 = VECTOR('',#20916,1.);
#20916 = DIRECTION('',(0.,0.,1.));
#20917 = ORIENTED_EDGE('',*,*,#19925,.F.);
#20918 = ORIENTED_EDGE('',*,*,#20912,.F.);
#20919 = CYLINDRICAL_SURFACE('',#20920,0.4);
#20920 = AXIS2_PLACEMENT_3D('',#20921,#20922,#20923);
#20921 = CARTESIAN_POINT('',(33.798,-4.3308,-4.6E-02));
#20922 = DIRECTION('',(-0.,-0.,-1.));
#20923 = DIRECTION('',(-0.,-1.,0.));
#20924 = ADVANCED_FACE('',(#20925),#20936,.F.);
#20925 = FACE_BOUND('',#20926,.T.);
#20926 = EDGE_LOOP('',(#20927,#20928,#20934,#20935));
#20927 = ORIENTED_EDGE('',*,*,#19158,.T.);
#20928 = ORIENTED_EDGE('',*,*,#20929,.T.);
#20929 = EDGE_CURVE('',#19159,#19937,#20930,.T.);
#20930 = LINE('',#20931,#20932);
#20931 = CARTESIAN_POINT('',(-35.1884,5.3784,-4.6E-02));
#20932 = VECTOR('',#20933,1.);
#20933 = DIRECTION('',(0.,0.,1.));
#20934 = ORIENTED_EDGE('',*,*,#19936,.F.);
#20935 = ORIENTED_EDGE('',*,*,#20929,.F.);
#20936 = CYLINDRICAL_SURFACE('',#20937,0.4);
#20937 = AXIS2_PLACEMENT_3D('',#20938,#20939,#20940);
#20938 = CARTESIAN_POINT('',(-35.1884,5.7784,-4.6E-02));
#20939 = DIRECTION('',(-0.,-0.,-1.));
#20940 = DIRECTION('',(-0.,-1.,0.));
#20941 = ADVANCED_FACE('',(#20942),#20953,.F.);
#20942 = FACE_BOUND('',#20943,.T.);
#20943 = EDGE_LOOP('',(#20944,#20945,#20951,#20952));
#20944 = ORIENTED_EDGE('',*,*,#19169,.T.);
#20945 = ORIENTED_EDGE('',*,*,#20946,.T.);
#20946 = EDGE_CURVE('',#19170,#19948,#20947,.T.);
#20947 = LINE('',#20948,#20949);
#20948 = CARTESIAN_POINT('',(-32.6484,5.3784,-4.6E-02));
#20949 = VECTOR('',#20950,1.);
#20950 = DIRECTION('',(0.,0.,1.));
#20951 = ORIENTED_EDGE('',*,*,#19947,.F.);
#20952 = ORIENTED_EDGE('',*,*,#20946,.F.);
#20953 = CYLINDRICAL_SURFACE('',#20954,0.4);
#20954 = AXIS2_PLACEMENT_3D('',#20955,#20956,#20957);
#20955 = CARTESIAN_POINT('',(-32.6484,5.7784,-4.6E-02));
#20956 = DIRECTION('',(-0.,-0.,-1.));
#20957 = DIRECTION('',(-1.7763568394E-14,-1.,0.));
#20958 = ADVANCED_FACE('',(#20959),#20970,.F.);
#20959 = FACE_BOUND('',#20960,.T.);
#20960 = EDGE_LOOP('',(#20961,#20962,#20968,#20969));
#20961 = ORIENTED_EDGE('',*,*,#19180,.T.);
#20962 = ORIENTED_EDGE('',*,*,#20963,.T.);
#20963 = EDGE_CURVE('',#19181,#19959,#20964,.T.);
#20964 = LINE('',#20965,#20966);
#20965 = CARTESIAN_POINT('',(-30.1084,5.3784,-4.6E-02));
#20966 = VECTOR('',#20967,1.);
#20967 = DIRECTION('',(0.,0.,1.));
#20968 = ORIENTED_EDGE('',*,*,#19958,.F.);
#20969 = ORIENTED_EDGE('',*,*,#20963,.F.);
#20970 = CYLINDRICAL_SURFACE('',#20971,0.4);
#20971 = AXIS2_PLACEMENT_3D('',#20972,#20973,#20974);
#20972 = CARTESIAN_POINT('',(-30.1084,5.7784,-4.6E-02));
#20973 = DIRECTION('',(-0.,0.,-1.));
#20974 = DIRECTION('',(8.881784197001E-15,-1.,-0.));
#20975 = ADVANCED_FACE('',(#20976),#20987,.F.);
#20976 = FACE_BOUND('',#20977,.T.);
#20977 = EDGE_LOOP('',(#20978,#20979,#20985,#20986));
#20978 = ORIENTED_EDGE('',*,*,#19191,.T.);
#20979 = ORIENTED_EDGE('',*,*,#20980,.T.);
#20980 = EDGE_CURVE('',#19192,#19970,#20981,.T.);
#20981 = LINE('',#20982,#20983);
#20982 = CARTESIAN_POINT('',(-27.5684,5.3784,-4.6E-02));
#20983 = VECTOR('',#20984,1.);
#20984 = DIRECTION('',(0.,0.,1.));
#20985 = ORIENTED_EDGE('',*,*,#19969,.F.);
#20986 = ORIENTED_EDGE('',*,*,#20980,.F.);
#20987 = CYLINDRICAL_SURFACE('',#20988,0.4);
#20988 = AXIS2_PLACEMENT_3D('',#20989,#20990,#20991);
#20989 = CARTESIAN_POINT('',(-27.5684,5.7784,-4.6E-02));
#20990 = DIRECTION('',(-0.,-0.,-1.));
#20991 = DIRECTION('',(-8.881784197001E-15,-1.,0.));
#20992 = ADVANCED_FACE('',(#20993),#21004,.F.);
#20993 = FACE_BOUND('',#20994,.T.);
#20994 = EDGE_LOOP('',(#20995,#20996,#21002,#21003));
#20995 = ORIENTED_EDGE('',*,*,#19202,.T.);
#20996 = ORIENTED_EDGE('',*,*,#20997,.T.);
#20997 = EDGE_CURVE('',#19203,#19981,#20998,.T.);
#20998 = LINE('',#20999,#21000);
#20999 = CARTESIAN_POINT('',(-25.0284,5.3784,-4.6E-02));
#21000 = VECTOR('',#21001,1.);
#21001 = DIRECTION('',(0.,0.,1.));
#21002 = ORIENTED_EDGE('',*,*,#19980,.F.);
#21003 = ORIENTED_EDGE('',*,*,#20997,.F.);
#21004 = CYLINDRICAL_SURFACE('',#21005,0.4);
#21005 = AXIS2_PLACEMENT_3D('',#21006,#21007,#21008);
#21006 = CARTESIAN_POINT('',(-25.0284,5.7784,-4.6E-02));
#21007 = DIRECTION('',(-0.,-0.,-1.));
#21008 = DIRECTION('',(-8.881784197001E-15,-1.,0.));
#21009 = ADVANCED_FACE('',(#21010),#21021,.F.);
#21010 = FACE_BOUND('',#21011,.T.);
#21011 = EDGE_LOOP('',(#21012,#21013,#21019,#21020));
#21012 = ORIENTED_EDGE('',*,*,#19213,.T.);
#21013 = ORIENTED_EDGE('',*,*,#21014,.T.);
#21014 = EDGE_CURVE('',#19214,#19992,#21015,.T.);
#21015 = LINE('',#21016,#21017);
#21016 = CARTESIAN_POINT('',(-23.388,14.6198,-4.6E-02));
#21017 = VECTOR('',#21018,1.);
#21018 = DIRECTION('',(0.,0.,1.));
#21019 = ORIENTED_EDGE('',*,*,#19991,.F.);
#21020 = ORIENTED_EDGE('',*,*,#21014,.F.);
#21021 = CYLINDRICAL_SURFACE('',#21022,0.375);
#21022 = AXIS2_PLACEMENT_3D('',#21023,#21024,#21025);
#21023 = CARTESIAN_POINT('',(-23.388,14.9948,-4.6E-02));
#21024 = DIRECTION('',(-0.,-0.,-1.));
#21025 = DIRECTION('',(-0.,-1.,0.));
#21026 = ADVANCED_FACE('',(#21027),#21038,.F.);
#21027 = FACE_BOUND('',#21028,.T.);
#21028 = EDGE_LOOP('',(#21029,#21030,#21036,#21037));
#21029 = ORIENTED_EDGE('',*,*,#19224,.T.);
#21030 = ORIENTED_EDGE('',*,*,#21031,.T.);
#21031 = EDGE_CURVE('',#19225,#20003,#21032,.T.);
#21032 = LINE('',#21033,#21034);
#21033 = CARTESIAN_POINT('',(-22.4884,5.3784,-4.6E-02));
#21034 = VECTOR('',#21035,1.);
#21035 = DIRECTION('',(0.,0.,1.));
#21036 = ORIENTED_EDGE('',*,*,#20002,.F.);
#21037 = ORIENTED_EDGE('',*,*,#21031,.F.);
#21038 = CYLINDRICAL_SURFACE('',#21039,0.4);
#21039 = AXIS2_PLACEMENT_3D('',#21040,#21041,#21042);
#21040 = CARTESIAN_POINT('',(-22.4884,5.7784,-4.6E-02));
#21041 = DIRECTION('',(-0.,-0.,-1.));
#21042 = DIRECTION('',(-0.,-1.,0.));
#21043 = ADVANCED_FACE('',(#21044),#21055,.F.);
#21044 = FACE_BOUND('',#21045,.T.);
#21045 = EDGE_LOOP('',(#21046,#21047,#21053,#21054));
#21046 = ORIENTED_EDGE('',*,*,#19235,.T.);
#21047 = ORIENTED_EDGE('',*,*,#21048,.T.);
#21048 = EDGE_CURVE('',#19236,#20014,#21049,.T.);
#21049 = LINE('',#21050,#21051);
#21050 = CARTESIAN_POINT('',(-21.388,14.6198,-4.6E-02));
#21051 = VECTOR('',#21052,1.);
#21052 = DIRECTION('',(0.,0.,1.));
#21053 = ORIENTED_EDGE('',*,*,#20013,.F.);
#21054 = ORIENTED_EDGE('',*,*,#21048,.F.);
#21055 = CYLINDRICAL_SURFACE('',#21056,0.375);
#21056 = AXIS2_PLACEMENT_3D('',#21057,#21058,#21059);
#21057 = CARTESIAN_POINT('',(-21.388,14.9948,-4.6E-02));
#21058 = DIRECTION('',(-0.,-0.,-1.));
#21059 = DIRECTION('',(-0.,-1.,0.));
#21060 = ADVANCED_FACE('',(#21061),#21072,.F.);
#21061 = FACE_BOUND('',#21062,.T.);
#21062 = EDGE_LOOP('',(#21063,#21064,#21070,#21071));
#21063 = ORIENTED_EDGE('',*,*,#19246,.T.);
#21064 = ORIENTED_EDGE('',*,*,#21065,.T.);
#21065 = EDGE_CURVE('',#19247,#20025,#21066,.T.);
#21066 = LINE('',#21067,#21068);
#21067 = CARTESIAN_POINT('',(-19.388,14.6198,-4.6E-02));
#21068 = VECTOR('',#21069,1.);
#21069 = DIRECTION('',(0.,0.,1.));
#21070 = ORIENTED_EDGE('',*,*,#20024,.F.);
#21071 = ORIENTED_EDGE('',*,*,#21065,.F.);
#21072 = CYLINDRICAL_SURFACE('',#21073,0.375);
#21073 = AXIS2_PLACEMENT_3D('',#21074,#21075,#21076);
#21074 = CARTESIAN_POINT('',(-19.388,14.9948,-4.6E-02));
#21075 = DIRECTION('',(-0.,-0.,-1.));
#21076 = DIRECTION('',(-0.,-1.,0.));
#21077 = ADVANCED_FACE('',(#21078),#21089,.F.);
#21078 = FACE_BOUND('',#21079,.T.);
#21079 = EDGE_LOOP('',(#21080,#21081,#21087,#21088));
#21080 = ORIENTED_EDGE('',*,*,#19257,.T.);
#21081 = ORIENTED_EDGE('',*,*,#21082,.T.);
#21082 = EDGE_CURVE('',#19258,#20036,#21083,.T.);
#21083 = LINE('',#21084,#21085);
#21084 = CARTESIAN_POINT('',(-17.388,14.6198,-4.6E-02));
#21085 = VECTOR('',#21086,1.);
#21086 = DIRECTION('',(0.,0.,1.));
#21087 = ORIENTED_EDGE('',*,*,#20035,.F.);
#21088 = ORIENTED_EDGE('',*,*,#21082,.F.);
#21089 = CYLINDRICAL_SURFACE('',#21090,0.375);
#21090 = AXIS2_PLACEMENT_3D('',#21091,#21092,#21093);
#21091 = CARTESIAN_POINT('',(-17.388,14.9948,-4.6E-02));
#21092 = DIRECTION('',(-0.,-0.,-1.));
#21093 = DIRECTION('',(-0.,-1.,0.));
#21094 = ADVANCED_FACE('',(#21095),#21106,.F.);
#21095 = FACE_BOUND('',#21096,.T.);
#21096 = EDGE_LOOP('',(#21097,#21098,#21104,#21105));
#21097 = ORIENTED_EDGE('',*,*,#19268,.T.);
#21098 = ORIENTED_EDGE('',*,*,#21099,.T.);
#21099 = EDGE_CURVE('',#19269,#20047,#21100,.T.);
#21100 = LINE('',#21101,#21102);
#21101 = CARTESIAN_POINT('',(-15.388,14.6198,-4.6E-02));
#21102 = VECTOR('',#21103,1.);
#21103 = DIRECTION('',(0.,0.,1.));
#21104 = ORIENTED_EDGE('',*,*,#20046,.F.);
#21105 = ORIENTED_EDGE('',*,*,#21099,.F.);
#21106 = CYLINDRICAL_SURFACE('',#21107,0.375);
#21107 = AXIS2_PLACEMENT_3D('',#21108,#21109,#21110);
#21108 = CARTESIAN_POINT('',(-15.388,14.9948,-4.6E-02));
#21109 = DIRECTION('',(-0.,-0.,-1.));
#21110 = DIRECTION('',(-0.,-1.,0.));
#21111 = ADVANCED_FACE('',(#21112),#21123,.F.);
#21112 = FACE_BOUND('',#21113,.T.);
#21113 = EDGE_LOOP('',(#21114,#21115,#21121,#21122));
#21114 = ORIENTED_EDGE('',*,*,#19279,.T.);
#21115 = ORIENTED_EDGE('',*,*,#21116,.T.);
#21116 = EDGE_CURVE('',#19280,#20058,#21117,.T.);
#21117 = LINE('',#21118,#21119);
#21118 = CARTESIAN_POINT('',(-13.388,14.6198,-4.6E-02));
#21119 = VECTOR('',#21120,1.);
#21120 = DIRECTION('',(0.,0.,1.));
#21121 = ORIENTED_EDGE('',*,*,#20057,.F.);
#21122 = ORIENTED_EDGE('',*,*,#21116,.F.);
#21123 = CYLINDRICAL_SURFACE('',#21124,0.375);
#21124 = AXIS2_PLACEMENT_3D('',#21125,#21126,#21127);
#21125 = CARTESIAN_POINT('',(-13.388,14.9948,-4.6E-02));
#21126 = DIRECTION('',(-0.,-0.,-1.));
#21127 = DIRECTION('',(-0.,-1.,0.));
#21128 = ADVANCED_FACE('',(#21129),#21140,.F.);
#21129 = FACE_BOUND('',#21130,.T.);
#21130 = EDGE_LOOP('',(#21131,#21132,#21138,#21139));
#21131 = ORIENTED_EDGE('',*,*,#19290,.T.);
#21132 = ORIENTED_EDGE('',*,*,#21133,.T.);
#21133 = EDGE_CURVE('',#19291,#20069,#21134,.T.);
#21134 = LINE('',#21135,#21136);
#21135 = CARTESIAN_POINT('',(-11.388,14.6198,-4.6E-02));
#21136 = VECTOR('',#21137,1.);
#21137 = DIRECTION('',(0.,0.,1.));
#21138 = ORIENTED_EDGE('',*,*,#20068,.F.);
#21139 = ORIENTED_EDGE('',*,*,#21133,.F.);
#21140 = CYLINDRICAL_SURFACE('',#21141,0.375);
#21141 = AXIS2_PLACEMENT_3D('',#21142,#21143,#21144);
#21142 = CARTESIAN_POINT('',(-11.388,14.9948,-4.6E-02));
#21143 = DIRECTION('',(-0.,-0.,-1.));
#21144 = DIRECTION('',(-0.,-1.,0.));
#21145 = ADVANCED_FACE('',(#21146),#21157,.F.);
#21146 = FACE_BOUND('',#21147,.T.);
#21147 = EDGE_LOOP('',(#21148,#21149,#21155,#21156));
#21148 = ORIENTED_EDGE('',*,*,#19301,.T.);
#21149 = ORIENTED_EDGE('',*,*,#21150,.T.);
#21150 = EDGE_CURVE('',#19302,#20080,#21151,.T.);
#21151 = LINE('',#21152,#21153);
#21152 = CARTESIAN_POINT('',(-2.55,15.1,-4.6E-02));
#21153 = VECTOR('',#21154,1.);
#21154 = DIRECTION('',(0.,0.,1.));
#21155 = ORIENTED_EDGE('',*,*,#20079,.F.);
#21156 = ORIENTED_EDGE('',*,*,#21150,.F.);
#21157 = CYLINDRICAL_SURFACE('',#21158,0.5);
#21158 = AXIS2_PLACEMENT_3D('',#21159,#21160,#21161);
#21159 = CARTESIAN_POINT('',(-2.55,15.6,-4.6E-02));
#21160 = DIRECTION('',(-0.,-0.,-1.));
#21161 = DIRECTION('',(-0.,-1.,0.));
#21162 = ADVANCED_FACE('',(#21163),#21174,.F.);
#21163 = FACE_BOUND('',#21164,.T.);
#21164 = EDGE_LOOP('',(#21165,#21166,#21172,#21173));
#21165 = ORIENTED_EDGE('',*,*,#19312,.T.);
#21166 = ORIENTED_EDGE('',*,*,#21167,.T.);
#21167 = EDGE_CURVE('',#19313,#20091,#21168,.T.);
#21168 = LINE('',#21169,#21170);
#21169 = CARTESIAN_POINT('',(-5.E-02,15.1,-4.6E-02));
#21170 = VECTOR('',#21171,1.);
#21171 = DIRECTION('',(0.,0.,1.));
#21172 = ORIENTED_EDGE('',*,*,#20090,.F.);
#21173 = ORIENTED_EDGE('',*,*,#21167,.F.);
#21174 = CYLINDRICAL_SURFACE('',#21175,0.5);
#21175 = AXIS2_PLACEMENT_3D('',#21176,#21177,#21178);
#21176 = CARTESIAN_POINT('',(-5.E-02,15.6,-4.6E-02));
#21177 = DIRECTION('',(-0.,0.,-1.));
#21178 = DIRECTION('',(5.551115123126E-17,-1.,-0.));
#21179 = ADVANCED_FACE('',(#21180),#21191,.F.);
#21180 = FACE_BOUND('',#21181,.T.);
#21181 = EDGE_LOOP('',(#21182,#21183,#21189,#21190));
#21182 = ORIENTED_EDGE('',*,*,#19323,.T.);
#21183 = ORIENTED_EDGE('',*,*,#21184,.T.);
#21184 = EDGE_CURVE('',#19324,#20102,#21185,.T.);
#21185 = LINE('',#21186,#21187);
#21186 = CARTESIAN_POINT('',(-35.86,20.6,-4.6E-02));
#21187 = VECTOR('',#21188,1.);
#21188 = DIRECTION('',(0.,0.,1.));
#21189 = ORIENTED_EDGE('',*,*,#20101,.F.);
#21190 = ORIENTED_EDGE('',*,*,#21184,.F.);
#21191 = CYLINDRICAL_SURFACE('',#21192,0.55);
#21192 = AXIS2_PLACEMENT_3D('',#21193,#21194,#21195);
#21193 = CARTESIAN_POINT('',(-35.86,21.15,-4.6E-02));
#21194 = DIRECTION('',(-0.,-0.,-1.));
#21195 = DIRECTION('',(-0.,-1.,0.));
#21196 = ADVANCED_FACE('',(#21197),#21208,.F.);
#21197 = FACE_BOUND('',#21198,.T.);
#21198 = EDGE_LOOP('',(#21199,#21200,#21206,#21207));
#21199 = ORIENTED_EDGE('',*,*,#19334,.T.);
#21200 = ORIENTED_EDGE('',*,*,#21201,.T.);
#21201 = EDGE_CURVE('',#19335,#20113,#21202,.T.);
#21202 = LINE('',#21203,#21204);
#21203 = CARTESIAN_POINT('',(-29.36,20.6,-4.6E-02));
#21204 = VECTOR('',#21205,1.);
#21205 = DIRECTION('',(0.,0.,1.));
#21206 = ORIENTED_EDGE('',*,*,#20112,.F.);
#21207 = ORIENTED_EDGE('',*,*,#21201,.F.);
#21208 = CYLINDRICAL_SURFACE('',#21209,0.55);
#21209 = AXIS2_PLACEMENT_3D('',#21210,#21211,#21212);
#21210 = CARTESIAN_POINT('',(-29.36,21.15,-4.6E-02));
#21211 = DIRECTION('',(-0.,-0.,-1.));
#21212 = DIRECTION('',(-0.,-1.,0.));
#21213 = ADVANCED_FACE('',(#21214),#21225,.F.);
#21214 = FACE_BOUND('',#21215,.T.);
#21215 = EDGE_LOOP('',(#21216,#21217,#21223,#21224));
#21216 = ORIENTED_EDGE('',*,*,#19345,.T.);
#21217 = ORIENTED_EDGE('',*,*,#21218,.T.);
#21218 = EDGE_CURVE('',#19346,#20124,#21219,.T.);
#21219 = LINE('',#21220,#21221);
#21220 = CARTESIAN_POINT('',(-35.86,25.1,-4.6E-02));
#21221 = VECTOR('',#21222,1.);
#21222 = DIRECTION('',(0.,0.,1.));
#21223 = ORIENTED_EDGE('',*,*,#20123,.F.);
#21224 = ORIENTED_EDGE('',*,*,#21218,.F.);
#21225 = CYLINDRICAL_SURFACE('',#21226,0.55);
#21226 = AXIS2_PLACEMENT_3D('',#21227,#21228,#21229);
#21227 = CARTESIAN_POINT('',(-35.86,25.65,-4.6E-02));
#21228 = DIRECTION('',(-0.,-0.,-1.));
#21229 = DIRECTION('',(-0.,-1.,0.));
#21230 = ADVANCED_FACE('',(#21231),#21242,.F.);
#21231 = FACE_BOUND('',#21232,.T.);
#21232 = EDGE_LOOP('',(#21233,#21234,#21240,#21241));
#21233 = ORIENTED_EDGE('',*,*,#19356,.T.);
#21234 = ORIENTED_EDGE('',*,*,#21235,.T.);
#21235 = EDGE_CURVE('',#19357,#20135,#21236,.T.);
#21236 = LINE('',#21237,#21238);
#21237 = CARTESIAN_POINT('',(-44.,30.4,-4.6E-02));
#21238 = VECTOR('',#21239,1.);
#21239 = DIRECTION('',(0.,0.,1.));
#21240 = ORIENTED_EDGE('',*,*,#20134,.F.);
#21241 = ORIENTED_EDGE('',*,*,#21235,.F.);
#21242 = CYLINDRICAL_SURFACE('',#21243,1.6);
#21243 = AXIS2_PLACEMENT_3D('',#21244,#21245,#21246);
#21244 = CARTESIAN_POINT('',(-44.,32.,-4.6E-02));
#21245 = DIRECTION('',(-0.,-0.,-1.));
#21246 = DIRECTION('',(-0.,-1.,0.));
#21247 = ADVANCED_FACE('',(#21248),#21259,.F.);
#21248 = FACE_BOUND('',#21249,.T.);
#21249 = EDGE_LOOP('',(#21250,#21251,#21257,#21258));
#21250 = ORIENTED_EDGE('',*,*,#19367,.T.);
#21251 = ORIENTED_EDGE('',*,*,#21252,.T.);
#21252 = EDGE_CURVE('',#19368,#20146,#21253,.T.);
#21253 = LINE('',#21254,#21255);
#21254 = CARTESIAN_POINT('',(-29.36,25.1,-4.6E-02));
#21255 = VECTOR('',#21256,1.);
#21256 = DIRECTION('',(0.,0.,1.));
#21257 = ORIENTED_EDGE('',*,*,#20145,.F.);
#21258 = ORIENTED_EDGE('',*,*,#21252,.F.);
#21259 = CYLINDRICAL_SURFACE('',#21260,0.55);
#21260 = AXIS2_PLACEMENT_3D('',#21261,#21262,#21263);
#21261 = CARTESIAN_POINT('',(-29.36,25.65,-4.6E-02));
#21262 = DIRECTION('',(-0.,-0.,-1.));
#21263 = DIRECTION('',(-0.,-1.,0.));
#21264 = ADVANCED_FACE('',(#21265),#21276,.F.);
#21265 = FACE_BOUND('',#21266,.T.);
#21266 = EDGE_LOOP('',(#21267,#21268,#21274,#21275));
#21267 = ORIENTED_EDGE('',*,*,#19378,.T.);
#21268 = ORIENTED_EDGE('',*,*,#21269,.T.);
#21269 = EDGE_CURVE('',#19379,#20157,#21270,.T.);
#21270 = LINE('',#21271,#21272);
#21271 = CARTESIAN_POINT('',(-5.65,21.8,-4.6E-02));
#21272 = VECTOR('',#21273,1.);
#21273 = DIRECTION('',(0.,0.,1.));
#21274 = ORIENTED_EDGE('',*,*,#20156,.F.);
#21275 = ORIENTED_EDGE('',*,*,#21269,.F.);
#21276 = CYLINDRICAL_SURFACE('',#21277,1.3);
#21277 = AXIS2_PLACEMENT_3D('',#21278,#21279,#21280);
#21278 = CARTESIAN_POINT('',(-5.65,23.1,-4.6E-02));
#21279 = DIRECTION('',(-0.,-0.,-1.));
#21280 = DIRECTION('',(-0.,-1.,0.));
#21281 = ADVANCED_FACE('',(#21282),#21293,.F.);
#21282 = FACE_BOUND('',#21283,.T.);
#21283 = EDGE_LOOP('',(#21284,#21285,#21291,#21292));
#21284 = ORIENTED_EDGE('',*,*,#19389,.T.);
#21285 = ORIENTED_EDGE('',*,*,#21286,.T.);
#21286 = EDGE_CURVE('',#19390,#20168,#21287,.T.);
#21287 = LINE('',#21288,#21289);
#21288 = CARTESIAN_POINT('',(-2.55,29.6,-4.6E-02));
#21289 = VECTOR('',#21290,1.);
#21290 = DIRECTION('',(0.,0.,1.));
#21291 = ORIENTED_EDGE('',*,*,#20167,.F.);
#21292 = ORIENTED_EDGE('',*,*,#21286,.F.);
#21293 = CYLINDRICAL_SURFACE('',#21294,0.5);
#21294 = AXIS2_PLACEMENT_3D('',#21295,#21296,#21297);
#21295 = CARTESIAN_POINT('',(-2.55,30.1,-4.6E-02));
#21296 = DIRECTION('',(-0.,-0.,-1.));
#21297 = DIRECTION('',(-0.,-1.,0.));
#21298 = ADVANCED_FACE('',(#21299),#21310,.F.);
#21299 = FACE_BOUND('',#21300,.T.);
#21300 = EDGE_LOOP('',(#21301,#21302,#21308,#21309));
#21301 = ORIENTED_EDGE('',*,*,#19400,.T.);
#21302 = ORIENTED_EDGE('',*,*,#21303,.T.);
#21303 = EDGE_CURVE('',#19401,#20179,#21304,.T.);
#21304 = LINE('',#21305,#21306);
#21305 = CARTESIAN_POINT('',(2.45,15.1,-4.6E-02));
#21306 = VECTOR('',#21307,1.);
#21307 = DIRECTION('',(0.,0.,1.));
#21308 = ORIENTED_EDGE('',*,*,#20178,.F.);
#21309 = ORIENTED_EDGE('',*,*,#21303,.F.);
#21310 = CYLINDRICAL_SURFACE('',#21311,0.5);
#21311 = AXIS2_PLACEMENT_3D('',#21312,#21313,#21314);
#21312 = CARTESIAN_POINT('',(2.45,15.6,-4.6E-02));
#21313 = DIRECTION('',(-0.,-0.,-1.));
#21314 = DIRECTION('',(-0.,-1.,0.));
#21315 = ADVANCED_FACE('',(#21316),#21327,.F.);
#21316 = FACE_BOUND('',#21317,.T.);
#21317 = EDGE_LOOP('',(#21318,#21319,#21325,#21326));
#21318 = ORIENTED_EDGE('',*,*,#19411,.T.);
#21319 = ORIENTED_EDGE('',*,*,#21320,.T.);
#21320 = EDGE_CURVE('',#19412,#20190,#21321,.T.);
#21321 = LINE('',#21322,#21323);
#21322 = CARTESIAN_POINT('',(23.638,5.4292,-4.6E-02));
#21323 = VECTOR('',#21324,1.);
#21324 = DIRECTION('',(0.,0.,1.));
#21325 = ORIENTED_EDGE('',*,*,#20189,.F.);
#21326 = ORIENTED_EDGE('',*,*,#21320,.F.);
#21327 = CYLINDRICAL_SURFACE('',#21328,0.4);
#21328 = AXIS2_PLACEMENT_3D('',#21329,#21330,#21331);
#21329 = CARTESIAN_POINT('',(23.638,5.8292,-4.6E-02));
#21330 = DIRECTION('',(-0.,0.,-1.));
#21331 = DIRECTION('',(8.881784197001E-15,-1.,-0.));
#21332 = ADVANCED_FACE('',(#21333),#21344,.F.);
#21333 = FACE_BOUND('',#21334,.T.);
#21334 = EDGE_LOOP('',(#21335,#21336,#21342,#21343));
#21335 = ORIENTED_EDGE('',*,*,#19422,.T.);
#21336 = ORIENTED_EDGE('',*,*,#21337,.T.);
#21337 = EDGE_CURVE('',#19423,#20201,#21338,.T.);
#21338 = LINE('',#21339,#21340);
#21339 = CARTESIAN_POINT('',(26.178,5.4292,-4.6E-02));
#21340 = VECTOR('',#21341,1.);
#21341 = DIRECTION('',(0.,0.,1.));
#21342 = ORIENTED_EDGE('',*,*,#20200,.F.);
#21343 = ORIENTED_EDGE('',*,*,#21337,.F.);
#21344 = CYLINDRICAL_SURFACE('',#21345,0.4);
#21345 = AXIS2_PLACEMENT_3D('',#21346,#21347,#21348);
#21346 = CARTESIAN_POINT('',(26.178,5.8292,-4.6E-02));
#21347 = DIRECTION('',(-0.,0.,-1.));
#21348 = DIRECTION('',(8.881784197001E-15,-1.,-0.));
#21349 = ADVANCED_FACE('',(#21350),#21361,.F.);
#21350 = FACE_BOUND('',#21351,.T.);
#21351 = EDGE_LOOP('',(#21352,#21353,#21359,#21360));
#21352 = ORIENTED_EDGE('',*,*,#19433,.T.);
#21353 = ORIENTED_EDGE('',*,*,#21354,.T.);
#21354 = EDGE_CURVE('',#19434,#20212,#21355,.T.);
#21355 = LINE('',#21356,#21357);
#21356 = CARTESIAN_POINT('',(28.718,5.4292,-4.6E-02));
#21357 = VECTOR('',#21358,1.);
#21358 = DIRECTION('',(0.,0.,1.));
#21359 = ORIENTED_EDGE('',*,*,#20211,.F.);
#21360 = ORIENTED_EDGE('',*,*,#21354,.F.);
#21361 = CYLINDRICAL_SURFACE('',#21362,0.4);
#21362 = AXIS2_PLACEMENT_3D('',#21363,#21364,#21365);
#21363 = CARTESIAN_POINT('',(28.718,5.8292,-4.6E-02));
#21364 = DIRECTION('',(-0.,-0.,-1.));
#21365 = DIRECTION('',(-0.,-1.,0.));
#21366 = ADVANCED_FACE('',(#21367),#21378,.F.);
#21367 = FACE_BOUND('',#21368,.T.);
#21368 = EDGE_LOOP('',(#21369,#21370,#21376,#21377));
#21369 = ORIENTED_EDGE('',*,*,#19444,.T.);
#21370 = ORIENTED_EDGE('',*,*,#21371,.T.);
#21371 = EDGE_CURVE('',#19445,#20223,#21372,.T.);
#21372 = LINE('',#21373,#21374);
#21373 = CARTESIAN_POINT('',(31.258,5.4292,-4.6E-02));
#21374 = VECTOR('',#21375,1.);
#21375 = DIRECTION('',(0.,0.,1.));
#21376 = ORIENTED_EDGE('',*,*,#20222,.F.);
#21377 = ORIENTED_EDGE('',*,*,#21371,.F.);
#21378 = CYLINDRICAL_SURFACE('',#21379,0.4);
#21379 = AXIS2_PLACEMENT_3D('',#21380,#21381,#21382);
#21380 = CARTESIAN_POINT('',(31.258,5.8292,-4.6E-02));
#21381 = DIRECTION('',(-0.,-0.,-1.));
#21382 = DIRECTION('',(-8.881784197001E-15,-1.,0.));
#21383 = ADVANCED_FACE('',(#21384),#21395,.F.);
#21384 = FACE_BOUND('',#21385,.T.);
#21385 = EDGE_LOOP('',(#21386,#21387,#21393,#21394));
#21386 = ORIENTED_EDGE('',*,*,#19455,.T.);
#21387 = ORIENTED_EDGE('',*,*,#21388,.T.);
#21388 = EDGE_CURVE('',#19456,#20234,#21389,.T.);
#21389 = LINE('',#21390,#21391);
#21390 = CARTESIAN_POINT('',(33.798,5.4292,-4.6E-02));
#21391 = VECTOR('',#21392,1.);
#21392 = DIRECTION('',(0.,0.,1.));
#21393 = ORIENTED_EDGE('',*,*,#20233,.F.);
#21394 = ORIENTED_EDGE('',*,*,#21388,.F.);
#21395 = CYLINDRICAL_SURFACE('',#21396,0.4);
#21396 = AXIS2_PLACEMENT_3D('',#21397,#21398,#21399);
#21397 = CARTESIAN_POINT('',(33.798,5.8292,-4.6E-02));
#21398 = DIRECTION('',(-0.,-0.,-1.));
#21399 = DIRECTION('',(-0.,-1.,0.));
#21400 = ADVANCED_FACE('',(#21401),#21412,.F.);
#21401 = FACE_BOUND('',#21402,.T.);
#21402 = EDGE_LOOP('',(#21403,#21404,#21410,#21411));
#21403 = ORIENTED_EDGE('',*,*,#19466,.T.);
#21404 = ORIENTED_EDGE('',*,*,#21405,.T.);
#21405 = EDGE_CURVE('',#19467,#20245,#21406,.T.);
#21406 = LINE('',#21407,#21408);
#21407 = CARTESIAN_POINT('',(36.338,5.4292,-4.6E-02));
#21408 = VECTOR('',#21409,1.);
#21409 = DIRECTION('',(0.,0.,1.));
#21410 = ORIENTED_EDGE('',*,*,#20244,.F.);
#21411 = ORIENTED_EDGE('',*,*,#21405,.F.);
#21412 = CYLINDRICAL_SURFACE('',#21413,0.4);
#21413 = AXIS2_PLACEMENT_3D('',#21414,#21415,#21416);
#21414 = CARTESIAN_POINT('',(36.338,5.8292,-4.6E-02));
#21415 = DIRECTION('',(-0.,-0.,-1.));
#21416 = DIRECTION('',(-0.,-1.,0.));
#21417 = ADVANCED_FACE('',(#21418),#21429,.F.);
#21418 = FACE_BOUND('',#21419,.T.);
#21419 = EDGE_LOOP('',(#21420,#21421,#21427,#21428));
#21420 = ORIENTED_EDGE('',*,*,#19477,.T.);
#21421 = ORIENTED_EDGE('',*,*,#21422,.T.);
#21422 = EDGE_CURVE('',#19478,#20256,#21423,.T.);
#21423 = LINE('',#21424,#21425);
#21424 = CARTESIAN_POINT('',(5.55,21.8,-4.6E-02));
#21425 = VECTOR('',#21426,1.);
#21426 = DIRECTION('',(0.,0.,1.));
#21427 = ORIENTED_EDGE('',*,*,#20255,.F.);
#21428 = ORIENTED_EDGE('',*,*,#21422,.F.);
#21429 = CYLINDRICAL_SURFACE('',#21430,1.3);
#21430 = AXIS2_PLACEMENT_3D('',#21431,#21432,#21433);
#21431 = CARTESIAN_POINT('',(5.55,23.1,-4.6E-02));
#21432 = DIRECTION('',(-0.,-0.,-1.));
#21433 = DIRECTION('',(-0.,-1.,0.));
#21434 = ADVANCED_FACE('',(#21435),#21446,.F.);
#21435 = FACE_BOUND('',#21436,.T.);
#21436 = EDGE_LOOP('',(#21437,#21438,#21444,#21445));
#21437 = ORIENTED_EDGE('',*,*,#19488,.T.);
#21438 = ORIENTED_EDGE('',*,*,#21439,.T.);
#21439 = EDGE_CURVE('',#19489,#20267,#21440,.T.);
#21440 = LINE('',#21441,#21442);
#21441 = CARTESIAN_POINT('',(2.45,29.6,-4.6E-02));
#21442 = VECTOR('',#21443,1.);
#21443 = DIRECTION('',(0.,0.,1.));
#21444 = ORIENTED_EDGE('',*,*,#20266,.F.);
#21445 = ORIENTED_EDGE('',*,*,#21439,.F.);
#21446 = CYLINDRICAL_SURFACE('',#21447,0.5);
#21447 = AXIS2_PLACEMENT_3D('',#21448,#21449,#21450);
#21448 = CARTESIAN_POINT('',(2.45,30.1,-4.6E-02));
#21449 = DIRECTION('',(-0.,-0.,-1.));
#21450 = DIRECTION('',(-0.,-1.,0.));
#21451 = ADVANCED_FACE('',(#21452),#21463,.F.);
#21452 = FACE_BOUND('',#21453,.T.);
#21453 = EDGE_LOOP('',(#21454,#21455,#21461,#21462));
#21454 = ORIENTED_EDGE('',*,*,#19499,.T.);
#21455 = ORIENTED_EDGE('',*,*,#21456,.T.);
#21456 = EDGE_CURVE('',#19500,#20278,#21457,.T.);
#21457 = LINE('',#21458,#21459);
#21458 = CARTESIAN_POINT('',(29.8625,20.6046,-4.6E-02));
#21459 = VECTOR('',#21460,1.);
#21460 = DIRECTION('',(0.,0.,1.));
#21461 = ORIENTED_EDGE('',*,*,#20277,.F.);
#21462 = ORIENTED_EDGE('',*,*,#21456,.F.);
#21463 = CYLINDRICAL_SURFACE('',#21464,0.55);
#21464 = AXIS2_PLACEMENT_3D('',#21465,#21466,#21467);
#21465 = CARTESIAN_POINT('',(29.8625,21.1546,-4.6E-02));
#21466 = DIRECTION('',(-0.,-0.,-1.));
#21467 = DIRECTION('',(-0.,-1.,0.));
#21468 = ADVANCED_FACE('',(#21469),#21480,.F.);
#21469 = FACE_BOUND('',#21470,.T.);
#21470 = EDGE_LOOP('',(#21471,#21472,#21478,#21479));
#21471 = ORIENTED_EDGE('',*,*,#19510,.T.);
#21472 = ORIENTED_EDGE('',*,*,#21473,.T.);
#21473 = EDGE_CURVE('',#19511,#20289,#21474,.T.);
#21474 = LINE('',#21475,#21476);
#21475 = CARTESIAN_POINT('',(36.3625,20.6046,-4.6E-02));
#21476 = VECTOR('',#21477,1.);
#21477 = DIRECTION('',(0.,0.,1.));
#21478 = ORIENTED_EDGE('',*,*,#20288,.F.);
#21479 = ORIENTED_EDGE('',*,*,#21473,.F.);
#21480 = CYLINDRICAL_SURFACE('',#21481,0.55);
#21481 = AXIS2_PLACEMENT_3D('',#21482,#21483,#21484);
#21482 = CARTESIAN_POINT('',(36.3625,21.1546,-4.6E-02));
#21483 = DIRECTION('',(-0.,-0.,-1.));
#21484 = DIRECTION('',(-0.,-1.,0.));
#21485 = ADVANCED_FACE('',(#21486),#21497,.F.);
#21486 = FACE_BOUND('',#21487,.T.);
#21487 = EDGE_LOOP('',(#21488,#21489,#21495,#21496));
#21488 = ORIENTED_EDGE('',*,*,#19521,.T.);
#21489 = ORIENTED_EDGE('',*,*,#21490,.T.);
#21490 = EDGE_CURVE('',#19522,#20300,#21491,.T.);
#21491 = LINE('',#21492,#21493);
#21492 = CARTESIAN_POINT('',(29.8625,25.1046,-4.6E-02));
#21493 = VECTOR('',#21494,1.);
#21494 = DIRECTION('',(0.,0.,1.));
#21495 = ORIENTED_EDGE('',*,*,#20299,.F.);
#21496 = ORIENTED_EDGE('',*,*,#21490,.F.);
#21497 = CYLINDRICAL_SURFACE('',#21498,0.55);
#21498 = AXIS2_PLACEMENT_3D('',#21499,#21500,#21501);
#21499 = CARTESIAN_POINT('',(29.8625,25.6546,-4.6E-02));
#21500 = DIRECTION('',(-0.,-0.,-1.));
#21501 = DIRECTION('',(-0.,-1.,0.));
#21502 = ADVANCED_FACE('',(#21503),#21514,.F.);
#21503 = FACE_BOUND('',#21504,.T.);
#21504 = EDGE_LOOP('',(#21505,#21506,#21512,#21513));
#21505 = ORIENTED_EDGE('',*,*,#19532,.T.);
#21506 = ORIENTED_EDGE('',*,*,#21507,.T.);
#21507 = EDGE_CURVE('',#19533,#20311,#21508,.T.);
#21508 = LINE('',#21509,#21510);
#21509 = CARTESIAN_POINT('',(36.3625,25.1046,-4.6E-02));
#21510 = VECTOR('',#21511,1.);
#21511 = DIRECTION('',(0.,0.,1.));
#21512 = ORIENTED_EDGE('',*,*,#20310,.F.);
#21513 = ORIENTED_EDGE('',*,*,#21507,.F.);
#21514 = CYLINDRICAL_SURFACE('',#21515,0.55);
#21515 = AXIS2_PLACEMENT_3D('',#21516,#21517,#21518);
#21516 = CARTESIAN_POINT('',(36.3625,25.6546,-4.6E-02));
#21517 = DIRECTION('',(-0.,-0.,-1.));
#21518 = DIRECTION('',(-0.,-1.,0.));
#21519 = ADVANCED_FACE('',(#21520),#21531,.F.);
#21520 = FACE_BOUND('',#21521,.T.);
#21521 = EDGE_LOOP('',(#21522,#21523,#21529,#21530));
#21522 = ORIENTED_EDGE('',*,*,#19543,.T.);
#21523 = ORIENTED_EDGE('',*,*,#21524,.T.);
#21524 = EDGE_CURVE('',#19544,#20322,#21525,.T.);
#21525 = LINE('',#21526,#21527);
#21526 = CARTESIAN_POINT('',(44.,30.4,-4.6E-02));
#21527 = VECTOR('',#21528,1.);
#21528 = DIRECTION('',(0.,0.,1.));
#21529 = ORIENTED_EDGE('',*,*,#20321,.F.);
#21530 = ORIENTED_EDGE('',*,*,#21524,.F.);
#21531 = CYLINDRICAL_SURFACE('',#21532,1.6);
#21532 = AXIS2_PLACEMENT_3D('',#21533,#21534,#21535);
#21533 = CARTESIAN_POINT('',(44.,32.,-4.6E-02));
#21534 = DIRECTION('',(-0.,-0.,-1.));
#21535 = DIRECTION('',(-0.,-1.,0.));
#21536 = ( GEOMETRIC_REPRESENTATION_CONTEXT(3) 
GLOBAL_UNCERTAINTY_ASSIGNED_CONTEXT((#21540)) 
GLOBAL_UNIT_ASSIGNED_CONTEXT((#21537,#21538,#21539)) 
REPRESENTATION_CONTEXT('Context #1',
  '3D Context with UNIT and UNCERTAINTY') );
#21537 = ( LENGTH_UNIT() NAMED_UNIT(*) SI_UNIT(.MILLI.,.METRE.) );
#21538 = ( NAMED_UNIT(*) PLANE_ANGLE_UNIT() SI_UNIT($,.RADIAN.) );
#21539 = ( NAMED_UNIT(*) SI_UNIT($,.STERADIAN.) SOLID_ANGLE_UNIT() );
#21540 = UNCERTAINTY_MEASURE_WITH_UNIT(LENGTH_MEASURE(1.E-07),#21537,
  'distance_accuracy_value','confusion accuracy');
#21541 = CONTEXT_DEPENDENT_SHAPE_REPRESENTATION(#21542,#21544);
#21542 = ( REPRESENTATION_RELATIONSHIP('','',#18671,#10) 
REPRESENTATION_RELATIONSHIP_WITH_TRANSFORMATION(#21543) 
SHAPE_REPRESENTATION_RELATIONSHIP() );
#21543 = ITEM_DEFINED_TRANSFORMATION('','',#11,#71);
#21544 = PRODUCT_DEFINITION_SHAPE('Placement','Placement of an item',
  #21545);
#21545 = NEXT_ASSEMBLY_USAGE_OCCURRENCE('15','=>[0:1:1:7]','',#5,#18666,
  $);
#21546 = PRODUCT_RELATED_PRODUCT_CATEGORY('part',$,(#18668));
#21547 = MECHANICAL_DESIGN_GEOMETRIC_PRESENTATION_REPRESENTATION('',(
    #21548),#21536);
#21548 = STYLED_ITEM('color',(#21549),#18672);
#21549 = PRESENTATION_STYLE_ASSIGNMENT((#21550));
#21550 = SURFACE_STYLE_USAGE(.BOTH.,#21551);
#21551 = SURFACE_SIDE_STYLE('',(#21552));
#21552 = SURFACE_STYLE_FILL_AREA(#21553);
#21553 = FILL_AREA_STYLE('',(#21554));
#21554 = FILL_AREA_STYLE_COLOUR('',#21555);
#21555 = COLOUR_RGB('',0.313304153717,0.484529207832,0.410020903123);
ENDSEC;
END-ISO-10303-21;
